,rho,d_rho,entry,exit,mean_shift,rescaling,check_residual,entering_month,exiting_month,c_entering_new_window,c_exiting_old_window,shapley_exit,shapley_entry
1956-05,0.259595254031626,0.09269026809688813,0.06426020396694943,0.028573190018333933,-0.0036745600188422267,0.0035314341304470633,-6.938893903907228e-17,1956-05,1953-05,2.0506846375249,-0.9917667289176999,0.045259475626064555,0.0474307924708236
1956-06,0.3229561640970087,0.06336091006538275,0.018565201135483708,0.03378271803973231,0.001102033729639416,0.009910957160527246,6.938893903907228e-17,1956-06,1953-06,0.6472318213276177,-1.1622475239136647,0.05037152103824877,0.012989389027133924
1956-07,0.36250228682773644,0.03954612273072772,0.04321944954953353,-0.007083483882282651,-0.0034020005160519612,0.006812157579528794,6.938893903907228e-18,1956-07,1953-07,1.3753260284488418,0.2454568913747112,0.01262662661674449,0.026919496113983116
1956-08,0.2766706408193352,-0.08583164600840126,-0.061047315663214974,0.002372266981917084,0.0006988326164273072,-0.027855429943530564,-1.249000902703301e-16,1956-08,1953-08,-1.965880149455184,-0.08666221659366007,0.003164537221458874,-0.08899618322986003
1956-09,0.20112234292754813,-0.07554829789178705,-0.022188769454495456,-0.060498655119975354,-0.0003811568392664428,0.007520283521950058,1.5265566588595902e-16,1956-09,1953-09,-0.7203182481566778,2.084215714397472,-0.04228296819146736,-0.03326532970031974
1956-10,0.26818239261867755,0.06706004969112941,0.01972752255789474,0.027889133618810052,0.0023073387342681826,0.017136054780156434,0.0,1956-10,1953-10,0.7491740611101192,-0.9403384020034182,0.05226719915098374,0.014792850540145508
1956-11,0.215404670566485,-0.052777722052192555,-0.04310138867630855,-5.608092840667393e-05,0.0013693775359488313,-0.010989629983426048,-1.1796119636642288e-16,1956-11,1953-11,-1.3876597811099243,0.002007526265709152,0.00013975499240696798,-0.05291747704459933
1956-12,0.21161263132282424,-0.0037920392436607553,-0.0030109588073781025,-0.003914676077519257,2.1395903675776405e-05,0.0031121997375608704,-4.163336342344337e-17,1956-12,1953-12,-0.09863584271179697,0.13601519345554666,0.0014359238971680954,-0.005227963140828795
1957-01,0.28424159547723477,0.07262896415441053,0.06841210257337738,0.0128818873057345,-0.00029283077909226244,-0.008372194945609191,9.71445146547012e-17,1957-01,1954-01,2.2666044996843935,-0.45845777105352226,0.023135740321247905,0.049493223833162486
1957-02,0.34766487427816656,0.06342327880093179,0.0900905169905237,0.0024802725652876964,-0.002073407647136859,-0.02707410310774268,-6.938893903907228e-17,1957-02,1954-02,2.865173567403354,-0.09050635806221408,0.0036764492918895386,0.05974682950904242
1957-03,0.3656298165017886,0.01796494222362205,-0.0009841980929312028,0.00914681402139253,0.000449267637966104,0.009353058657194536,8.326672684688674e-17,1957-03,1954-03,-0.02745057229316325,-0.3159400180827228,0.0200747975737863,-0.002109855350164419
1957-04,0.41024371134356336,0.04461389484177475,0.0034730222201335985,0.029119698107102885,0.000762278666977777,0.011258895847560468,1.3877787807814457e-17,1957-04,1954-04,0.11748861484829859,-1.0043904816313858,0.04272747628454665,0.0018864185572280423
1957-05,0.4154098467974038,0.005166135453840426,0.02137026339238224,-0.012790421379456495,2.9629459399005254e-05,-0.003443336018484245,-7.632783294297951e-17,1957-05,1954-05,0.7375373309669051,0.44953162465909235,-0.00695915169348138,0.012125287147321862
1957-06,0.39818059798543187,-0.01722924881197191,0.0033183076940116406,-0.0012825401976450746,-0.0003857027682490882,-0.018879313540089416,2.7755575615628914e-17,1957-06,1954-06,0.09869249742600786,0.04593050207540043,-0.0007556290788710007,-0.01647361973310074
1957-07,0.4453886623329254,0.04720806434749353,0.004905639387105681,0.03159085565608079,0.001226801784533919,0.009484767519773242,-1.0408340855860843e-16,1957-07,1954-07,0.1799619343860458,-1.093241851913422,0.04804649651806164,-0.0008384321705683373
1957-08,0.44514292226549446,-0.000245740067430944,0.030236975591951147,-0.0009686525199252939,-0.0012226762822927864,-0.028291386857163973,-3.8163916471489756e-17,1957-08,1954-08,0.9568699227058919,0.03497882539023985,-0.0006252551442595122,0.00037951507682879027
1957-09,0.4578489012739028,0.012705979008408363,0.025825413323837136,0.002687079155940034,-0.000496269383045891,-0.015310244088323047,1.3183898417423734e-16,1957-09,1954-09,0.8447205553377857,-0.09564151430892238,0.004211155020048818,0.008494823988359379
1957-10,0.42872145809723966,-0.02912744317666316,-0.004587873177576193,-0.0008856411883162476,0.0,-0.023653928810770757,3.8163916471489756e-17,1957-10,1954-10,-0.15111118673525675,0.03182459770161861,0.00020172236911489283,-0.029329165545778052
1957-11,0.43698643319518354,0.008264975097943883,0.06807862551581685,-0.0018782227812091442,-0.0041049019210396874,-0.053830525715623995,-1.457167719820518e-16,1957-11,1954-11,2.0438343947399473,0.06980736452021735,0.002133998867119652,0.006130976230824398
1957-12,0.34926077577305453,-0.08772565742212901,0.021593199971098005,0.0011992410477528186,-0.004642353229246854,-0.10587574521173312,1.3877787807814457e-16,1957-12,1954-12,0.4983585744918264,-0.04760810193632233,0.00668195152291412,-0.0944076089450433
1958-01,0.3274179099314151,-0.021842865841639414,-0.0123589845779461,-0.006411546618350175,5.5235614467901185e-05,-0.00312757025981095,-9.020562075079397e-17,1958-01,1955-01,-0.41052928905202657,0.22544144734833638,-0.004152960377479087,-0.017689905464160105
1958-02,0.32552773080419306,-0.001890179127222058,0.0002745479101673833,-0.00446867229657701,-0.00038382885430505873,0.0026877741134926146,1.3444106938820255e-17,1958-02,1955-02,0.0006285314233380455,0.1557597321798322,-0.0013672881262717929,-0.0005228910009503762
1958-03,0.3173227843015244,-0.008204946502668675,-0.00798379369800933,0.0012404282463581403,0.0004558335109796577,-0.001917414561997159,1.5612511283791264e-17,1958-03,1955-03,-0.25659806739056057,-0.04354448522873634,0.001975913406679991,-0.010180859909348722
1958-04,0.30679729525205024,-0.010525489049474146,-0.0006727016009133354,-0.010721369412592647,-0.0007916828755329463,0.0016602648395648094,-2.6020852139652106e-17,1958-04,1955-04,-0.03951101764393801,0.3742497584018938,-0.00703692406795825,-0.003488564981515785
1958-05,0.31009190519972685,0.0032946099476766078,0.005954079823230255,0.00028711342289719353,-0.00017380254995071116,-0.002772780748500113,-1.6046192152785466e-17,1958-05,1955-05,0.19552806810869156,-0.010094135705256147,0.0005350228095283016,0.002759587138148306
1958-06,0.3192346344305509,0.009142729230824043,0.005086645954320033,-0.00481362031264446,0.00016482411514539668,0.008704879474003058,1.5612511283791264e-17,1958-06,1955-06,0.18591225329550548,0.16614630933946364,0.005859871126255051,0.003282858104568881
1958-07,0.3130554158317624,-0.006179218598788505,0.0315946755530555,-0.047412505009860474,0.0008332089389202479,0.008805401919096206,1.5612511283791264e-17,1958-07,1955-07,1.1655478503119334,1.6363356253220753,-0.025101596441262364,0.018922377842473914
1958-08,0.3539767484326706,0.04092133260090819,0.06682315548241162,0.0031501378906416133,-0.0018942012588470817,-0.027157759513297873,-9.020562075079397e-17,1958-08,1955-08,2.116866564763554,-0.11472527619776665,0.004271109813443558,0.03665022278746469
1958-09,0.38068805508950515,0.026711306656834577,0.025362978951545042,0.003614884371499477,0.0006360545335221147,-0.0029026111997321013,4.5102810375396984e-17,1958-09,1955-09,0.8776939546455664,-0.12702074918882952,0.012627670054769724,0.014083636602064908
1958-10,0.3603362588812582,-0.020351796208246953,0.003757747908013982,-0.033783614081686064,-0.0018413435842378311,0.011515413549662951,1.3877787807814457e-17,1958-10,1955-10,0.09957892280534339,1.164064014663807,-0.017099021903317746,-0.0032527743049292623
1958-11,0.369247265143203,0.008911006261944798,-0.012076547744075143,0.005585867540176276,-0.0004237664483385169,0.01582545291418223,-4.683753385137379e-17,1958-11,1955-11,-0.4401309673056607,-0.19126551327995708,0.025968658444879056,-0.017057652182934147
1958-12,0.37331602104229217,0.0040687558990891715,0.007792744751202693,-0.0012039925907256375,-7.6239705988805e-05,-0.0024437565553990914,1.3010426069826053e-17,1958-12,1955-12,0.26287811082182444,0.0422784174687806,-0.0006041516445349504,0.004672907543624011
1959-01,0.37992472516419407,0.006608704121901898,0.027298119016958788,-0.016084783687767435,-0.002392139678392212,-0.0022124915288973127,7.025630077706069e-17,1959-01,1956-01,0.8605979236005925,0.5646209745438426,-0.009217087369633864,0.015825791491535762
1959-02,0.3888438579997704,0.008919132835576327,0.012141783059707607,-0.00029898927995915866,1.352895742814171e-18,-0.0029236609441720927,-2.949029909160572e-17,1959-02,1956-02,0.41187630866429326,0.010504419898520852,0.001674042121190572,0.00724509071438581
1959-03,0.37843587576987925,-0.010407982229891144,-0.000124312672226084,-0.03352377955275283,-0.0006631527874124206,0.023903262782500198,-6.938893903907228e-18,1959-03,1956-03,0.005977204088152818,1.1368299433003413,-0.00817014629443183,-0.0022378359354593147
1959-04,0.3830336478277525,0.004597772057873262,0.007040365982808005,-0.007896906664586393,7.044543836104128e-05,0.005383867301290662,-5.377642775528102e-17,1959-04,1956-04,0.2514077107863132,0.27443755714744017,0.0006223512233536344,0.003975420834519738
1959-05,0.36566288423249926,-0.017370763595253247,0.009659219906624007,-0.03180256873962924,-0.0024382428201965016,0.007210828057948471,1.734723475976807e-17,1959-05,1956-05,0.2792964265207557,1.102372928924766,-0.020015434340240945,0.0026446707449876428
1959-06,0.35971622862060504,-0.005946655611894225,0.00044990606118680684,-0.008236970136889846,6.212293353725268e-05,0.0017782855302715,6.071532165918825e-17,1959-06,1956-06,0.02549371829883756,0.2875872132054831,-0.004969223251691551,-0.0009774323602025625
1959-07,0.35051974134040315,-0.009196487280201893,0.004867762480893697,-0.022793902861192112,-0.00013818336078561438,0.008867836460882135,0.0,1959-07,1956-07,0.185383196060608,0.7878287887101916,-0.007237235378741963,-0.0019592519014600407
1959-08,0.3733999761072127,0.02288023476680956,0.00048092526947211297,0.01475087333266672,-1.2397986052252923e-05,0.007660834150722911,6.938893903907228e-17,1959-08,1956-08,0.00161877031426065,-0.5108158444705552,0.023636152350050177,-0.0007559175832407838
1959-09,0.298881970567339,-0.0745180055398737,-0.06718320830631914,0.005158984912743159,0.00022684502726047292,-0.012720627173558067,-1.249000902703301e-16,1959-09,1956-09,-2.2401111694842397,-0.1839869977106596,0.014415405561232358,-0.08893341110110584
1959-10,0.2953009616511042,-0.003581008916234807,0.008665021128508723,-0.00914327859121676,0.00022480438792865114,-0.0033275558414554694,4.9439619065339e-17,1959-10,1956-10,0.30964644703560107,0.3218069083582838,-0.00621002870397977,0.002629019787744852
1959-11,0.31250495093484665,0.01720398928374245,0.0005540411986210083,0.012472149502996629,0.0003745387471517863,0.003803259834973056,-3.122502256758253e-17,1959-11,1956-11,0.019593670065873675,-0.43379336054260725,0.016859072409178888,0.0003449168745635056
1959-12,0.32427763689752404,0.011772685962677387,0.021144405195257735,-0.0038371741811552167,-0.00017885104193329912,-0.005355694009491876,4.5102810375396984e-17,1959-12,1956-12,0.7111116081355024,0.13543038747203678,-0.002411804223444808,0.014184490186122195
1960-01,0.3003483084155793,-0.023929328481944734,8.9617602507924e-05,-0.02987232416969772,-0.00010997472788756384,0.0059633528131326375,-1.3877787807814457e-17,1960-01,1957-01,0.028620364143137143,1.0355541327529758,-0.020879206822443652,-0.0030501216595009706
1960-02,0.3233496401293731,0.023001331713793816,0.07930661348031506,-0.050319700855315556,7.75285859830073e-05,-0.006063109497188693,-6.938893903907228e-18,1960-02,1957-02,2.723464775731173,1.778302704650433,-0.031710953807828124,0.054712285521621995
1960-03,0.34153075531160715,0.01818111518223403,0.03590302297660085,-0.00139354525625612,-0.001452195697708377,-0.014876166840402317,3.469446951953614e-18,1960-03,1957-03,1.147409822886319,0.049864153794877256,-0.0010919149910879056,0.01927303017332188
1960-04,0.33880296023493506,-0.0027277950766720904,0.0002555851679717021,-0.004824486775665497,-7.227120475865816e-05,0.0019133777357803312,3.165870343657673e-17,1960-04,1957-04,0.010958974166142426,0.1683821509424333,-0.0027507079628624476,2.291288619030163e-05
1960-05,0.32067870806360327,-0.01812425217133179,-0.004620949734992707,-0.01963772721757606,-0.0004132749230427955,0.006547699704279814,-4.163336342344337e-17,1960-05,1957-05,-0.15372191986458858,0.6804988868738413,-0.011881690340422496,-0.006242561830909293
1960-06,0.25893299652179386,-0.06174571154180941,-0.0437626017108595,-0.0128653662973319,0.0014040397365024096,-0.006521783270120412,-1.3877787807814457e-17,1960-06,1957-06,-1.4127649547433312,0.455359896449543,-0.007113832436935419,-0.05463187910487399
1960-07,0.28326055588326726,0.024327559361473405,0.04778725656232102,-0.01065793657293074,-0.002877494426183844,-0.009924266201733008,-2.7755575615628914e-17,1960-07,1957-07,1.5104124436342368,0.37984777295378774,-0.008281466406378418,0.032609025767851824
1960-08,0.2985799704518034,0.015319414568536138,-0.00461969595604537,0.00030231986524140717,0.001137136132206514,0.01849965452713357,1.734723475976807e-17,1960-08,1957-08,-0.12257421750182963,-0.010244823989623284,0.020903178215113977,-0.005583763646577838
1960-09,0.30110399875557825,0.00252402830377485,-0.0008357488410000035,-0.0018921863785418365,-1.7980600595461965e-05,0.005269944123912127,2.5587171270657905e-17,1960-09,1957-09,-0.027450006189309647,0.06564455665949548,0.011699935991805882,-0.009175907688031087
1960-10,0.3378606880747845,0.036756689319206226,-0.016431616426151114,0.02453171149055462,-0.00031546284145618237,0.028972057096258958,-5.551115123125783e-17,1960-10,1957-10,-0.620651444610204,-0.8196571204631664,0.060429931930892494,-0.023673242611686157
1960-11,0.3037765259635652,-0.034084162111219285,0.007507522702650109,-0.05078224275355989,-0.0030833485022557622,0.012273906441946182,8.326672684688674e-17,1960-11,1957-11,0.20373538107183153,1.7434258052863159,-0.035649531706697324,0.0015653695954779834
1960-12,0.3009098273574922,-0.0028666986060729704,-0.011239966884290818,-0.03628502945905077,-0.0021890068195312994,0.04684730455679992,0.0,1960-12,1957-12,-0.4541447446412844,1.172205088467903,0.012510749206795568,-0.015377447812868539
1961-01,0.2984485882791972,-0.002461239078295041,-0.006115371309196948,0.01218252239610668,-0.0008694987540539748,-0.007658891411150888,8.933825901280557e-17,1961-01,1958-01,-0.24633554385761952,-0.4318362757074512,0.016796424724623837,-0.019257663802919156
1961-02,0.26924542298322796,-0.029203165295969225,-0.02002338781313956,-0.0033022409246193625,0.00016777523702370337,-0.006045311795233922,-8.673617379884035e-17,1961-02,1958-02,-0.6652680933272879,0.11680974963497974,-0.0024438665502106716,-0.02675929874575833
1961-03,0.2658927575361353,-0.003352665447092673,-0.009467113582022766,0.007000685906153195,-6.626003853337954e-05,-0.0008199777326897103,-1.3010426069826053e-17,1961-03,1958-03,-0.33069824017869043,-0.2453994530838439,0.009084085951183568,-0.012436751398276297
1961-04,0.26353190787944064,-0.0023608496566946413,0.0021970288863419874,-0.005876863204236676,-0.0006410360932496298,0.0019600207544496766,4.336808689942018e-19,1961-04,1958-04,0.058877758992100085,0.20492873477397414,-0.003065297102213066,0.0007044474455184802
1961-05,0.2634865101779965,-4.539770144412758e-05,0.0021988553819311343,-0.002465566305789145,-0.0005729684069333893,0.0007942816293472027,6.982261990806649e-17,1961-05,1958-05,0.057809393581639425,0.08616476409765683,-0.00021991330492152072,0.0001745156034771711
1961-06,0.22477697550858156,-0.03870953466941496,-0.030701539800332498,-0.002837748990823815,0.0010283749518568855,-0.006198620830115447,-8.326672684688674e-17,1961-06,1958-06,-0.9941586059578931,0.1005831887329707,-0.0017221853945373622,-0.036987349274877346
1961-07,0.20083726988497325,-0.02393970562360831,-0.001679553053815889,-0.028185670361410335,-0.0013287358610000796,0.007254253652617944,5.204170427930421e-17,1961-07,1958-07,-0.0762387378232432,0.9697053388815219,-0.021082347567669232,-0.0028573580559390216
1961-08,0.1609940696047268,-0.03984320028024643,0.021940621547979138,-0.07611719509473465,-0.00011281122839099935,0.014446184494900058,1.3877787807814457e-17,1961-08,1958-08,0.8491707577407815,2.558366706210196,-0.058457061171094046,0.018613860890847392
1961-09,0.1450933459168082,-0.015900723687918616,0.01228819202231445,-0.031151935560841018,-0.0024690386352306734,0.005432058485838621,0.0,1961-09,1958-09,0.3708696995551322,1.07099201609016,-0.025434245953289372,0.009533522265370867
1961-10,0.13621184372519804,-0.008881502191610158,-0.0009765981939030227,-0.010072878009021671,-0.0007846122008854492,0.0029525862122000476,-6.245004513516506e-17,1961-10,1958-10,-0.05066300712483287,0.34885198162011,-0.007092523038135429,-0.0017889791534746458
1961-11,0.1525791888149325,0.016367345089734447,0.005746081443753361,0.013225867226389616,-0.00030207867578501774,-0.002302524904623541,2.7755575615628914e-17,1961-11,1958-11,0.1710150895067572,-0.46659418729433544,0.015559123346477938,0.0008082217432564265
1961-12,0.14228025588201515,-0.010298932932917337,0.00022450417250311424,-0.010881893963308862,0.0,0.00035845685788842675,-1.734723475976807e-17,1961-12,1958-12,0.018241144852036414,0.3804032947799748,-0.00883450678274282,-0.0014644261501744887
1962-01,0.0881459809564463,-0.054134274925568854,-0.006216761467577129,-0.045332302598402735,-0.0028152043288342406,0.00022999346924523732,1.3877787807814457e-17,1962-01,1959-01,-0.26352736140755406,1.5850473129842693,-0.04198566443833254,-0.012148610487236339
1962-02,0.07232542499857825,-0.01582055595786805,-0.003955387056519533,-0.012567185443806963,-0.00016595638096806803,0.0008679729234265156,0.0,1962-02,1959-02,-0.12871413044172633,0.4374737169407928,-0.011708866565598254,-0.004111689392269781
1962-03,0.07320197451812847,0.0008765495195502265,0.006864709426700669,-0.0047662500986047395,-0.00090516098403686,-0.0003167488245088584,1.5720931501039814e-17,1962-03,1959-03,0.20697258192121576,0.16718183766225972,-0.00456699000054267,0.005443539520092924
1962-04,0.08832460079873948,0.015122626280611007,0.03187386416884921,-0.01249010345318897,-0.002784819542706716,-0.0014763148923424886,-2.6020852139652106e-17,1962-04,1959-04,0.9928294380564261,0.44114535645870334,-0.011944187174741248,0.027066813455352254
1962-05,0.03606976454924673,-0.05225483624949275,-0.0268522791115651,-0.017299403930816977,-0.0035478423103148127,-0.0045553108967958875,2.7755575615628914e-17,1962-05,1959-05,-0.9798256818275876,0.6279721434982037,-0.016810955570364626,-0.03544388067912816
1962-06,-0.010810477124605573,-0.0468802416738523,-0.048876729509282194,0.0037778508623720285,0.00023512832178348362,-0.002016491348725621,0.0,1962-06,1959-06,-1.4990849235176165,-0.1449586191392605,0.0034153082949640217,-0.050295549968816355
1962-07,-0.011397407317280584,-0.0005869301926750108,0.01969930252437768,-0.020365059805505223,0.00011899172223017127,-4.016463377763835e-05,6.505213034913027e-19,1962-07,1959-07,0.6954273943536814,0.7114879246606349,-0.02063505836607924,0.020048128173404223
1962-08,-0.0132714777680451,-0.0018740704507645162,-0.0038384117020490716,0.0014812302004820052,0.00039423330614283934,8.887774465970918e-05,1.734723475976807e-18,1962-08,1959-08,-0.11821051282578951,-0.052029785106714126,0.0016193278946578628,-0.0034933983454223548
1962-09,0.06780730900866341,0.08107878677670852,-0.000816767491419766,0.07776151981980481,0.001603423346560575,0.002530611101762884,1.3877787807814457e-17,1962-09,1959-09,-0.05127519206468729,-2.5855594575508105,0.08225962403499165,-0.001180837258283162
1962-10,0.07483072890324956,0.007023419894586144,0.007724221832400448,-0.0020076408533951577,0.0006594862219254838,0.0006473526936553649,4.336808689942018e-18,1962-10,1959-10,0.28853466913650355,0.06994846136198078,-8.92499214671938e-06,0.007032344886732891
1962-11,0.07417926968387097,-0.0006514592193785917,0.00353474799116321,-0.00048598459917861505,0.00013918142297883115,-0.003839404034341996,-2.168404344971009e-17,1962-11,1959-11,0.12225658126458504,0.017447486833196166,-0.0003430879780275814,-0.0003083712413509826
1962-12,0.022522112223626867,-0.0516571574602441,-0.013594403337940174,-0.04024334857807357,0.0005396480450363373,0.0016409464107332973,6.938893903907228e-18,1962-12,1959-12,-0.4119099251974881,1.3848352295184758,-0.03814135027004976,-0.013515807190194344
1963-01,0.029291175585710212,0.006769063362083345,-0.0019509327874227137,0.008116204224444428,0.0007231831639901851,-0.00011939123892855607,8.673617379884035e-19,1963-01,1960-01,-0.04955393176339502,-0.28472151176021826,0.008786450422903868,-0.002017387060820554
1963-02,-0.03563934251893474,-0.06493051810464495,0.0085498433832982,-0.06966143388202677,-0.0036789202295920537,-0.00014000737632431453,-1.3877787807814457e-17,1963-02,1960-02,0.24130082856913754,2.356405366348193,-0.07256182243132164,0.007631304326676715
1963-03,-0.07975701446450911,-0.04411767194557437,-0.0020311220803429573,-0.03628072434612756,-0.0005779376175377762,-0.005227887901566105,2.7755575615628914e-17,1963-03,1960-03,-0.055969857045106416,1.2113912837642182,-0.042453281837271074,-0.0016643901083033888
1963-04,-0.06299434632398503,0.016762668140524087,0.01812395063913022,-0.0026183485240940958,-8.427450280996841e-05,0.0013413405282979316,-3.469446951953614e-18,1963-04,1960-04,0.6105979516638941,0.0925041755959762,-0.0027002036902802166,0.019462871830804317
1963-05,-0.055804377391266334,0.007189968932718692,-0.003761103184522392,0.010843868076509276,0.0007876181942061722,-0.0006804141534743508,-1.3010426069826053e-17,1963-05,1960-05,-0.1123633858677538,-0.37736243565699434,0.010452475428067678,-0.0032625064953489442
1963-06,-0.008767545505094176,0.04703683188617216,-0.005250628252400033,0.052267833528216255,0.0025335042769464573,-0.002513877666590545,2.0816681711721685e-17,1963-06,1960-06,-0.14869412094508772,-1.7601633426009213,0.0513487763537679,-0.004311944467595748
1963-07,-0.10601606280644736,-0.09724851730135319,-0.007688719692608644,-0.0799796675125548,-0.0007971301249100199,-0.008782999971279744,1.3877787807814457e-17,1963-07,1960-07,-0.22822593245696332,2.570707122742163,-0.09088015353304063,-0.006368363768312587
1963-08,-0.10837463563040636,-0.0023585728239590015,-0.005661337207586496,0.0067057134930457495,-0.00039496607982754335,-0.003007983029590699,-1.214306433183765e-17,1963-08,1960-08,-0.21558474604785174,-0.23140718232750637,0.0028332979978598974,-0.005191870821818927
1963-09,-0.09496927525280113,0.01340536037760523,0.0166998208736571,-0.0023927947703541444,-0.001455620023773212,0.000553954298075477,1.214306433183765e-17,1963-09,1960-09,0.5196328988394673,0.08397600404303479,-0.004477258316582411,0.017882618694187655
1963-10,-0.07138048639702246,0.02358878885577867,-0.0016381530423842255,0.02718409301448943,0.0004281674342770505,-0.0023853185506035705,-1.734723475976807e-17,1963-10,1960-10,-0.06856929847127533,-0.9378307526366388,0.025204595079585328,-0.0016158062238066442
1963-11,-0.08265677815722736,-0.011276291760204893,-0.0006971564892642407,-0.009585709441975074,-0.00038510484287686443,-0.000608320986088716,3.469446951953614e-18,1963-11,1960-11,-0.027616170219930587,0.334174518450444,-0.010712506914358218,-0.0005637848458466752
1963-12,-0.06539826166016528,0.017258516497062074,0.0007619161385853959,0.018816142286879382,0.00010038961300316612,-0.002419931541405866,-3.469446951953614e-18,1963-12,1960-12,0.011229077990381553,-0.6478241437010129,0.016583507075374843,0.0006750094216872449
1964-01,-0.052391219089203266,0.013007042570962017,0.009055504762523973,0.004400268988891264,0.0002919595749436889,-0.0007406907553969211,1.214306433183765e-17,1964-01,1961-01,0.31576718060592224,-0.15304167326736656,0.0034341681501259373,0.009572874420836087
1964-02,-0.02504325390797495,0.027347965181228315,-0.001744487721040117,0.029737362144853088,0.0004112519537457425,-0.0010561611963303924,-6.938893903907228e-18,1964-02,1961-02,-0.07528646991289342,-1.026681986194527,0.029164401100532422,-0.001816435919304105
1964-03,0.00036616682928149473,0.025409420737256445,0.008836498770579168,0.016086725994657165,0.0005255463940676076,-3.935042204748871e-05,-6.938893903907228e-18,1964-03,1961-03,0.3034119840326022,-0.5621390574309396,0.016488224231368562,0.008921196505887893
1964-04,-0.007176879374924842,-0.007543046204206336,-0.0003471511407941281,-0.0070397612572433415,-0.00013320475409030303,-2.292905207856257e-05,-8.673617379884035e-19,1964-04,1961-04,-0.00953333810387003,0.24555903136762774,-0.007237663049031338,-0.00030538315517497075
1964-05,-0.00493460705578524,0.002242272319139602,-0.002016517158857049,0.004364528631420879,6.062127543571435e-06,-0.00011180128096780386,4.7704895589362195e-18,1964-05,1961-05,-0.07332408532406338,-0.15135090747580035,0.004252120464792782,-0.0020098481456531946
1964-06,0.047712136359637794,0.05264674341542303,0.007417304282777872,0.04265848372735937,0.000570519540222763,0.00200043586506303,0.0,1964-06,1961-06,0.24177889587531334,-1.4188625299369864,0.04584933114398344,0.006797412271439608
1964-07,0.05741268913723412,0.009700552777596329,0.0054085967575085705,0.004270695938637494,0.0003258356127299729,-0.00030457553127971186,5.204170427930421e-18,1964-07,1961-07,0.19042476179817186,-0.14990730682553438,0.00487169409049594,0.004828858687100396
1964-08,0.011171234261010174,-0.04624145487622395,0.0025219372459824763,-0.048571489403498175,-0.002560016239799565,0.002368113521091306,6.938893903907228e-18,1964-08,1961-08,0.047475303819278294,1.6426734992573107,-0.04792308673402795,0.0016816318578039852
1964-09,-0.0026548090736051248,-0.013826043334615299,0.001031635604887782,-0.014184894170577311,-0.0007737238128588878,0.00010093904393311961,0.0,1964-09,1961-09,0.022829512825499415,0.49069681259678655,-0.014650123183227531,0.0008240798486122286
1964-10,-0.0010415565951233817,0.001613252478481743,-0.0027445480940020226,0.004539780066425458,-0.00014122544281360992,-4.075405112809329e-05,1.0842021724855044e-17,1964-10,1961-10,-0.10373593038663168,-0.15714900367593154,0.0044541988069404514,-0.0028409463284587294
1964-11,-0.010019107949704328,-0.008977551354580946,6.401212752242405e-06,-0.00789171916991572,-0.001052453826611649,-3.977957080580663e-05,-1.214306433183765e-17,1964-11,1961-11,-0.028023057121275757,0.27521387990049273,-0.008631024108080698,-0.0003465272465002422
1964-12,-0.028556012359127712,-0.018536904409423384,-0.009601312895590863,-0.006489789340839991,-0.0011353514404080156,-0.0013104507325845255,1.0408340855860843e-17,1964-12,1961-12,-0.3714231128194703,0.2193055205643558,-0.008758688233152331,-0.009778216176271087
1965-01,-0.013551955680745655,0.015004056678382057,0.002459466376124157,0.012654645476817543,0.00031338852361877594,-0.0004234436981784183,0.0,1965-01,1962-01,0.08287306107733551,-0.4384748901677122,0.012492447013088213,0.0025116096652938544
1965-02,-0.005623080600568477,0.00792887508017718,0.00012919130578606502,0.007632935704392295,0.00028276113732697057,-0.00011601306732814558,-5.204170427930421e-18,1965-02,1962-02,0.006636728428999101,-0.2655405005712602,0.007752227152316276,0.00017664792786093548
1965-03,-0.01876040509469788,-0.013137324494129403,0.0005187135374627793,-0.012500117384100807,2.7052627640747064e-06,-0.001158625910255455,3.469446951953614e-18,1965-03,1962-03,0.03135096473484032,0.41620595135561833,-0.013848560632231067,0.0007112361381016712
1965-04,-0.10954695676136422,-0.09078655166666634,-0.0024558403527678886,-0.07995042813670511,-0.0021240352290211157,-0.006256247948172235,1.3877787807814457e-17,1965-04,1962-04,-0.0820531106653485,2.657132505111575,-0.0887061862338528,-0.0020803654328136884
1965-05,-0.0797504572759261,0.029796499485438124,-3.660724037455414e-17,0.03866956827068017,0.0011657459820244088,-0.01003881476726641,-6.938893903907228e-18,1965-05,1962-05,0.0021810316136577136,-1.2824431837446066,0.029716131697295513,8.03677881426948e-05
1965-06,0.041912175463049005,0.1216626327389751,0.01570734858422601,0.11146558293306495,0.002205370561988605,-0.007715669340304461,-2.7755575615628914e-17,1965-06,1962-06,0.570525888468932,-3.3613208046496794,0.10657309621808003,0.015089536520895199
1965-07,0.011105805778538192,-0.030806369684510813,0.008587655247333055,-0.03905471014485962,-0.002733099546050839,0.0023937847590665773,1.0408340855860843e-17,1965-07,1962-07,0.24760970607768085,1.3068507996322714,-0.03822110089024657,0.007414731205735721
1965-08,0.04374866590666421,0.03264286012812602,0.011491361506768799,0.02045129884087465,0.0007172714635970764,-1.7071683114487556e-05,-2.0816681711721685e-17,1965-08,1962-08,0.39542636328952635,-0.7160181863921093,0.021872851687862165,0.010770008440263889
1965-09,0.06183220064440591,0.0180835347377417,0.025625126956521943,-0.005237366035829312,-0.001651978795844409,-0.0006522473871065018,-2.0816681711721685e-17,1965-09,1962-09,0.8157794519866383,0.1844389940174073,-0.0051362794661946945,0.023219814203936436
1965-10,-0.01660846952371248,-0.07844067016811838,0.01888385154139481,-0.09298193811832284,-0.005970223222706906,0.0016276396315164847,6.938893903907228e-17,1965-10,1962-10,0.5478086838192271,3.143881594834533,-0.0946764680877914,0.016235797919672855
1965-11,0.017814418442592978,0.03442288796630546,-0.019114942579606716,0.04633206332903943,0.007195217636602243,1.0549580270543994e-05,-4.163336342344337e-17,1965-11,1962-11,-0.45884807362752467,-1.592110532679223,0.05024814350346775,-0.01582525553716224
1965-12,0.017921447835378867,0.00010702939278588869,-0.09666391356163222,0.08735251228835428,0.011446029378651398,-0.0020275987125875088,-6.201636426617085e-17,1965-12,1962-12,-2.815923959584031,-3.2302226689576004,0.0958276387854553,-0.09572060939266938
1966-01,0.06437247437882533,0.04645102654344646,-0.00718671069939496,0.05137920611333611,0.0004301355120346454,0.0018283956174707005,-3.469446951953614e-17,1966-01,1963-01,-0.2861579808786665,-1.7578251423895732,0.05449073149297567,-0.008039704949529167
1966-02,-0.05183010367104441,-0.11620257804986975,-0.11141861207111808,-0.007213060623091789,0.0024098081921783473,1.9286452161758317e-05,2.7755575615628914e-17,1966-02,1963-02,-3.2971560131128963,0.2800844831887479,-0.006960719044207281,-0.10924185900566247
1966-03,-0.07181920327046028,-0.019989099599415867,-0.02097653328527203,-0.005687060421456004,0.0008771476449599805,0.005797346462352109,7.632783294297951e-17,1966-03,1963-03,-0.6469059661931044,0.2082900095274357,-0.006103664873686614,-0.013885434725729316
1966-04,-0.16508260893470394,-0.09326340566424367,-0.08393726532450616,-0.013972198361541333,-0.00191787867494778,0.006563936696751641,-4.163336342344337e-17,1966-04,1963-04,-2.828225312646986,0.5024220047563835,-0.02287439751200749,-0.07038900815223612
1966-05,-0.14065575314284542,0.02442685579185852,-0.012204417227822367,0.017868504041404516,0.0034111186517613275,0.015351650326515035,1.0408340855860843e-17,1966-05,1963-05,-0.30066834533286607,-0.6568468783274417,0.016183205836894365,0.008243649954964127
1966-06,-0.1375882039638938,0.003067549178951634,-0.0020854303166942946,0.005406512369503576,-0.00014819938963332355,-0.00010533348422432146,-2.168404344971009e-18,1966-06,1963-06,-0.08129254950831363,-0.18915629812821697,0.00439987712768912,-0.0013323279487374856
1966-07,-0.15196958487011844,-0.01438138090622465,-0.033436806552456726,0.003230299061205373,-0.0013433897936542644,0.01716851637868094,3.122502256758253e-17,1966-07,1963-07,-1.116724028679371,-0.11972131287191613,0.00029114159621540514,-0.014672522502440055
1966-08,-0.29367371957653676,-0.14170413470641832,-0.21346771281243526,0.019163842380327097,0.010025849918885199,0.0425738858068047,-2.7755575615628914e-17,1966-08,1963-08,-6.302489140901077,-0.7324629973474132,0.016481121867792922,-0.15818525657421123
1966-09,-0.25864883751867535,0.03502488205786142,0.047557193260277304,-0.017368306812973484,-0.003400977541477579,0.008236973152035145,2.7755575615628914e-17,1966-09,1963-09,1.4967476558188488,0.6169629854404446,-0.02415803717101994,0.05918291922888136
1966-10,-0.20388449643364512,0.05476434108503023,0.03234011082359667,3.1792328646797835e-06,-0.0009276402738987987,0.02334869130246773,-4.85722573273506e-17,1966-10,1963-10,1.0147494322193071,-0.00011690961310740423,-2.9485527699810166e-05,0.05479382661273009
1966-11,-0.10870063222133111,0.095183864212314,0.08689951668296594,-0.0015820541553443327,-0.0031137027074482123,0.012980104392140606,0.0,1966-11,1963-11,2.7328069958415244,0.05769688764307751,-0.0022957552643272858,0.09747961947664122
1966-12,-0.09185255535666782,0.01684807686466329,-0.0053185896184144875,0.004232259383209811,-0.0019141505691686505,0.019848557669036627,-1.0408340855860843e-17,1966-12,1963-12,-0.2255004301926896,-0.16276762902098107,0.002602817292487597,0.014245259572175706
1967-01,-0.18820239587176446,-0.09634984051509664,-0.10652446287936022,-0.006000895273988956,0.0007073979061445641,0.015468119732107904,8.326672684688674e-17,1967-01,1964-01,-3.4005266334053124,0.22138675215937,-0.009528813925863952,-0.0868210265892327
1967-02,-0.17014020243278857,0.018062193438975888,0.012151561011813763,0.002853927591874902,-0.00043515714098493367,0.003491861976272199,-4.163336342344337e-17,1967-02,1964-02,0.392049083203794,-0.10086120300338376,0.002325029143050189,0.0157371642959257
1967-03,-0.19602087594541817,-0.0258806735126296,-0.02028597605737382,-0.008006074857691281,0.0002445876594229544,0.0021667897430125856,-3.469446951953614e-17,1967-03,1964-03,-0.6701925139994508,0.28187005141212357,-0.009788215138440456,-0.016092458374189086
1967-04,-0.19013856535540466,0.005882310590013512,0.005380793848461463,-0.0001132842366719419,-3.214262409735451e-05,0.0006469436023213136,3.122502256758253e-17,1967-04,1964-04,0.1818077470919841,0.003971591022023597,-0.0004919583995997984,0.006374268989613366
1967-05,-0.1446044104876081,0.04553415486779655,0.03295324599539872,0.002133312698248476,-0.0006322013414544772,0.011079797515603815,1.3877787807814457e-17,1967-05,1964-05,1.0612801035741413,-0.07714582125690472,0.0018379906823620118,0.04369616418543448
1967-06,-0.16788068439473436,-0.02327627390712625,-0.022769249364013835,-0.004427877334306049,0.00032062035445234625,0.003600232436741292,-3.469446951953614e-18,1967-06,1964-06,-0.7508294806648848,0.15675946144015063,-0.005366823947860019,-0.017909449959266174
1967-07,-0.15344886961145435,0.014431814783280011,0.013815732135071137,0.001061970821715525,0.0005846034658555671,-0.0010304916393621924,-2.42861286636753e-17,1967-07,1964-07,0.4905468430640493,-0.037049797650017514,-0.0021376836488450762,0.016569498432125004
1967-08,-0.1479866742187519,0.005462195392702457,0.010351903863839796,-0.004394011148525172,-0.0009144034748293807,0.0004187061522171753,3.903127820947816e-17,1967-08,1964-08,0.3249571043725777,0.15400401623041826,-0.005999713307645815,0.011461908700348244
1967-09,-0.14681649904880353,0.0011701751699483565,-0.0008833244952734934,0.0023085069902799124,7.749748421100642e-06,-0.0002627570734791389,-2.42861286636753e-17,1967-09,1964-09,-0.03206680016551558,-0.08072573021462966,0.0017622206342878949,-0.0005920454643395107
1967-10,-0.1468230193497457,-6.520300942169932e-06,-0.007731243363066334,0.004634673353745423,0.0008761788983950205,0.0022138708099837512,-3.0791341698588326e-17,1967-10,1964-10,-0.2359760086507975,-0.16343649341160466,0.004236458683912314,-0.004242978984854429
1967-11,-0.20066913127231098,-0.053846111922565276,-0.06998889927801773,0.001996887121791679,0.002800484514765624,0.011345415718895153,0.0,1967-11,1964-11,-2.2139571053814113,-0.07215914269277124,0.0014431495301486519,-0.05528926145271387
1967-12,-0.21986699131565132,-0.019197860043340342,-0.020020137336391578,-0.002379913326647051,0.0008372025667657484,0.002364988052932522,1.734723475976807e-17,1967-12,1964-12,-0.6467819886450726,0.0837652723583749,-0.004135005188421803,-0.01506285485491854
1968-01,-0.19873722340085126,0.021129767914800063,0.011399036977775234,0.005627008285607547,-0.001141720156540797,0.00524544280795808,0.0,1968-01,1965-01,0.3392558290813937,-0.1994143452546146,0.003069309139653101,0.018060458775146934
1968-02,-0.18692556169310526,0.011811661707746002,0.002710213524284904,0.0005411857624441905,0.0001129677843233217,0.008447294636693583,3.469446951953614e-18,1968-02,1965-02,0.09344738086563888,-0.01935646272519466,0.0005093888582522466,0.011302272849493755
1968-03,-0.20368679782747523,-0.016761236134369972,-0.021284066004461626,-0.00025339475611969544,0.0007130233660072543,0.004063201260204109,-1.3877787807814457e-17,1968-03,1965-03,-0.6924657505610342,0.00896101995809688,-0.0004280782174149178,-0.016333157916955054
1968-04,-0.24932007464091818,-0.04563327681344295,-0.07368596965225434,0.004414510432746076,0.0010825215271769591,0.022555660878888394,-4.163336342344337e-17,1968-04,1965-04,-2.3525118015406346,-0.1621441549785799,0.0031487827965269166,-0.04878205960996981
1968-05,-0.21528683446510588,0.0340332401758123,0.02546041756917465,0.0023753874035176885,-0.0003350271076487025,0.006532462310768586,8.326672684688674e-17,1968-05,1965-05,0.8406533568971504,-0.08430847768972291,0.0018995654899868347,0.03213367468582541
1968-06,-0.26185734501290997,-0.04657051054780409,-0.03070041158070856,-0.015416181632294424,0.0020453034943339605,-0.0024992208291350596,0.0,1968-06,1965-06,-0.9651129174773738,0.5367388082184974,-0.025610411077711753,-0.020960099470092253
1968-07,-0.24147321807055844,0.020384126942351533,0.012305830044771154,-0.002256498069535889,-2.06393482786021e-05,0.010355434315394896,-2.7755575615628914e-17,1968-07,1965-07,0.4115822395089051,0.08060296683547814,-0.0027176884796075162,0.023101815421958938
1968-08,-0.2200638016308216,0.021409416439736845,0.019811655775487023,-0.0011810632758029104,-0.0009232284255875418,0.003702052365640308,-3.122502256758253e-17,1968-08,1965-08,0.6387132276794303,0.04166888827827203,-0.0021710291189572656,0.023580445558694083
1968-09,-0.22029066612383288,-0.00022686449301129175,0.0013377249112450345,-0.0013794641125546001,0.0,-0.0001851252917017771,5.1011712215442984e-17,1968-09,1965-09,0.046880652046595736,0.048260946473667646,-0.004504589079500632,0.004277724586489312
1968-10,-0.21103524174295424,0.009255424380878646,0.011264138603604413,-0.00316302546347083,-2.2856508083407665e-05,0.0011771677488284869,-1.5612511283791264e-17,1968-10,1965-10,0.38453861012620705,0.1110080434091374,-0.004355161366634899,0.013610585747513518
1968-11,-0.20602069527649966,0.005014546466454578,0.005996521654089174,-0.0016971098553261743,-2.4490835735893163e-05,0.0007396255034274574,1.3877787807814457e-17,1968-11,1965-11,0.20450158236596452,0.0595041873985185,-0.002242231337838005,0.007256777804292694
1968-12,-0.180862598226968,0.025158097049531647,0.010853317123885505,0.00735493720599717,-0.0004050019587910621,0.007354844678440053,-2.0816681711721685e-17,1968-12,1965-12,0.3417535874396364,-0.2623208268640604,0.005172908659632075,0.019985188389899544
1969-01,-0.16376748953442602,0.017095108692541994,0.008084137568400268,0.0036402519457521248,0.00019511636307891075,0.005175602815310678,1.3877787807814457e-17,1969-01,1966-01,0.27400555919857944,-0.1293232194474278,0.0031779197596159547,0.013917188932925956
1969-02,-0.16041609274694368,0.003351396787482336,-0.005122665099317704,0.010381456895397453,2.1648500759196587e-05,-0.0019290435093566307,2.0816681711721685e-17,1969-02,1966-02,-0.1847621546879102,-0.36118909299746776,0.007271849068607852,-0.003920452281125489
1969-03,-0.17371442327709338,-0.013298330530149699,-0.010593111071121104,0.0005822201386375797,-0.0002242434770853806,-0.0030631961205807865,-6.938893903907228e-18,1969-03,1966-03,-0.37203725320342734,-0.02019083642015734,-0.004840000046466897,-0.008458330483682802
1969-04,-0.1656438422138899,0.008070581063203491,-0.01685258320645639,0.025884897580946652,-1.743524394291852e-05,-0.0009442980673438683,1.734723475976807e-17,1969-04,1966-04,-0.6008823638957607,-0.9034506462367192,0.021617588189337053,-0.013547007126133673
1969-05,-0.1565303997565186,0.009113442457371279,0.019783943082547016,-0.0032325239626930756,-0.0017373916068209947,-0.005700585055661648,-1.9081958235744878e-17,1969-05,1966-05,0.6281391795086089,0.1111380830692645,-0.01276811544872189,0.021881557906093224
1969-06,-0.21419263810556985,-0.05766223834905124,-0.07209493204045118,-0.0010611866867292013,0.0016185999336268218,0.013875280444502295,3.469446951953614e-17,1969-06,1966-06,-2.3080414997402054,0.03852175577900133,-0.0017980840002100457,-0.05586415434884122
1969-07,-0.23059800038150674,-0.01640536227593689,-0.028296735157128886,0.006272560301566534,-0.0004015411455484477,0.006020353725173959,-5.204170427930421e-17,1969-07,1966-07,-0.9693457165303693,-0.22250910958920883,0.0025748485067328547,-0.018980210782669663
1969-08,-0.1833164917463213,0.04728150863518543,0.003918549144320736,0.05669364930114827,0.0020466288224714395,-0.01537731863275501,-6.938893903907228e-18,1969-08,1966-08,0.15332562230384655,-1.9109699000089755,0.042283883371338093,0.004997625263847283
1969-09,-0.1971813942859838,-0.013864902539662494,-0.0027535021545391325,-0.018850074318137577,-0.003212728968120495,0.010951402901134678,3.2959746043559335e-17,1969-09,1966-09,-0.17938532927132914,0.6787059372113239,-0.026736283079605933,0.012871380539943494
1969-10,-0.22359318900198982,-0.02641179471600602,-0.0033336768948598345,-0.01833631616892207,-0.00033758765720305205,-0.004404213995021046,-2.0816681711721685e-17,1969-10,1966-10,-0.10821960086580634,0.6350500179331383,-0.024649820547731585,-0.0017619741682744078
1969-11,-0.2586248032648189,-0.03503161426282908,-0.00010718078377573843,-0.024214637837172964,-0.0007865777745689614,-0.009923217867311367,-5.551115123125783e-17,1969-11,1966-11,-0.007012145741099651,0.8300532494648718,-0.03492305273353809,-0.0001085615292909653
1969-12,-0.3803691653972668,-0.12174436213244788,-0.15443205451176198,-0.0013845265769881461,0.0077401889304007055,0.02633203002590146,8.326672684688674e-17,1969-12,1966-12,-4.786538082672284,0.05043661946798667,-0.022063055479705912,-0.09968130665274202
1970-01,-0.339865208059067,0.04050395733819978,-0.004359709544773073,0.06921310590488466,0.003056886799161082,-0.027406325821072847,-4.163336342344337e-17,1970-01,1967-01,-0.11585501274537817,-2.3306077941179995,0.042865037077408685,-0.0023610797392087934
1970-02,-0.1652939444685324,0.1745712635905346,0.13104993036849474,0.007071048237866859,-0.006426164790015316,0.04287644977418826,5.551115123125783e-17,1970-02,1967-02,3.8661186683306545,-0.26897923491258807,0.0007499400748980922,0.17382132351563634
1970-03,-0.16602329306487393,-0.0007293485963415225,-0.021093346484103406,0.019255001527159015,-7.002098886847542e-05,0.0011790173494713233,2.0166160408230382e-17,1970-03,1967-03,-0.7362332617754737,-0.6763232173687065,0.016055791376271666,-0.01678513997261319
1970-04,-0.19451800483492526,-0.028494711770051334,-0.037550695370703546,0.0017280304329276898,0.0017669084869658853,0.005561044680758662,-3.122502256758253e-17,1970-04,1967-04,-1.2005430756625506,-0.06141257927171812,0.0010718279880770898,-0.029566539758128424
1970-05,-0.36027803780017853,-0.16576003296525327,-0.22052459010192207,-0.015309634205809441,0.0042083165329556095,0.06586587480952258,5.551115123125783e-17,1970-05,1967-05,-6.513176973935819,0.5965776629380694,-0.0209217843064059,-0.14483824865884737
1970-06,-0.3558564394105237,0.004421598389654835,0.00028683681043450613,0.0025453908192738543,0.0001873014285138598,0.0014020693314326657,-5.117434254131581e-17,1970-06,1967-06,0.01363244253341892,-0.0892631005733553,0.0015537684524152828,0.0028678299372394966
1970-07,-0.355886428108059,-2.99886975352881e-05,-0.012570389452388067,-0.005121674079851409,-0.000803513677894838,0.018465588512599024,0.0,1970-07,1967-07,-0.43843505866700905,0.18390617959536665,-0.008403608295538906,0.008373619598003618
1970-08,-0.35622169179514696,-0.00033526368708797216,0.0007846653460400749,-0.004313832338899314,7.155500500034053e-05,0.0031223483007709043,2.211772431870429e-17,1970-08,1967-08,0.03318314522187901,0.1516461310697462,-0.0065455587171107665,0.006210295030022905
1970-09,-0.3792392987953643,-0.02301760700021732,-0.04697723552009754,0.0028076474391509794,0.0007374402469399552,0.020414540833789227,6.245004513516506e-17,1970-09,1967-09,-1.5324881952523506,-0.10099086601748568,0.0010388582097925758,-0.024056465210010064
1970-10,-0.3873777611915903,-0.00813846239622601,-0.01042107888142365,-0.0007205693591151115,0.0005490911409980221,0.002454094703314887,-1.5785983631388945e-16,1970-10,1967-10,-0.33414818862896517,0.025300658036084046,-0.0022147293167589788,-0.005923733079466864
1970-11,-0.35015162553681956,0.03722613565477073,-0.0038632934095895037,0.021069539947300302,0.0021853163161040345,0.0178345728009558,9.71445146547012e-17,1970-11,1967-11,-0.07570485996372316,-0.755277513996335,0.01401505859033192,0.023211077064438757
1970-12,-0.41170010686281466,-0.06154848132599511,-0.10629305858191129,0.0076142371366255315,0.001405190745371291,0.035725149373919324,4.163336342344337e-17,1970-12,1967-12,-3.409784789499993,-0.2789211385366821,0.002936313276289765,-0.06448479460228498
1971-01,-0.42689217492652537,-0.015192068063710706,-0.01963060102620666,-0.0011595998329360772,-6.787389161165582e-05,0.0056660066870436255,6.245004513516506e-17,1971-01,1968-01,-0.6646474184976348,0.04086017015747634,-0.004755070630676289,-0.010436997433034417
1971-02,-0.4428440575174323,-0.015951882590906907,-0.016958894208277644,0.0013809376489144398,0.0011005802364508412,-0.0014745062679944404,-1.0408340855860843e-16,1971-02,1968-02,-0.5418829135656218,-0.048250874415523955,-0.007880850710127008,-0.008071031880779678
1971-03,-0.4455945093040226,-0.0027504517865903355,-0.028338511922136878,0.010039958065379053,0.002090995082744612,0.01345710698742285,2.949029909160572e-17,1971-03,1968-03,-0.8892332774252913,-0.3567196674479698,0.005974742988830689,-0.008725194775421025
1971-04,-0.4312994046175807,0.014295104686441906,0.011549402014225482,0.020244464258570533,0.0007451402131651257,-0.018243901799519253,2.42861286636753e-17,1971-04,1968-04,0.40696190457873815,-0.6938259994215874,-0.003059478318524267,0.017354583004966173
1971-05,-0.44962816972907343,-0.01832876511149273,-0.026815674292359308,-0.013165752681271467,0.0009801688466145348,0.020672493015523544,-3.122502256758253e-17,1971-05,1968-05,-0.8460160648538031,0.4716036350718327,-0.01945666600858542,0.0011279008970923599
1971-06,-0.4462582264494748,0.0033699432795986084,-0.006745259450678759,0.011712817125375797,0.001007992441409613,-0.0026056068365080368,-5.637851296924623e-18,1971-06,1968-06,-0.20721481467074687,-0.40875632304916804,0.00670560348750901,-0.003335660207910124
1971-07,-0.4543091362448408,-0.00805090979536599,-0.0042318242163861515,-0.0018895445608855383,0.00017600700206590596,-0.0021055480201602104,3.469446951953614e-18,1971-07,1968-07,-0.13649177121852313,0.06597943423207603,-0.007043058877582387,-0.0010078509177837147
1971-08,-0.4510959716415249,0.0032131646033159433,0.009661805954701619,-0.007352877655651865,2.3221475297360968e-05,0.0008810148289688928,-6.418476861114186e-17,1971-08,1968-08,0.3363809532334972,0.25760113664444706,-0.010949748999234593,0.014162913602550703
1971-09,-0.466336933192395,-0.015240961550870125,-0.028925303731376806,-0.0007012492370366143,-0.0003854270909079227,0.014771018508451243,-2.42861286636753e-17,1971-09,1968-09,-0.9806585030364922,0.024938678660811512,-0.006605674875800799,-0.008635286675069326
1971-10,-0.45852201998526254,0.007814913207132457,0.013685688583087056,-0.006810943635637789,-0.0011655675564130497,0.0021057358160961356,1.0408340855860843e-16,1971-10,1968-10,0.4316685592049178,0.2389257897215762,-0.011433364267560031,0.019248277474692266
1971-11,-0.43972984209865074,0.018792177886611805,0.01613170597226112,-0.004908924602748357,-0.001125799607610114,0.008695196124709103,5.551115123125783e-17,1971-11,1968-11,0.5104006247117528,0.17347570835199871,-0.007755233110872034,0.026547410997483728
1971-12,-0.41296196688787845,0.026767875210772285,0.022382600130340883,-0.011293141229081078,0.0009149798408840244,0.014763436468628556,-9.71445146547012e-17,1971-12,1968-12,0.7898249596271273,0.4021051103677303,-0.019357674571027272,0.04612554978179989
1972-01,-0.40942378801582907,0.00353817887204938,0.002550335762479202,0.0013880239880195509,-6.127609016215835e-05,-0.00033890478828721134,-3.469446951953614e-18,1972-01,1969-01,0.08338204912157227,-0.048560819478113436,-0.005975800265957537,0.009513979138006695
1972-02,-0.4004453389866586,0.008978449029170443,0.005901886139723317,0.0025073814950050026,3.388021265136605e-05,0.000535301181790771,-1.3877787807814457e-17,1972-02,1969-02,0.1994113128993421,-0.08781635857811453,0.0008201759124228103,0.008158273116747633
1972-03,-0.39490918225912863,0.005536156727529995,-0.00039507517923854284,0.0070273002077317305,0.0003968292125523939,-0.0014928975135157293,1.4311468676808659e-16,1972-03,1969-03,-0.006785123319425496,-0.24549385116055278,0.004086922680561628,0.0014492340469683118
1972-04,-0.3879580870744372,0.006951095184691447,0.0022625410954974653,0.005522553194700191,0.00018594035264751392,-0.0010199394581536815,-4.2500725161431774e-17,1972-04,1969-04,0.0780487839694621,-0.1930375428413469,0.0034833211650082407,0.0034677740196833173
1972-05,-0.4026004444434441,-0.01464235736900693,0.0021320831962787007,-0.01174753858064764,-0.0006639312060789335,-0.004362970778559011,-4.85722573273506e-17,1972-05,1969-05,0.061717934216082376,0.4088945375004193,-0.01744609496504565,0.002803737596038719
1972-06,-0.3808518409758228,0.021748603467621308,-3.371750261866863e-05,0.03760284184378715,0.0011219393325586954,-0.01694246020610585,-1.734723475976807e-17,1972-06,1969-06,0.00048163661354291436,-1.2876686331594378,0.02174587223176977,2.7312358515940716e-06
1972-07,-0.3697600628274431,0.011091778148379694,-0.0003930174482908959,0.02203696530816997,0.0004359282791274786,-0.010988097990626796,-6.418476861114186e-17,1972-07,1969-07,-0.020256801269724352,-0.7600077865663533,0.01102210926640071,6.966888197904031e-05
1972-08,-0.3560303101352576,0.013729752692185515,0.0103268898155797,-0.0003612589716116916,-0.00041880527765452243,0.004182927125871961,6.938893903907228e-17,1972-08,1969-08,0.3355560635550582,0.012716940707910643,-0.0008776892717639873,0.01460744196394928
1972-09,-0.38000300613796906,-0.023972696002711458,-0.020302055778156598,0.0023644015106512786,-0.00018982449501272878,-0.005845217240193411,3.469446951953614e-18,1972-09,1969-09,-0.7051487760346472,-0.08209673199885158,-0.014035749266022662,-0.009936946736688629
1972-10,-0.3788097343086973,0.0011932718292717581,0.0005043576456388451,0.0007411361079031025,-7.4221392225465106e-06,-4.479978504757688e-05,-6.591949208711867e-17,1972-10,1969-10,0.016190017779478424,-0.025938232310849643,0.0004674099048095348,0.0007258619244623343
1972-11,-0.3916579803740331,-0.0128482460653358,-0.023551477601238418,-0.0004462611471265812,0.0008070288696631431,0.01034246381336591,1.474514954580286e-16,1972-11,1969-11,-0.7631300827281408,0.01582872086501796,-0.0006552698030383997,-0.012192976262297733
1972-12,-0.3256526526101493,0.06600532776388379,0.0044941629600995115,0.09211464405791198,0.0025775460857670068,-0.03318102533989465,-5.551115123125783e-17,1972-12,1969-12,0.15802302852622185,-3.075819549397566,0.06000263325821828,0.006002694505665623
1973-01,-0.31881623123543684,0.006836421374712465,-0.00023363052364220783,0.008861888884680324,5.4088209721528136e-05,-0.0018459251960470668,-1.1188966420050406e-16,1973-01,1970-01,-0.014767326270201626,-0.30927774945840736,0.005910410794259996,0.0009260105804525798
1973-02,-0.4375301452686717,-0.11871391403323484,-0.03036890067991817,-0.06972312532224957,8.287287588665826e-05,-0.018704760906953832,8.326672684688674e-17,1973-02,1970-02,-0.986668171193798,2.379760872187335,-0.10183366135751473,-0.016880252675720214
1973-03,-0.438478072186769,-0.0009479269180973082,-0.006842244498255794,0.004615140679223284,0.0007269847902668421,0.0005521921106684403,-8.001412032943023e-17,1973-03,1970-03,-0.21244164373310845,-0.16163174411135248,0.0019760397284645237,-0.0029239666465615544
1973-04,-0.409550743689275,0.028927328497493965,0.002601232977752499,0.0407724222978955,0.0003684502891702445,-0.014814777067324262,-1.734723475976807e-17,1973-04,1970-04,0.06248374684690736,-1.402127388559478,0.02334487427464041,0.005582454222853334
1973-05,-0.2706419685313537,0.13890877515792133,-0.02769981935534235,0.25447503198103116,0.0031426479786700805,-0.0910090854464376,2.7755575615628914e-17,1973-05,1970-05,-1.2219203930656557,-7.764439682015996,0.15889226215146315,-0.01998348699354177
1973-06,-0.2801961642454864,-0.009554195714132685,-0.01115624265250554,-0.0026845883126057875,0.0002474430031211473,0.004039192247857531,-3.8163916471489756e-17,1973-06,1970-06,-0.36588986567831355,0.09464946161898344,-0.003928609918820963,-0.005625585795311722
1973-07,-0.2974041350581887,-0.01720797081270231,-4.4476804384062585e-05,-0.010618920419937228,-0.0005054986360636806,-0.006039074952317393,5.204170427930421e-17,1973-07,1970-07,-0.008478235828466994,0.36777553053735573,-0.022146789224794072,0.00493881841209165
1973-08,-0.32962037530089466,-0.032216240242705974,-0.03460898603235853,-0.006915549176438889,0.0011740377370371461,0.008134257229054311,-1.3877787807814457e-17,1973-08,1970-08,-1.1163336267815949,0.2451815930133867,-0.009651216219166203,-0.022565024023539715
1973-09,-0.3197584663454983,0.009861908955396348,-0.011881477478777294,0.030769255607565604,-0.0008822072359259162,-0.008143661937466037,-8.673617379884035e-18,1973-09,1970-09,-0.4700541799432423,-1.0634232644411803,0.01372299007225658,-0.003861081116860232
1973-10,-0.3448543660592007,-0.025095899713702408,-0.040849045670035784,0.0033502194141039306,0.000501406096444548,0.01190152044578488,1.3877787807814457e-17,1973-10,1970-10,-1.3515779994086168,-0.11935537637628041,0.0016205002801767399,-0.026716399993879147
1973-11,-0.33244473407587066,0.01240963198333006,0.014732625825223807,-0.016231958405520348,0.003502339739642852,0.010406624823983676,7.28583859910259e-17,1973-11,1970-11,0.626499666388954,0.5768480186811222,-0.03668207199639664,0.049091703979726536
1973-12,-0.22366059108873554,0.10878414298713512,-0.004175069228419065,0.11843293025816501,0.007472139019747522,-0.012945857062358268,-8.326672684688674e-17,1973-12,1970-12,-0.0030195236369381356,-4.049142240121701,0.0893098438659481,0.019474299121187158
1974-01,-0.18586170286734785,0.03779888822138769,0.013011442359357415,0.025194681314889382,0.0011509882869664815,-0.001558223739825575,-2.0816681711721685e-17,1974-01,1971-01,0.45916105590711465,-0.8784597888850049,0.020525097259563627,0.017273790961824062
1974-02,-0.15692531379413865,0.028936389073209196,0.006307060009536003,0.024796612169293696,0.0008013076122491677,-0.002968590717869697,2.42861286636753e-17,1974-02,1971-02,0.21965857774579334,-0.8603714816293057,0.020640668609040264,0.008295720464168932
1974-03,-0.06673081531538172,0.09019449847875693,0.04438094038353923,0.051157848467951614,-0.0014310553600322248,-0.003913235012701644,-2.7755575615628914e-17,1974-03,1971-03,1.436274074663054,-1.7594238019319492,0.042995549345826944,0.04719894913293009
1974-04,-0.13297889920561926,-0.06624808389023754,-0.05828010386675876,-0.013499567664666208,0.0017904335650288363,0.0037411540761586068,0.0,1974-04,1971-04,-1.8735621513998346,0.4812785514425623,-0.015595977179790797,-0.05065210671044678
1974-05,-0.12310491651276609,0.009873982692853167,-0.0029134591351367392,0.02634583642908675,-0.001000953984119108,-0.012557440616977751,1.5612511283791264e-17,1974-05,1971-05,-0.16656723647324387,-0.8770801257300821,0.012386562931449026,-0.0025125802385958587
1974-06,-0.11770784949029686,0.005397067022469226,-0.001762783375150541,0.007316388395440097,0.0004703298536914907,-0.0006268678515118208,0.0,1974-06,1971-06,-0.05122546849419127,-0.2554070434133031,0.006705269074245582,-0.001308202051776411
1974-07,-0.2103730850470963,-0.09266523555679942,-0.12375748635251888,0.003942503963075962,0.000817330144750288,0.026332416687893188,1.3877787807814457e-17,1974-07,1971-07,-3.860391770008822,-0.14875788819199384,0.0005476281568007405,-0.09321286371360024
1974-08,-0.24458320301170125,-0.034210117964604964,-0.028729525734477703,-0.009170631432433773,0.0009784965828497794,0.002711542619456712,2.0816681711721685e-17,1974-08,1971-08,-0.9298177246528763,0.32288417168483896,-0.012881581051269284,-0.02132853691333568
1974-09,-0.17280578312971404,0.07177741988198721,0.01640581112531185,0.05697615862311186,0.006393321663843575,-0.007997871530279997,-5.551115123125783e-17,1974-09,1971-09,0.7341644150515609,-1.956092930965527,0.03556023223693175,0.03621718764505549
1974-10,-0.2138936570845839,-0.041087873954869875,-0.02539356707130678,-0.013197547453878772,-0.00035378735077033226,-0.002142972078914031,3.469446951953614e-17,1974-10,1971-10,-0.8680810963641287,0.45935294118815484,-0.0214909058966143,-0.01959696805825563
1974-11,-0.2851445172025335,-0.07125086011794957,-0.050522823815908724,-0.028241958183963044,0.0009598453067067848,0.0065540765752154315,-1.3877787807814457e-17,1974-11,1971-11,-1.637315859037403,1.0014240322414618,-0.03613639089389187,-0.03511446922405778
1974-12,-0.23531424362823228,0.0498302735743012,0.07220170086707646,-0.021296052245139214,-0.005673786093938761,0.004598411046302727,-2.0816681711721685e-17,1974-12,1971-12,2.2643018080529984,0.7519523909524819,-0.03734669156095026,0.08717696513525149
1975-01,-0.20916673648042014,0.026147507147812138,0.010671075967406502,0.004484795025247536,-0.0002356050985937903,0.011227241253751881,1.0408340855860843e-17,1975-01,1972-01,0.341868833707128,-0.1609360776902472,-0.0003447472175121674,0.026492254365324444
1975-02,-0.2589414822865654,-0.04977474580614524,-0.0654560591371287,-0.008759379245627903,0.0021794349228177997,0.02226125765379351,4.163336342344337e-17,1975-02,1972-02,-2.0433921239403747,0.32105268340309745,-0.01075295451020912,-0.039021791295936234
1975-03,-0.18688380925802703,0.07205767302853835,0.056354368662518584,0.004807264975151623,-0.0007970665980463282,0.01169310598891451,-4.163336342344337e-17,1975-03,1972-03,1.8361796600222715,-0.17268303124865583,0.0036785577572177736,0.06837911527132072
1975-04,-0.15077965210803287,0.036104157149994154,0.0263357556828151,-0.003735147225058803,-7.88669737613869e-05,0.013582415665999261,-1.3877787807814457e-17,1975-04,1972-04,0.8609122421790393,0.13600292037029912,-0.004098566875520682,0.040202724025514835
1975-05,-0.1928435135018222,-0.042063861393789315,-0.0485317119101398,-0.0017437054706941088,0.0006998949852059845,0.0075116610018385955,1.3877787807814457e-17,1975-05,1972-05,-1.5904837793601516,0.06235962968330393,-0.002949701253837228,-0.03911416013995206
1975-06,-0.20828466978226778,-0.015441156280445595,-0.022282708199242524,0.0012939992756465842,0.00035141430496357027,0.005196138338186796,-2.2551405187698492e-17,1975-06,1972-06,-0.7378543168545443,-0.0458762619109238,0.0007859022330431037,-0.016227058513488782
1975-07,-0.2057731718154496,0.0025114979668181825,0.001957325644713424,-0.0006928537516400516,-0.00015101174992790078,0.0013980378236726453,6.591949208711867e-17,1975-07,1972-07,0.06192864749616635,0.024331760107195625,-0.0009742086589320659,0.0034857066257502206
1975-08,-0.2549362604469728,-0.049163088631523216,-0.056730428163811256,-0.004894048673143523,0.0020350202995591277,0.010426367905872484,-4.163336342344337e-17,1975-08,1972-08,-1.8145148286023964,0.17515694441450466,-0.0069643802080928685,-0.0421987084234304
1975-09,-0.254059171815671,0.0008770886313018145,0.0004898579490418423,0.007235807162596896,8.638687682396715e-05,-0.006934963357160946,5.4643789493269423e-17,1975-09,1972-09,0.012744794284433196,-0.24980344585995667,0.00034520577086943893,0.00053188286043232
1975-10,-0.2874716662368445,-0.0334124944211735,-0.049847276231913484,0.0023607060971310204,0.0007720946278561903,0.013301981085752835,-6.245004513516506e-17,1975-10,1972-10,-1.6312254617686486,-0.08464999660083626,0.000763630191272846,-0.034176124612446235
1975-11,-0.2666402785204614,0.0208313877163831,-0.008190652557916976,0.036544412165854835,0.00026983987134219075,-0.007792211762896981,3.122502256758253e-17,1975-11,1972-11,-0.309343701951859,-1.2610807410352871,0.02679348589181757,-0.005962098175434527
1975-12,-0.2667654236215039,-0.00012514510104250087,0.0026003069447275567,-0.0021929248840783164,-0.0003515180888850879,-0.00018100907280668208,2.8758462625178005e-17,1975-12,1972-12,0.0786799884380072,0.07672632533627213,-0.0035108643292892927,0.003385719228246792
1976-01,-0.32356358072172586,-0.05679815710022196,-0.08091902832721277,-0.0019351523526481174,0.002292822962485839,0.023763200617153063,2.7755575615628914e-17,1976-01,1973-01,-2.5665551811492504,0.07044194514844616,-0.002493312248172591,-0.05430484485204948
1976-02,-0.310328844442235,0.013234736279490844,0.0015920678879860126,0.01200707072807054,0.0006981937401982714,-0.0010625960767639408,-3.8163916471489756e-17,1976-02,1973-02,0.06637003869854746,-0.4195430398106523,0.008558506253478176,0.004676230026012723
1976-03,-0.3099879191398863,0.00034092530234869356,-0.0016439598617130472,0.0014278765129459923,0.0002000583312880126,0.0003569503198277311,4.7704895589362195e-18,1976-03,1973-03,-0.050491902285664726,-0.050004435573427444,0.001011334024669519,-0.00067040872232077
1976-04,-0.31469484495871675,-0.004706925818830421,-0.004723897276251042,-0.0031587654155468105,0.00025293596181228214,0.002922800911155195,-4.336808689942018e-17,1976-04,1973-04,-0.14836843825565815,0.11107403932250919,-0.004132461968971102,-0.0005744638498592636
1976-05,-0.30314895968003375,0.011545885278682999,-0.004998163676205757,0.01105638184768366,-0.00024600303946467085,0.005733670146669773,-6.938893903907228e-18,1976-05,1973-05,-0.1874406776207067,-0.39056484093888466,0.007509789151338875,0.004036096127344069
1976-06,-0.3032622865658779,-0.00011332688584414496,-0.0010355492073107783,0.0011993256927138385,0.000181348572546529,-0.0004584519437937614,2.7267684638010437e-17,1976-06,1973-06,-0.030255416524762338,-0.04194466475182255,0.00037049767863966965,-0.0004838245644838146
1976-07,-0.3134529173182107,-0.010190630752332785,-0.0032623306344961543,-0.0042348783317911224,0.00026536806201054306,-0.0029587898480560476,-3.469446951953614e-18,1976-07,1973-07,-0.09833227213943407,0.14750958888242618,-0.008265544474267278,-0.001925086278065452
1976-08,-0.3041843947187923,0.009268522599418405,0.0020036341054856287,0.013222848360347551,0.0002525741942578082,-0.006210534060672567,-1.734723475976807e-17,1976-08,1973-08,0.06456076307404557,-0.4581472707999913,0.006656978983891559,0.002611543615526901
1976-09,-0.30750670818704995,-0.003322313468257676,-0.009866224318907756,0.012892900856748879,-4.18755948452594e-05,-0.006307114411253552,1.214306433183765e-17,1976-09,1973-09,-0.35329079281157894,-0.44659893354876623,0.0023554252027835065,-0.005677738671041349
1976-10,-0.26307936404681953,0.04442734414023042,0.018491246419761742,0.03159269477015074,0.0006533987281572545,-0.006309995777839343,2.0816681711721685e-17,1976-10,1973-10,0.6275924519812658,-1.093528115752707,0.020806394006651574,0.023620950133578955
1976-11,-0.2819456323214807,-0.018866268274661147,0.0023472111161920925,-0.015011695747253185,0.00029548479635518735,-0.006497268439955228,-1.3877787807814457e-17,1976-11,1973-11,0.1057660958186559,0.519144226306912,-0.023359058974727342,0.004492790700066029
1976-12,-0.30942933243814896,-0.027483700116668286,-0.0396466543389049,-0.0010950429586153903,0.003441591172612869,0.009816406008239154,-1.3877787807814457e-17,1976-12,1973-12,-1.210502277650566,0.03896203170639569,-0.009339578003300153,-0.018144122113367966
1977-01,-0.32194688567565355,-0.012517553237504586,-0.011362812720737801,-0.006294991113503469,0.00014831951204127895,0.004991931084695372,3.2959746043559335e-17,1977-01,1974-01,-0.3725160644962654,0.22206628864365047,-0.012305342739470121,-0.00021221049803457626
1977-02,-0.3363065241339623,-0.014359638458308732,-0.013873686556259646,-0.002981760796547249,-1.6257841396178093e-05,0.0025120667358943445,-5.204170427930421e-18,1977-02,1974-02,-0.4679525130226352,0.10475986012768998,-0.005304944800992056,-0.00905469365731662
1977-03,-0.37140456721408716,-0.035098043080124874,-0.0011221174679257654,-0.024538563535618067,-0.0006120374293391197,-0.008825324647241893,-2.7755575615628914e-17,1977-03,1974-03,-0.03559106382324949,0.8481347019175184,-0.03451339348780291,-0.0005846495923220729
1977-04,-0.3371129943620202,0.034291572852066965,0.004613874043688347,0.043000415438001614,0.0010739983079593226,-0.014396714937582291,-2.7755575615628914e-17,1977-04,1974-04,0.15481867681789255,-1.4744759960101592,0.028215091198711267,0.006076481653355809
1977-05,-0.333751287728598,0.003361706633422168,-0.0015319793654099655,0.006938781013859368,-4.31063191592598e-05,-0.002001988695868003,2.8189256484623115e-17,1977-05,1974-05,-0.06052277274532107,-0.24213261954240192,0.003997523739851322,-0.0006358171064290985
1977-06,-0.33184929939824304,0.0019019883303549867,-0.0008641086664090543,-0.00027697214207042666,4.839709320229416e-05,0.0029946720456321477,2.5804011705155006e-17,1977-06,1974-06,-0.027363902416555386,0.009737640034917004,-0.00040928621639024776,0.0023112745467452345
1977-07,-0.2680974718583525,0.06375182753989056,0.0009262091178247964,0.09959718426645296,0.0022944446489412142,-0.03906601049332837,-5.551115123125783e-17,1977-07,1974-07,0.01358297213158115,-3.2613922513812126,0.0627582667329902,0.0009935608069003565
1977-08,-0.2456200453060082,0.022477426552344276,-0.00847024267208716,0.03790515566407385,0.00024058533445807137,-0.007198071774100441,-4.163336342344337e-17,1977-08,1974-08,-0.32132576376012606,-1.3081063801649637,0.02859323482522208,-0.006115808272877721
1977-09,-0.26217723445718916,-0.016557189151180957,0.0033546145172161507,0.006815002497748657,0.0005064874900633061,-0.02723329365620909,2.0816681711721685e-17,1977-09,1974-09,0.13144235427139578,-0.22574731925814284,-0.021574102192766287,0.005016913041585358
1977-10,-0.2770826945541663,-0.01490546009697713,-0.025613924256371857,0.0042936345074034475,0.0014581490010480759,0.004956680650943201,3.469446951953614e-18,1977-10,1974-10,-0.8185506949104782,-0.1516580337429214,0.0030538587595932143,-0.017959318856570344
1977-11,-0.2636381665383841,0.013444528015782164,-0.0006891574863133629,0.01869939670360842,0.0007703774212447574,-0.005336088622757667,1.734723475976807e-17,1977-11,1974-11,-0.01556831769394874,-0.6480223903971453,0.013592847975396255,-0.000148319959614146
1977-12,-0.3612615763767759,-0.0976234098383918,-0.005332313868124277,-0.06765125494216682,-0.0022636392480766304,-0.02237620178002408,0.0,1977-12,1974-12,-0.19963154842484637,2.2826399855898742,-0.0940259867183458,-0.003597423120045934
1978-01,-0.4326150747975315,-0.07135349842075556,-0.04893534450432621,-0.01799105771434274,0.0026267028808533185,-0.007053799082939935,1.3877787807814457e-17,1978-01,1975-01,-1.5721446378342334,0.6240880559563972,-0.04322284157779535,-0.028130656842960317
1978-02,-0.44216837879176135,-0.009553303994229878,-0.00482200734250054,0.051116056726755184,0.0025029898163658353,-0.058350343194850385,2.7755575615628914e-17,1978-02,1975-02,-0.13715393110439036,-1.6701676217827492,-0.0077215287408052835,-0.00183177525342465
1978-03,-0.5416421735530844,-0.09947379476132306,0.00015238225151358002,-0.06480082084957643,-0.002023064995472547,-0.032802291167787594,-8.326672684688674e-17,1978-03,1975-03,-0.0006762465257858823,2.192236286672689,-0.0996349543579472,0.00016115959662424406
1978-04,-0.5779646650333904,-0.036322491480305974,0.021729489390257564,-0.022940113161985607,0.0018160352054986141,-0.03692790291407662,7.632783294297951e-17,1978-04,1975-04,0.8506658739132491,0.7764223157699051,-0.07768071754352379,0.041358226063217485
1978-05,-0.4818874365635921,0.09607722846979827,0.051288299628346724,0.053119117497093186,0.0006473001164566928,-0.008977488772098233,-9.71445146547012e-17,1978-05,1975-05,1.7301293681342909,-1.8434342003643458,0.016873642004092776,0.07920358646570577
1978-06,-0.4667523341796072,0.01513510238398491,0.00032868304674591435,0.025277831177294756,0.0010184485531724052,-0.011489860393228128,-3.8163916471489756e-17,1978-06,1975-06,0.021521688880632897,-0.8740120133931478,0.012673198459572266,0.002461903924412534
1978-07,-0.4721501454685587,-0.005397811288951504,-0.005413860469028824,0.0012134981808117765,-1.4737224176673733e-05,-0.0011827117765578607,7.806255641895632e-17,1978-07,1975-07,-0.18613708437412624,-0.04241893456886738,-0.005934893715521722,0.0005370824265702179
1978-08,-0.4405691102672997,0.03158103520125899,-0.09278468072808929,0.13553615830056523,0.012594913169065405,-0.02376535554028241,5.551115123125783e-17,1978-08,1975-08,-2.9348139574746637,-4.620441932410568,0.0739757379474831,-0.04239470274622412
1978-09,-0.4402164710169164,0.0003526392503833131,-0.00029781353872168414,0.003041690501245395,3.983611156227982e-05,-0.0024310738237025916,-8.630249292984615e-17,1978-09,1975-09,-0.011767989035757294,-0.10616533003834162,0.00041416349053588486,-6.152424015246072e-05
1978-10,-0.42614489449637877,0.014071576520537643,-0.04790534760278753,0.06722273289877605,0.00636794161480098,-0.011613750390251977,1.231653667943533e-16,1978-10,1975-10,-1.4985965440112428,-2.3212684718432035,0.039585847869005625,-0.025514271348468093
1978-11,-0.44265734724214323,-0.01651245274576446,-0.05512901442744422,0.0075924885972223875,0.0030782726876657134,0.027945800396791717,-6.245004513516506e-17,1978-11,1975-11,-1.721437780034366,-0.2742707489429662,0.004635785576164675,-0.021148238321929247
1978-12,-0.432781788512672,0.009875558729471212,0.013487568795068275,-0.006760282703004758,-0.0011837696028654692,0.00433204224027324,-7.632783294297951e-17,1978-12,1975-12,0.4231390918817506,0.23778077689301666,-0.010594182727719864,0.020469741457191243
1979-01,-0.32606769998680923,0.10671408852586278,0.01306544474669742,0.15238592382247895,0.003092578273620718,-0.061829858316934404,1.1102230246251565e-16,1979-01,1976-01,0.43382421651020564,-4.906533420749459,0.08492017735733745,0.021793911168525387
1979-02,-0.33361075614928787,-0.007543056162478634,0.003781184545440267,-0.0029277823518822055,-0.00047171667768662693,-0.007924741678350026,-4.2500725161431774e-17,1979-02,1976-02,0.11684731134883267,0.10124138635543808,-0.012768303004948578,0.005225246842470055
1979-03,-0.3320652211593683,0.0015455349899195503,-0.002151984462728986,0.002905704156678237,-0.0002248042058605637,0.0010166195018308454,1.734723475976807e-17,1979-03,1976-03,-0.08357399731380985,-0.10185496124081873,0.0010429189976662034,0.0005026159922532358
1979-04,-0.3252264147711649,0.0068388063882034444,0.0028935174060065105,0.009799142005666102,-0.0005641905279871822,-0.005289662495481977,-6.938893903907228e-18,1979-04,1976-04,0.07029599330885557,-0.34021027272666626,0.0015658040940832452,0.005273002294120255
1979-05,-0.32718543092235636,-0.001959016151191484,-0.003928331584755731,0.016127127615400576,-0.0007684877563911005,-0.013389324425445253,2.42861286636753e-17,1979-05,1976-05,-0.17910196599984976,-0.5528695395156557,-0.0010735832178709603,-0.0008854329333206346
1979-06,-0.3471913760370573,-0.02000594511470094,-0.05130683584669434,0.002691080495832611,0.0008432377386433105,0.027766572497517544,-6.245004513516506e-17,1979-06,1976-06,-1.6491760835616378,-0.09805463036131853,0.0012796807961409085,-0.02128562591084185
1979-07,-0.34123375241411125,0.005957623622946051,0.0006969077117916407,0.008524989786196603,0.00015507798403156784,-0.0034193518590738235,6.245004513516506e-17,1979-07,1976-07,0.020805818558567467,-0.29689274008193367,0.004583737482215577,0.0013738861407305292
1979-08,-0.3222411160111845,0.018992636402926755,0.014355172988648923,-0.005472715878415907,-0.0013754802918565137,0.011485659584550304,-5.204170427930421e-17,1979-08,1976-08,0.4392512549754115,0.19486161301187413,-0.008198018096469334,0.027190654499396144
1979-09,-0.2783784525960001,0.04386266341518441,0.01649674076647882,0.025357014811389616,0.0007425033576657174,0.0012664044796501994,5.551115123125783e-17,1979-09,1976-09,0.5607754456019116,-0.8893670798272546,0.01662977173578037,0.027232891679403876
1979-10,-0.4111554240992753,-0.13277697150327522,-0.19324090406786518,-0.044828819259403574,0.0004259484492624648,0.10486680337473105,0.0,1979-10,1976-10,-5.5734092305076635,1.7962830834201269,-0.06439751714477274,-0.0683794543585022
1979-11,-0.42649113368146885,-0.015335709582193546,-0.010349434357179674,-0.008077707990139868,-2.5612495353126266e-05,0.003117045260479139,-1.5612511283791264e-17,1979-11,1976-11,-0.343902061045108,0.28377174854578774,-0.014059328379003172,-0.0012763812031903743
1979-12,-0.4263495662684634,0.00014156741300547226,-0.06437577608308905,0.07873945446288931,-0.00012803131125781704,-0.01409407965553696,-1.5612511283791264e-17,1979-12,1976-12,-2.3090015836352182,-2.7103496641533753,0.03734041142210115,-0.037198844009095844
1980-01,-0.3645797652979597,0.06176980097050366,0.04089429285631696,0.012116279336642135,-0.0003519434700525428,0.009111172247597166,-5.551115123125783e-17,1980-01,1977-01,1.352017914928994,-0.42895863411921087,0.004701731383325886,0.05706806958717789
1980-02,-0.06617053161443626,0.29840923368352346,0.21784290860753788,0.009240099429608808,-0.010301635678164238,0.08162786132454097,0.0,1980-02,1977-02,5.55683089145038,-0.3920144829746184,0.00368599303503922,0.2947232406484843
1980-03,-0.10779103826748815,-0.04162050665305189,-0.05431389141369625,-0.001715410779613977,0.0018458645390839554,0.012562931001174386,-6.938893903907228e-18,1980-03,1977-03,-1.657663447704597,0.0642818514135739,-0.0017025183905688343,-0.03991798826248311
1980-04,-0.043851620413089536,0.0639394178543986,0.059206299618395214,-0.010004220183726886,2.4134940749684702e-05,0.014713203478980596,0.0,1980-04,1977-04,1.822097260589181,0.38526422402664706,-0.010273846281804395,0.07421326413620302
1980-05,-0.1474402005185378,-0.10358858010544825,-0.12383379982503899,-0.00024329993455563095,0.0037717064132468314,0.016716813240899523,2.7755575615628914e-17,1980-05,1977-05,-3.745928293696586,0.009222719661859741,-0.00010155114901552048,-0.10348702895643272
1980-06,-0.18830220023789482,-0.04086199971935703,-0.05161521267461776,0.0008247108678988213,0.0006435582552860394,0.009284943832075869,0.0,1980-06,1977-06,-1.687462146862603,-0.029659867282603183,-0.00020812607921541493,-0.04065387364014161
1980-07,-0.15632217921610797,0.03198002102178685,0.02771707514943158,0.00013138046137176803,-0.0007284651741312577,0.004860030585114767,-6.938893903907228e-18,1980-07,1977-07,0.9052709766901899,-0.004663235564483775,0.00011103380299949672,0.03186898721878735
1980-08,-0.12285697251094141,0.03346520670516656,0.03185346843228535,-0.0005602675972342214,-0.0019901267776552614,0.004162132647770709,-1.3877787807814457e-17,1980-08,1977-08,1.001546212551877,0.019902170355098413,-0.002680871884211379,0.03614607858937791
1980-09,-0.12135873213331866,0.0014982403776227504,0.008433451843257665,-0.00611047464466249,-0.0008484728407350661,2.3736019762626968e-05,1.496198998029996e-17,1980-09,1977-09,0.2640150563003765,0.2138873988804662,-0.007490301796353391,0.008988542173976197
1980-10,-0.11479948002715025,0.006559252106168409,0.004185052285261921,0.0036030613156457503,-0.00014976120665848377,-0.0010791002880807853,6.938893903907228e-18,1980-10,1977-10,0.13442034777970466,-0.12553099775171517,0.0019125289581111704,0.004646723148057211
1980-11,-0.07066514392940784,0.04413433609774241,0.041646445460048885,-0.00038917140557377574,-0.001402279581689429,0.004279341624956755,-2.0816681711721685e-17,1980-11,1977-11,1.3380333998552283,0.01393685904349861,-0.0005764347019750274,0.044710770799717435
1980-12,-0.07180354966538498,-0.0011384057359771355,-0.0007858768146714668,-0.0007817008266518956,2.5250998347634655e-05,0.0004039209069986101,-1.7780915628762273e-17,1980-12,1977-12,-0.025051195554538268,0.02743709507241463,-0.0009945846720591789,-0.00014382106391790106
1981-01,-0.05294756659234476,0.01885598307304022,0.009480728185840196,0.009671319737362787,0.0007984917013836839,-0.0010945565515464621,1.0408340855860843e-17,1981-01,1978-01,0.3433585947958611,-0.335530407279701,0.008523522692098964,0.010332460380941193
1981-02,-0.08820207574817504,-0.03525450915583028,-0.03554069527926586,-0.0022963308772485855,0.0004994507013223834,0.002083066299361781,0.0,1981-02,1978-02,-1.1726472132108965,0.08155309846964705,-0.0030847624072489234,-0.03216974674858128
1981-03,-0.09852947293906018,-0.010327397190885143,-0.008582634016249063,-0.0025364123987201533,0.00013167597764793073,0.0006599732464360919,5.0306980803327406e-17,1981-03,1978-03,-0.28409392924328086,0.08908812798602606,-0.002885954610591643,-0.007441442580293556
1981-04,-0.098761862466212,-0.0002323895271518217,-0.0020820718874993774,0.001524716569247605,0.0006747401282572893,-0.00034977433715731836,-2.0220370516854658e-17,1981-04,1978-04,-0.04945826411060791,-0.053270470012236906,0.0006419432970446309,-0.0008743328241964804
1981-05,-0.1143097724461891,-0.015547909979977098,-0.012815070758439304,-0.0028328041282002447,0.000667168716560263,-0.0005672038098978099,-3.469446951953614e-18,1981-05,1978-05,-0.4117052635303472,0.09888415939678294,-0.004806008864892894,-0.010741901115084176
1981-06,-0.10596032522937635,0.008349447216812758,0.0055720265546053355,-0.0004888181980705728,5.704786313179843e-05,0.0032091909971461866,1.0408340855860843e-17,1981-06,1978-06,0.18922157395726483,0.017357983367349734,-0.00045836394325462354,0.00880781116006734
1981-07,-0.13389067502264693,-0.02793034979327058,-0.03297895129114196,0.0008343149926574178,0.0005027569001828201,0.00371152960503113,1.0408340855860843e-17,1981-07,1978-07,-1.0888255552122068,-0.029651971858198074,0.00039083453581251204,-0.028321184329083066
1981-08,-0.10542712148900142,0.028463553533645505,-0.0035054939004514948,0.03460819577572786,0.0023849159913710716,-0.005024064333001922,-3.469446951953614e-18,1981-08,1978-08,-0.07328008000662341,-1.1859322377138868,0.029879449635971493,-0.00141589610232596
1981-09,-0.12144634343539651,-0.016019221946395087,-0.026838958499230132,-0.0017073481484977573,0.001286483635707213,0.011240601065625614,-2.7755575615628914e-17,1981-09,1978-09,-0.8250895505719635,0.06270047712353866,-0.0016716830885085063,-0.014347538857886581
1981-10,-0.12470857682441808,-0.0032622333890215682,-0.00435167945568754,0.0014104552865581012,0.0006696415726602438,-0.0009906507925523922,1.8648277366750676e-17,1981-10,1978-10,-0.1271726165328645,-0.04916725438153406,-7.010488193994607e-05,-0.003192128507081664
1981-11,-0.15851601746413585,-0.03380744063971777,-0.052757252307437476,-0.0009135771947967656,0.005978335087898624,0.013885053774617859,-6.938893903907228e-18,1981-11,1978-11,-1.513534428411294,0.033530050899958974,-0.005609558977659419,-0.028197881662058312
1981-12,-0.15911900017622363,-0.0006029827120877795,-8.193426702629007e-05,-0.0006461859164463853,3.3521763361747525e-05,9.161570802312348e-05,2.482822974991805e-17,1981-12,1978-12,-0.0010188396594156643,0.022623030367725335,-0.0007629571226364235,0.00015997441054864392
1982-01,-0.20119858636536792,-0.042079586189144286,-0.054165625058402875,0.001494968101402144,0.0023809668149677044,0.008210103952888717,2.7755575615628914e-17,1982-01,1979-01,-1.7235130130456284,-0.05351235446556994,-4.923927975367115e-05,-0.04203034690939059
1982-02,-0.19288134881366875,0.008317237551699164,0.01062197439274272,-0.0036252623822114693,-4.541380317513958e-05,0.0013659393443430738,-2.0816681711721685e-17,1982-02,1979-02,0.36216166464267696,0.12732400961745816,-0.004559399292842242,0.012876636844541434
1982-03,-0.15623222255809305,0.036649126255575704,0.030777969311379355,0.0021355349101387015,-0.0009757873046316838,0.004711409338689336,0.0,1982-03,1979-03,0.9983512677274814,-0.07575366283710241,0.0015938560692253245,0.03505527018635038
1982-04,-0.1581693505778721,-0.0019371280197790497,-0.006526185250213894,0.00135662693456226,4.820861196138746e-05,0.0031842216839111774,2.0383000842727483e-17,1982-04,1979-04,-0.2195046042152443,-0.0479627548608685,0.0008570980517918214,-0.00279422607157101
1982-05,-0.1591266406970537,-0.0009572901191816086,0.001255170942117481,-0.0018804261496393145,0.00024795858843225686,-0.0005799935000920018,-3.003240017784847e-17,1982-05,1979-05,0.053073186768853906,0.06569461020022634,-0.003059984039420982,0.0021026939202394568
1982-06,-0.18133068789515416,-0.022204047198100457,-0.03861284368990535,0.00766566774910801,0.002429222749789963,0.006313905992906934,-1.3877787807814457e-17,1982-06,1979-06,-1.2157643570202792,-0.2732663574321083,0.006825888584151882,-0.02902993578225234
1982-07,-0.17682594880128638,0.004504739093867782,0.0025770972265241054,0.0008468785502741658,-0.00013948400129521886,0.0012202473183647153,1.474514954580286e-17,1982-07,1979-07,0.08184340272566207,-0.029741739081471177,0.0006728028131285924,0.003831936280739162
1982-08,-0.17457244703255884,0.002253501768727545,-0.001223791845426163,0.0027585780164728403,-0.0012301310195927287,0.0019488466172735551,4.119968255444917e-17,1982-08,1979-08,-0.08570551901418609,-0.0970856982884762,-0.001198381636171697,0.0034518834048991864
1982-09,-0.241867739964921,-0.06729529293236217,-0.09665500618241882,-0.001851797173590302,0.003012756010564457,0.02819875441308258,-8.326672684688674e-17,1982-09,1979-09,-2.972241665002153,0.0691355216001716,-0.0020673915676546195,-0.06522790136470744
1982-10,-0.2924797225289378,-0.05061198256401678,-0.1103866010336118,0.033926616066968375,0.007413626216197257,0.018434376186429322,5.551115123125783e-17,1982-10,1979-10,-3.4154449687153137,-1.228215588682171,0.026627256628327434,-0.07723923919234421
1982-11,-0.29623033539133664,-0.003750612862398861,-0.010886264690376238,0.0044283190744577325,0.00083181088925973,0.0018755218642599793,-6.418476861114186e-17,1982-11,1979-11,-0.3453323820202651,-0.15548492589999152,0.0033180058172952442,-0.00706861867969405
1982-12,-0.2917651009017032,0.0044652344896334295,-1.3641710071052758e-06,0.006928011262053249,0.0001857296378767279,-0.002647142239289461,1.9081958235744878e-17,1982-12,1979-12,-0.00046409925579460613,-0.24138881232664972,0.004470419618152532,-5.185128519158422e-06
1983-01,-0.30168272683449177,-0.009917625932788554,-0.00198548248724949,-0.007391245109337608,7.319208020495737e-05,-0.0006140904164064892,7.45931094670027e-17,1983-01,1980-01,-0.057944959787935506,0.25842588246445075,-0.009739278571533672,-0.00017834736125504902
1983-02,-0.37364170773903954,-0.07195898090454778,0.0021390352028705806,-0.04660608181707272,-0.0007815138118735971,-0.026710420478471955,-8.326672684688674e-17,1983-02,1980-02,0.09513374745750695,1.5665232703755656,-0.07538721723788702,0.0034282363333393573
1983-03,-0.3686978733581668,0.004943834380872758,-0.004327619674717709,0.03848073454243966,0.001924823797841926,-0.031134104284691176,6.245004513516506e-17,1983-03,1980-03,-0.12416168614897638,-1.2904538160536505,0.006629076018662222,-0.0016852416377894641
1983-04,-0.4265783713739541,-0.05788049801578732,-0.0013444538098154137,-0.035170985672726994,-0.0018531829796497926,-0.019511875553595178,5.551115123125783e-17,1983-04,1980-04,-0.07644727677824223,1.200746810794708,-0.05851696525301897,0.0006364672372317082
1983-05,-0.4040276279844507,0.022550743389503414,0.00029759909011450224,0.0473014795103824,0.0002442065449086636,-0.025292541755902103,-5.204170427930421e-17,1983-05,1980-05,-0.028388592188967488,-1.6052271707590775,0.020045599361364685,0.0025051440281387283
1983-06,-0.3871887435295042,0.016838884454946468,0.00036889212246945044,0.02464995628951218,0.0014496725127406775,-0.00962963646977586,2.0816681711721685e-17,1983-06,1980-06,0.038377759358523736,-0.8522525114529088,0.013070891852143246,0.0037679926028031108
1983-07,-0.41369488224737266,-0.026506138717868444,-0.004984673678260928,-0.018007406019931557,8.477318984428326e-05,-0.0035988322095201644,-7.632783294297951e-17,1983-07,1980-07,-0.14989616724279384,0.627426728329432,-0.025838888605086846,-0.0006672501127816532
1983-08,-0.45919773061162467,-0.045502848364252,-0.02023492663073011,-0.0205167293468451,-0.0007515233314282436,-0.0039996690552486875,1.3877787807814457e-16,1983-08,1980-08,-0.6973569003051827,0.714794480316481,-0.034603668788249775,-0.010899179576002227
1983-09,-0.47329461522948096,-0.014096884617856298,-0.005491273542195739,-0.007433055313285092,9.770533246408052e-05,-0.001270261094839442,-1.0581813203458523e-16,1983-09,1980-09,-0.1765447292713122,0.25980253796033015,-0.011503838479551276,-0.0025930461383048553
1983-10,-0.481319101657804,-0.008024486428323041,0.000866219109460699,-0.00589188783470795,-0.0003165526798694836,-0.0026822650232063124,6.938893903907228e-18,1983-10,1980-10,0.024500801720206453,0.20563664103564247,-0.009182089803901339,0.0011576033755782422
1983-11,-0.5487505067489081,-0.06743140509110412,-0.00454279922338992,-0.039820725838820556,-0.0015535593675881727,-0.021514320661305455,-2.7755575615628914e-17,1983-11,1980-11,-0.17225838949729372,1.3645885145418377,-0.06585355763278902,-0.001577847458315046
1983-12,-0.5480142616561909,0.0007362450927171915,-0.0024911298912111235,0.005455664504903609,7.902477832513171e-06,-0.002236191998807849,4.163336342344337e-17,1983-12,1980-12,-0.08998592670063078,-0.19055893571415605,0.0018759657599752289,-0.0011397206672580373
1984-01,-0.5536624998158716,-0.00564823815968063,-0.0008533891786537332,-0.003276059583978439,-6.113658359289048e-05,-0.0014576528134553999,-1.6740081543176188e-16,1984-01,1981-01,-0.027971182051283593,0.11451037274230799,-0.005359896147480947,-0.0002883420121996827
1984-02,-0.532888430042235,0.020774069773636605,-0.015511305823179243,0.03447003966118927,-0.0003262904514031693,0.002141626387029642,1.0408340855860843e-16,1984-02,1981-02,-0.5713024278103913,-1.2088294225191218,0.0157981512278369,0.004975918545799596
1984-03,-0.5338642824664696,-0.0009758524242345912,-0.004049948665141169,0.0012783074389636235,0.0007204774552284033,0.0010753113467144746,7.632783294297951e-17,1984-03,1981-03,-0.11442184932475727,-0.044785859995034885,-0.0034207306471055743,0.002444878222870983
1984-04,-0.5436356892182617,-0.009771406751792111,-0.0018947431761408276,-0.0025362499441398192,-6.985690842868356e-05,-0.005270556723082755,-2.42861286636753e-17,1984-04,1981-04,-0.0647001210145001,0.08833452967464099,-0.01060440423922665,0.0008329974874344281
1984-05,-0.5338373182154127,0.009798371002848971,-0.012224810129456282,0.014608401172359616,-0.0001741544083486234,0.007588934368294413,-1.5265566588595902e-16,1984-05,1981-05,-0.4330401241107051,-0.5148952755280455,0.006643713944738672,0.0031546570581104105
1984-06,-0.5442501330393733,-0.010412814823960614,-0.006063320978400366,-0.0008672628836029223,0.0007458205882210069,-0.004228051550178556,2.220446049250313e-16,1984-06,1981-06,-0.18080588103398856,0.03023515491206098,-0.009385128067012583,-0.001027686756948143
1984-07,-0.5263654141462295,0.017884718893143803,0.00474291641530212,0.030515018828223762,0.000403093456056683,-0.01777630980643868,-8.673617379884035e-17,1984-07,1981-07,0.14785342505784146,-1.0503021478863699,0.01090943269377137,0.0069752861993724324
1984-08,-0.5575632864682556,-0.031197872322026088,-0.06541151722978578,0.0010727974821806898,0.003900766123190651,0.029240081302388386,-3.469446951953614e-17,1984-08,1981-08,-2.0377109378744094,-0.03855928610093556,-0.010158972050686721,-0.021038900271339145
1984-09,-0.5533710295254565,0.004192256942799122,-0.00044967993200763977,0.05484269856893444,0.00205292363011145,-0.05225368532423916,2.7755575615628914e-17,1984-09,1981-09,0.0012935059258920377,-1.8294242345268725,0.003930517580156057,0.0002617393626430653
1984-10,-0.5424957967912993,0.010875232734157136,0.007112972947889371,0.0003785434982495203,-0.00015468182882759832,0.003538398116845819,2.42861286636753e-17,1984-10,1981-10,0.235643813928847,-0.013291802572584695,0.00013705585870948944,0.010738176875447647
1984-11,-0.578650701204575,-0.036154904413275624,0.0006125120973694122,0.0412566401995982,0.0008388416777672004,-0.07886289838801039,-5.551115123125783e-17,1984-11,1981-11,0.00992644859575907,-1.342681526551643,-0.045113360781563694,0.00895845636828796
1984-12,-0.5805145579990106,-0.001863856794435681,0.0006208987749620309,0.0008395329733406542,-0.0003302873883479135,-0.002994001154390509,5.659535340374333e-17,1984-12,1981-12,0.009096080698361318,-0.029307759390164098,-0.0046408948978273745,0.0027770381033914715
1985-01,-0.5349153251617077,0.04559923283730294,-0.0033046046215273674,0.09341877266498844,0.004315326447262398,-0.04883026165342057,4.163336342344337e-17,1985-01,1982-01,-0.058892493496760255,-3.1270475844716996,0.04166747432191964,0.003931758515383521
1985-02,-0.5200973333862897,0.014817991775417982,0.016014991601921106,-0.004189819755639334,-0.0010651265127114996,0.004057946441847777,-6.765421556309548e-17,1985-02,1982-02,0.510811699074581,0.14720775633030586,-0.011787621092245626,0.02660561286766372
1985-03,-0.587675797746113,-0.06757846435982329,-0.016576065336954635,-0.037953409576102236,-0.0010013264166304752,-0.012047663030135972,4.163336342344337e-17,1985-03,1982-03,-0.5673273549453545,1.3139146783108098,-0.061067124219908286,-0.006511340139915112
1985-04,-0.5909847956045902,-0.0033089978584771584,0.005147886064836781,-0.00420710699645412,-0.0009524077700515275,-0.00329736915680825,-4.163336342344337e-17,1985-04,1982-04,0.14726387564863763,0.14683680823707493,-0.013879749197089397,0.010570751338612239
1985-05,-0.5946259947631528,-0.003641199158562647,-0.00938355838222078,-0.0035445967486526465,0.00034623752811303475,0.008940718444197568,1.7694179454963432e-16,1985-05,1982-05,-0.30178096582879793,0.12499635736385788,-0.005698528888227694,0.002057329729664825
1985-06,-0.5459886642420921,0.04863733052106067,-0.008446390623806707,0.09560812625418891,0.005331031991739857,-0.04385543710106125,-1.3183898417423734e-16,1985-06,1982-06,-0.20658721747688005,-3.218021955601779,0.041612376856422995,0.007024953664637901
1985-07,-0.554422348623411,-0.008433684381318862,0.001417280055874615,-0.007560579666308537,-0.0005211236952366947,-0.0017692610756481941,-5.0306980803327406e-17,1985-07,1982-07,0.037905621173428446,0.26419482280885465,-0.012261539056240556,0.0038278546749219156
1985-08,-0.5972137554337984,-0.0427914068103874,-0.00890330113860737,-0.018373455562602652,0.0012695308852563882,-0.016784180994433812,4.163336342344337e-17,1985-08,1982-08,-0.2454237758884298,0.6336956100372572,-0.045960486833799,0.0031690800234114858
1985-09,-0.5581319568702074,0.03908179856359095,-0.00932634271449285,0.13751400568090674,0.006206476798806626,-0.09531234120162944,-1.249000902703301e-16,1985-09,1982-09,-0.259457327950524,-4.419672704217052,0.035869898606907924,0.0032118999566829176
1985-10,-0.42913038961098704,0.1290015672592204,0.00012084608013480583,0.26686743333462465,0.0070651945068579865,-0.14505190666239712,8.326672684688674e-17,1985-10,1982-10,-0.0170401118686477,-8.019864856651058,0.12874328393683293,0.0002582833223875314
1985-11,-0.4465389881276995,-0.017408598516712448,-0.06637680111220665,0.03188394472065598,0.0001582968977924403,0.01692596097704564,1.4224732503009818e-16,1985-11,1982-11,-2.2401472596807754,-1.1374918971437826,0.01767842807814904,-0.0350870265948616
1985-12,-0.4752830523473015,-0.028744064219602017,-0.054960568906634324,1.5935114228199747e-05,0.0015813754958324984,0.024619194076971627,-1.3877787807814457e-17,1985-12,1982-12,-1.7679550595719309,-0.0005726013646066527,3.172245193786005e-05,-0.028775786671539932
1986-01,-0.47619900990223707,-0.0009159575549355647,0.0007268284092570605,0.002970851951501691,2.4429344126373328e-05,-0.004638067259820629,-6.114900252818245e-17,1986-01,1983-01,0.022785833878823783,-0.10347297091764393,-0.0020937030935173073,0.0011777455385820756
1986-02,-0.5125023141887882,-0.03630330428655115,-0.053014193068360714,-0.005674465775344854,0.0020285105011100275,0.02035684405604441,-2.0816681711721685e-17,1986-02,1983-02,-1.6938468472149466,0.20269068856885156,-0.010844944655150346,-0.025458359631400918
1986-03,-0.5530063765421215,-0.04050406235333326,-0.1026036672161719,0.00918333061986826,0.0011654737902119644,0.05175080045275824,1.734723475976807e-16,1986-03,1983-03,-3.293265081869382,-0.3369623845200463,0.002839534988588077,-0.04334359734192156
1986-04,-0.559308345663442,-0.0063019691213205276,-0.011267163872248418,0.0021556120037939924,-0.00036191718739222274,0.003171499934526401,-2.8015784137025435e-16,1986-04,1983-04,-0.39667329430116843,-0.07566153236802942,-0.004317873066297606,-0.0019840960550226994
1986-05,-0.5704817223594831,-0.011173376696041126,-0.012594420943415912,-0.004565375426433472,0.0011280618770035699,0.004858357796804464,2.255140518769849e-16,1986-05,1983-05,-0.3840775055701791,0.16047522384689408,-0.012328538074877826,0.0011551613788367
1986-06,-0.5789135776123749,-0.008431855252891807,0.006716807583320046,-0.004122196062230856,0.00035191502877683715,-0.011378381802757843,8.673617379884035e-18,1986-06,1983-06,0.24696136907779528,0.14284863677610904,-0.01942655343264449,0.010994698179752682
1986-07,-0.5389803741369489,0.03993320347542606,0.03333719128735905,0.011574793393581485,-0.0017580824420424445,-0.003220698763471927,-1.0408340855860843e-16,1986-07,1983-07,1.066376736810979,-0.4039507374874806,-0.00973167798259883,0.049664881458025
1986-08,-0.5115288497038749,0.02745152443307397,-0.00036777324101860487,0.05622959056700507,0.0019743329715044664,-0.030384625864417,3.469446951953614e-17,1986-08,1983-08,7.506568203655369e-17,-1.9112031303988584,0.027060739795643662,0.0003907846374301971
1986-09,-0.5299678678767942,-0.018439018172919264,-0.04183559974380615,0.0031754633776388116,0.0019653574759109665,0.018255760717337054,5.551115123125783e-17,1986-09,1983-09,-1.335962894656956,-0.1130881432156403,0.0004054496124902829,-0.018844467785409547
1986-10,-0.5315223010445856,-0.0015544331677914691,-0.003556368918964076,0.00012186707572681686,4.627490485150708e-05,0.0018337937705943058,-2.2768245622195593e-17,1986-10,1983-10,-0.11935263579588716,-0.004272716277156609,-0.0003408403611366295,-0.0012135928066548396
1986-11,-0.5228114060715328,0.008710894973052885,-0.0036001195087940457,0.01659310366877951,0.0010770683949740153,-0.00535915758190653,-6.418476861114186e-17,1986-11,1983-11,-0.10250436446116928,-0.5778068438870122,0.008022784161560492,0.0006881108114923928
1986-12,-0.5176782591986071,0.0051331468729256535,-9.371576231069656e-05,0.01080751869476301,0.000362943435337149,-0.005943599494863855,4.597017211338539e-17,1986-12,1983-12,-0.001353779230911134,-0.37610252930974974,0.00515683972433173,-2.3692851406187376e-05
1987-01,-0.4847523044843464,0.032925954714260686,0.013006033092060422,2.763994694631608e-05,-0.0004610461884910102,0.02035332786374488,8.326672684688674e-17,1987-01,1984-01,0.4181821699002632,-0.000987045177994966,-7.768035234770321e-05,0.03300363506660833
1987-02,-0.41737260466907555,0.06737969981527087,0.035659073842406776,0.05064729670662011,-0.0,-0.018926670733755917,-1.1102230246251565e-16,1987-02,1984-02,1.1885339495554694,-1.735539247029145,0.013868427967725722,0.053511271847545366
1987-03,-0.3970296389218059,0.020342965747269626,0.00787943812952934,0.024637216740831715,0.0013647280536896811,-0.013538417176780983,-1.249000902703301e-16,1987-03,1984-03,0.2954332003739742,-0.8479777856621671,0.007914423879060994,0.012428541868208742
1987-04,-0.4172179591370895,-0.02018832021528355,-0.0689541703215118,0.018433540102148344,0.0004448811111122342,0.029887428892967496,1.7694179454963432e-16,1987-04,1984-04,-2.2631075823687077,-0.6688021668464227,0.008165511287944183,-0.0283538315032279
1987-05,-0.41240588598745787,0.004812073149631613,-0.03410033809549031,0.05277035616215647,5.606976070918961e-05,-0.013914014677743714,-2.42861286636753e-17,1987-05,1984-05,-1.2300370150918232,-1.8159979004352402,0.01543411424501917,-0.010622041095387669
1987-06,-0.39710923420901006,0.0152966517784478,-0.004767352077818057,0.02868526124667307,0.0016342495170660126,-0.010255506907473172,-5.377642775528102e-17,1987-06,1984-06,-0.1362042381251209,-0.9912700485000014,0.015845489876116947,-0.000548838097669202
1987-07,-0.40333965401774385,-0.006230419808733789,0.004372286477351582,-0.004713220683066415,-0.0007346510939250002,-0.005154834509093924,-3.2959746043559335e-17,1987-07,1984-07,0.12918960184470377,0.16390036638130648,-0.012164725937401921,0.0059343061286684096
1987-08,-0.2792337866772122,0.12410586734053164,0.049674967574764306,0.09383773375221272,0.001980431579518196,-0.021387265565963674,1.1102230246251565e-16,1987-08,1984-08,1.7183596669669834,-3.182090413977658,0.058214054963422635,0.0658918123771089
1987-09,-0.3547573320950028,-0.0755235454177906,-0.109586916930698,-0.00213805663039507,0.0028323738455140416,0.03336905429778848,-5.551115123125783e-17,1987-09,1984-09,-3.441150699262927,0.07873566087234572,-0.0029509295001960423,-0.07257261591759462
1987-10,-0.34144563827986235,0.013311693815140468,-0.05899768238161502,-0.01599405067754907,0.003304414398925961,0.08499901247537857,2.7755575615628914e-17,1987-10,1984-10,-1.6529074761170774,0.627298180171389,-0.021184719513858558,0.03449641332899869
1987-11,-0.15291068161088178,0.18853495666898057,0.15161532717470003,-0.005354045033566253,-0.00048236328966030353,0.042756037817507184,-5.551115123125783e-17,1987-11,1984-11,4.690714631325531,0.20403463923722617,-0.010301363700760457,0.19883632036974125
1987-12,-0.16127048842269515,-0.008359806811813364,-0.009570315135970167,0.00019110293656965526,5.7846189670892885e-05,0.0009615591979162648,-1.0408340855860843e-17,1987-12,1984-12,-0.3228828396704536,-0.006709071554810247,-0.000456550467802061,-0.007903256344011303
1988-01,-0.16957198701395787,-0.008301498591262724,-0.011510974682344013,0.0026871248035225193,-4.140433655294833e-05,0.0005637556241117331,-1.5612511283791264e-17,1988-01,1985-01,-0.395040002124896,-0.09420962094276648,0.0012276864210624683,-0.009529185012325164
1988-02,-0.1974101470904667,-0.027838160076508828,-0.011942357911690255,-0.014701375136132176,-0.0006649869537246013,-0.000529440074961768,-2.7755575615628914e-17,1988-02,1985-02,-0.4153052820631742,0.5138057185471067,-0.018795792121854324,-0.009042367954654532
1988-03,-0.1780218552558142,0.019388291834652488,0.007753958485713235,0.013632939253717577,0.0003255199454141474,-0.002324125850192576,1.0755285551056204e-16,1988-03,1985-03,0.26329176366954743,-0.47420009794040047,0.01019944872906274,0.00918884310558947
1988-04,-0.1954914598326543,-0.017469604576840103,-0.017599818477093215,-0.0025350715182041283,0.000688274866478775,0.0019770105519785193,-5.551115123125783e-17,1988-04,1985-04,-0.5699655470356596,0.08919700954918877,-0.004513537730384501,-0.012956066846455436
1988-05,-0.2089646205165901,-0.013473160683935781,-0.02664108998721297,0.010911936686187385,0.0021493738956019142,0.00010661872148785129,3.8163916471489756e-17,1988-05,1985-05,-0.8437850129346937,-0.3820184605236714,0.006519997535172101,-0.019993158219107937
1988-06,-0.2112879265138638,-0.002323305997273706,-0.009545895761893184,0.013079998452101246,-0.0008438046571690532,-0.00501360403031271,-3.903127820947816e-18,1988-06,1985-06,-0.3706241639654206,-0.45233881915789337,0.004058712536492051,-0.0063820185337658125
1988-07,-0.21876224485269527,-0.0074743183388314705,-0.005007333360417609,-0.002680304064425419,-1.2010063271660721e-05,0.00022532914928324944,-3.122502256758253e-17,1988-07,1985-07,-0.16810312675243988,0.09385979483132298,-0.0036467638107454264,-0.0038275545280858775
1988-08,-0.22687697671687485,-0.008114731864179575,-0.012032747666195285,0.002923324827708973,-1.0786936624066139e-05,0.0010054779109308339,-3.122502256758253e-17,1988-08,1985-08,-0.4117258223854448,-0.10254721063277134,0.001134666581008914,-0.009249398445188434
1988-09,-0.22556406773724327,0.0013129089796315718,-0.0025598783364433695,0.0037709037506661477,0.0005716695470615665,-0.00046978598165285245,7.958043946043603e-17,1988-09,1985-09,-0.07139453763232706,-0.131844590508996,0.0022116146791263808,-0.0008987056994948922
1988-10,-0.22989670837194734,-0.004332640634704066,-0.005655857367873963,0.00010370934897887505,5.398239038941363e-05,0.0011655249938015803,2.862293735361732e-17,1988-10,1985-10,-0.19023214716436873,-0.0036391156620932245,-0.00012741831520436675,-0.00420522231949981
1988-11,-0.20960260560263305,0.020294102769314287,-0.01194206104551157,0.03520384215277556,0.0024718879375646113,-0.0054395662755141955,-1.214306433183765e-16,1988-11,1985-11,-0.3608837062006265,-1.216895709529294,0.028680158481186796,-0.008386055711872342
1988-12,-0.17701664130528452,0.03258596429734853,0.003241744647418992,0.035175883367163055,0.0009674480661393136,-0.0067991117833728935,6.245004513516506e-17,1988-12,1985-12,0.11094469709561969,-1.2095433777753268,0.02869582658036679,0.0038901377169816564
1989-01,-0.1776395847457066,-0.0006229434404220746,-0.0006591043017330757,-0.0004958426228476684,-6.827698164670333e-05,0.0006002804658053903,-1.7564075194265172e-17,1989-01,1986-01,-0.024228022545591688,0.01738386531926785,-0.0006570012837252281,3.4057843303153534e-05
1989-02,-0.14067252235267472,0.03696706239303188,0.0030729481228994227,0.03924016912962169,0.0006874149698187775,-0.006033469829308002,-6.938893903907228e-18,1989-02,1986-02,0.09150454508540215,-1.3474399159044383,0.03353659408419242,0.0034304683088395987
1989-03,-0.06285931596696613,0.07781320638570859,-0.004689391630857777,0.09188667546924612,0.003853592397835414,-0.013237669850515162,-1.3877787807814457e-17,1989-03,1986-03,-0.12522391996236645,-3.012619119457953,0.08132614667897242,-0.0035129402932638255
1989-04,-0.05765576345852671,0.005203552508439423,-0.01217142546816025,0.01929467427791145,-0.00014611649962806134,-0.0017735798016837124,-2.6020852139652106e-18,1989-04,1986-04,-0.4443361974463212,-0.6653836902991181,0.016830468747011742,-0.011626916238572382
1989-05,-0.07618772574171996,-0.018531962283193253,-0.024697710953006827,0.004158972888408503,0.0015811904970042825,0.0004255852844007831,6.938893903907228e-18,1989-05,1986-05,-0.7881343585038484,-0.14602669625442896,0.003319339035232575,-0.02185130131842582
1989-06,-0.10288941949163179,-0.026701693749911826,-0.028957490874768305,-0.002427821510197277,0.00010238943848373844,0.00458122919657001,1.3877787807814457e-17,1989-06,1986-06,-0.9545672257715518,0.08713795928859362,-0.0031302042797787394,-0.023571489470133128
1989-07,-0.14807766386299098,-0.045188244371359196,-0.009392118778816086,-0.03127364511680653,-0.0006352273030592043,-0.0038872531726773575,-1.3877787807814457e-17,1989-07,1986-07,-0.31562976859219155,1.0775801246990753,-0.03763139984809054,-0.007556844523268658
1989-08,-0.13937315522910954,0.008704508633881447,0.005024438994638617,0.003185361725312546,-0.00030886750331550646,0.000803575417245805,-1.3877787807814457e-17,1989-08,1986-08,0.15692359212328502,-0.11179935067230934,0.0025642683859832816,0.00614024024789811
1989-09,-0.12229808604445526,0.017075069184654276,-0.000996679395056874,0.020316353109635824,0.00034180869590870136,-0.002586413225833396,2.0816681711721685e-17,1989-09,1986-09,-0.04245098714815991,-0.7040491831710373,0.01803356733253813,-0.0009584981478838392
1989-10,-0.11819177338866085,0.004106312655794406,0.004816712333915688,-0.0012993219638855948,3.564990053105097e-05,0.0005532723852332608,0.0,1989-10,1986-10,0.1659955495143185,0.04558089526368358,-0.001479321610237963,0.005585634266032355
1989-11,-0.09836376300430745,0.019828010384353403,0.010714832194233831,0.008754213606348343,0.00012586109479395595,0.0002331034889772818,-6.938893903907228e-18,1989-11,1986-11,0.359985712016818,-0.30672731899468103,0.008084066130349864,0.011743944254003637
1989-12,-0.09863059892115751,-0.00026683591685006114,-0.0014620148374055587,0.0014339855963189862,-6.673198204708406e-05,-0.00017207469371642123,1.6696713456276768e-17,1989-12,1986-12,-0.05346066690314769,-0.050145655297889995,0.0010337806119896653,-0.0013006165288397958
1990-01,-0.1167396932540099,-0.01810909433285239,-0.02607077376496614,0.005718747844966199,0.00209211267177253,0.0001508189153750298,-1.0408340855860843e-17,1990-01,1987-01,-0.8209252009072171,-0.20029633106789557,0.003845977277549921,-0.021955071610402326
1990-02,-0.15109763660759898,-0.03435794335358908,-0.017457598023874248,-0.015943907063052064,0.0004784747924554958,-0.0014349130591182362,-2.7755575615628914e-17,1990-02,1987-02,-0.5652750566402808,0.5550451469363908,-0.01987967842781952,-0.01447826492576957
1990-03,-0.14589848803337993,0.005199148574219048,0.0035114490021661156,0.0025960084693886104,0.00011941803720133151,-0.0010277269345370394,2.949029909160572e-17,1990-03,1987-03,0.1214452097742692,-0.0905459057940843,0.0011043592670798158,0.004094789307139343
1990-04,-0.13194016074068324,0.013958327292696693,-0.002068213257092753,0.02663635819956455,0.00037436487589227936,-0.010984182525667407,2.0816681711721685e-17,1990-04,1987-04,-0.08682519728801799,-0.8955455969866047,0.015558930849874794,-0.0016006035571782123
1990-05,-0.13219947137213522,-0.00025931063145198663,-0.0037590682601694814,0.008425010211407862,0.0015149744683610905,-0.0064402270510514155,-4.2500725161431774e-17,1990-05,1987-05,-0.0866128832271178,-0.28768983215767074,0.0017424641315211958,-0.0020017747629732102
1990-06,-0.12925925396860571,0.0029402174035295103,-0.015843841131053905,0.018906532940299033,-6.324126390195914e-05,-5.92331418136575e-05,-1.734723475976807e-18,1990-06,1987-06,-0.5597908071399206,-0.6615787395150746,0.016446334762761125,-0.013506117359231531
1990-07,-0.1324275324381355,-0.0031682784695297728,0.00020661188760884,-0.00265622765637973,-0.00012083345260261263,-0.0005978292481562846,1.474514954580286e-17,1990-07,1987-07,0.00551386118701191,0.09275557582920645,-0.0033993292874786446,0.00023105081794884408
1990-08,-0.2290325706493634,-0.0966050382112279,-0.05861164787871919,-0.04266307245401473,-0.00028967780380277457,0.0049593599253088365,-4.163336342344337e-17,1990-08,1987-08,-1.9359759112311827,1.5136164897180404,-0.05249001074888612,-0.04411502746234203
1990-09,-0.20597908747771498,0.023053483171648403,-0.01646027699659013,0.05596290467025456,-0.00047065749842395036,-0.015978487003592123,4.5102810375396984e-17,1990-09,1987-09,-0.6536147462833697,-1.8869918243380006,0.035673486213464084,-0.012620003041815708
1990-10,-0.17892646253735917,0.02705262494035582,0.011356872288529213,0.03851821638972437,0.001969597028075566,-0.02479206076597329,-4.163336342344337e-17,1990-10,1987-10,0.4425896270548311,-1.2620435642844963,0.013039523357812347,0.014013101582543555
1990-11,-0.5904677947511126,-0.4115413322137534,-0.024915411909255912,-0.2803476521162523,-0.004771452503144359,-0.10150681568510089,5.551115123125783e-17,1990-11,1987-11,-0.840741990974166,8.440357407854764,-0.40027609754565163,-0.011265234668102642
1990-12,-0.6007915205062687,-0.010323725755156166,-0.04048241358306619,0.012979372531622596,0.0027751718931397257,0.014404143403147765,-6.418476861114186e-17,1990-12,1987-12,-1.2800492640730186,-0.45976957549076225,0.005315139448673123,-0.01563886520382929
1991-01,-0.5854779169971984,0.015313603509070295,-0.0025553413800271613,0.03459443513795518,0.0017399678315811217,-0.018465458080438975,1.2836953722228372e-16,1991-01,1988-01,-0.06233382763507965,-1.1919661944078417,0.014287595456244417,0.0010260080528258775
1991-02,-0.5771588669255994,0.008319050071599055,-0.08771746632831139,0.037423956646239945,-0.0018790498412927543,0.06049160959496327,-2.0816681711721685e-17,1991-02,1988-02,-2.9250081979888,-1.3778305693855397,0.0030466911562520016,0.005272358915346942
1991-03,-0.5661113686232996,0.011047498302299785,0.016592540679428787,-0.011573022764929072,1.839652814258003e-05,0.006009583859657491,0.0,1991-03,1988-03,0.5734544753229339,0.40718501617276576,-0.018317641652594363,0.02936513995489415
1991-04,-0.5613878554502132,0.004723513173086391,-0.0021732576139669463,0.027532836588002166,0.001303085905183457,-0.021939151706132254,-3.469446951953614e-17,1991-04,1988-04,-0.05747455838059171,-0.9449069807083964,0.005538282397217764,-0.0008147692241314841
1991-05,-0.5429565911267508,0.018431264323462426,-0.0028274523484525956,0.05158440377686948,0.0007065517062274602,-0.03103223881118192,3.469446951953614e-18,1991-05,1988-05,-0.1257539630640456,-1.7547843028746393,0.01948406614920284,-0.0010528018257403016
1991-06,-0.5343240460521262,0.00863254507462452,-0.009956772617721602,0.025033206774392257,0.0023061952717302607,-0.008750084353776385,-1.0408340855860843e-17,1991-06,1988-06,-0.2869818809986078,-0.869046645575656,0.00828541103072128,0.00034713404390301905
1991-07,-0.5301396901519407,0.00418435590018551,-0.0001492040696820406,0.009736824313785534,0.00017720369329093038,-0.005580468037208829,-8.413408858487514e-17,1991-07,1988-07,-0.008558222496678994,-0.33900234593318135,0.004189803967412364,-5.448067226743181e-06
1991-08,-0.5156500039137891,0.014489686238151611,-0.01880907056804125,0.026256689398566384,0.0027287706145204585,0.004313296793105909,1.0755285551056204e-16,1991-08,1988-08,-0.5703420314013652,-0.9227745759369045,0.01314103768178737,0.0013486485563643513
1991-09,-0.4967557545721396,0.018894249341649516,0.014302970316526767,0.0047866893930624,7.263146410270079e-05,-0.0002680418320422867,-6.591949208711867e-17,1991-09,1988-09,0.4846443355426119,-0.1674897730930702,-0.003736976438378531,0.022631225780028214
1991-10,-0.48410467263907897,0.012651081933060637,0.0038503623332916577,0.013723384734750575,0.00023714888998287883,-0.005159814024964535,6.245004513516506e-17,1991-10,1988-10,0.12640817124929773,-0.4777919928421357,0.007094567772240962,0.005556514160819509
1991-11,-0.46502785162531407,0.0190768210137649,0.0037169197139774847,0.025564709427292994,0.0006087856688510884,-0.010813593796356647,-2.0816681711721685e-17,1991-11,1988-11,0.12373289414895902,-0.8845743095847128,0.013721907041382791,0.005354913972382219
1991-12,-0.46445542926283045,0.0005724223624836156,0.0044183133989149125,-0.007838535995010923,-0.0007472520393773604,0.004739896997956881,1.0581813203458523e-16,1991-12,1988-12,0.13186299300297366,0.27574776845603033,-0.014380325480803785,0.014952747843287456
1992-01,-0.449587491137528,0.01486793812530246,-0.0009262191766950262,-0.00316274144107043,0.0001673189292206143,0.018789579813847376,-7.28583859910259e-17,1992-01,1989-01,-0.022281205557141612,0.11297127792918028,-0.006218073939396218,0.021086012064698678
1992-02,-0.47130291805402363,-0.02171542691649564,-0.027531000349494187,-0.009932000455485528,0.000941402169177551,0.014806171719306494,3.469446951953614e-17,1992-02,1989-02,-0.8807460174481742,0.35320552740454336,-0.01459318587073799,-0.0071222410457575935
1992-03,-0.4772364225503366,-0.005933504496312969,-0.021271453812044393,0.012810215523063117,8.781092165825337e-06,0.0025189527005024,8.153200337090993e-17,1992-03,1989-03,-0.7340214581605905,-0.4495481789205688,0.004001765592887813,-0.009935270089200893
1992-04,-0.4703609651630396,0.0068754573872970015,0.00034703794480922003,0.011126628881793056,0.0004090066126700851,-0.005007216051975206,-1.5352302762394743e-16,1992-04,1989-04,0.01498773581523448,-0.3873743426484473,0.0059395569490350575,0.0009359004382621106
1992-05,-0.4551318160469609,0.0152291491160787,-0.0014715703555320586,0.03059739734023942,0.000496859664407922,-0.014393537533036651,6.591949208711867e-17,1992-05,1989-05,-0.0638926900028138,-1.0542620972580017,0.016076005142417416,-0.000846856026338827
1992-06,-0.4344027794841647,0.020729036562796177,0.008756440733349498,0.04987732052958374,0.0023838905193941692,-0.040288615219531206,-2.0816681711721685e-17,1992-06,1989-06,0.34551560817893046,-1.66688418441805,0.007038648248015256,0.01369038831478081
1992-07,-0.41957139407469685,0.014831385409467879,-0.015286564249528744,0.01759948923104632,-0.00016417552231125218,0.012682635950261595,-3.9898639947466563e-17,1992-07,1989-07,-0.5348023964843387,-0.6251306069821323,0.008186553909654753,0.006644831499813181
1992-08,-0.4441711153966492,-0.024599721321952372,5.801879644378805e-05,-0.01891780628989145,-0.00145773842482031,-0.004282195403684461,5.898059818321144e-17,1992-08,1989-08,-0.029382002808623665,0.6588402142616828,-0.030407630862548052,0.005807909540595624
1992-09,-0.4397987457457006,0.004372369650948615,0.002459891734838536,0.001943147220448956,-2.3283676126783444e-05,-7.385628212071966e-06,-2.0816681711721685e-17,1992-09,1989-09,0.08102386359881437,-0.0680095844862933,-0.0003010225308772152,0.004673392181825775
1992-10,-0.4543125866718612,-0.014513840926160593,-0.01822145592640566,-0.0029784699259233515,0.0005869728241624471,0.0060991121020060055,-3.122502256758253e-17,1992-10,1989-10,-0.5930936521035487,0.10495744478373531,-0.005724784302881952,-0.00878905662327853
1992-11,-0.4323190099509065,0.0219935767209547,0.0252062118199397,-0.010598036963768818,-0.002150181191113138,0.009535583055896819,1.3877787807814457e-16,1992-11,1989-11,0.7862993643899641,0.37492120435196213,-0.017248414712709048,0.03924199143366375
1992-12,-0.43691994305136517,-0.004600933100458671,-0.006739985122183784,0.00016036130428276007,4.114499665754746e-05,0.0019375457207850058,-1.9949319973733282e-16,1992-12,1989-12,-0.22759411475084781,-0.005625156105387425,-0.0018178447837085832,-0.00278308831674981
1993-01,-0.4039044271571166,0.03301551589424856,0.004591985369543846,0.05158110711868816,0.0014446115302855398,-0.024602188124269023,3.469446951953614e-17,1993-01,1990-01,0.15979756065063772,-1.752620741896297,0.025824713011776385,0.007190802882472008
1993-02,-0.3727915422050834,0.031112884952033182,-0.009015611536858564,0.04587962278639586,0.0030182460268982627,-0.008769372324402485,1.0755285551056204e-16,1993-02,1990-02,-0.2514883578805316,-1.5876669818976952,0.02856141116281191,0.0025514737892212147
1993-03,-0.3945748199933634,-0.021783277788279987,-0.009643932910797175,-0.012365837198555349,-0.00026731676765140476,0.0004938090887240407,-9.71445146547012e-17,1993-03,1990-03,-0.325026170984437,0.43308281129771875,-0.01853704592142183,-0.003246231866857935
1993-04,-0.39731652997627076,-0.0027417099829073477,-0.006650982895353549,0.01078432693874916,-0.00038990125197231926,-0.006485152774330684,4.380176776841438e-17,1993-04,1990-04,-0.2521182626332772,-0.3743604436735025,0.0002797326643296516,-0.0030214426472371103
1993-05,-0.4069985482289061,-0.009682018252635316,-0.0022320002671618283,-0.005904457337604708,0.0003811343864099848,-0.0019266950342787192,-4.5102810375396984e-17,1993-05,1990-05,-0.05737752784786238,0.20616096164067696,-0.010731864073887903,0.0010498458212524764
1993-06,-0.39521415679743643,0.011784391431469643,2.2864510486907994e-05,0.019909516508718476,0.0005696001084542443,-0.008717589696190006,2.0816681711721685e-17,1993-06,1990-06,0.000812512208084564,-0.6892627430709983,0.011748518579045047,3.587285242459548e-05
1993-07,-0.3897431749085179,0.005470981888918536,0.003075156983808111,0.0020093183414108527,-1.925320162145042e-05,0.0004057597653210085,1.474514954580286e-17,1993-07,1990-07,0.10197936830201143,-0.0703624950260184,0.0012332296934464138,0.0042377521954722885
1993-08,-0.2955519868214737,0.09419118808704419,-0.002343210720447658,0.1528316894558079,0.005394047440993767,-0.061691338089309815,0.0,1993-08,1990-08,-0.048724404188518707,-4.877050120997234,0.09532853568266386,-0.0011373475956194534
1993-09,-0.24228789298763395,0.05326409383383976,-0.0022555602590728524,0.06883444672967011,0.004027084504348117,-0.017341877141105633,1.3877787807814457e-17,1993-09,1990-09,-0.006854587267056507,-2.3318503061295197,0.04912610775545545,0.004137986078384559
1993-10,-0.2665920450378764,-0.024304152050242472,-0.0003839896176119097,-0.015246401836959597,-0.0008021875651613052,-0.007871573030509699,3.8163916471489756e-17,1993-10,1990-10,-0.02593534538951847,0.5253656113402124,-0.024171820108043612,-0.00013233194219910982
1993-11,-0.26671789172872207,-0.00012584669084564348,-0.039669460286377065,0.02090985876723989,0.00341194385770522,0.015221810970586286,2.6020852139652106e-17,1993-11,1990-11,-1.2183266224920837,-0.7527163571339942,0.01508155455754931,-0.015207401248394786
1993-12,-0.23467126674764718,0.032046624981074884,-0.0032998169336919364,0.043295628205265814,0.002101614094856952,-0.010050800385355949,0.0,1993-12,1990-12,-0.08452347250157373,-1.4850214374668667,0.03354150255300724,-0.0014948775719322988
1994-01,-0.22731275949623245,0.0073585072514147365,0.0012442745562292626,0.008365862782638076,0.00011747533665130735,-0.0023691054241038612,-4.85722573273506e-17,1994-01,1991-01,0.03839973745137424,-0.2913038219009791,0.005918134704361339,0.0014403725470534534
1994-02,-0.19653029440074488,0.03078246509548757,-0.028379696264567496,0.12850774834429693,0.010655489477713729,-0.08000107646195558,-2.7755575615628914e-17,1994-02,1991-02,-0.8592913765110485,-3.687009124991714,0.04804006832813523,-0.017257603232647217
1994-03,-0.3366051252542919,-0.14007483085354705,-0.11048963911871752,-0.051983780086645316,0.0025209664328855468,0.019877621918930274,-2.7755575615628914e-17,1994-03,1991-03,-3.489776529914987,1.8865263915954884,-0.06741774997578243,-0.07265708087776457
1994-04,-0.43444594672281983,-0.0978408214685279,-0.16450162688806458,0.0025004607027213806,0.006353858671639451,0.057806486045175735,8.326672684688674e-17,1994-04,1991-04,-4.986145895406312,-0.09398089781511848,-0.0007082813988721071,-0.09713254006965596
1994-05,-0.4215048675679797,0.012941079154840107,0.0055274990497648805,0.003587319568958611,-0.0004156233986730524,0.004241883934789729,-6.245004513516506e-17,1994-05,1991-05,0.16961330548253065,-0.1261784421535093,0.0015447743773489564,0.011396304777491095
1994-06,-0.4218688751629595,-0.0003640075949797872,-0.0013345782511169507,0.006363183267764562,0.0004128677153928814,-0.005805480327020281,8.673617379884035e-19,1994-06,1991-06,-0.037808659928960424,-0.22117841749254363,0.00032774297034343647,-0.0006917505653231126
1994-07,-0.4328077063176452,-0.010938831154685691,-0.0201338015450154,-1.555084391874818e-05,0.0005085288726322622,0.008701992361616078,1.1622647289044608e-16,1994-07,1991-07,-0.6609917115387988,0.0005498198886793093,-7.881620832120295e-05,-0.010860014946364599
1994-08,-0.4028856006842599,0.02992210563338532,-0.005210294790789255,0.04479609453734844,-0.000232867303896098,-0.00943082680927765,-1.1102230246251565e-16,1994-08,1991-08,-0.23135078061920974,-1.5501793116721188,0.025504348786079406,0.004417756847306081
1994-09,-0.4216509079520983,-0.018765307267838427,0.0011601669923864257,-0.01654194702542076,-0.0009957723073494777,-0.002387754927454713,9.71445146547012e-17,1994-09,1991-09,0.021739210169477368,0.5772914298735428,-0.025436904425816198,0.0066715971579776046
1994-10,-0.4401022006353918,-0.018451292683293485,-0.023514663469972018,-0.0046233471331541065,0.00046807655833410166,0.00921864136149863,-9.367506770274758e-17,1994-10,1991-10,-0.7713908930428438,0.16354760147486444,-0.007037707707445745,-0.011413584975847518
1994-11,-0.4569518801131512,-0.016849679477759394,-0.016072893697516643,-0.005738154884287339,0.00023384627846549075,0.0047275228255789555,1.457167719820518e-16,1994-11,1991-11,-0.5305781927953955,0.2018937001912267,-0.008635079018293385,-0.00821460045946612
1994-12,-0.437360338694313,0.019591541418838176,0.019465453219918577,0.004246613337956495,0.0006514073396253574,-0.004771932478662231,-2.42861286636753e-17,1994-12,1991-12,0.6840334244338351,-0.14783850410406335,-0.00903053439912696,0.028622075817964915
1995-01,-0.5091884607289743,-0.07182812203466127,-0.006605592856940152,0.040101301581368584,0.0003076286771902563,-0.10563145943627988,-8.326672684688674e-17,1995-01,1992-01,-0.2814479427203253,-1.2475341950341152,-0.07432596199025998,0.00249783995559949
1995-02,-0.5325688757389991,-0.023380415010024858,-0.08757007980170467,0.027204207733122956,0.006178875345100167,0.030806581713456623,6.591949208711867e-17,1995-02,1992-02,-2.71345424094303,-0.9802607492991902,0.012517235941816779,-0.03589765095184186
1995-03,-0.5379770814047441,-0.005408205665744958,-0.040260015345438084,0.026072595436950452,0.0036542922560718876,0.005124921986670807,-2.0816681711721685e-17,1995-03,1992-03,-1.2648757101098582,-0.9169091537939322,0.012345860440097223,-0.01775406610584196
1995-04,-0.5449580591732567,-0.006980977768512586,-0.024394364122896195,-0.002002196791235405,0.0005032318692773252,0.01891235127634166,3.122502256758253e-17,1995-04,1992-04,-0.7968579135644419,0.07130019804314121,-0.0034146268019650816,-0.0035663509665477267
1995-05,-0.576055384277077,-0.03109732510382035,-0.07587748860024998,0.006890420135292296,0.0008822777167728452,0.037007465644364614,-1.3183898417423734e-16,1995-05,1992-05,-2.474321676155008,-0.2491102527636978,0.0013706725381978369,-0.032467997642017965
1995-06,-0.6360448162087581,-0.05998943193168105,-0.06930492248802265,-0.01679003807145165,0.002860954957295517,0.023244573670497547,1.8041124150158794e-16,1995-06,1992-06,-2.2016281943798606,0.5989059826942666,-0.034972710273170116,-0.025016721658511043
1995-07,-0.591708886399978,0.044335929808780095,0.02408599425368318,0.02356117179001427,-0.0016377856273330754,-0.001673450607584178,-1.0408340855860843e-16,1995-07,1992-07,0.7419658447082222,-0.8235170693709789,-0.0005815084910454349,0.04491743829982531
1995-08,-0.6023975697452583,-0.010688683345280281,-0.008523119143919835,-0.002023769281271601,0.00037253657730238144,-0.0005143314973912323,6.938893903907228e-18,1995-08,1992-08,-0.2754972717751672,0.07080141565206069,-0.010018234942149429,-0.0006704484031309632
1995-09,-0.6335676152461021,-0.03117004550084379,-0.050998296363236925,-0.00756516512768349,0.0007426570712587963,0.026650758918817935,-1.1102230246251565e-16,1995-09,1992-09,-1.6660541347193214,0.27048442291652125,-0.01344418100209821,-0.01772586449874536
1995-10,-0.6208882665310955,0.012679348715006533,0.0024077173082416516,0.02720247010330611,0.0012724814566434269,-0.018203320153184748,9.367506770274758e-17,1995-10,1992-10,0.10021504872351365,-0.9382757266679961,0.00666818210795167,0.006011166607054641
1995-11,-0.6755520232361353,-0.05466375670503976,-0.007418763603653595,-0.031109743187379524,-0.00029289316169942996,-0.015842356752307055,-1.5265566588595902e-16,1995-11,1992-11,-0.2350030280275076,1.075530622674066,-0.05319555323851416,-0.0014682034665254862
1995-12,-0.6873674627060994,-0.011815439469964106,-0.02913424500961567,0.010501384515385476,2.7128602504606077e-05,0.006790292421761219,2.6020852139652106e-16,1995-12,1992-12,-0.9956750512541235,-0.36937952129109997,-0.005274615165339835,-0.006540824304624382
1996-01,-0.6986056505707937,-0.011238187864694327,0.0021637645903143077,-0.01015157277265836,-4.3099055915753485e-06,-0.00324606977675867,-2.949029909160572e-17,1996-01,1993-01,0.08354624678045722,0.3544728804298595,-0.01741860097015213,0.006180413105457694
1996-02,-0.5826261646168162,0.11597948595397756,0.0577516147426922,0.010822812367980083,-0.003824089341264839,0.051229148184570354,-2.498001805406602e-16,1996-02,1993-02,1.751411849515203,-0.39397515032310954,-0.006432443627839901,0.12241192958181746
1996-03,-0.5880123272366945,-0.005386162619878343,-0.04444983073715138,0.013837146977177094,0.002997028121992913,0.022229493018102935,9.367506770274758e-17,1996-03,1993-03,-1.396971022141409,-0.4934925024229333,0.0025262425616384143,-0.00791240518151698
1996-04,-0.6137593888878795,-0.02574706165118501,-0.014968280124052323,-0.002866961501711209,-0.0006545254011355949,-0.007257294624285913,3.122502256758253e-17,1996-04,1993-04,-0.5320157938936523,0.0997376380295838,-0.020645683851026553,-0.0051013778001582355
1996-05,-0.5908240950374481,0.02293529385043136,0.013966419004155711,0.0019175331952796023,-0.00044366368135820685,0.00749500533235422,3.122502256758253e-17,1996-05,1993-05,0.4554333346216738,-0.06753128118967212,0.0006415473962324558,0.022293746454198682
1996-06,-0.5935675325592001,-0.00274343752175199,-0.0005533186339660102,-0.0028676797119980384,-0.00017473488591590036,0.0008522957101280532,-9.454242944073599e-17,1996-06,1993-06,-0.021970200197055343,0.1004410157785084,-0.004946536355231346,0.0022030988334794666
1996-07,-0.5435765954570587,0.04999093710214142,0.01874108232366611,-0.01331189150442846,0.0006319605789586904,0.04392978570394496,1.249000902703301e-16,1996-07,1993-07,0.6461915542418866,0.483919035110376,-0.020462996746147044,0.07045393384828824
1996-08,-0.5543266996008259,-0.010750104143767203,-0.026355012350557414,0.004522654838453756,0.00020338168363011263,0.010878871684706422,-7.979727989493313e-17,1996-08,1993-08,-0.8854194271496123,-0.15986110148368693,0.0008771033821105556,-0.011627207525877759
1996-09,-0.55821705130097,-0.003890351700144068,0.006693445298961602,0.0012629040155754322,-0.0005289448706627611,-0.011317756144018459,1.1709383462843448e-16,1996-09,1993-09,0.21065769597170272,-0.04375201380653209,-0.014227984032307017,0.010337632332162727
1996-10,-0.5812367047179996,-0.023019653417029606,-0.05260644803040246,-0.00025624224729494527,0.0011847306329800255,0.02865830622768777,3.469446951953614e-18,1996-10,1993-10,-1.7055657537627962,0.009193787400872355,-0.0009681995000538346,-0.02205145391697555
1996-11,-0.6007409689972968,-0.01950426427929719,-0.0700967656143363,0.025914625929434065,0.005311694150926324,0.01936618125467877,-5.898059818321144e-17,1996-11,1993-11,-2.1931740219575686,-0.9218648975523195,0.006874786630056029,-0.026379050909353663
1996-12,-0.6008051358801849,-6.416688288812811e-05,-0.001476787121191918,0.0012162761749992417,-2.2404606959308664e-05,0.00021874867026392406,-6.7166324585477e-17,1996-12,1993-12,-0.05218715098424985,-0.042577416187514976,0.0002565452417219727,-0.0003207121246097677
1997-01,-0.5643613787409237,0.03644375713926118,0.023365691758566697,0.0003548780966129965,-0.0006488300450401029,0.013372017329121454,1.3877787807814457e-16,1997-01,1994-01,0.7637898720500058,-0.012563312163871234,0.00010573291744792046,0.03633802422181304
1997-02,-0.5647366641602252,-0.0003752854193014299,-0.02561902104121123,0.01638516094549865,0.002355461999074314,0.006503112677336951,-1.1535911115245767e-16,1997-02,1994-02,-0.802886335615168,-0.5767835157379496,0.007590529104277932,-0.007965814523579473
1997-03,-0.5448512839777027,0.019885380182522505,-0.03076270647137926,0.07987848915032898,0.0002739530395901091,-0.029504355536017355,2.42861286636753e-17,1997-03,1994-03,-1.1447407221141745,-2.7214949462311653,0.033943554020324895,-0.01405817383780228
1997-04,-0.48976492729642473,0.055086356681277926,-0.05374858100423693,0.1324761241680128,-2.5777346878940747e-05,-0.02361540913561893,-6.245004513516506e-17,1997-04,1994-04,-2.0032468098855936,-4.531014285482325,0.06406104404384327,-0.008974687362565292
1997-05,-0.47988169884748816,0.009883228448936576,-0.06881947773576445,0.007277525795106351,0.004565183660137215,0.06685999672945736,1.0408340855860843e-16,1997-05,1994-05,-2.042865383209052,-0.2722060536291375,0.0021139884572394796,0.007769239991696819
1997-06,-0.4990498448057866,-0.019168145958298466,-0.03318130752304724,-0.00266407156316865,0.000778300693344902,0.015898932434572532,-1.734723475976807e-17,1997-06,1994-06,-1.0821572107820907,0.09475598624343323,-0.00416699789007155,-0.015001148068227027
1997-07,-0.5047425091330044,-0.005692664327217822,-0.04291559704858676,0.02592330361749075,0.003774131945242564,0.007525497158635639,-1.8214596497756474e-17,1997-07,1994-07,-1.3469270225892644,-0.914117160012341,0.0136466124768988,-0.019339276804116623
1997-08,-0.5084183434413226,-0.0036758343083181932,-0.009510136287521604,0.001153634680826151,0.0004857621758612252,0.004194905122515972,6.245004513516506e-17,1997-08,1994-08,-0.30692494757035826,-0.04054438682322864,0.0003235753738017877,-0.003999409682119981
1997-09,-0.49854402989719204,0.009874313544130597,0.0028497897774422904,0.0152080772396064,0.00014800895422103895,-0.008331562427138985,-1.491862189340054e-16,1997-09,1994-09,0.08794436808939449,-0.5278792783124644,0.005743119107935957,0.00413119443619453
1997-10,-0.4723489739867759,0.026195055910416154,0.0036225923988456566,0.03880213034976824,0.00125675144806118,-0.017486418286258923,0.0,1997-10,1994-10,0.13061799304193683,-1.3336345389097972,0.019805419225186277,0.0063896366852301545
1997-11,-0.4258174939849247,0.0465314800018512,0.016695923983173336,0.03349086922508545,-0.00038734428576674384,-0.0032679689206409775,1.3183898417423734e-16,1997-11,1994-11,0.5242844643014525,-1.1679163172248015,0.018535292354696226,0.02799618764715492
1997-12,-0.4523434125142358,-0.026525918529311132,-0.0002532833440790182,-0.014600636419554783,-0.00039787408143189583,-0.011274124684245308,-1.249000902703301e-16,1997-12,1994-12,-0.008064623461682663,0.5044601355567725,-0.026441057050849426,-8.486147846181735e-05
1998-01,-0.4222064139662287,0.03013699854800711,0.021827556840389957,-0.00017312678552346185,-0.0007237404058594254,0.009206308899000043,0.0,1998-01,1995-01,0.7107210722195079,0.0061232407361928,-0.0003683831744426269,0.03050538172245007
1998-02,-0.37989019594675516,0.04231621801947355,0.01842772317973168,0.018695330260004348,-0.0011745741957290149,0.006367738775466549,-1.3877787807814457e-17,1998-02,1995-02,0.5643921923525528,-0.6595331000131319,0.009677354539810834,0.032638863479662494
1998-03,-0.3567511409174058,0.023139055029349376,0.018878100740180242,0.0024226387306891155,-0.0012738575888835194,0.0031121731473634983,3.8163916471489756e-17,1998-03,1995-03,0.5941567873869856,-0.08515062871986481,-0.0030002144953775456,0.026139269524727143
1998-04,-0.3520852460998187,0.004665894817587057,0.0015769430886526808,0.003753009327415936,-3.247418467421881e-05,-0.0006315834138073837,4.336808689942018e-17,1998-04,1995-04,0.04894966131629386,-0.1312382877541636,0.002369681151061398,0.002296213666525493
1998-05,-0.3506787733450139,0.0014064727548048217,-0.006269453357086022,0.017790475023632367,0.002106495688093782,-0.01222104459983525,-5.551115123125783e-17,1998-05,1995-05,-0.16171574108426,-0.6118421213773273,0.0019764048117948407,-0.0005699320569899635
1998-06,-0.3338956552453543,0.0167831180996596,0.01353849660321818,0.019036162618649384,0.0013283008863070782,-0.017119842008515074,2.7755575615628914e-17,1998-06,1995-06,0.4995499628394042,-0.6496242995651137,-0.0018861805206661086,0.018669298620325597
1998-07,-0.3448575430290729,-0.010961887783718594,-0.002481205929492899,-0.008814851138271153,0.00019777347383313147,0.00013639581021236778,-3.8163916471489756e-17,1998-07,1995-07,-0.06911624631780115,0.30858178684892434,-0.012024096190231898,0.0010622084065133597
1998-08,-0.2504932386243375,0.09436430440473542,0.04371626603569207,0.01967336606707835,-0.0033470925430490036,0.034321764845013966,4.163336342344337e-17,1998-08,1995-08,1.2759978789962634,-0.7284970247756734,0.011610399723445575,0.0827539046812899
1998-09,-0.065982470552491,0.18451076807184646,0.1497512095748981,0.01879172231594799,-0.002489947669583242,0.01845778385058371,-1.1102230246251565e-16,1998-09,1995-09,4.692012845331787,-0.6973215856373594,0.015327246348692605,0.1691835217231546
1998-10,-0.06447114365123041,0.0015113269012605873,0.004965453284168168,-0.004351605841281858,5.092707283605217e-05,0.0008465523855381716,5.377642775528102e-17,1998-10,1995-10,0.17379181293051124,0.15329459748772298,-0.004689349580616484,0.006200676481877044
1998-11,0.05197823922118019,0.1164493828724106,0.11842000293331172,0.0014132940801559908,-0.0037076163860328072,0.00032370224497572654,-1.3877787807814457e-17,1998-11,1995-11,3.651987311649991,-0.052635078709732684,0.0011862718983770386,0.11526311097403394
1998-12,0.05014458368783245,-0.0018336555333477375,-0.010869558593444482,0.008990963561160853,-2.808163792066377e-05,7.302113685654672e-05,8.673617379884035e-18,1998-12,1995-12,-0.3798350914209216,-0.31445871855566154,0.009605727104410995,-0.011439382637758747
1999-01,0.057527373633227345,0.007382789945394895,0.010454750474734358,-0.002054003135555564,-0.0006223876021266061,-0.000395569791657299,5.204170427930421e-18,1999-01,1996-01,0.33533422775421734,0.07215415261159817,-0.0020132680846977474,0.009396058030092636
1999-02,0.009564184908227722,-0.04796318872499962,-0.02433392580124371,-0.024099585626559256,0.0006974994625493201,-0.00022717675974597807,0.0,1999-02,1996-02,-0.7782144454589502,0.8463485127444789,-0.02359603608525558,-0.024367152639744143
1999-03,0.05897603318426942,0.0494118482760417,0.008029881684495229,0.03879127954338487,0.0007168202099714262,0.0018738668381901664,6.938893903907228e-18,1999-03,1996-03,0.2671632435335172,-1.3198439726790392,0.04243404097110584,0.006977807304935966
1999-04,0.07951203041007299,0.020535997225803564,-0.0016757086293995417,0.019366560423168182,0.0012196116765056159,0.0016255337555293335,-2.42861286636753e-17,1999-04,1996-04,-0.034752388210806534,-0.6698606493150653,0.02217696777970324,-0.0016409705538995428
1999-05,0.04217187830730788,-0.0373401521027651,-0.03449248903612962,-0.00116604256531299,0.00032956124274572963,-0.0020111817440682397,1.3877787807814457e-17,1999-05,1996-05,-1.1420670808988311,0.041489287016717766,-4.7901981910940944e-05,-0.03729225012085435
1999-06,0.008781561116524571,-0.03339031719078331,-0.039201045124313744,0.006488141104066365,0.0003575946900037382,-0.0010350078605396774,1.3877787807814457e-17,1999-06,1996-06,-1.3007302514544643,-0.23175875730641626,0.006610533267910662,-0.04000085045869405
1999-07,6.829031241187046e-05,-0.0087132708041127,-0.007014241536314313,-0.0023770006570204144,0.0005533932250041598,0.00012457816421788427,-1.734723475976807e-17,1999-07,1996-07,-0.22055770254597737,0.0820399140716234,-0.0020750358483794425,-0.006638234955733261
1999-08,-0.030613486570282688,-0.030681776882694557,-0.039022167284758165,0.005233294282561696,0.00256453861309324,0.0005425575064086499,2.0816681711721685e-17,1999-08,1996-08,-1.2239218292100682,-0.18636174248621235,0.0058400922600386936,-0.036521869142733365
1999-09,-0.03036551424857698,0.0002479723217057063,5.332413594159727e-05,0.0009064415495234142,-0.0005346577078372274,-0.00017713565592206133,-1.6425662913155392e-17,1999-09,1996-09,-0.017310111288458396,-0.031633297994779416,0.0002477629357816556,2.0938592405761458e-07
1999-10,-0.03352917877030191,-0.0031636645217249307,-0.02532154915057521,0.019724900779706886,0.0025782454750584074,-0.00014526162591502268,9.540979117872439e-18,1999-10,1996-10,-0.7948842970463615,-0.6888018309890548,0.020022557409053177,-0.023186221930778135
1999-11,-0.011619026269253466,0.021910152501048448,-0.012550141088903212,0.03529112911119086,-0.0005055445528570677,-0.00032529096838214053,1.0408340855860843e-17,1999-11,1996-11,-0.48200269471885704,-1.226321386105971,0.034482214904949515,-0.012572062403901029
1999-12,-0.0013933134868962078,0.010225712782357258,0.007443665879060613,0.0029089592145285855,-0.00023750224767630793,0.00011058993644437256,-5.204170427930421e-18,1999-12,1996-12,0.24030782281196125,-0.10268466434822636,0.002906320018807634,0.007319392763549727
2000-01,-0.04090874645140711,-0.0395154329645109,-0.02835895150508627,-0.01197539788565715,0.00032556794192012216,0.0004933484843123976,0.0,2000-01,1997-01,-0.9314003588372449,0.4239743800854975,-0.012899617097148087,-0.026615815867362943
2000-02,-0.005683997032109537,0.03522474941929757,0.021422884715718876,0.013441813272131892,0.00012971675051711573,0.00023033468092968734,0.0,2000-02,1997-02,0.7167444339505921,-0.4727979357804633,0.01365635567099976,0.021568393748297908
2000-03,-0.0015240495613669937,0.004159947470742543,-0.019650108522130443,0.021538371261134278,0.0022875300437778185,-1.5845312039107554e-05,-3.469446951953614e-18,2000-03,1997-03,-0.6130931355217155,-0.7521879404520883,0.02260799422512374,-0.018448046754381144
2000-04,0.04370189791833086,0.04522594747969785,0.003978709888733436,0.03859415239979483,0.002176068294396761,0.00047701689677283695,-1.3877787807814457e-17,2000-04,1997-04,0.1738794959838222,-1.3353304595287478,0.04115862365374985,0.004067323825948111
2000-05,0.009566952325200571,-0.03413494559313029,-0.07949696373875695,0.038623816656706375,0.007289588999663837,-0.0005513875107435745,2.0816681711721685e-17,2000-05,1997-05,-2.468614931196461,-1.3659189810521268,0.04346677983564792,-0.07760172542877833
2000-06,0.018892156688352982,0.009325204363152411,-0.01692744090450742,0.026571245510648323,-0.00024710519546314286,-7.149504752534079e-05,-8.673617379884035e-18,2000-06,1997-06,-0.6087130044718622,-0.932327990445409,0.027035133710725717,-0.017709929347573282
2000-07,0.059465889527179634,0.04057373283882665,0.0010323297274272682,0.03706563734778532,0.0010350748902571776,0.0014406908733568915,-6.938893903907228e-18,2000-07,1997-07,0.034949931850891035,-1.2732220697098553,0.039607562357112616,0.0009661704817141622
2000-08,0.06649229997007243,0.007026410442892796,0.004050848109842981,0.003353431448821834,0.0001730386926707306,-0.0005509078084427548,5.204170427930421e-18,2000-08,1997-08,0.1398549873294511,-0.11788331149144514,0.0037688361746636458,0.003257574268229136
2000-09,0.06696130836999357,0.00046900839992114474,0.001520266597156282,-0.0008008944620137169,0.00013218652490836624,-0.0003825502601297883,1.734723475976807e-18,2000-09,1997-09,0.056844542359367145,0.02811165759345173,-0.0006127350490017364,0.001081743448922895
2000-10,0.07719975517783129,0.010238446807837712,0.011019759853867585,0.001255760909189514,0.0007804662620369048,-0.0028175402172562953,3.469446951953614e-18,2000-10,1997-10,0.3925044881758298,-0.04480912458427696,0.002370350714465147,0.007868096093372606
2000-11,0.06710024720668548,-0.01009950797114581,0.0008062944565744584,-0.011387807102762963,-4.5945937988465655e-05,0.0005279506130311604,0.0,2000-11,1997-11,0.03707958185652847,0.39711538084276077,-0.010730061333600271,0.0006305533624544613
2000-12,0.13096635793826197,0.0638661107315765,0.07059548602047876,0.002955997103859764,-0.002204204794294202,-0.007481167598467826,0.0,2000-12,1997-12,2.2377003031333307,-0.10731591014117449,0.003166768788353397,0.060699341943223115
2001-01,0.1274511420303639,-0.0035152159078980783,0.0012703331813220618,-0.006769936723093697,-3.6091642042790194e-05,0.0020204792759163544,-7.806255641895632e-18,2001-01,1998-01,0.04896014975636932,0.2350954806763752,-0.004652453627779621,0.001137237719881709
2001-02,0.12752754156596266,7.639953559876456e-05,0.005119212486146044,-0.006919011929150288,-0.0006853510203668879,0.0025615499989699157,-1.951563910473908e-17,2001-02,1998-02,0.15918439827248423,0.23973282947082875,-0.0033994961907348534,0.0034758957263335624
2001-03,0.16075517133495165,0.03322762976898899,0.06105483964846838,-0.012961308808773156,-0.003619330305884071,-0.0112465707648222,4.163336342344337e-17,2001-03,1998-03,1.8907230458680817,0.4712383217010674,-0.01074383644571348,0.04397146621470253
2001-04,0.15889283239923768,-0.0018623389357139697,-2.5507097301916454e-05,-0.0009806656841235173,0.0006381121870264833,-0.0014942783413150248,5.637851296924623e-18,2001-04,1998-04,0.02169710907465205,0.03448375306164589,0.0006286486792377172,-0.0024909876149517424
2001-05,0.19839163450865951,0.03949880210942183,0.04977030477411599,0.00040843558788324357,-0.001371337092503216,-0.009308601160074181,0.0,2001-05,1998-05,1.603766005343349,-0.014666374148823137,0.0004967257692833349,0.039002076340138664
2001-06,0.20425458841254424,0.005862953903884721,0.00855180844503811,-0.0018048918132627244,7.840613250273418e-05,-0.000962368860393382,-1.6479873021779667e-17,2001-06,1998-06,0.2947157177328954,0.06332219351162048,-0.0006806667058329025,0.006543620609717679
2001-07,0.21233374042357142,0.008079152011027185,0.0030137884922439555,0.003791747378963183,0.0,0.001273616139820024,2.2551405187698492e-17,2001-07,1998-07,0.09916837786379068,-0.13230540634030047,0.006864398632127761,0.0012147533788993692
2001-08,0.21324751061026243,0.0009137701866910042,0.017745442186441345,-0.023747217303936644,0.000588609440653359,0.006326935863533002,-5.724587470723463e-17,2001-08,1998-08,0.6565707884903865,0.8187985481972092,-0.012791752242727578,0.01370552242941861
2001-09,0.2043261007969567,-0.00892140981330572,0.07668245988237002,-0.07920073473638307,0.0014613956736563097,-0.007864530632948969,-5.204170427930421e-18,2001-09,1998-09,2.68452934139894,2.8242362000273893,-0.06084469888163527,0.051923289068329576
2001-10,0.2008191608056965,-0.0035069399912601995,-0.01298903977011013,0.00806867718566976,-0.00017759220694330203,0.0015910148001234662,4.7704895589362195e-18,2001-10,1998-10,-0.4576659205022369,-0.28129475043469276,0.012165752118196801,-0.01567269210945689
2001-11,0.13278258969776982,-0.06803657110792669,0.0111168432491641,-0.09471786431749793,-0.0010754466950544357,0.016639896655461527,5.551115123125783e-17,2001-11,1998-11,0.4551424180163554,3.1518105187703966,-0.07649098316564931,0.008454412057722287
2001-12,0.16924417937925545,0.036461589681485634,0.018047451827763204,0.02129370630796869,0.0013971054207441616,-0.004276673874990435,6.938893903907228e-18,2001-12,1998-12,0.6318942878522712,-0.7558127404345657,0.026031505176830422,0.010430084504655268
2002-01,0.16455448749717014,-0.004689691882085317,0.0007092713997660573,-0.008817525460499529,-0.0005467000740822221,0.003965262252730386,-1.0408340855860843e-17,2002-01,1999-01,0.014272034206853442,0.30494843837930474,-0.005071970694142253,0.0003822788120569631
2002-02,0.1783614273932139,0.013806939896043757,0.0141700780721687,-7.17470186410361e-05,-0.0011649603647910748,0.0008735692073071422,2.42861286636753e-17,2002-02,1999-02,0.4437326422540906,0.002504747960671449,0.0028925782589579313,0.010914361637085826
2002-03,0.20738208007168057,0.02902065267846668,0.05833964296332351,-0.022013999956785008,-0.00024084907931325262,-0.007064141248758524,-4.163336342344337e-17,2002-03,1999-03,1.9618414738478387,0.7845759329514781,-0.017481733451219117,0.04650238612968596
2002-04,0.2230255971489981,0.015643517077317537,0.007338278864258003,0.00676594721367859,-0.00013025260379863425,0.0016695436031795847,-6.938893903907228e-18,2002-04,1999-04,0.23962112223159096,-0.23588946222120044,0.010984901762621804,0.00465861531469576
2002-05,0.22982600787821666,0.006800410729218553,0.0038983368274379815,-0.002502856457886659,-0.0009527614529538796,0.0063576918126210845,2.6020852139652106e-17,2002-05,1999-05,0.10410607119590339,0.08637012216581208,0.0047814010548667685,0.0020190096743518404
2002-06,0.2674253266939192,0.037599318815702554,0.03777060622236284,0.0024351460833458164,-0.002713141379682822,0.00010670788967675828,-4.163336342344337e-17,2002-06,1999-06,1.1908156129389054,-0.08521182262401585,0.011357406487065347,0.026241912328637346
2002-07,0.33312281251058756,0.06569748581666834,0.07770223536331916,0.012666328013606343,-0.0021701459467837153,-0.022500931613473447,0.0,2002-07,1999-07,2.4625595730654912,-0.45984114408879495,0.02023473228570527,0.04546275353096324
2002-08,0.32159903026225717,-0.011523782248330394,-0.02168411444068568,0.01458629434187844,0.0021120800434327887,-0.00653804219295596,1.734723475976807e-17,2002-08,1999-08,-0.6733812334360172,-0.5156187375368891,0.020729841534804838,-0.03225362378313529
2002-09,0.34438848054270454,0.022789450280447376,0.03746506185020899,-0.00017727915014738012,-0.0011898532715284697,-0.013308479148085734,-2.0816681711721685e-17,2002-09,1999-09,1.2098939051782098,0.006328626644751066,-0.0001570056618152571,0.02294645594226269
2002-10,0.3489686348719254,0.004580154329220876,-0.001441270846938053,0.002168450991281731,-8.574756774253335e-06,0.003861548941651442,9.540979117872439e-18,2002-10,1999-10,-0.05172974735705484,-0.07547309201277186,0.0075060300492099385,-0.0029258757199891183
2002-11,0.3885843810329097,0.03961574616098429,0.03557521736235784,0.00438112629313564,6.975644404866173e-05,-0.00041035393855782794,-2.0816681711721685e-17,2002-11,1999-11,1.2079873749097878,-0.15342473146302463,0.023446508927129295,0.016169237233854994
2002-12,0.36871686362245193,-0.01986751741045778,-6.493537083012981e-05,-0.03229489274998449,-0.0008080514292875723,0.01330036213964435,6.938893903907228e-17,2002-12,1999-12,0.0017217052671199577,1.110484839348028,-0.019715207091332287,-0.00015231031912549264
2003-01,0.37799774108328976,0.009280877460837833,0.0020611424776111383,-0.012393860456556658,-3.0251790124427307e-05,0.019643847229907807,-2.6020852139652106e-17,2003-01,2000-01,0.08329048585617771,0.42237767899400935,0.008088178209610636,0.0011926992512273638
2003-02,0.37968029450982604,0.0016825534265362818,0.012309461988076873,-0.002813055088032329,-3.2543577054170205e-05,-0.007781309896454169,7.546047120499111e-17,2003-02,2000-02,0.41617329985188883,0.09946794540158467,-0.001679320090659575,0.003361873517195746
2003-03,0.4177285023584012,0.038048207848575155,-0.001282533549431194,0.028651755014526093,0.00037100795386062473,0.010307978429619658,-2.7755575615628914e-17,2003-03,2000-03,-0.05963444873813074,-0.9898424047442154,0.04156622378034566,-0.0035180159317701742
2003-04,0.4630903679083875,0.04536186554998628,0.04256610657389912,0.016168107540352163,-0.00134336378016633,-0.012028984784098555,-1.1796119636642288e-16,2003-04,2000-04,1.368074476957063,-0.5736049438411204,0.024208088767163544,0.021153776782823014
2003-05,0.44080140306497606,-0.02228896484341142,-0.06421086252741613,0.025418267508326323,0.005662238087321763,0.01084139208835652,1.1102230246251565e-16,2003-05,2000-05,-2.041173214459734,-0.8789736027184814,0.06625660726453009,-0.0885455721079414
2003-06,0.4385707005362129,-0.002230702528763173,-0.03194310529637639,0.031996344739270675,-0.00021213021291347468,-0.002071811758743843,-1.4268100589909238e-16,2003-06,2000-06,-1.122627593605264,-1.1225104996985218,0.046933351076413415,-0.04916405360517653
2003-07,0.4050315979202022,-0.033539102616010674,0.029513103801766277,-0.001284084860155438,0.0001372372186531376,-0.061905358776274774,1.249000902703301e-16,2003-07,2000-07,0.9362361906241553,0.04823288443879956,1.9435670297052177e-05,-0.03355853828630839
2003-08,0.40045615761529496,-0.004575440304907252,0.009281077706639967,0.007383480201520517,0.0005336448717110795,-0.02177364308477878,-3.469446951953614e-17,2003-08,2000-08,0.3179661129999101,-0.2654033413367654,0.011562497029770163,-0.01613793733467775
2003-09,0.3810861874568566,-0.019369970158438388,-0.013992269821829627,3.788804972059941e-05,0.00043048137256117123,-0.005846069758890511,-2.0816681711721685e-17,2003-09,2000-09,-0.45806170630707727,-0.001336002341602164,9.022230833979905e-05,-0.01946019246677802
2003-10,0.3861932907884032,0.005107103331546625,0.0042556838202487375,-0.0018850662005916543,-0.00039068668828715503,0.0031271724001766606,3.642919299551295e-17,2003-10,2000-10,0.13389346197908217,0.06570841289824979,0.003275940376750497,0.0018311629547961839
2003-11,0.3874652837025001,0.0012719929140969088,0.0021868516546163174,9.781466339489812e-05,-4.0265940708726954e-05,-0.0009724074632056032,2.3635607360183997e-17,2003-11,2000-11,0.07285675587643684,-0.003427816199200091,0.00015560643670997631,0.0011163864773869325
2003-12,0.3720964145067952,-0.015368869195704904,0.0008412053163950592,-0.030654561318646686,-0.0019831300023856967,0.016427616808932465,-4.5102810375396984e-17,2003-12,2000-12,-0.00924975694051805,1.0497259865594586,-0.012506966022587829,-0.002861903173117075
2004-01,0.3540570281452901,-0.018039386361505094,-0.012349467085587032,0.0010622505572987617,0.0001252102384403854,-0.006877380071657122,-9.020562075079397e-17,2004-01,2001-01,-0.4130470960242444,-0.03753093992648056,0.0013470957266707162,-0.0193864820881757
2004-02,0.35164280201905557,-0.002414226126234542,-0.001364731245085575,-0.0015279293501735333,2.232429744088873e-05,0.00045611017158362195,5.594483210025203e-17,2004-02,2001-02,-0.04422220173224279,0.05344296358045862,-0.0005897835272835328,-0.0018244425989511204
2004-03,0.33583276742746343,-0.015810034591592137,0.00814249519375976,-0.04160968797384415,0.00021367899217775903,0.017443479196314386,1.1102230246251565e-16,2004-03,2001-03,0.3330269346208212,1.4194322861688058,-0.020001377400428455,0.0041913428088362625
2004-04,0.32877911702377777,-0.007053650403685663,0.012492172027191542,-0.0026247128907576495,-0.00010007546227125295,-0.016821034077848167,-1.3530843112619095e-16,2004-04,2001-04,0.413494296635534,0.09418914844625983,0.0032638865838010844,-0.010317536987486803
2004-05,0.26123778781032525,-0.06754132921345252,-0.026166610412421513,-0.04632843729069678,0.0007904031720208048,0.004163315317644889,8.326672684688674e-17,2004-05,2001-05,-0.8242246912401118,1.6100634004744088,-0.03188561968062653,-0.03565570953282632
2004-06,0.2575920563726005,-0.0036457314377247307,0.0021885994653909236,-0.005134303389685062,-0.0004422518865350712,-0.00025777562689555225,3.122502256758253e-17,2004-06,2001-06,0.06438400660660272,0.17978990145574378,-0.003882628737392979,0.00023689729966824835
2004-07,0.2659882036118616,0.008396147239261076,0.011978678567643819,-0.0016422164407998367,5.615488187190591e-05,-0.0019964697694547693,-4.336808689942018e-17,2004-07,2001-07,0.4095477280319157,0.057696727230683996,-4.768682953773529e-05,0.008443834068798922
2004-08,0.26177692974433114,-0.004211273867530452,0.006907614205436243,-0.01277790450748741,-2.304329863247822e-05,0.0016820597331531782,1.474514954580286e-17,2004-08,2001-08,0.2474758172131187,0.4458013359012527,-0.008633360801039464,0.004422086933508901
2004-09,0.2116116078129107,-0.050165321931420453,-0.009710108550104572,-0.0664799546954032,-0.0009381467361823736,0.026962888050269727,-2.7755575615628914e-17,2004-09,2001-09,-0.3145050170910355,2.1954780185806233,-0.038884463881546774,-0.011280858049873735
2004-10,0.22601248222375642,0.014400874410845727,0.00011197857283134513,0.011347677187509385,0.00031621862207519734,0.002625000028429746,5.204170427930421e-17,2004-10,2001-10,0.003559361278724975,-0.39478598039225393,0.01431882487799424,8.204953285154137e-05
2004-11,0.22701919878586177,0.001006716562105353,0.013160829088357914,-0.012625745471114811,2.2148595983726152e-06,0.00046941808526390074,-2.2768245622195593e-17,2004-11,2001-11,0.460660994523467,0.4414432060301024,-0.0072805591553134485,0.008287275717418774
2004-12,0.22514794504514266,-0.0018712537407191143,0.0037411699497943533,-0.015375614398894052,0.0004102990355020877,0.00935289167287851,-1.3877787807814457e-17,2004-12,2001-12,0.15944333854841333,0.5270208740987424,-0.004560662251779743,0.002689408511060684
2005-01,0.22349421922764542,-0.0016537258174972314,-0.0006993339888405385,-0.0004971225003721366,3.479257015523916e-05,-0.0004920618984398493,5.421010862427522e-17,2005-01,2002-01,-0.022105282848588568,0.017418370763420798,-0.00037528075528192595,-0.001278445062215361
2005-02,0.2133963179978502,-0.01009790122979523,-0.001120802869384565,-0.01179221708044773,-0.0003358923932465527,0.0031510111132836676,-5.0306980803327406e-17,2005-02,2002-02,-0.03837820282639768,0.409751509262518,-0.00859238529257847,-0.0015055159372167337
2005-03,0.15693853890730822,-0.056457779090541976,-0.007575265556716425,-0.05379959025554596,-0.00017706750619428694,0.005094144227914708,-1.3877787807814457e-17,2005-03,2002-03,-0.21439203445726523,1.8571431818268682,-0.04427804182213227,-0.012179737268409901
2005-04,0.16353904561393784,0.006600506706629622,0.011687296542577016,-0.005748144766381594,8.610163016718087e-05,0.000575253300266986,3.2959746043559335e-17,2005-04,2002-04,0.4069402192099548,0.20082392992903325,-0.0031206047937096804,0.009721111500339358
2005-05,0.15652431666909225,-0.0070147289448455885,-0.0054915698030868505,-0.002547243091322019,0.0005409776457457907,0.0004831063038174717,1.8214596497756474e-17,2005-05,2002-05,-0.16623168795156115,0.08901894390668788,-0.0006337388880323647,-0.006380990056813279
2005-06,0.1152986666659535,-0.041225650003138756,-0.006195823964562887,-0.0412370974156875,-0.0006499161637899092,0.006857187540901554,-1.3877787807814457e-17,2005-06,2002-06,-0.19769723921244287,1.4070498414261783,-0.03458671751977655,-0.006638932483362246
2005-07,0.026726643364610853,-0.08857202330134265,0.008465998292575041,-0.1057204288782676,-0.005840461356871331,0.014522868641221232,1.3877787807814457e-17,2005-07,2002-07,0.21049567821744772,3.3464051895886295,-0.09461337060185432,0.0060413473005114324
2005-08,0.02705667916861379,0.0003300358040029365,-0.002699790767114993,0.0016931906643479883,0.00043742065430985266,0.0008992152524600941,-5.421010862427522e-18,2005-08,2002-08,-0.07994397792182398,-0.05827103949199195,0.002867082590505039,-0.002537046786502099
2005-09,-0.0725012944719631,-0.09955797364057689,0.0018813032073810518,-0.09742407520183316,-0.002002460786094916,-0.0020127408600298757,1.3877787807814457e-17,2005-09,2002-09,0.0950852646035998,3.240841709685837,-0.10190554917577413,0.00234757553519703
2005-10,-0.10500757316353457,-0.032506278691571466,-0.04234526518785737,0.0068444450680203205,0.0002971753435511756,0.0026973660847143923,6.938893903907228e-18,2005-10,2002-10,-1.4156796844911665,-0.24318488021095225,0.00544754919827517,-0.037953827889846706
2005-11,-0.12554275385939714,-0.020535180695862576,0.00844464971541117,-0.023795364859042326,-0.00010017047464891614,-0.005084295077582506,3.469446951953614e-18,2005-11,2002-11,0.31386046570660103,0.814444086938828,-0.031203100406092373,0.010667919710229713
2005-12,-0.13351454988354097,-0.007971796024143829,-0.004294338136719109,-0.003217298031793443,0.00020428072020439692,-0.0006644405758356714,-3.469446951953614e-18,2005-12,2002-12,-0.13639660191496106,0.11231659528293729,-0.004416891170330062,-0.003554904853813712
2006-01,-0.13422004081271233,-0.000705490929171354,-0.0009947553268021727,0.00048598187265627235,0.00015258157212664139,-0.0003492990471520961,1.0842021724855044e-18,2006-01,2003-01,-0.02916778789244021,-0.016987174292023007,4.468098400790821e-05,-0.0007501719131793178
2006-02,-0.2299100445406534,-0.09569000372794106,-0.008260164749258423,-0.06059672546488715,-0.0026579556817000424,-0.024175157832095454,0.0,2006-02,2003-02,-0.33363819762933766,1.9781909976417356,-0.08868029895949164,-0.0070097047684495595
2006-03,-0.22898644247753133,0.0009236020631220587,0.0009709146758422681,-0.00023087069098168237,-6.343526060530988e-05,0.00024699333886677284,9.974659986866641e-18,2006-03,2003-03,0.031087224294694286,0.00808482336753798,-0.001020851278666593,0.001944453341788735
2006-04,-0.26992280796056134,-0.04093636548303001,-0.007316036016926424,-0.026485267425686403,0.0008074976787451938,-0.007942559719162356,-2.0816681711721685e-17,2006-04,2003-04,-0.1988406751375453,0.9122113396739955,-0.038579650246111485,-0.0023567152369185773
2006-05,-0.19832236734269473,0.0716004406178666,-0.010565479233412528,0.09812241339217077,0.004958475466565592,-0.02091496900745724,0.0,2006-05,2003-05,-0.2988629971621929,-3.2822166880733126,0.07781828165248586,-0.006217841034619143
2006-06,-0.11245257146737381,0.08586979587532093,0.009917641168225503,0.08090413922594586,0.003452973155928232,-0.008404957674778656,-1.3877787807814457e-17,2006-06,2003-06,0.38641084703721396,-2.7556807842813815,0.06873927424538614,0.01713052162993492
2006-07,-0.11690672926726216,-0.00445415779988835,0.0004886402920894038,0.009266930764926769,0.00015622495733987792,-0.014365953814244378,-2.2551405187698492e-17,2006-07,2003-07,0.013741745819135296,-0.3040820247357225,-0.005022151204300315,0.0005679934044118123
2006-08,-0.11387414094199136,0.003032588325270799,-0.02601548823082941,0.03222401536714507,0.0034264096050529453,-0.006602348416097818,9.540979117872439e-18,2006-08,2003-08,-0.8228443401968384,-1.0956128951002164,0.02412164955271815,-0.02108906122744738
2006-09,-0.1033646355746152,0.01050950536737616,-0.021459957270250057,0.033183112590812365,2.6706237921534865e-05,-0.001240356191107655,-2.7755575615628914e-17,2006-09,2003-09,-0.7659343131528149,-1.154779755067001,0.029806547762856593,-0.019297042395480336
2006-10,-0.10243806222132004,0.000926573353295157,-0.0005201543762762172,-0.0006555114947705132,3.35167271873545e-05,0.0020687224971545166,1.6263032587282567e-17,2006-10,2003-10,-0.015761857460027045,0.023173510813590464,-0.0010924957614733347,0.002019069114768436
2006-11,-0.11235286361725318,-0.009914801395933134,-0.011478387218000876,4.7963016911075846e-05,0.00022992687089783652,0.0012856959342588327,-5.204170427930421e-18,2006-11,2003-11,-0.38051604921381543,-0.001688750856517276,-1.808806281497488e-05,-0.009896713333118215
2006-12,-0.11172086651456564,0.0006319971026875343,-0.004346184695607925,0.006070329997930524,-1.90098255724637e-05,-0.0010731383740626,-1.0842021724855044e-18,2006-12,2003-12,-0.1551791969985611,-0.21144406191892032,0.004367771293761626,-0.0037357741910740636
2007-01,-0.07732334005864976,0.034397526455915886,-0.003348925204714678,0.03958956382030398,0.002903170229616342,-0.004746282389289769,1.3877787807814457e-17,2007-01,2004-01,-0.0549981480399413,-1.3510249706472521,0.035352542135905336,-0.0009550156799892975
2007-02,-0.07895684349955384,-0.0016335034409040855,-0.0035693115030560724,0.0019578014018566538,-3.346895720763376e-05,1.147561750300081e-05,-3.382710778154774e-17,2007-02,2004-02,-0.12448888905919045,-0.06852808069263755,0.001645860085607534,-0.00327936352651155
2007-03,-0.0828488255732168,-0.003891982073662953,0.04611712508074368,-0.050268582874791516,0.0001792095757289497,8.026614465589957e-05,3.686287386450715e-17,2007-03,2004-03,1.6234279051725404,1.7602731671166374,-0.0547273631485424,0.05083538107487931
2007-04,-0.06272461912108565,0.020124206452131144,0.030565469378894886,-0.007304343552762459,0.002859507721817771,-0.0059964270958190145,-3.8163916471489756e-17,2007-04,2004-04,1.1912788693537308,0.24519797094604392,-0.01511280978652612,0.03523701623865735
2007-05,0.06494364891034288,0.12766826803142853,0.011437606863447894,0.11182278375433083,0.004618815806707514,-0.00021093839305773432,2.7755575615628914e-17,2007-05,2004-05,0.45962071307222657,-3.7172979098328844,0.11566054705969428,0.012007720971734862
2007-06,0.03994057341503456,-0.025003075495308315,-0.022429608692533475,-0.001524452249983274,0.002177335676883458,-0.003226350229675017,-6.938893903907228e-18,2007-06,2004-06,-0.666367801458124,0.055007729416782405,-0.0001762497223519871,-0.024826825772956515
2007-07,-0.02739780869163609,-0.06733838210667065,0.004056481728860431,-0.0709355912258031,-0.0009332521345796816,0.0004739795248516804,2.7755575615628914e-17,2007-07,2004-07,0.180882347751656,2.4028318321386175,-0.07189575499328392,0.004557372886612964
2007-08,0.07961955744864439,0.10701736614028048,0.16230959557407532,-0.05128178104239894,-0.0007722172571380726,-0.003238231134257792,-2.7755575615628914e-17,2007-08,2004-08,5.238751538168377,1.8944858077007374,-0.05008628593030991,0.15710365207059085
2007-09,0.07535443703480924,-0.004265120413835158,-0.028598927693351518,0.02461857157402986,-0.0,-0.0002847642945134752,-2.5153490401663703e-17,2007-09,2004-09,-0.9952604370278376,-0.8632333593671414,0.02657526647141111,-0.030840386885246283
2007-10,0.07127832849220002,-0.004076108542609216,-0.00014086051668968158,-0.003029098465246259,-0.00027023847028697994,-0.0006359110903863021,6.071532165918825e-18,2007-10,2004-10,-0.010995928827790949,0.10647826961491938,-0.002940639858092113,-0.0011354686845170894
2007-11,0.2019207576104148,0.13064242911821478,0.18127554505343815,-0.022814955321991237,-0.009854260287394268,-0.01796390032583785,0.0,2007-11,2004-11,5.4831255793436044,0.8492748947658781,-0.01920999944454114,0.14985242856275646
2007-12,0.19616143901723312,-0.005759318593181684,-0.0015980659769247907,-0.005881646429382677,-0.00027594840536234773,0.00199634221848812,1.214306433183765e-17,2007-12,2004-12,-0.05834136546299537,0.20482537056716857,-0.0037891939155686866,-0.0019701246776130527
2008-01,0.32324819245261793,0.1270867534353848,0.18001914152002438,-0.0009189885526327661,-0.0035124276650394574,-0.04850097186696727,-8.326672684688674e-17,2008-01,2005-01,5.462775487052084,0.03507878042958328,0.0023300866363177852,0.1247566667990675
2008-02,0.32197910403892976,-0.0012690884136881686,-0.0017948544573375073,0.0024354065909555018,0.0002792142556300621,-0.0021888548029362093,-1.5829351718288365e-17,2008-02,2005-02,-0.05375863489461085,-0.08552839296510112,0.003676139032132847,-0.0049452274458210155
2008-03,0.38408529971774935,0.06210619567881959,0.04266181046911084,0.01646470370349489,-0.0022943867206434453,0.005274068226857219,7.632783294297951e-17,2008-03,2005-03,1.367753350293516,-0.5719575317213641,0.035803274210348957,0.026302921468470963
2008-04,0.39587679643136164,0.011791496713612293,0.04646174354165389,-0.023537047304679697,-0.00378480141649159,-0.007348398106870271,-3.8163916471489756e-17,2008-04,2005-04,1.4611904719462188,0.8315562466502613,-0.014603498847921725,0.026394995561534185
2008-05,0.42389965834963866,0.02802286191827702,0.02568546879984011,0.007754958691414758,-0.0008328391393455395,-0.004584726433632237,-6.938893903907228e-17,2008-05,2005-05,0.8334538297794601,-0.27294119481541546,0.014678384254017629,0.013344477664259613
2008-06,0.35230546048691735,-0.07159419786272131,-0.0661597282429951,0.011858711090265064,0.0038047997662212793,-0.021097980476212638,8.326672684688674e-17,2008-06,2005-06,-2.0752401790711423,-0.42635648753570016,0.01820712769260202,-0.08980132555532372
2008-07,0.34931073432595316,-0.0029947261609641895,0.03410449310989321,-0.013024691309806621,-0.003308151711668465,-0.020766376249382327,1.3877787807814457e-17,2008-07,2005-07,1.029226085400228,0.4693467250763065,-0.00803193552002876,0.0050372093590644595
2008-08,0.3356503990840824,-0.013660335241870769,-0.011436962325850251,-0.00016241910643436476,0.0005405284740610819,-0.0026014822836471934,-4.163336342344337e-17,2008-08,2005-08,-0.36921580780591784,0.005706260420257167,0.00111941919877806,-0.014779754440648774
2008-09,0.3665277212656492,0.030877322181566802,0.05144108098366681,-0.00011691131488183341,-0.0010452852838869705,-0.019401562203331287,8.326672684688674e-17,2008-09,2005-09,1.6676784145994195,0.004204734519892232,0.00040417567145017985,0.030473146510116844
2008-10,0.18193936711556588,-0.18458835415008332,-0.11789370152176072,0.03317140666634115,-0.0029466923331464036,-0.09691936696151734,0.0,2008-10,2005-10,-3.389920791125529,-1.3723062731279296,0.0438734382276513,-0.2284617923777355
2008-11,0.22656898634188996,0.04462961922632408,0.0746417685810934,-0.014364840435912397,-0.004314496253133688,-0.011332812665723243,0.0,2008-11,2005-11,2.3405223451639365,0.5166646038117547,-0.012049541003973485,0.05667916023029773
2008-12,0.15487425718628764,-0.07169472915560232,-0.0093186313666125,0.0033570741878749693,-0.0020633412254513783,-0.06366983075141339,-2.7755575615628914e-17,2008-12,2005-12,-0.32514373731747664,-0.1371794478813407,0.003542512461478159,-0.07523724161708126
2009-01,0.15305004640124895,-0.0018242107850386935,-0.0014020986765642658,-0.00036178586340191354,0.0002542953767109902,-0.0003146216217835197,1.5178830414797062e-17,2009-01,2006-01,-0.03866591186716947,0.012675443197126476,0.00023906501032551486,-0.002063275795364153
2009-02,0.08938504958508363,-0.06366499681616532,-0.05526559976735235,-0.0036676358760996865,0.0008627673094097622,-0.005594528482123033,-1.3877787807814457e-17,2009-02,2006-02,-1.8047665053435231,0.13134606677200827,-0.0029226655608734844,-0.060742331255292
2009-03,0.07767817225111913,-0.0117068773339645,0.00029655927231740404,-0.011030533787488828,-0.0009038378062541557,-6.906501253893653e-05,1.5612511283791264e-17,2009-03,2006-03,-0.009936099466064285,0.3862282904400616,-0.010599068693496555,-0.0011078086404679721
2009-04,0.10528984214862921,0.027611669897510085,0.047838254926274415,-0.01391512077753176,0.0011145616055335255,-0.007426025856766081,-1.0408340855860843e-17,2009-04,2006-04,1.6116495794013357,0.5066447364013409,-0.010818710199894686,0.038430380097404813
2009-05,0.16017296996791994,0.05488312781929072,0.063720821607263,-0.00026947070210519213,-0.0010080387493591851,-0.007560184336507908,6.938893903907228e-18,2009-05,2006-05,2.073858899248405,0.009698300333128651,0.0008997302684536981,0.05398339755083715
2009-06,0.18537886933477374,0.0252058993668538,0.032614663824968214,0.0020008550793571395,-0.0012833829906865872,-0.008126236546784965,0.0,2009-06,2006-06,1.0392189037713506,-0.07167308112712029,0.0022775427746598714,0.022928356592193985
2009-07,0.18033364650366307,-0.005045222831110668,-0.004044947945202945,-0.00042722316407063513,4.031592113173751e-05,-0.0006133676429688582,3.209238430557093e-17,2009-07,2006-07,-0.13562551683665375,0.014977889886066693,-0.00032519480224230124,-0.00472002802886845
2009-08,0.19499625315769295,0.01466260665402988,0.011560854243061984,0.008624395848015212,-0.0007198075205938765,-0.004802835916453364,-7.632783294297951e-17,2009-08,2006-08,0.35590173667232367,-0.30571390869942244,0.010207101677823405,0.0044555049762066146
2009-09,0.18936866690110962,-0.005627586256583328,-0.011169441714722866,0.006472003701975169,1.6939094163914328e-05,-0.0009470873379995593,1.474514954580286e-17,2009-09,2006-09,-0.38483648648471297,-0.22707829909196206,0.007670017741765761,-0.013297603998349172
2009-10,0.18806924660530902,-0.0012994202958006018,0.0013092292074436834,-0.0033289467893478815,-1.235471043239809e-05,0.0007326519965359801,1.474514954580286e-17,2009-10,2006-10,0.04745817578106169,0.11628697409733701,-0.001989163125207624,0.0006897428294069946
2009-11,0.1943134673647336,0.0062442207594245736,0.0020867285925100626,0.003951747553802486,-6.206123996605457e-06,0.0002119507371086029,2.7755575615628914e-17,2009-11,2006-11,0.06699069142482567,-0.13823449928157552,0.00481805417214437,0.0014261665872802032
2009-12,0.20314576552334293,0.008832298158609336,0.010355376608366442,0.00030034018707841354,-8.409885383721483e-06,-0.001815008751451758,-3.8163916471489756e-17,2009-12,2006-12,0.3501860140311786,-0.010559903593504826,0.0009867637812020075,0.007845534377407412
2010-01,0.2047998846605439,0.0016541191372009822,0.005084625872015695,-0.0041830065822418255,2.0041901378275924e-05,0.000732457946048868,-3.0791341698588326e-17,2010-01,2007-01,0.17808649139146418,0.1461423617603323,-0.0021182359180918625,0.0037723550552929003
2010-02,0.2054954235091431,0.0006955388485991865,0.0005383808127075037,0.0003935414721292398,0.0,-0.0002363834362375687,1.1600963245594897e-17,2010-02,2007-02,0.017926958691015803,-0.01378188710084232,0.0007636328299188838,-6.80939813197251e-05
2010-03,0.20510848579770366,-0.000386937711439439,0.007896500293707122,-0.004858188841017784,-0.0008448129833100572,-0.002580436180818729,9.540979117872439e-18,2010-03,2007-03,0.24313887257478373,0.17110516694205463,-0.004131443836740231,0.00374450612530082
2010-04,0.20426688361646028,-0.0008416021812433783,0.011003716381453196,-0.012029567760225693,-4.658068131570258e-07,0.00018471500434227142,4.445228907190568e-18,2010-04,2007-04,0.38628579639716537,0.4208448959132865,-0.009466512417077341,0.008624910235833963
2010-05,0.23002456105009686,0.025757677433636578,0.04085430872408225,-0.0052832120124652665,-0.002230316109221809,-0.0075831031687586216,2.42861286636753e-17,2010-05,2007-05,1.2964175935187792,0.18813683428837422,-0.004296911730128486,0.03005458916376509
2010-06,0.23788493929968765,0.007860378249590794,0.009912994174442327,-0.005420635790199134,-0.0010792276934555127,0.004447247558803093,2.0816681711721685e-17,2010-06,2007-06,0.30877078771112737,0.18791891177804568,0.0007606232350653164,0.0070997550145254495
2010-07,0.2372233101864732,-0.0006616291132144625,-0.0009770388282841216,0.0009489878565570475,-3.2440231042843414e-05,-0.0006011379104445711,2.6129272356900657e-17,2010-07,2007-07,-0.03522832653548221,-0.03325660023045287,0.0011586684402057484,-0.0018202975534202664
2010-08,0.21461776706578461,-0.022605543120688576,-0.006522755572171298,-0.017601163295458622,-4.9820152545643707e-05,0.0015681958994870323,-4.163336342344337e-17,2010-08,2007-08,-0.20725459806514995,0.6139030318601894,-0.013510576480387379,-0.009094966640301058
2010-09,0.22105435998099018,0.006436592915205569,0.00032008291364884225,0.005957375020243282,-1.459966392972726e-05,0.00017373464524317021,8.673617379884035e-19,2010-09,2007-09,0.004604859331444905,-0.20842497764679216,0.007568574032936495,-0.0011319811177310651
2010-10,0.21103784919339785,-0.010016510787592331,-0.005159649388302052,-0.0037635921817747997,9.372267194209557e-05,-0.001186991889457563,-1.0408340855860843e-17,2010-10,2007-10,-0.16825965848303676,0.13208760779292084,-0.0026123975508623443,-0.007404113236729959
2010-11,0.20008975730831982,-0.010948091885078032,0.014114814035000728,-0.025526670383617854,-0.002164759894158521,0.0026285243576975887,2.6020852139652106e-17,2010-11,2007-11,0.434209264228231,0.8877225455213064,-0.02073820985756271,0.009790117972484594
2010-12,0.22517636513806516,0.02508660782974534,0.0385526015965136,0.0002822309326035857,-0.0006931015870008237,-0.013055123112371012,-1.3877787807814457e-17,2010-12,2007-12,1.248568581625107,-0.010180496707425525,0.0006463457103566411,0.024440262119388753
2011-01,0.19958722690260805,-0.02558913823545711,0.007511231646268182,-0.03765962848749981,-0.0022092811142042485,0.006768539719978795,-2.7755575615628914e-17,2011-01,2008-01,0.22048122676710685,1.2971089262867987,-0.030851357426204762,0.00526221919074768
2011-02,0.2079461857826142,0.008358958880006151,0.010338195349864396,0.00029059024228478937,-0.00043094191168338276,-0.0018388848004596992,4.683753385137379e-17,2011-02,2008-02,0.3353195750147559,-0.010216545657426423,0.0005050964541890024,0.00785386242581712
2011-03,0.20195597988811023,-0.005990205894503969,0.004024268381363473,-0.011391927078140022,-4.366403213009961e-05,0.0014211168344026948,-1.5612511283791264e-17,2011-03,2008-03,0.14703457577987172,0.3973351945776826,-0.008942954208284726,0.0029527483137807564
2011-04,0.19376415239118383,-0.008191827496926402,0.001737109229390447,-0.01178065803561845,-0.00011756741439363453,0.0019692887236952444,-6.938893903907228e-18,2011-04,2008-04,0.0668940320011183,0.4102713808547252,-0.009596462651759632,0.0014046351548332864
2011-05,0.18257891525017536,-0.01118523714100847,-0.001893472814147365,-0.008237892579957313,-0.0004532288310040731,-0.0006006429158997342,1.5612511283791264e-17,2011-05,2008-05,-0.07172931184059472,0.2887864291605092,-0.006681165055120772,-0.004504072085887753
2011-06,0.21354922416599192,0.030970308915816563,0.010257045615668009,0.018824119789044972,0.00011126710362665152,0.0017778764074769446,-1.3877787807814457e-17,2011-06,2008-06,0.3360112337342682,-0.6558862325309878,0.023122715189244303,0.007847593726572233
2011-07,0.21138455693342523,-0.002164667232566697,0.0015533528703911914,-0.006679624017208058,-0.0004080112746563045,0.0033696151889064455,2.862293735361732e-17,2011-07,2008-07,0.04582801657972058,0.23193316272812223,-0.0028416036327996164,0.0006769364002329192
2011-08,0.3031309941795502,0.09174643724612497,0.12379850713655492,0.0025062588753274628,-0.003407461414773748,-0.03115086735098362,-6.938893903907228e-17,2011-08,2008-08,3.849808027469978,-0.09295527058049129,0.003170775944157919,0.08857566130196724
2011-09,0.29582358087326743,-0.007307413306282762,0.0041198542628491505,-0.012398170237685007,0.00021541474394693987,0.0007554879246061191,3.5561831257524545e-17,2011-09,2008-09,0.1597746205003716,0.43338862497538116,-0.008132282447468941,0.0008248691411862352
2011-10,0.4482984724751223,0.15247489160185485,0.010741485901883167,0.061361362717021715,-0.0005773925498758161,0.08094943553282584,-5.551115123125783e-17,2011-10,2008-10,0.31767199830669385,-1.9115200605945188,0.14693590279729488,0.0055389888045602464
2011-11,0.4318747418548064,-0.01642373062031588,-0.0016676053329474048,-0.04589691161768111,-0.0008322039573277594,0.03197299028764036,4.163336342344337e-17,2011-11,2008-11,-0.04190708487671874,1.5481545375223502,-0.014256337110675671,-0.002167393509640153
2011-12,0.49303440218869937,0.06115966033389297,0.00010581735635040647,-0.03972784963252262,-0.0013759165912480564,0.10215760920131313,1.1102230246251565e-16,2011-12,2008-12,-0.005099349421684593,1.2376393488404507,0.061251108355353995,-9.144802146029973e-05
2012-01,0.49999858067993785,0.006964178491238482,0.0002091559677790586,0.007020066922543936,0.0004787298917060667,-0.0007437742907904381,-1.4137996329210978e-16,2012-01,2009-01,0.016569742256035868,-0.24588637043927059,0.011082901160945263,-0.004118722669706781
2012-02,0.6325631114181683,0.1325645307382305,0.0011660686676648465,0.0822844278590719,0.0029321235265535846,0.046181910684940056,1.1102230246251565e-16,2012-02,2009-02,0.06188552225076972,-2.762152945675371,0.1341722909197527,-0.0016077601815215337
2012-03,0.6564311735020061,0.023868062083837738,0.007744114363403706,-0.005445889706530691,-0.00175176301611665,0.023321600443081392,-2.0816681711721685e-17,2012-03,2009-03,0.21298608989939483,0.18715750199457376,0.02553675709540859,-0.0016686950115709642
2012-04,0.6932692288519865,0.036838055349980414,0.006430970112548782,-0.04206350759769662,-0.0025016440018175833,0.07497223683694593,-9.020562075079397e-17,2012-04,2009-04,0.1842847734205808,1.3905726835202978,0.03504512199503479,0.001792933354945847
2012-05,0.6811326095856868,-0.01213661926629972,0.03608098464979929,-0.06600126623740701,-0.005619532666919887,0.023403194988227856,3.469446951953614e-17,2012-05,2009-05,1.1194378532417768,2.2707263891690626,-0.021292516955293772,0.009155897688994163
2012-06,0.7035285860391338,0.022395976453447042,0.01228751494398222,-0.02556867531094888,-0.0024211671336145254,0.03809830395402816,6.591949208711867e-17,2012-06,2009-06,0.37050665014304524,0.8702884597239535,0.019069200828010002,0.0033267756254373726
2012-07,0.701335833807822,-0.0021927522313117676,-0.001963172299382619,0.0001640866477981945,-0.00011740739828576558,-0.0002762591814416041,2.6454533008646308e-17,2012-07,2009-07,-0.07094307895653264,-0.005744162010336523,0.0022596989779028465,-0.004452451209214836
2012-08,0.7254495833377947,0.024113749529972694,0.016301470177790562,-0.022061295389472046,0.0005879588830759951,0.029285615858578286,-1.0408340855860843e-16,2012-08,2009-08,0.60839381083788,0.7562977771693215,0.02022076418768609,0.0038929853422870475
2012-09,0.7504092260043694,0.02495964266657469,0.006689238241310467,0.013100084230774628,0.00015189898325754068,0.005018421211231978,7.28583859910259e-17,2012-09,2009-09,0.22080079185649237,-0.4569438106917166,0.02352376884100643,0.0014358738255684789
2012-10,0.7438350410635324,-0.006574184940837058,-0.003936770903625358,-0.0017895960853730516,0.00011128483518242201,-0.0009591027870210183,-5.204170427930421e-17,2012-10,2009-10,-0.12835046798731556,0.062676066840254,9.025278790347757e-05,-0.0066644377287408685
2012-11,0.7369153802943983,-0.006919660769134084,0.00804086350523726,-0.0021892859953026194,-0.0005716836815661844,-0.012199554597502538,-2.6020852139652106e-18,2012-11,2009-11,0.25417662863938706,0.0772562867327153,-0.0005718857736075056,-0.006347774995526578
2012-12,0.7402693555585095,0.0033539752641111864,0.00567850813867646,-0.011814516672052298,-5.462267639019328e-06,0.009495446065126182,-1.3791051634015616e-16,2012-12,2009-12,0.20584216158627336,0.4108500958777847,0.0021763865310602815,0.001177588733051238
2013-01,0.7530661798231791,0.01279682426466966,0.03068375201627631,-0.0031959535242362318,-0.00015301537334731113,-0.014537958854023238,1.3183898417423734e-16,2013-01,2010-01,1.0318579975883155,0.1129471459038824,0.005333091330356865,0.007463732934312461
2013-02,0.7700084693162831,0.016942289493103946,0.006079362562751188,0.001549322686735198,-0.0006025733724050345,0.009916177616022563,3.122502256758253e-17,2013-02,2010-02,0.18606024940892502,-0.05387323601960557,0.015907714611628265,0.0010345748814759026
2013-03,0.7772962563758956,0.007287787059612527,0.0016740145933561539,-0.016156681809581994,-0.00020629089028214058,0.02197674516612043,7.979727989493313e-17,2013-03,2010-03,0.06658359622667408,0.5574532412192911,0.00829943254570159,-0.0010116454860892854
2013-04,0.765152902798347,-0.012143353577548588,-0.0023932115302643863,-0.02018598858070169,-0.0009196395119145295,0.011355486045332203,-1.8561541192951836e-16,2013-04,2010-04,-0.09378904343411358,0.7013088711826064,-0.0045597458016742864,-0.0075836077758743015
2013-05,0.7481193169376124,-0.017033585860734668,0.0338558750831527,-0.10531536423919713,-0.0071933768511263175,0.06161928014643616,-7.632783294297951e-17,2013-05,2010-05,1.050681253525146,3.5362614461108337,-0.024589841869213813,0.007556256008479478
2013-06,0.6596894184986262,-0.08842989843898619,-0.04190090288352672,-0.03670457059026623,-0.001698669535121938,-0.008125755430071348,5.551115123125783e-17,2013-06,2010-06,-1.4395515832998371,1.2920773645353691,-0.006071047272504682,-0.08235885116648206
2013-07,0.6597237563468206,3.4337848194399e-05,0.024622597741978176,-0.01037672682013371,-0.0018750269054239536,-0.01233650616822621,9.540979117872439e-17,2013-07,2010-07,0.7768067284659903,0.36658092298363215,-0.0031692479702232768,0.0032035858184174537
2013-08,0.6556090868136417,-0.00411466953317885,-0.008507530222412105,-0.007107015537211432,0.00033466305968405486,0.011165213166760477,1.5612511283791264e-16,2013-08,2010-08,-0.2734967223409062,0.24663427347008637,0.010515201402013064,-0.014629870935191691
2013-09,0.6632126580366644,0.007603571223022687,-0.0006456677488819406,0.004250982224416421,0.0003084799590067177,0.003689776788481686,-1.960237527853792e-16,2013-09,2010-09,-0.015650314949103877,-0.14836810802568418,0.009047569767523023,-0.0014439985445000025
2013-10,0.6783415502438357,0.015128892207171285,-0.006360123073267767,0.015794067721279677,-0.00023399380578944425,0.0059289413649486955,1.249000902703301e-16,2013-10,2010-10,-0.24079803350923065,-0.5503492539941764,0.029663019981380823,-0.01453412777420987
2013-11,0.6799894525696764,0.0016479023258406666,0.010840079084461033,-0.011305897452494539,0.0001964986998031367,0.0019172219940711223,-8.608565249534905e-17,2013-11,2010-11,0.38708764727701883,0.39514788951948077,-0.00024153334943671778,0.0018894356752777175
2013-12,0.6842323257025936,0.004242873132917269,0.0016221721187092586,-0.057294573167949905,-0.0009617225414468154,0.060876996723604665,6.938893903907228e-17,2013-12,2010-12,0.08165880443214145,1.9159903181631583,0.009938379610473336,-0.005695506477555734
2014-01,0.6809246058299977,-0.0033077198725959267,0.0004059825421803519,-0.011566877712862083,-0.00045998636397008466,0.008313161662055927,-3.8163916471489756e-17,2014-01,2011-01,0.009465232487403647,0.40237555874063646,-0.0033933281237060187,8.5608251110314e-05
2014-02,0.67780288703196,-0.003121718798037687,0.008590770593871125,-0.01925863539487129,-0.001488224402746862,0.00903437040570932,2.0816681711721685e-17,2014-02,2011-02,0.2621389201353079,0.6695706371638297,-0.005257205821991684,0.002135487023953886
2014-03,0.6719029970878098,-0.0058998899441502495,0.0026946572711313522,-0.01570421579239313,-0.0009327703441974375,0.008042438921308905,6.071532165918825e-17,2014-03,2011-03,0.07566927370205745,0.5463725912299919,-0.005305063689337863,-0.0005948262548122751
2014-04,0.6691487214533921,-0.0027542756344176578,-0.00045163567767800603,-0.0034338202111436774,-0.00016485823344984887,0.0012960384878539114,-3.642919299551295e-17,2014-04,2011-04,-0.017656528844445553,0.12006755806216403,-0.0011760033485455068,-0.001578272285872151
2014-05,0.673947596667895,0.004798875214502951,-0.002434963436558377,-0.006562393978177983,-0.00016812343681722595,0.013964356066056541,-3.469446951953614e-18,2014-05,2011-05,-0.083051710853543,0.2272959048860863,0.01158987039180126,-0.006790995177298198
2014-06,0.669407684512186,-0.004539912155709036,0.005888874822866639,-0.037900814997407974,-0.002047746263018293,0.029519774281850552,3.8163916471489756e-17,2014-06,2011-06,0.1712329564171331,1.2973947357078321,-0.0047955120332318635,0.0002555998775228274
2014-07,0.6711003183797826,0.001692633867596549,-0.0003316960769236144,-0.0010110559921614887,-0.00014035057802000908,0.0031757365147016647,-3.469446951953614e-18,2014-07,2011-07,-0.01511545217448046,0.035303126309253155,0.0026915438928422075,-0.0009989100252456584
2014-08,0.43905701565615485,-0.23204330272362772,0.01361020119518705,-0.5847294834818906,-0.011663234097089298,0.35073921366016514,-1.1102230246251565e-16,2014-08,2011-08,0.8098998157689924,14.817877716087287,-0.24024287260439053,0.008199569880762758
2014-09,0.39830758157847385,-0.040749434077681,0.0018469405235733403,-0.07460544397944611,-0.0029628618943176124,0.03497193127250939,0.0,2014-09,2011-09,0.035998740394577095,2.5025448217526813,-0.039452925177818426,-0.001296508899862242
2014-10,0.4417285627583397,0.04342098117986587,0.10258702112870227,-0.02023870504252887,-0.006100611577654941,-0.03282672332865255,-4.163336342344337e-17,2014-10,2011-10,3.1742795158524904,0.7359380910507433,-0.012030762087300584,0.05545174326716662
2014-11,0.4351474975365119,-0.006581065221827831,0.009880834909742802,0.00336275650234242,-0.0016960260297606377,-0.018128630604152433,1.734723475976807e-17,2014-11,2011-11,0.2695526867232179,-0.12012908518758779,0.008879809198521327,-0.015460874420348936
2014-12,0.44053468169776683,0.005387184161254943,0.01131157305895204,-0.0002281865646540065,-0.0002047363756201418,-0.005491465957422987,3.8163916471489756e-17,2014-12,2011-12,0.3757915170010067,0.008036609964481285,0.00022732566462613235,0.0051598584966287
2015-01,0.49316543326002826,0.052630751562261435,0.07818382972653999,0.004485189873877607,-0.004498609476916581,-0.025539658561239555,-3.469446951953614e-17,2015-01,2012-01,2.434675231072944,-0.16126580280608252,0.01872909671220019,0.03390165485006119
2015-02,0.5108332502867493,0.017667817026721044,0.01201515094744747,-0.0005735805874919857,0.0003116979170656898,0.005914548749699885,-1.3877787807814457e-17,2015-02,2012-02,0.4224873852986401,0.019957048841759868,0.011693532087338476,0.005974284939382402
2015-03,0.48914822733127605,-0.021685022955473254,-0.006843929103269973,-0.02542159443726647,-0.0009406474729740107,0.01152114805803715,4.5102810375396984e-17,2015-03,2012-03,-0.24294250407443055,0.8795085260403163,-0.011016427438234055,-0.010668595517239199
2015-04,0.4829137268798138,-0.006234500451462233,0.003675060962951867,-0.01369518998633323,-4.4188927689514554e-05,0.003829817499608625,2.0816681711721685e-17,2015-04,2012-04,0.13740448697664243,0.4774432124177721,-0.0070657149066310765,0.0008312144551690659
2015-05,0.4008541235308612,-0.08205960334895263,-0.008646653196039805,-0.0988569007382092,-0.005205546525702556,0.030649497110998916,1.3877787807814457e-17,2015-05,2012-05,-0.3882054497339267,3.3405234213135926,-0.05508017823651393,-0.026979425112439587
2015-06,0.3348443653534429,-0.06600975817741828,-0.02660918132032573,-0.047086589214799655,-0.0006390577067572243,0.008325070064464344,-1.3877787807814457e-17,2015-06,2012-06,-0.8913810341067024,1.6294029923120334,-0.030550329234208612,-0.035459428943210164
2015-07,0.36128190923008885,0.02643754387664593,0.009023751934031562,0.015320378870721456,0.0003994338587180072,0.001693979213174962,-5.898059818321144e-17,2015-07,2012-07,0.30649935975476333,-0.5349083065742326,0.02139312644017005,0.005044417436476101
2015-08,0.378838537927351,0.017556628697262155,0.06172401816194507,-0.024045571073449113,-0.004556258698739663,-0.015565559692494155,2.42861286636753e-17,2015-08,2012-08,1.9273050314215805,0.8592780426486453,-0.0160391456829668,0.03359577438022923
2015-09,0.3477132956866908,-0.03112524224066021,0.006877652868698621,-0.004163020224697779,-0.0007367261125985478,-0.033103148772062496,-6.938893903907228e-18,2015-09,2012-09,0.20330553941959892,0.15234352693346667,-8.371982993715665e-05,-0.03104152241072322
2015-10,0.3095615454808885,-0.038151750205802304,-0.030661998818933757,0.0017903467523782948,0.0013536489392113845,-0.01063374707845822,-6.938893903907228e-18,2015-10,2012-10,-0.982864682769136,-0.06367660580120285,0.003747651733185836,-0.04189940193898853
2015-11,0.3055823652669134,-0.0039791802139750865,0.02669116219126033,-0.03581436859748917,-0.003836715965129167,0.00898074215738291,6.938893903907228e-18,2015-11,2012-11,0.82436400293102,1.2352081154042422,-0.020659231686526863,0.01668005147255161
2015-12,0.30439005930699214,-0.0011923059599212582,0.007412610190997144,-0.0038400911160907957,-0.0006825519026998733,-0.004082273132127781,4.7271214720367993e-17,2015-12,2012-12,0.23118475852564882,0.13530266108701244,-0.002847465114724085,0.00165515915480266
2016-01,0.3164732120516955,0.01208315274470334,0.09810880071211688,-0.04186287285880274,-0.007886743645772607,-0.036276031462838206,2.0816681711721685e-17,2016-01,2013-01,2.9298194304170058,1.550423734422888,-0.030880890299083086,0.04296404304378665
2016-02,0.3249063306684435,0.008433118616748003,0.03324608294877625,-0.006595648498810581,-0.0021851544894076753,-0.016032161343809973,-1.3877787807814457e-17,2016-02,2013-02,1.0367922904974738,0.23661256081485268,-0.0048612398847803495,0.013294358501528075
2016-03,0.3471810170969409,0.022274686428497392,0.0432567000977235,0.0018437186777713304,-0.0008908422086110281,-0.021934890138386454,4.163336342344337e-17,2016-03,2013-03,1.3929324792323345,-0.06663171989513794,0.004560952713636213,0.0177137337148614
2016-04,0.34765819171894474,0.00047717462200386196,-0.009727320885150652,0.006709859955080483,-0.0003024726843362356,0.003797108236410295,-2.862293735361732e-17,2016-04,2013-04,-0.34971572725521166,-0.23356176702693437,0.014011504483964099,-0.013534329861960126
2016-05,0.31886878187485496,-0.028789409844089786,0.00012069520929184199,-0.04103991883236029,-0.0015597518831740177,0.013689565662152684,-3.469446951953614e-18,2016-05,2013-05,-0.009253980549700228,1.4069340134206718,-0.027671788428963506,-0.0011176214151263353
2016-06,0.3996942940653084,0.08082551219045342,-0.00266791476891215,0.05265138188320193,0.0023555696370093165,0.028486475439154366,-4.163336342344337e-17,2016-06,2013-06,-0.06427503454961263,-1.7695309003504218,0.08845640273315644,-0.007630890542701857
2016-07,0.34311695703752954,-0.05657733702777884,-0.022363908705097496,-0.053879976687692975,3.7446201888429294e-05,0.019629102163123226,-2.0816681711721685e-17,2016-07,2013-07,-0.7259778624009113,1.8361005128472472,-0.02730459710842606,-0.029272739919352836
2016-08,0.3628076552905935,0.019690698253063965,0.0021046709648599705,0.00987403769877448,0.00020931625669478554,0.007502673332734638,9.020562075079397e-17,2016-08,2013-08,0.06987505022156948,-0.3419176485128784,0.019859328988213104,-0.0001686307351488614
2016-09,0.3479724034659785,-0.014835251824614981,-0.011324812591367963,-0.002160768310159056,0.0,-0.0013496709230879146,-4.683753385137379e-17,2016-09,2013-09,-0.3825296812710998,0.07577050081186447,0.0004981059194376358,-0.015333357744052895
2016-10,0.3472831168989328,-0.0006892865670456993,-0.018189726617624115,0.015531033053655273,0.0018713752587481529,9.803173817499929e-05,-9.215718466126788e-18,2016-10,2013-10,-0.5704572729135763,-0.5435095106870987,0.024359232968962863,-0.025048519536008285
2016-11,0.30671954097639065,-0.04056357592254217,0.01209415573316915,-0.029169005008554467,0.0015983381472980853,-0.025087064794454876,-6.245004513516506e-17,2016-11,2013-11,0.47530628182028284,1.0601123499607044,-0.01861488896153557,-0.021948686961007824
2016-12,0.35387837027680247,0.04715882930041182,0.08405553953607983,-0.010980029148405372,-0.0008197845181480004,-0.025096896569114676,4.163336342344337e-17,2016-12,2013-12,2.735438895783222,0.39884090011620954,-0.0029202383737626514,0.05007906767417447
2017-01,0.3515301732992066,-0.002348196977595862,-0.002109740905850347,0.0003183951431525253,1.792889467416296e-05,-0.0005747801095721256,-7.806255641895632e-17,2017-01,2014-01,-0.07143101418966719,-0.0111529102306077,0.00047662953594290736,-0.0028248265135386585
2017-02,0.3442616773861038,-0.0072684959131028015,0.00023566851366608153,-0.009044072366080593,-0.0007260996291936444,0.002266007568505278,7.632783294297951e-17,2017-02,2014-02,-0.00792114504210091,0.3155116846265012,-0.005042626062998962,-0.0022258698501038954
2017-03,0.34725849941399245,0.002996822027888646,0.004030058193415852,-0.00228900676188592,9.383135764207603e-05,0.001161939238716689,-5.160802341031001e-17,2017-03,2014-03,0.14279174746946174,0.07998062099569324,0.00037684922444233826,0.0026199728034464187
2017-04,0.3531552649979598,0.005896765583967345,0.012203888120563226,-0.00015285028077662483,-0.00011593982346642102,-0.006038332432352838,3.469446951953614e-18,2017-04,2014-04,0.40792778272441776,0.005395873832605513,0.00028505649529453336,0.005611709088672756
2017-05,0.3638234986363811,0.010668233638421287,0.0006519638109719541,0.006416417592039412,-4.5645061147702035e-05,0.0036454972965575434,7.979727989493313e-17,2017-05,2014-05,0.014466683663422072,-0.22343270333479737,0.010696666675677313,-2.8433037256025973e-05
2017-06,0.3514456063642401,-0.012377892272140978,-0.006497469867454099,-0.007626924182654528,-0.00040955295789705365,0.0021560547358647425,-3.8163916471489756e-17,2017-06,2014-06,-0.2283016383006716,0.266137744238831,-0.0032048515616198703,-0.009173040710521219
2017-07,0.3526868918887446,0.0012412855245044763,0.0016097873074432457,0.00226188191228861,0.00018548545805775144,-0.0028158691532851605,2.992397996059992e-17,2017-07,2014-07,0.058654591187995965,-0.07948244880478024,0.0032673358442582567,-0.002026050319753836
2017-08,0.3483530287615205,-0.004333863127224058,0.004022092155311517,-0.009706379199270336,-1.2919838508213273e-05,0.0013633437552430132,-3.903127820947816e-17,2017-08,2014-08,0.14614363818593928,0.3390626073419364,-0.0061513656101016,0.0018175024828776531
2017-09,0.34318902147495284,-0.0051640072865676845,-0.00023866663284477136,-0.0076418004632896495,-2.897462072531448e-05,0.002745434430292029,2.0816681711721685e-17,2017-09,2014-09,-0.0016843691045721576,0.2664012314196938,-0.004493554278588413,-0.0006704530079793269
2017-10,0.3190355717239369,-0.024153449751015965,0.022906654911529933,-0.05432845928850965,-0.004132098340600383,0.01140045296656411,2.0816681711721685e-17,2017-10,2014-10,0.703572255337546,1.8687912835499738,-0.038002853374994955,0.013849403623978768
2017-11,0.32619668889340603,0.0071611171694691556,-0.0005326375652064304,-0.009944503047630665,-0.0003392531245092695,0.017977510906815427,9.367506770274758e-17,2017-11,2014-11,-0.020557223863286886,0.33836452405513084,0.008107302177605885,-0.0009461850081367851
2017-12,0.3300186320392894,0.0038219431458833553,0.007617845037623079,-0.002067931690143753,-0.0008085489305384749,-0.0009194212710573565,-1.3964523981613297e-16,2017-12,2014-12,0.23338824885803572,0.07247901617439195,0.00044881302781274446,0.0033731301180708884
2018-01,0.33314833872502675,0.0031297066857373657,0.053060646520803834,-0.052489759869419776,-0.006520091760348989,0.009078911794702285,1.214306433183765e-17,2018-01,2015-01,1.6570800917291806,1.8119937830433486,-0.02886896928469662,0.03199867597043443
2018-02,0.2282655080109342,-0.10488283071409255,-0.07837740557857077,-0.010611205490298717,0.0021626705779661136,-0.01805689022318924,6.938893903907228e-17,2018-02,2015-02,-2.499603262934894,0.3833973863310003,-0.007501952836826822,-0.09738087787726711
2018-03,0.23328872404488435,0.005023216033950145,0.0028133416886727885,0.0022727678198144223,1.380904304762269e-06,-6.427437884179256e-05,-3.5561831257524545e-17,2018-03,2015-03,0.0935560894412104,-0.0795579510874333,0.0029286690437457102,0.0020945469902046016
2018-04,0.2307126002928183,-0.002576123752066062,-0.0014726218818104585,-0.00045223456384976596,0.0006703558265190149,-0.0013216231329248856,3.3393426912553537e-17,2018-04,2015-04,-0.026783153128448065,0.015873293850104362,0.0019618631615376386,-0.0045379869136038115
2018-05,0.2419732138151058,0.011260613522287521,0.006527055293016112,-0.0020818110137349726,0.0003102598344982391,0.006505109408508184,-4.163336342344337e-17,2018-05,2015-05,0.2379127758211835,0.0718604995815574,0.006242974771495824,0.005017638750792086
2018-06,0.2511139561027595,0.009140742287653686,-0.008076548612059363,0.013752061635333147,0.0012026813049154977,0.00226254795946441,-6.938893903907228e-18,2018-06,2015-06,-0.24840718033939127,-0.47911345207418515,0.018592464996249836,-0.009451722708595983
2018-07,0.24575669750055182,-0.005357258602207676,-0.0016657944061761558,-0.004332962471770656,-6.978034429976074e-05,0.000711278620038808,8.847089727481716e-17,2018-07,2015-07,-0.05492365989559934,0.15143659552823194,-0.003339019940085175,-0.0020182386621226955
2018-08,0.20794087385783544,-0.03781582364271638,-0.0017738201120511986,-0.04396632293526095,-0.0015714762471147115,0.00949579565171048,0.0,2018-08,2015-08,-0.07257258798181526,1.5066840824436862,-0.034869921695493564,-0.002945901947223009
2018-09,0.21762979514945552,0.009688921291620078,0.004005584792430561,-0.009276289750966733,-0.0015532030104616948,0.01651282926061794,5.204170427930421e-18,2018-09,2015-09,0.09605338458863655,0.3120802436837304,0.007627671481018075,0.002061249810601948
2018-10,0.1902149742673154,-0.027414820882140117,-0.054770133693311594,0.030948318085562886,0.004742697071296174,-0.008335702345687512,-6.938893903907228e-17,2018-10,2015-10,-1.6969694749412518,-1.105351055149716,0.040429751493453125,-0.06784457237559341
2018-11,0.17919535622892993,-0.01101961803838547,0.01553653750170146,-0.0242533362363296,-0.0025087678193849625,0.00020594851562760177,2.949029909160572e-17,2018-11,2015-11,0.46714597135304714,0.8483935278805258,-0.020624822574511037,0.009605204536125511
2018-12,0.2909680595148577,0.11177270328592778,0.1561446726915746,-0.006869065605231992,-0.002557062742727837,-0.03494584105768698,0.0,2018-12,2015-12,4.852601473415856,0.2578905026908051,-0.003956192917416765,0.11572889620334538
2019-01,0.2236395611177563,-0.06732849839710142,-0.009471853227477428,-0.09138210215865239,-0.0005155461299364291,0.03404100311896483,0.0,2019-01,2016-01,-0.2673982603278091,2.989490231103859,-0.05578184686336078,-0.011546651533741223
2019-02,0.1626303600767938,-0.061009201040962496,-0.01844820129975953,-0.042693404284823946,-0.0040533110759364485,0.004185715619557386,5.551115123125783e-17,2019-02,2016-02,-0.7320019591701997,1.4781063899103797,-0.030149312117119756,-0.030859888923843046
2019-03,0.12364656336254816,-0.038983796714245636,-0.008328012241175586,-0.037209862184823396,-0.0022982306414409963,0.008852308353194322,1.3877787807814457e-17,2019-03,2016-03,-0.3354221392958038,1.2622797760677624,-0.028137562730194778,-0.010846233984051414
2019-04,0.12425494312830986,0.0006083797657616963,-0.013517118145501779,0.01497352476723615,-8.679811369220716e-05,-0.0007612287422804169,-5.0523821237824507e-17,2019-04,2016-04,-0.4760024994894021,-0.5256826065379578,0.01684402808346542,-0.016235648317703653
2019-05,0.15181451242583663,0.027559569297526773,0.034313264409836265,-0.002462933720880719,-0.0003813637028555585,-0.00390939768857322,6.938893903907228e-18,2019-05,2016-05,1.140663565864081,0.08742142543086547,-0.0014651102198507682,0.029024679517377694
2019-06,0.13394800003225393,-0.017866512393582695,-0.00918274249171267,-0.0003986456487447553,0.00013177294256979261,-0.00841689719569505,-1.3877787807814457e-17,2019-06,2016-06,-0.2985279584952246,0.014363960925767173,0.002723350065062441,-0.020589862458645358
2019-07,0.058459289352581045,-0.07548871067967289,-0.09169893053703247,0.02536360875821114,0.0003253448364114746,-0.009478733737263018,-1.3877787807814457e-17,2019-07,2016-07,-2.9768095806353116,-0.9322243973310742,0.027390612783856034,-0.10287932346352976
2019-08,0.05629164718604103,-0.0021676421665400153,0.0010876843835058156,-0.0003301989718552245,-0.0005117677525254997,-0.002413359825665119,1.214306433183765e-17,2019-08,2016-08,0.01949930361999946,0.011800010891503817,-0.00047292445954011386,-0.0016947177069999778
2019-09,0.07259073331544598,0.01629908612940495,0.009840830821676569,0.006758536765744752,-1.4809017929280832e-18,-0.0003002814580163703,0.0,2019-09,2016-09,0.32752615343137276,-0.237099753599267,0.007475328849123417,0.008823757280281664
2019-10,0.08727817228153034,0.014687438966084362,-0.0006065894587280566,0.014231051542501824,0.00011943698489842368,0.000943539897412172,-1.734723475976807e-18,2019-10,2016-10,-0.03059204497278459,-0.4951456224734446,0.01566221308521036,-0.0009747741191258735
2019-11,0.1158739542243466,0.028595781942816256,0.024172331719231444,-0.0025379429680471893,0.001802558827246985,0.005158834364385017,0.0,2019-11,2016-11,0.9089091258707915,0.08656566293616684,0.0068791735403352094,0.021716608402481366
2019-12,0.052806773364289156,-0.06306718086005744,0.005810342680538126,-0.07624046802928001,-0.0009505622478895926,0.00831350673657405,-1.3877787807814457e-17,2019-12,2016-12,0.25105717946466966,2.53953636386448,-0.0689393194448618,0.005872138584803916
2020-01,0.038764771810614614,-0.014042001553674542,-0.01452612119036085,0.0009585957885768475,0.00017057666802384498,-0.0006450528199143897,5.204170427930421e-18,2020-01,2017-01,-0.4859680953332149,-0.03378743725028626,0.000926828159620606,-0.014968829713295259
2020-02,0.0553962508965032,0.016631479085888586,0.020595244477441165,-0.0009227609892038728,-0.0013366604907558378,-0.0017043439115928588,-1.0408340855860843e-17,2020-02,2017-02,0.6443876593335499,0.03287916775717019,-0.001100854336105933,0.017732333421994616
2020-03,0.47559933151152706,0.42020308061502387,0.6995121724879663,-0.002997175842471241,-0.022852667618718753,-0.25345924841175227,-1.1102230246251565e-16,2020-03,2017-03,15.314318690559805,0.14004026191573613,-0.0028124145493417727,0.42301549516436837
2020-04,0.44173540585804,-0.03386392565348706,-0.02360732712682906,-0.003719194448355916,0.00014193938889311045,-0.006679343467195321,1.249000902703301e-16,2020-04,2017-04,-0.7890702987133377,0.1311198237425678,-5.275886555647369e-05,-0.03381116678793081
2020-05,0.44171370875137883,-2.1697106661167087e-05,0.01080103204271284,-0.0017056823622047814,-4.360465800499655e-05,-0.009073442129164186,-4.336808689942018e-17,2020-05,2017-05,0.36393349531791463,0.060311954057922244,-0.0008900157524871777,0.0008683186458258441
2020-06,0.45347302842991,0.011759319678531166,0.02193933253626048,0.0022907870792399014,-0.0008169471845333341,-0.011653852752435872,-8.673617379884035e-18,2020-06,2017-06,0.7071959388699202,-0.08122097186435799,0.003384633594715164,0.008374686083816058
2020-07,0.4505520181355714,-0.0029210102943386107,-0.006375336476334775,-0.0002968577718172949,0.0006004287406147584,0.003150755213198808,-1.0625181290357943e-16,2020-07,2017-07,-0.19690252090840543,0.01035381101493557,0.006017369295772262,-0.008938379590110485
2020-08,0.4540506637079065,0.0034986455723350907,0.013590157429469294,-0.0017221246393646355,-0.0007910767047056714,-0.007578310513063931,3.642919299551295e-17,2020-08,2017-08,0.43353630644952723,0.06077925916287158,-0.0008709894755735137,0.004369635047908493
2020-09,0.4471075226063391,-0.006943141101567352,-0.004694012156718651,-0.0005797400686821247,9.044606526998974e-05,-0.0017598349414365848,1.9081958235744878e-17,2020-09,2017-09,-0.15578067138221505,0.020330528121858878,-0.0003017170066002828,-0.006641424094967402
2020-10,0.4429507139618671,-0.004156808644472043,0.0033880674542839475,-0.01180852137807661,-5.018945777436508e-05,0.004313834737094967,1.734723475976807e-17,2020-10,2017-10,0.1256671817011922,0.4112952128842061,-0.0027895760481496945,-0.001367232596322293
2020-11,0.4495461331374307,0.0065954191755636105,0.012714718561721124,-0.0006186792428052723,-0.00021113414701976358,-0.005289485996332464,-1.3010426069826053e-17,2020-11,2017-11,0.4235457275596189,0.02178209696959765,-0.00027500747322192765,0.006870426648785649
2020-12,0.45260386901595745,0.003057735878526757,0.011171358433185,-0.005627178929004291,-1.3534511825978008e-05,-0.002472909113828019,4.640385298237959e-17,2020-12,2017-12,0.3840911020813335,0.19749112216891596,-0.0029463942100999285,0.006004130088626741
2021-01,0.44053205270283513,-0.012071816313122319,0.01096612889710783,-0.02893464432746996,-6.130031133323e-05,0.00595799942857299,5.377642775528102e-17,2021-01,2018-01,0.40186062998667077,1.0059577806166988,-0.015033749264713792,0.0029619329515914172
2021-02,0.5164364826925811,0.075904429989746,0.01106821585153689,0.04700313686993956,0.0005445987288849438,0.017288478539384627,-1.3877787807814457e-17,2021-02,2018-02,0.3557810977866397,-1.615356474186448,0.07724521545123014,-0.00134078546148364
2021-03,0.47766353249603105,-0.03877295019655008,-0.006379006458477134,0.0010585179222013113,-0.00027884512326869024,-0.033173616537005526,-4.163336342344337e-17,2021-03,2018-03,-0.21998508823250615,-0.038284674349142796,0.0014811774788713872,-0.04025412767542197
2021-04,0.4905676391327386,0.012904106636707546,0.010493663728019107,0.006556308414925128,3.687520449801469e-18,-0.004145865506236734,4.163336342344337e-17,2021-04,2018-04,0.34920031283973807,-0.23045329060044897,0.010863514339372299,0.002040592297335192
2021-05,0.491860675339454,0.0012930362067153922,-0.0003649238398790095,-0.0022152096583606625,-0.00014547204555188936,0.004018641750506953,0.0,2021-05,2018-05,-0.01527619400559391,0.07721519413477759,0.001932436000757709,-0.0006393997940422613
2021-06,0.4912163823514756,-0.0006442929879784121,-0.0007319560061880002,0.0006309534638413177,-9.941539610044289e-06,-0.0005333489060215643,-1.209969624493823e-16,2021-06,2018-06,-0.02584452275717068,-0.02209535212904466,0.0009330225075435961,-0.0015773154955220636
2021-07,0.4765680829879653,-0.014648299363510253,-0.008929703081827056,-7.595892706505053e-05,0.0002562448546622435,-0.005898882209280437,4.85722573273506e-17,2021-07,2018-07,-0.29326607002069066,0.0026747679264586426,2.4752958780904777e-05,-0.014673052322291102
2021-08,0.4757559476718443,-0.0008121353161210099,8.429151416456881e-05,-0.001415724035968975,-1.0133551678117078e-05,0.0005294307573615061,7.26415455565288e-18,2021-08,2018-08,0.0039019970880390656,0.04952279448564123,-0.0007492555138464696,-6.287980227481782e-05
2021-09,0.4677923581591663,-0.007963589512678004,-0.007307934257021146,-0.0009737940186543997,-3.3632378761095946e-05,0.00035177114175858736,4.85722573273506e-17,2021-09,2018-09,-0.24896323674677578,0.034070084040305315,0.0036541893399656133,-0.011617778852643396
2021-10,0.4985990599719774,0.030806701812811088,-0.0087606331133609,0.03564662573951265,-0.0002470418923647862,0.004167751079024158,-2.7755575615628914e-17,2021-10,2018-10,-0.34263913173616733,-1.2422506056740688,0.05352739372046009,-0.02272069190764911
2021-11,0.5044214483606363,0.0058223883886588945,0.0026009984224324456,0.0017189779547123539,-6.568116418961176e-05,0.0015680931757037486,-4.163336342344337e-17,2021-11,2018-11,0.08473224573076171,-0.06007016878124241,0.006923489093709184,-0.0011011007050502897
2021-12,0.4728543123624663,-0.031567135998170015,0.0024980790861822044,-0.06479496358491385,-0.001161955659284608,0.03189170415984622,2.0816681711721685e-17,2021-12,2018-12,0.1119923640867321,2.193973380953042,-0.03295340423567833,0.0013862682375085367
2022-01,0.4041832084792277,-0.0686711038832386,-0.04701463770454949,-0.0005418719730270937,0.001558502854808069,-0.02267309706047017,8.326672684688674e-17,2022-01,2019-01,-1.5062167142107104,0.019456480569087727,0.0009895078098608456,-0.06966061169310012
2022-02,0.36722686352347583,-0.03695634495575184,-0.032304157097059236,0.0005058601313961669,0.0016920838976365556,-0.006850131887725292,-3.469446951953614e-17,2022-02,2019-02,-1.0328950936653112,-0.017862380692771813,0.0060409826118679455,-0.042997327567620064
2022-03,0.34386856922166775,-0.02335829430180808,-0.01862904690508596,0.0011532256210463965,0.0008377863640870662,-0.006720259381855554,-2.7755575615628914e-17,2022-03,2019-03,-0.6007850385453651,-0.040744433628463694,0.0025612825649896642,-0.025919576866798022
2022-04,0.281392322916934,-0.06247624630473375,-0.027722487082413278,0.00197970034544913,0.002110505631967984,-0.038843965199737665,8.326672684688674e-17,2022-04,2019-04,-0.8190533448539195,-0.07360423735507432,0.004031325921192125,-0.06650757222592665
2022-05,0.21855293535322015,-0.06283938756371385,-0.03883991223936041,-0.011593413903376627,0.0014369739211624389,-0.013843035342139228,-2.7755575615628914e-17,2022-05,2019-05,-1.2264432942773187,0.41703553466315413,-0.008657331287266298,-0.05418205627644786
2022-06,0.1954064544529164,-0.023146480900303745,-0.029527443958835085,0.0019098071291085337,0.002190866761795844,0.0022802891676269813,-2.0816681711721685e-17,2022-06,2019-06,-0.937192232228064,-0.06647516896662609,0.010706142407528305,-0.033852623307831994
2022-07,0.24891303272890097,0.05350657827598457,0.004902369776739779,0.03708227226060391,0.0005212890690320346,0.011000647169608866,-2.0816681711721685e-17,2022-07,2019-07,0.1521882940929417,-1.2656696150720974,0.05440394899428315,-0.0008973707182983043
2022-08,0.23709868967072617,-0.011814343058174803,-0.0057756904476512425,-0.004363823600918142,-0.0,-0.0016748290096054547,3.469446951953614e-17,2022-08,2019-08,-0.1916286083995956,0.15326019489158427,-0.0014398478539075221,-0.01037449520426742
2022-09,0.07869695975763409,-0.1584017299130921,-0.13922657540760955,-0.0017728546608294557,0.004417805051913901,-0.021820104896566973,-2.7755575615628914e-17,2022-09,2019-09,-4.258599389687318,0.06647369788781858,-0.0010648332267349306,-0.15733689668635792
2022-10,0.033846916595044504,-0.04485004316258959,-0.04198809869747747,-0.0009815877249297442,0.0009793177387401586,-0.002859674478922523,0.0,2022-10,2019-10,-1.3587079121082462,0.03523696206704392,-0.0010114144239901923,-0.043838628738599526
2022-11,0.01400272849834449,-0.019844188096700015,-0.016516101466802328,-0.003215662280596018,0.0001101404144351334,-0.0002225647637367918,-1.3877787807814457e-17,2022-11,2019-11,-0.5525450091187233,0.11307268152251983,-0.003236275408733289,-0.016607912687966915
2022-12,0.020414232685131532,0.006411504186787043,0.007063273417043537,0.00029313827649856967,-0.0005265615708915576,-0.0004183459358635202,1.3010426069826053e-17,2022-12,2019-12,0.2194510446134306,-0.010384250969318099,0.00015834019117008918,0.006253163995616995
2023-01,0.02765910288767588,0.007244870202544346,-0.001787474550711685,0.008914518939301749,1.3056616083840505e-05,0.00010476919787044702,-4.336808689942018e-18,2023-01,2020-01,-0.06919691839720382,-0.31132796391545353,0.009245835717899109,-0.0020009655153547315
2023-02,0.031937239758536885,0.004278136870861007,0.009729540399187647,-0.00491443790915032,-0.0009713221767351371,0.00043435655755880853,8.673617379884035e-18,2023-02,2020-02,0.305008572067406,0.17075110900526683,-0.004609118304999544,0.008887255175860463
2023-03,-0.4565474160733387,-0.4884846558318756,0.016314072043937988,-0.4246006199865625,-0.007592462518675324,-0.07260564537057565,-1.1102230246251565e-16,2023-03,2020-03,0.863703901505481,11.633222605707543,-0.5137453372944403,0.025260681462562454
2023-04,-0.4537861220513082,0.0027612940220305138,-0.028063967291036506,0.03257588351785659,3.3822242417451477e-06,-0.001754004429031282,-3.469446951953614e-17,2023-04,2020-04,-0.988411112383376,-1.1379591245414487,0.016108827939891823,-0.013347533917861143
2023-05,-0.453775932251025,1.018980028316685e-05,-0.0007094587684559529,0.011897688277606277,0.0005487704139717269,-0.011726810122838863,-2.0816681711721685e-17,2023-05,2020-05,-0.01725514162353668,-0.41103934533703507,0.0003336836863520598,-0.000323493886069004
2023-06,-0.44101188477911574,0.01276404747190929,0.014688488236318234,0.004296008313605004,0.00020429843580690416,-0.00642474751382093,7.806255641895632e-17,2023-06,2020-06,0.5061999100080778,-0.14928084154197307,-0.010947188290820947,0.02371123576273035
2023-07,-0.41965983494011566,0.021352049839000076,0.007201526591661967,0.018043882871483806,-0.0001145996808211929,-0.003778759943324494,-6.938893903907228e-18,2023-07,2020-07,0.2245913377533384,-0.6287635116188032,0.010062165368570603,0.011289884470429473
2023-08,-0.42807972321419424,-0.00841988827407858,-0.015300086026662269,0.011650459585022657,0.001841148768823318,-0.0066114106012623765,9.020562075079397e-17,2023-08,2020-08,-0.4729646680022334,-0.40458591787772863,-0.0004908492529026309,-0.007929039021176226
2023-09,-0.4392977252489172,-0.011218002034722951,-0.008589783875419532,-0.004298293785368823,6.562589650260132e-05,0.0016044497295628225,-1.9081958235744878e-17,2023-09,2020-09,-0.2853504599884137,0.15071855496424325,-0.006487933125421674,-0.004730068909301333
2023-10,-0.4655294161298493,-0.026231690880932135,-0.04952321068736203,-0.00022404513585350716,0.0016114560727973762,0.021904108869486072,-4.163336342344337e-17,2023-10,2020-10,-1.5907015425516795,0.008031165338006631,-0.0005138507684333826,-0.025717840112498586
2023-11,-0.4948000231458965,-0.029270607016047168,-0.05839433976731356,0.003694571661568977,0.00025587943443539026,0.025173281655262017,1.3877787807814457e-17,2023-11,2020-11,-1.9300392620405664,-0.13269461134812063,-0.0027782059031351836,-0.02649240111291193
2023-12,-0.5308342693992161,-0.03603424625331958,-0.08803985312283066,0.004886880709733378,0.00047844538020149277,0.04664028077957618,3.469446951953614e-17,2023-12,2020-12,-2.849056641687975,-0.17879052907426612,-0.0033421372152285245,-0.03269210903809083
2024-01,-0.5381115463036785,-0.007277276904462449,-0.003145339920235767,-0.00415325796474498,1.1915139218338062e-05,9.405841300025619e-06,-6.505213034913027e-17,2024-01,2021-01,-0.1025846897753705,0.1453653078495262,-0.007202540158322002,-7.47367461404469e-05
2024-02,-0.5311729314350923,0.006938614868586268,0.007449213625071357,-0.0052774448206571655,4.711038213137832e-05,0.004719735682040703,-4.336808689942018e-18,2024-02,2021-02,0.25906552198488364,0.18552587378478372,-0.008071277037852542,0.015009891906438921
2024-03,-0.5413921728714284,-0.010219241436336124,-0.006468137157780489,0.0006842226314939867,0.0007922224683383211,-0.005227549378388003,6.071532165918825e-17,2024-03,2021-03,-0.1947485781901808,-0.023831070884176766,-0.008422421795526935,-0.0017968196408090775
2024-04,-0.5562741060600176,-0.014881933188589214,-0.017042611919156955,0.00714552019193212,0.0019612465438885655,-0.006946088005253028,8.326672684688674e-17,2024-04,2021-04,-0.5234239578495847,-0.24851053178280125,-0.009586071310629385,-0.005295861877960273
2024-05,-0.5612318453083938,-0.0049577392483761695,-0.008244727621871327,-3.6172758435547694e-05,6.557541141409827e-05,0.003257585720516774,-1.6740081543176188e-16,2024-05,2021-05,-0.27747201379337766,0.0012697370551367638,-0.0014146007474710176,-0.003543138500904819
2024-06,-0.5696301476162728,-0.00839830230787908,-0.022654195336988238,0.005911100637836897,0.00011253954902262793,0.008232252842249564,6.938893903907228e-17,2024-06,2021-06,-0.767164341591291,-0.20839443227994872,0.0009661377754693334,-0.009364440083348746
2024-07,-0.5655853983997096,0.0040447492165632815,-0.0069208532881945735,0.020329199875073735,8.915238682232062e-05,-0.009452749757138126,-7.45931094670027e-17,2024-07,2021-07,-0.2543321865570992,-0.7055978575741323,0.00698770902958018,-0.0029429598130166768
2024-08,-0.5093816110247308,0.056203787374978775,0.02754549889968728,0.005326397948578743,-0.000978256075782957,0.02431014660249568,2.7755575615628914e-17,2024-08,2021-08,0.8785049319618019,-0.19064269760611563,0.0023912697645043224,0.053812517610474786
2024-09,-0.5152273727626541,-0.005845761737923283,-0.01387009408903749,0.00048616752863033934,0.000596131612745042,0.006942033209738777,4.85722573273506e-17,2024-09,2021-09,-0.44909287399132053,-0.017131141334321365,7.478330077270723e-05,-0.005920545038696101
2024-10,-0.4801730671067283,0.035054305655925766,0.0227888195290795,0.0017510309841238022,-0.0003990682294288862,0.010913523372151294,5.551115123125783e-17,2024-10,2021-10,0.7518343932558635,-0.061958200941592025,-0.000328052671190876,0.03538235832711681
2024-11,-0.4641111047035554,0.016061962403172925,0.009267839399357963,0.010725576588678063,0.0005475164419328349,-0.004478970026795734,-2.0469737016526324e-16,2024-11,2021-11,0.32510170280067735,-0.37361477342972477,0.002028840354014766,0.014033122049158492
2024-12,-0.47073508105663076,-0.006623976353075378,-0.0009274830183458066,-0.0030782616328340604,-0.00012586563344312902,-0.0024923660684525637,1.8214596497756474e-16,2024-12,2021-12,-0.03293794189475107,0.10745191354945846,-0.00612842219517612,-0.0004955541578995915
2025-01,-0.4635716439936074,0.007163437063023359,-0.006545268824368996,0.019390506044087107,7.171234867035608e-05,-0.005753512505364971,-1.3704315460216776e-16,2025-01,2022-01,-0.24060508863086616,-0.6744887939733601,0.010423454712180119,-0.00326001764915676
2025-02,-0.4561279331191498,0.00744371087445761,-0.0013663684721927363,0.011046624803360652,0.0012407840002012992,-0.003477329456911619,1.3877787807814457e-17,2025-02,2022-02,-0.015069895841333416,-0.38517010162215626,0.0022403905502648702,0.005203320324193017
2025-03,-0.37478787057741475,0.08134006254173504,0.05090470833819338,0.00782636265084819,-0.0015611961072576424,0.024170187659951,1.1102230246251565e-16,2025-03,2022-03,1.6227235038177699,-0.28190673513476516,0.004545720704059147,0.07679434183767611
2025-04,-0.36200848052805934,0.01277939004935541,0.011571643641097739,0.013492544491036568,-0.0029221955375317217,-0.009362602545247116,-5.551115123125783e-17,2025-04,2022-04,0.28477568899532585,-0.4662405211259639,-0.013026318427440259,0.025805708476795503
2025-05,-0.31854891721342526,0.043459563314634075,0.023256887450415514,0.029139980340328015,0.0001415560454277302,-0.009078860521537198,1.3877787807814457e-17,2025-05,2022-05,0.7780995641498648,-1.0063075014441965,-0.00010544719724620011,0.04356501051188039
2025-06,-0.3024858350002032,0.016063082213222057,-0.007102736643706834,0.029158701182185526,0.0018185709892522637,-0.007811453314508879,-2.0816681711721685e-17,2025-06,2022-06,-0.21077411395699275,-1.0077240789274058,0.019789949832747705,-0.0037268676195257033
2025-07,-0.31693939375039215,-0.014453558750188944,-0.0025048818394153203,-0.008444537048463551,-0.0009252917158191219,-0.002578848146490902,-4.683753385137379e-17,2025-07,2022-07,-0.10896301685348135,0.2943282008751735,-0.015028998477864652,0.0005754397276757084
2025-08,-0.31995749785564026,-0.0030181041052481095,-0.0021281928218687554,0.006799397063433418,-0.0005483956180026727,-0.007140912728810134,3.469446951953614e-17,2025-08,2022-08,-0.09878409361495634,-0.23531086219357225,-0.002791179871723337,-0.00022692423352460578
2025-09,-0.18195116723251695,0.1380063306231233,-0.0095163185277189,0.18707633371489632,0.007913365001851792,-0.04746704956590588,-2.7755575615628914e-17,2025-09,2022-09,-0.2580529779855655,-5.94868708058743,0.14362891038794254,-0.005622579764818947
2025-10,-0.10496893188038567,0.07698223535213128,-0.0023845755022656734,0.08959441380826429,0.0033683840876199598,-0.013595987041487274,-1.3877787807814457e-17,2025-10,2022-10,-0.05613319672567967,-2.9893700865107578,0.07860323317054499,-0.0016209978184133847
2025-11,-0.0937807507109287,0.011188181169456968,-0.0020533759493538742,0.014322825951107067,0.000764097618179346,-0.0018453664504755687,-1.734723475976807e-18,2025-11,2022-11,-0.05833255093898024,-0.4966472399381335,0.012616598114172727,-0.001428416944715745
2025-12,-0.11858943812063769,-0.024808687409708985,0.00016443720302923974,-0.021133308363986324,-0.0007146070652505657,-0.003125209183501335,0.0,2025-12,2022-12,0.0018521142777438615,0.7287645732054443,-0.024969166682963395,0.00016047927325429923
2026-01,-0.12193964180669323,-0.0033502036860555418,-0.001355006878494981,-0.0017189689963589348,3.525293341326114e-05,-0.00031148074461490727,1.9949319973733282e-17,2026-01,2023-01,-0.04329306624060521,0.060086002432176884,-0.0022227054180137817,-0.0011274982680417878
2026-02,-0.12777870048136683,-0.005839058674673603,0.009922170930214753,-0.013423405101504714,-0.001392356443169714,-0.0009454680602139021,-2.688821387764051e-17,2026-02,2023-02,0.3044495898121995,0.4680402463945915,-0.016382714929825723,0.010543656255152106
2026-03,-0.17122940542776863,-0.0434507049464018,-0.025627141760589268,-0.019822983564368568,0.00021596156191220158,0.0017834588166438091,2.0816681711721685e-17,2026-03,2023-03,-0.8403756492658078,0.6979389518478726,-0.02516848434680713,-0.018282220599595
2026-04,-0.14122046806545663,0.030008937362312,0.007633867926300237,0.024214592067307056,-0.00022867702602070671,-0.00161084560527459,1.0408340855860843e-17,2026-04,2023-04,0.22961734312280055,-0.8431436302241576,0.020534006527957574,0.009474930834354592
2026-05,-0.10177893264153064,0.03944153542392599,0.03152273697391537,0.003511524194710774,-0.0003782980683779493,0.00478557232367781,-6.938893903907228e-18,2026-05,2023-05,1.0354995598325454,-0.12533061271247292,0.0033118127983835788,0.03612972262554266
2026-06,-0.12570004302475393,-0.023921110383223296,0.0019167868472189503,-0.02231320958556218,-0.0010478962090795677,-0.0024767914358004954,-3.469446951953614e-18,2026-06,2023-06,0.051818506742079565,0.7724504707740206,-0.025859918212156774,0.0019388078289333671
2026-07,-0.14602703030160308,-0.020326987276849146,-0.0058873265627529215,-0.01332535205513194,-8.667992149271163e-05,-0.0010276287374715947,2.0816681711721685e-17,2026-07,2023-07,-0.1910469415565518,0.46462304495481,-0.01550686497464844,-0.004820122302200927
2026-08,-0.11378081028542093,0.032246220016182145,0.0045548033856182705,0.030405331320632285,0.001037445344457703,-0.0037513600345260825,-2.7755575615628914e-17,2026-08,2023-08,0.16304722624253665,-1.0488514461554441,0.027007058953568322,0.005239161062614017
