,rho,d_rho,entry,exit,mean_shift,rescaling,check_residual,entering_month,exiting_month,c_entering_new_window,c_exiting_old_window,shapley_exit,shapley_entry
1956-05,-0.26812611799531927,-0.09280097824942127,-0.0656778600494909,-0.028006810334721407,0.003657557647130616,-0.0027738655123395934,1.3877787807814457e-17,1956-05,1953-05,-2.0962314974538416,0.9740989923127329,-0.04473120254064848,-0.04806977570877281
1956-06,-0.3294206839772636,-0.06129456598194433,-0.019162759652165164,-0.03132518043222313,-0.0010846272151769515,-0.009721998682379097,1.3877787807814457e-17,1956-06,1953-06,-0.6692476313958677,1.0785182334535295,-0.0479973516167497,-0.013297214365194626
1956-07,-0.36828307581720343,-0.038862391839939836,-0.041378785469778655,0.0071558721096603535,0.003366729378412047,-0.008006207858233607,2.7755575615628914e-17,1956-07,1953-07,-1.315352935488732,-0.2475800661581616,-0.013334051269790953,-0.025528340570148828
1956-08,-0.28615983850808324,0.08212323730912019,0.058443285988249626,-0.0020368723906511494,-0.0006741977125654335,0.026391021424087176,-2.7755575615628914e-17,1956-08,1953-08,1.888108890958267,0.07417533207182185,-0.0028424085407309785,0.08496564584985117
1956-09,-0.21378473402132103,0.07237510448676221,0.018331815625057184,0.06189568501330419,0.0003671850568532644,-0.008219581208452427,0.0,1956-09,1953-09,0.5855559082446073,-2.1308259666631577,0.04259302618237691,0.029782078304385326
1956-10,-0.28479486469168885,-0.07101013067036782,-0.021660802978498636,-0.028361324186809946,-0.002286804447811377,-0.018701199057247833,-2.7755575615628914e-17,1956-10,1953-10,-0.8169586792012135,0.9552655330497558,-0.05496015543318718,-0.01604997523718056
1956-11,-0.23519894958311008,0.049595915108578775,0.040062498553444424,0.00011511342336720332,-0.0012596834475067551,0.010677986579273895,1.3877787807814457e-17,1956-11,1953-11,1.2931085043170025,-0.004111831589387778,-7.416353081207694e-05,0.049670078639390686
1956-12,-0.23272561916760015,0.002473330415509928,0.002643948734526006,0.003955848125077537,-2.0465363948884666e-05,-0.00410600108014478,4.9439619065339e-17,1956-12,1953-12,0.0861748538705357,-0.13723990533587313,-0.0020299611081787128,0.004503291523688696
1957-01,-0.3062832725355619,-0.07355765336796177,-0.0707549251160567,-0.012989377655537543,0.0003551093882272412,0.00983154001540532,-8.326672684688674e-17,1957-01,1954-01,-2.339578135385411,0.4628973825174004,-0.024220199846156476,-0.0493374535218053
1957-02,-0.3692995792443124,-0.06301630670875047,-0.09281893012157859,-0.002281413367938428,0.0022137019957327248,0.029870334785033835,-2.7755575615628914e-17,1957-02,1954-02,-2.9454762918910777,0.08335874085893356,-0.0033817802338733105,-0.05963452647487699
1957-03,-0.3881437962299507,-0.018844216985638318,0.0008498632510820791,-0.009104968195336276,-0.0004312337199081047,-0.010157878321476039,2.0816681711721685e-17,1957-03,1954-03,0.02340688179048698,0.3143995758272268,-0.020566668963145185,0.0017224519775065894
1957-04,-0.4322603418154358,-0.04411654558548511,-0.002884911129249034,-0.02859018882926928,-0.0007168384503439896,-0.011924607176622781,-2.7755575615628914e-17,1957-04,1954-04,-0.09614169541068339,0.9861037200586298,-0.04253541356623633,-0.001581132019248671
1957-05,-0.4346728188290534,-0.0024124770136175755,-0.019156483470896952,0.015054152892547107,-1.680342483299025e-05,0.0017066569895652361,2.3418766925686896e-17,1957-05,1954-05,-0.6657471555402859,-0.5279325952434902,0.008287471614847441,-0.010699948628464906
1957-06,-0.4193870250987047,0.015285793730348718,-0.003063123414934481,0.000984438612793415,0.0003484114476478894,0.01701606708484193,-3.642919299551295e-17,1957-06,1954-06,-0.0914732469929512,-0.03514180323728086,0.0006189612653401122,0.01466683246500855
1957-07,-0.4670356874644556,-0.04764866236575094,-0.004227357437092266,-0.03112644457508553,-0.0011433987616216892,-0.011151461591951564,1.1102230246251565e-16,1957-07,1954-07,-0.15441248034024924,1.0757131559058404,-0.04793641817284128,0.00028775580709039517
1957-08,-0.47017879448702604,-0.003143107022570424,-0.036527980748349204,0.0015817966424037863,0.001604544881902088,0.030198532201472814,9.367506770274758e-17,1957-08,1954-08,-1.1516080089322511,-0.057144721907877886,0.0009984564161932274,-0.004141563438763873
1957-09,-0.48395892115655254,-0.013780126669526493,-0.0299235670360102,-0.0018371447319414289,0.0007605439530622317,0.017220041145363033,-1.2836953722228372e-16,1957-09,1954-09,-0.9726997230825015,0.06545985759890763,-0.003103847888685618,-0.01067627878084082
1957-10,-0.45839283845159123,0.0255660827049613,-0.0017309585896078867,0.0019692669587759483,0.0003954369967200326,0.0249323373390732,6.938893903907228e-18,1957-10,1954-10,-0.04610636023518244,-0.07074794662732496,0.0007574464711728179,0.02480863623378865
1957-11,-0.4607914488701903,-0.0023986104185990675,-0.06861928744723689,0.004149985069903022,0.004256244709722154,0.05781444724901257,6.938893903907228e-17,1957-11,1954-11,-2.0567223237839554,-0.15434798015386175,-0.00027064995750580856,-0.0021279604610936476
1957-12,-0.3642457951369368,0.09654565373325352,-0.02175959383644174,0.0009015805579631184,0.004745354579860576,0.11265831243187172,-1.5265566588595902e-16,1957-12,1954-12,-0.5008674453022838,-0.0358527486012933,-0.004886564797638132,0.10143221853089188
1958-01,-0.341949988511465,0.02229580662547176,0.012374522785900658,0.00715946067235151,-5.7638918661659974e-05,0.0028194620858811607,9.020562075079397e-17,1958-01,1955-01,0.4105099022691535,-0.25158167012759003,0.004354615305994791,0.017941191319476968
1958-02,-0.33909600464767786,0.0028539838637871573,-0.0002678911951946528,0.005664378897314164,0.0004118590015062276,-0.0029543628398385827,8.673617379884035e-19,1958-02,1955-02,-0.0006107684782220409,-0.19739327484646416,0.0023349313909965808,0.000519052472790521
1958-03,-0.33154736056334844,0.007548644084329426,0.007841967014570904,-0.0016760605869559021,-0.0004795040408094762,0.0018622416975238977,2.6020852139652106e-18,1958-03,1955-03,0.25145754947013405,0.05882501728531309,-0.002535964236792365,0.010084608321121846
1958-04,-0.32013794233773185,0.011409418225616585,0.0006636000829153957,0.011974588653665087,0.0008184253594840245,-0.0020471958704478864,-3.469446951953614e-17,1958-04,1955-04,0.03890991167163059,-0.41779409958525726,0.007898206450414086,0.0035112117752024996
1958-05,-0.32423656735047035,-0.004098625012738499,-0.006688535273060184,-0.0005329539710140137,0.00016811463486418916,0.0029547495964714647,4.423544863740858e-17,1958-05,1955-05,-0.2203423021669413,0.01873891894764578,-0.0008307423655102286,-0.0032678826472282707
1958-06,-0.33243835556924967,-0.008201788218779316,-0.005546582726388515,0.006539631963494619,-0.0001568105003504218,-0.009038026955534937,-6.071532165918825e-17,1958-06,1955-06,-0.20319033105426415,-0.22573692732571427,-0.004619092810531411,-0.003582695408247738
1958-07,-0.32429643928791985,0.00814191628132982,-0.032004993201901116,0.050149623710798494,-0.0008051491064389466,-0.009197565121128659,4.683753385137379e-17,1958-07,1955-07,-1.1815255755526717,-1.7306638361995321,0.026669197737012235,-0.018527281455682637
1958-08,-0.3645051223734154,-0.04020868308549558,-0.0659382862154712,-0.0033917225940720106,0.0018302113218196076,0.027291114402228065,-4.163336342344337e-17,1958-08,1955-08,-2.092189192198237,0.12339560812922094,-0.004702589779381178,-0.0355060933061144
1958-09,-0.38999453831023567,-0.025489415936820248,-0.02444252334794162,-0.0028142993782278285,-0.000604494467462568,0.0023719012568117126,5.898059818321144e-17,1958-09,1955-09,-0.8468878073342712,0.09881009573021476,-0.011985144005653342,-0.01350427193116685
1958-10,-0.3695691889450478,0.02042534936518786,-0.0027191269545934413,0.03312462136100758,0.001739728660551736,-0.011719873701777985,-2.42861286636753e-17,1958-10,1955-10,-0.06654171134261931,-1.1414847589128407,0.01605678616985501,0.0043685631953327975
1958-11,-0.37645138525170574,-0.006882196306657928,0.01247133305797139,-0.0037689452657939104,0.00047132882960636307,-0.016055912928441687,-8.326672684688674e-17,1958-11,1955-11,0.45362914798435544,0.1290747915909013,-0.024535249542180088,0.017653053235522215
1958-12,-0.3801895819186553,-0.003738196666949578,-0.0072495745912680475,0.0013594918175391059,5.6859931521730336e-05,0.002095026175257555,7.806255641895632e-17,1958-12,1955-12,-0.24539249698092447,-0.047713958866251106,0.000617836686223866,-0.004356033353173444
1959-01,-0.38600619461646524,-0.00581661269780992,-0.02533842887494151,0.015411188955708668,0.002248056181187779,0.001862571040235226,-8.153200337090993e-17,1959-01,1956-01,-0.7987507769844896,-0.5407028066893235,0.008494495198892449,-0.014311107896702424
1959-02,-0.3950210368718716,-0.009014842255406386,-0.01261557873622953,0.00028476186178116083,2.8490789152375584e-05,0.0032874838298894947,1.1275702593849246e-16,1959-02,1956-02,-0.42678360127456405,-0.010008613864210708,-0.001534330694376168,-0.007480511561030384
1959-03,-0.3814072756336682,0.013613761238203403,0.0007517958119915312,0.03663577137168985,0.0007652780778290175,-0.024539084023306994,3.469446951953614e-18,1959-03,1956-03,0.01650958394351881,-1.2417890558848144,0.010717300638545368,0.0028964605996582016
1959-04,-0.38615682000633594,-0.0047495443726677244,-0.0063890804208636565,0.008186884634326699,-8.328772246456959e-05,-0.006464060863666254,5.637851296924623e-17,1959-04,1956-04,-0.230121530209673,-0.28412789547660494,-0.0010298907102016253,-0.00371965366246621
1959-05,-0.3694626252894591,0.01669419471687683,-0.008853815578421291,0.03128085845827285,0.0023090303609169097,-0.008041878523891557,-8.326672684688674e-17,1959-05,1956-05,-0.25580936307338337,-1.0831820863248731,0.019461931022603962,-0.0027677363057270754
1959-06,-0.3644611559317425,0.005001469357716615,-0.0012878569497622148,0.007919295956197071,-5.447815877221972e-05,-0.0015754914899459521,-7.025630077706069e-17,1959-06,1956-06,-0.053490574686349754,-0.2765803661401899,0.00478902054906985,0.00021244880864687565
1959-07,-0.3511106801266142,0.01335047580512827,-0.002795061695193571,0.025236093840726254,0.000186537562535403,-0.009277093902939895,7.806255641895632e-17,1959-07,1956-07,-0.1147656227791345,-0.8718168307016398,0.009379191517688817,0.003971284287439397
1959-08,-0.375793871869383,-0.024683191742768784,-0.0011801380101169876,-0.01527787110319112,1.338073314955298e-05,-0.008238563362610222,-6.938893903907228e-18,1959-08,1956-08,-0.025130372728911186,0.5286634823537629,-0.02478805226191516,0.00010486051914626593
1959-09,-0.31015691244206817,0.06563695942731484,0.0608710439522932,-0.006245819073997976,-0.0001988136531180647,0.011210548202137752,-6.938893903907228e-17,1959-09,1956-09,2.036729297164198,0.22218096954588762,-0.01581139517605648,0.08144835460337149
1959-10,-0.3067589877778404,0.0033979246642277805,-0.008767094170827423,0.008710525364348978,-0.00023664692718369467,0.003691140397889882,3.8163916471489756e-17,1959-10,1956-10,-0.3129620824534372,-0.3066924756409356,0.005750901404484032,-0.0023529767402563073
1959-11,-0.32490746497452816,-0.018148477196687773,-0.0006769770980299819,-0.012984538209337069,-0.0004048490807097811,-0.004082112808610951,1.0408340855860843e-17,1959-11,1956-11,-0.024344622288840222,0.45152149708220246,-0.017772432586489834,-0.00037604461019782875
1959-12,-0.3347058860227933,-0.009798421048265116,-0.018685872374463893,0.004009258363710374,0.00012390254264969862,0.004754290419838711,-6.938893903907228e-18,1959-12,1956-12,-0.6309405664425459,-0.14133529454304095,0.0024513081685034466,-0.012249729216768618
1960-01,-0.31279612910694293,0.021909756915850342,-0.001657447080153533,0.029482236119643967,0.00010185318230540728,-0.006016885305945474,-2.42861286636753e-17,1960-01,1957-01,-0.08235461874646395,-1.0222934186111372,0.0202493605275037,0.001660396388346752
1960-02,-0.33609691138664527,-0.023300782279702337,-0.07886090150730472,0.04929975620732408,-7.869321380933264e-05,0.006339056234087647,-1.0408340855860843e-17,1960-02,1957-02,-2.7073720054460058,-1.7423403318676685,0.030093813901094918,-0.05339459618079742
1960-03,-0.3535350251242289,-0.017438113737583638,-0.035692709530386335,0.0016226760859193493,0.001474045177985534,0.015157874528897754,5.551115123125783e-17,1960-03,1957-03,-1.1403618147382129,-0.058040674172244164,0.0012105783093819544,-0.018648692046965593
1960-04,-0.35023689403744107,0.0032981310867878366,-9.333928485061458e-05,0.005391455600506377,8.98262969701062e-05,-0.002089811525837998,-3.3393426912553537e-17,1960-04,1957-04,-0.005377151634211395,-0.18814062180379143,0.00315901932764992,0.00013911175913808305
1960-05,-0.3321290987389285,0.018107795298512586,0.004067483413950044,0.020580612628396888,0.0004993782853317137,-0.007039679029166124,6.245004513516506e-17,1960-05,1957-05,0.13678746900770636,-0.7128930159939738,0.012411039789951173,0.005696755508561191
1960-06,-0.27040598395068827,0.06172311478824022,0.04353546575775403,0.013013205326835336,-0.0014072433402532785,0.006581687043904262,-1.3183898417423734e-16,1960-06,1957-06,1.4053418026458526,-0.46044233173237475,0.006907790171726991,0.054815324616513394
1960-07,-0.29417763964521704,-0.02377165569452877,-0.04752702052334656,0.010653964174948898,0.00286644481559104,0.010234955838277764,8.326672684688674e-17,1960-07,1957-07,-1.5023509946781843,-0.37964122960763114,0.00814172381328468,-0.03191337950781345
1960-08,-0.310478775852084,-0.016301136206866962,0.004549705589509322,-0.0004581154382157616,-0.0011249349717936752,-0.019267791386366816,-3.122502256758253e-17,1960-08,1957-08,0.12070987561988192,0.015523184502016472,-0.02184475508357736,0.005543618876710343
1960-09,-0.3129698269067509,-0.002491051054666904,0.0012298219801217848,0.001734639255117338,2.0085703561465443e-05,-0.005475597993467509,1.691355389077387e-17,1960-09,1957-09,0.04120384383429962,-0.060179174278874835,-0.012394087785071672,0.009903036730404657
1960-10,-0.3505628022770426,-0.037592975370291715,0.016537634343362233,-0.024389218183619936,0.00032265524922282557,-0.030064046779256805,-3.469446951953614e-17,1960-10,1957-10,0.6245128529892677,0.8149258834520235,-0.06165270257282565,0.02405972720253416
1960-11,-0.31713266688068587,0.03343013539635675,-0.007540866860932111,0.050582096932005695,0.0030749593648696527,-0.012686054039586551,6.938893903907228e-17,1960-11,1957-11,-0.2049585934433931,-1.7367807469776355,0.03482442571305602,-0.0013942903166993814
1960-12,-0.3179215649306728,-0.0007888980499869414,0.011129341707103252,0.03694488763610216,0.002242813884179395,-0.05110594127737166,-8.326672684688674e-17,1960-12,1957-12,0.452621274251765,-1.1896664525972536,-0.016236095452246968,0.015447197402259971
1961-01,-0.3148545010824608,0.0030670638482119816,0.0057925382430081135,-0.011873665649387946,0.0008509340216333012,0.008297257232958474,3.903127820947816e-17,1961-01,1958-01,0.234491169767616,0.4210269652566873,-0.016550683095892416,0.019617746944104508
1961-02,-0.28588303328504433,0.028971467797416495,0.019744691382242236,0.00290912464331356,-0.00021908795414174586,0.006536739726002437,6.938893903907228e-18,1961-02,1958-02,0.6543828230716162,-0.10292772900615108,0.0021345768494395734,0.02683689094797692
1961-03,-0.28206688483615483,0.0038161484488895003,0.009181495997709932,-0.006486159526403315,5.5621857953067946e-05,0.0010651901196298197,-3.903127820947816e-18,1961-03,1958-03,0.3200232452343342,0.22744135503795984,-0.008460364234815498,0.012276512683704999
1961-04,-0.2800746234618441,0.0019922613743107442,-0.002453602406378744,0.005585093031775314,0.0006236047094236735,-0.0017628339605094772,-2.211772431870429e-17,1961-04,1958-04,-0.06791300645774424,-0.1948652636803986,0.002862019291643453,-0.0008697579173326531
1961-05,-0.27810732607197436,0.0019672973898697266,-0.002150713779826148,0.004536995382633071,0.000627776615801339,-0.001046760828738546,9.974659986866641e-18,1961-05,1958-05,-0.05633858827405719,-0.1584970528159227,0.0020785065851463003,-0.00011120919527668471
1961-06,-0.2373682793503017,0.04073904672167267,0.031055681069041833,0.004128821013369639,-0.00093362360472242,0.00648816824398364,-2.7755575615628914e-17,1961-06,1958-06,1.0081110431757552,-0.14632915613041178,0.00286457940893399,0.03787446731273879
1961-07,-0.212465364014,0.02490291533630168,0.0018273596577358866,0.03053052695390586,0.0014387824132253851,-0.008893753688565466,1.3877787807814457e-17,1961-07,1958-07,0.08306521970432164,-1.0474728462596903,0.021814341272614265,0.00308857406368733
1961-08,-0.17168774881324925,0.040777615200750766,-0.022116772371880075,0.0796559359132239,0.00012002815642916533,-0.016881576497022193,-2.7755575615628914e-17,1961-08,1958-08,-0.862003320179061,-2.666238802952468,0.05933087199854753,-0.018553256797796708
1961-09,-0.1552934635779637,0.01639428523528555,-0.01222004856795648,0.0324462789216203,0.002540940926403004,-0.006372886044781282,0.0,1961-09,1958-09,-0.36792803158377413,-1.113516410953793,0.025731403181909737,-0.009337117946624215
1961-10,-0.14542502040948369,0.009868443168480012,0.0009624844248402997,0.011315958072017542,0.0008099296392118701,-0.003219928967589712,1.214306433183765e-17,1961-10,1958-10,0.049837421308150484,-0.3918197289651432,0.008077318716517873,0.001791124451962084
1961-11,-0.16186706435979295,-0.016442043950309265,-0.0065184250272390856,-0.01273004118625614,0.00030157229069696634,0.0025048499724890155,-2.0816681711721685e-17,1961-11,1958-11,-0.19754656829939968,0.44918147047208373,-0.015163168419125225,-0.0012788755311840122
1961-12,-0.15120190734379457,0.010665157015998378,-0.0002285163420826433,0.011377983608597273,8.205388331184194e-06,-0.0004925156388474501,1.3877787807814457e-17,1961-12,1958-12,-0.018587815205075298,-0.39760297257202765,0.009021628038801313,0.0016435289771970923
1962-01,-0.09581387756560611,0.05538802977818846,0.006554529355188655,0.04634073367923107,0.002868509652131301,-0.0003757429083625375,-2.0816681711721685e-17,1962-01,1959-01,0.2760106527920366,-1.619459366988518,0.04251220995404565,0.012875819824142785
1962-02,-0.08028776799168869,0.015526109573917424,0.003908630065330886,0.01240141659740814,0.0001632938140960999,-0.0009472309029177024,0.0,1962-02,1959-02,0.12718168384982032,-0.43171605069688324,0.01143330467355206,0.004092804900365336
1962-03,-0.08077346616929452,-0.00048569817760583944,-0.006858799976002882,0.005117161173743211,0.0009177589442969304,0.0003381816803568751,2.6237692574149207e-17,1962-03,1959-03,-0.2067005223780014,-0.1794766962226209,0.004852494268142903,-0.0053381924457486865
1962-04,-0.09528121628275991,-0.01450775011346539,-0.03150014226492521,0.012645591066898108,0.002792457415365767,0.0015543436691959893,-4.85722573273506e-17,1962-04,1959-04,-0.9804270781948787,-0.4465001138540654,0.01192213617761173,-0.026429886291077093
1962-05,-0.04027817241553207,0.05500304386722785,0.029356969433137165,0.01718059571008886,0.003439587104842791,0.005025891619159015,2.0816681711721685e-17,1962-05,1959-05,1.0579613059358743,-0.6239282978974734,0.016463873624137683,0.03853917024309008
1962-06,0.010015126054373791,0.05029329846990586,0.05176262722172943,-0.0035886536326852616,-0.0003573467708090014,0.0024766716516706868,0.0,1962-06,1959-06,1.5834305422693102,0.1377329197333879,-0.003249944950977841,0.05354324342088375
1962-07,0.009246267806568701,-0.0007688582478050897,-0.020141661917481016,0.019483999593640004,-0.00013572890178954205,2.4532977825465924e-05,-7.589415207398531e-19,1962-07,1959-07,-0.7098402426455348,-0.6810714535706008,0.01968629842758075,-0.020455156675385847
1962-08,0.011122417944391996,0.0018761501378232945,0.0036716198483578632,-0.001353623958732486,-0.00036564745169717075,-7.619830010491412e-05,1.951563910473908e-18,1962-08,1959-08,0.11338530858778238,0.047554009585516484,-0.0014858403491839279,0.0033619904870072033
1962-09,-0.06632656465154019,-0.07744898259593218,0.0008885128654062654,-0.07440712036625352,-0.0015237558271390032,-0.002406619267945954,2.7755575615628914e-17,1962-09,1959-09,0.05308501652531301,2.4830497277811645,-0.07869198182976449,0.0012429992338323127
1962-10,-0.07320463110320227,-0.006878066451662085,-0.007548814031247451,0.0020430643164137036,-0.0006792539542143315,-0.0006930627826139961,-1.0408340855860843e-17,1962-10,1959-10,-0.2833700538130564,-0.07115199051321186,1.646961255821755e-05,-0.006894536064220302
1962-11,-0.07325570359962133,-5.107249641905787e-05,-0.004127209969188144,0.00034097956520720807,-5.44157500307982e-05,0.0037895736575926805,-3.903127820947816e-18,1962-11,1959-11,-0.13893515579965582,-0.01224286803668638,0.00024398088398842194,-0.00029505338040750756
1962-12,-0.024142182336306984,0.04911352126331435,0.013291671199245741,0.03772159134274446,-0.000510098347636245,-0.0013896429310395878,-1.3877787807814457e-17,1962-12,1959-12,0.40389550015317555,-1.3015560310014025,0.03583949052299541,0.013274030740318975
1963-01,-0.02981522931865423,-0.005673046982347246,0.0016045375877448407,-0.006827634429171867,-0.000606794297830573,0.00015684415691033835,1.5612511283791264e-17,1963-01,1960-01,0.040471017328595905,0.2396616201996083,-0.00740272956298927,0.0017296825806420273
1963-02,0.035204373861437245,0.06501960318009148,-0.00860250730883453,0.06982187221507408,0.003692479644380602,0.00010775862947136538,-2.7755575615628914e-17,1963-02,1960-02,-0.24284664694759167,-2.3617351458099827,0.07269021013958368,-0.0076706069594922165
1963-03,0.0794110256946345,0.044206651833197254,0.0020489135375640426,0.03636431669289493,0.0005796547273381797,0.005213766875400055,4.85722573273506e-17,1963-03,1960-03,0.05658996368080254,-1.2139297668950113,0.04252532573803448,0.001681326095162694
1963-04,0.062456818984926804,-0.016954206709707695,-0.01806801295239019,0.0023672259286464906,0.0001144354639080133,-0.0013678551498719964,-1.3877787807814457e-17,1963-04,1960-04,-0.6073030031851413,-0.08365260303704873,0.002421736905661255,-0.019375943615368887
1963-05,0.055947347421006696,-0.006509471563920108,0.003768971596878138,-0.010110860322120841,-0.0007500404252617344,0.0005824575865842918,3.8163916471489756e-17,1963-05,1960-05,0.11311105566473603,0.352139805456413,-0.009788092533533597,0.003278620969613441
1963-06,0.008660099722519014,-0.04728724769848768,0.005198849278494595,-0.0524961551874239,-0.002534634193356836,0.002544692403798521,-6.245004513516506e-17,1963-06,1960-06,0.1471162304081775,1.7670714257193765,-0.051556838977784604,0.004269591279297014
1963-07,0.10612508522496987,0.09746498550245086,0.00746359400510539,0.0803436912924711,0.0007974407255292868,0.008860259479345045,4.163336342344337e-17,1963-07,1960-07,0.21972655687074427,-2.5802179190018175,0.09131577944925404,0.006149206053196688
1963-08,0.10867044715705279,0.0025453619320829207,0.005862847753912836,-0.006695440525261886,0.00039008413009614107,0.002987870573335841,-1.1709383462843448e-17,1963-08,1960-08,0.22233303553967168,0.23108076596734783,-0.0028277757629473557,0.0053731376950302626
1963-09,0.09514465343591051,-0.013525793721142279,-0.016305103438345826,0.0018577588140513092,0.0014010013474674906,-0.0004794504443152612,6.938893903907228e-18,1963-09,1960-09,-0.5077621818469379,-0.06517453690519664,0.003911734686204121,-0.01743752840734636
1963-10,0.0711082564212473,-0.024036397014663216,0.0014983333603005152,-0.02754130822754353,-0.00044941282259582105,0.0024559906751756306,-1.3877787807814457e-17,1963-10,1960-10,0.06338937099488944,0.9497391496658041,-0.0255304093320861,0.0014940123174229103
1963-11,0.08217771776333008,0.011069461342082781,0.00036293363263613945,0.00967859245147054,0.0004132526878464651,0.0006146825701296846,-4.683753385137379e-17,1963-11,1960-11,0.01707035090200725,-0.33739196077343725,0.010818532232363877,0.00025092910971894616
1963-12,0.06523910595319525,-0.016938611810134827,-0.00045387682833351585,-0.01879039338710851,-9.834211053891244e-05,0.0024040005158460485,6.245004513516506e-17,1963-12,1960-12,-0.0005308453212526824,0.6469617641169386,-0.01657118254665073,-0.00036742926348418137
1964-01,0.05358343194828434,-0.01165567400491091,-0.00836975228881006,-0.003792727627188415,-0.0002661846341825112,0.0007729905452700873,-1.0408340855860843e-17,1964-01,1961-01,-0.2920607918928239,0.13188248872258554,-0.00278867840832063,-0.008866995596590266
1964-02,0.026824317719914455,-0.026759114228369886,0.001854683175004354,-0.02929142204139558,-0.000381645778226304,0.0010592704162476424,0.0,1964-02,1961-02,0.07963276520581783,1.011755060754561,-0.02867224267057146,0.001913128442201652
1964-03,0.002457237536442633,-0.02436708018347182,-0.008381663743944263,-0.015537794139624648,-0.0005026627492275172,5.5040449324582785e-05,2.42861286636753e-17,1964-03,1961-03,-0.28774671856798417,0.5428021704367119,-0.015884749705397456,-0.008482330478074347
1964-04,0.010996416430883919,0.008539178894441286,0.0006180651777208647,0.007716536303820341,0.0001561378886893422,4.843952421076402e-05,-2.42861286636753e-17,1964-04,1961-04,0.01891021760457286,-0.26910413947904216,0.007967958932074144,0.0005712199623671421
1964-05,0.008992550621866711,-0.002003865809017208,0.0021053017036170435,-0.004271317651266061,-5.511515441598889e-06,0.00016766165407339413,1.474514954580286e-17,1964-05,1961-05,0.07623743032181582,0.14824332826352,-0.004067072680897011,0.002063206871879767
1964-06,-0.04436488609292697,-0.053357436714793684,-0.007680289782148524,-0.04341633846941378,-0.0005828559070193076,-0.001677952556212098,2.7755575615628914e-17,1964-06,1961-06,-0.25122000334693473,1.4416503472149675,-0.046283349670794144,-0.0070740870439994705
1964-07,-0.05350466773640721,-0.009139781643480241,-0.0045704822135159895,-0.004446559039829229,-0.00037742107085239125,0.0002546806807173904,-2.0816681711721685e-17,1964-07,1961-07,-0.1636163359224122,0.1560344517410722,-0.0050631243686146375,-0.004076657274865548
1964-08,-0.007420019442656701,0.04608464829375051,-0.003092098183562702,0.04869132668865401,0.0026021107577533565,-0.002116690969094145,-1.3877787807814457e-17,1964-08,1961-08,-0.06617794078710033,-1.6465316836963961,0.04832673894047549,-0.002242090646725046
1964-09,0.006771149858907003,0.014191169301563705,-0.0007172169143831009,0.014164783895217702,0.0007530672013498261,-9.464880620759342e-06,3.642919299551295e-17,1964-09,1961-09,-0.012697356716948464,-0.49000277820632093,0.014721331460777247,-0.0005301621592136252
1964-10,0.005547949676606735,-0.0012232001823002684,0.0030089756855936137,-0.004497906555801201,0.00013511874931301102,0.0001306119385943525,-4.423544863740858e-17,1964-10,1961-10,0.1125388163158912,0.1557595695886745,-0.004307270247662382,0.003084070065362182
1964-11,0.015330921861183558,0.009782972184576823,-6.540068373909098e-06,0.00862691519810207,0.001090953978857236,7.164307599143285e-05,-6.938893903907228e-18,1964-11,1961-11,0.028610911841958103,-0.30090429903776666,0.009492669619801863,0.0002903025647749396
1964-12,0.03368916635225834,0.01835824449107478,0.009020742266205858,0.0064962864944778445,0.0011552276885630063,0.0016859880418280597,1.0408340855860843e-17,1964-12,1961-12,0.3517820506188112,-0.21945622136876575,0.009187151686816027,0.009171092804258723
1965-01,0.01950415977480233,-0.01418500657745601,-0.0019228974966044024,-0.012447662658127176,-0.00035042563092204374,0.0005359792081975825,2.949029909160572e-17,1965-01,1962-01,-0.06590992236351516,0.4312905468815345,-0.012155453596753315,-0.002029552980702688
1965-02,0.01167176745417515,-0.00783239232062718,-0.00011642065643972445,-0.007634503409377729,-0.00027490920490338993,0.00019344095009368934,-2.6020852139652106e-17,1965-02,1962-02,-0.005930162496993278,0.26555228465616326,-0.007667331322842622,-0.0001650609977845094
1965-03,0.0251927536822565,0.01352098622808135,-0.0006881293154141783,0.01245960156609649,-2.658187372692592e-06,0.001752172164771676,5.377642775528102e-17,1965-03,1962-03,-0.03733895928944379,-0.41503443575534055,0.014406754591317393,-0.000885768363236155
1965-04,0.115475075444193,0.0902823217619365,0.0026372016717965286,0.07888597601930404,0.0020546144683336,0.0067045296025023985,-6.938893903907228e-17,1965-04,1962-04,0.08703010271792921,-2.625459673865195,0.08809836028820535,0.002183961473730919
1965-05,0.08176294777067614,-0.03371212767351686,0.00024097056631560516,-0.04313022973846084,-0.001385413025342371,0.010562544523970737,6.938893903907228e-18,1965-05,1962-05,0.003147540287067827,1.4296668770010559,-0.03381756050457124,0.00010543283105449164
1965-06,-0.05040338060732785,-0.132166328378004,-0.017865335264232833,-0.11895460892447089,-0.0023900966668061892,0.007043712477505901,2.7755575615628914e-17,1965-06,1962-06,-0.6532865205005972,3.5849910184264724,-0.1153205623846579,-0.016845765993345592
1965-07,-0.02035615875846958,0.03004722184885827,-0.009092965324035812,0.03960311259252359,0.0027918844009291173,-0.003254809820558745,1.214306433183765e-16,1965-07,1962-07,-0.2643069258014094,-1.3236740160081575,0.037854351956874074,-0.007807130108016061
1965-08,-0.051991999943835104,-0.031635841185365526,-0.011026976204731783,-0.019905367444132183,-0.0006926241057365811,-1.0873430764885009e-05,-9.71445146547012e-17,1965-08,1962-08,-0.37949654533515736,0.6965831462700176,-0.021469197175878984,-0.010166644009486296
1965-09,-0.06938010737035563,-0.017388107426520527,-0.023945447718974215,0.0043697929545533955,0.0015126883133697066,0.0006748590245305381,4.85722573273506e-17,1965-09,1962-09,-0.7633209226708793,-0.15379245052009843,0.004126987518449865,-0.021515094944970385
1965-10,0.007349745360033464,0.0767298527303891,-0.017834076899056264,0.0910571089726858,0.0057493205489897075,-0.0022424998922300154,-1.249000902703301e-16,1965-10,1962-10,-0.5170489677678864,-3.0766480643930976,0.09184588680858993,-0.01511603407820096
1965-11,-0.02396903461609434,-0.0313187799761278,0.01821401424153834,-0.04238906829763086,-0.00680227783737021,-0.00034144808266506663,-6.938893903907228e-18,1965-11,1962-11,0.4387190009965998,1.4518697563043543,-0.046953257371250834,0.01563447739512316
1965-12,-0.026024858959071643,-0.002055824342977304,0.09284399170653727,-0.08629917567806215,-0.011095819027419506,0.002495178655966959,1.227316859253591e-16,1965-12,1962-12,2.72323291065066,3.1705431051475688,-0.09512478480946006,0.09306896046648262
1966-01,-0.06926645022440821,-0.04324159126533657,0.00834250841513135,-0.0493711151418602,-0.00027956581303093485,-0.0019334187255767717,-1.3877787807814457e-17,1966-01,1963-01,0.32896289434680687,1.692614978582515,-0.05265239970449204,0.009410808439155644
1966-02,0.04476759772828065,0.11403404795268886,0.107043953071815,0.007828099967883724,-0.0021574489117599607,0.001319443824750148,-4.163336342344337e-17,1966-02,1963-02,3.2108088591115775,-0.30095801915375164,0.007375567201692499,0.10665848075099599
1966-03,0.054626910629005036,0.009859312900724386,0.010390738947133452,0.004677374677154298,-0.0005806135454486301,-0.004628187178114704,-2.949029909160572e-17,1966-03,1963-03,0.31403995487519376,-0.17127994142270986,0.004973976711159619,0.004885336189564781
1966-04,0.1559997433113769,0.10137283268237185,0.08811915922836572,0.018002385375606902,0.0020531569074116697,-0.006801868829012383,-5.551115123125783e-17,1966-04,1963-04,2.9539202658052233,-0.6501043569289823,0.02639471476823987,0.07497811791413181
1966-05,0.12491231536537944,-0.031087427945997448,0.0036437444380312887,-0.01751557674383062,-0.00306692029145569,-0.014148675348742566,1.3877787807814457e-16,1966-05,1963-05,0.03480513104818088,0.6440167347722113,-0.016144629161748483,-0.014942798784248992
1966-06,0.11941967903923807,-0.005492636326141373,0.00012537627983656675,-0.006150207509451815,0.00020258993670921544,0.00032960496676469846,-3.903127820947816e-17,1966-06,1963-06,0.01716245023771484,0.21496688914256276,-0.00506014685222194,-0.00043248947391944653
1966-07,0.1341079550561786,0.014688276016940519,0.03196768385261489,-0.004919070837668917,0.0012538174047131713,-0.013614154402718598,-2.7755575615628914e-17,1966-07,1963-07,1.0746364777361175,0.18135791603776105,-0.002279018818785304,0.016967294835725892
1966-08,0.27030037281042313,0.13619241775424454,0.20087517141522052,-0.018560372505600116,-0.009494298602738835,-0.036628082552636956,-8.326672684688674e-17,1966-08,1963-08,5.960122532569004,0.7063334045598173,-0.01634347610672119,0.15253589386096558
1966-09,0.23197847096874505,-0.03832190184167808,-0.054032068757210075,0.01989249346734595,0.0038760197899556695,-0.008058346341769659,3.469446951953614e-17,1966-09,1963-09,-1.698320165657898,-0.7074182222268719,0.026867233788307493,-0.06518913562998552
1966-10,0.17682535981920414,-0.05515311114954091,-0.03377145478628598,1.886334386233721e-05,0.0009866764165111616,-0.022387196123628435,0.0,1966-10,1963-10,-1.0542470719484014,-0.0006965323975650731,7.558986561237435e-05,-0.05522870101515323
1966-11,0.08942432534326789,-0.08740103447593625,-0.0810093175402811,0.001255871038573736,0.0028564803933456583,-0.010504068367574566,2.7755575615628914e-17,1966-11,1963-11,-2.5543989037953243,-0.045709838620295234,0.0018412953135903826,-0.08924232978952651
1966-12,0.0761534953571263,-0.013270829986141583,0.005448741459975333,-0.0034842515647498917,0.0019830374622428325,-0.017218357343609852,-3.469446951953614e-18,1966-12,1963-12,0.22969028384791718,0.13459891702472504,-0.0019654478841581516,-0.011305382101983417
1967-01,0.17692713726762657,0.10077364191050027,0.10872702042962565,0.007289403756891939,-0.0007313025793815247,-0.014511479696635745,-5.551115123125783e-17,1967-01,1964-01,3.4626836221094233,-0.2693947139657046,0.010653905612400587,0.09011973629809963
1967-02,0.15959834298033743,-0.017328794287289145,-0.011835050184779747,-0.002606651856979354,0.00041199832626556313,-0.003299090571795648,3.8163916471489756e-17,1967-02,1964-02,-0.382379532772978,0.09212757171088766,-0.002146670689402566,-0.015182123597886607
1967-03,0.18674600917003709,0.02714766618969966,0.02069485236528803,0.00871315274219262,-0.00025542199819073176,-0.0020049169195902393,-2.0816681711721685e-17,1967-03,1964-03,0.6830620908447852,-0.3067248399708974,0.010549778072831265,0.016597888116868423
1967-04,0.18124607153500924,-0.005499937635027846,-0.005356721068204364,0.0004385284842701969,2.9431413568114935e-05,-0.0006111764646617874,-6.071532165918825e-18,1967-04,1964-04,-0.1814003905175018,-0.015373988930346983,0.0008034831519265623,-0.006303420786954436
1967-05,0.1369192102803098,-0.04432686125469945,-0.03259328034865869,-0.002011745354843898,0.00062127888326082,-0.01034311443445773,4.163336342344337e-17,1967-05,1964-05,-1.0505531321537045,0.07270805840289721,-0.0017719689782827591,-0.042554892276416637
1967-06,0.1594888078382673,0.02256959755795751,0.021901977815337304,0.004185278796882744,-0.00030712157402275244,-0.0032105374802397905,6.938893903907228e-18,1967-06,1964-06,0.7228482225536036,-0.14806991267447844,0.0050383388722636535,0.0175312586856938
1967-07,0.1475270730015004,-0.011961734836766907,-0.01290756818274815,0.0002457409354571436,-0.0005256684326926336,0.001225760843216759,-2.7755575615628914e-17,1967-07,1964-07,-0.45916773042064446,-0.008566599405658697,0.0033370937610341517,-0.01529882859780092
1967-08,0.14250028900571016,-0.005026783995790235,-0.009356819976611936,0.0037391490967592167,0.0008156425783724358,-0.00022475569430996725,1.5612511283791264e-17,1967-08,1964-08,-0.29404452188213265,-0.13097163710793128,0.0052232801733434475,-0.010250064169133793
1967-09,0.14246288409711666,-3.740490859349688e-05,0.0015383116774118865,-0.0017802158444745833,1.7525838565242861e-06,0.00020274667461268496,-9.2970336290632e-18,1967-09,1964-09,0.05417424652072159,0.06226322376895971,-0.0012549995302994776,0.0012175946217059808
1967-10,0.14285639129171135,0.00039350719459468886,0.0070875308543954475,-0.004146220416348088,-0.0007990884674812174,-0.0017487147759714511,-2.3852447794681098e-18,1967-10,1964-10,0.21667663436301232,0.14600709652742289,-0.0037827723183135042,0.004176279512908193
1967-11,0.19288439788197878,0.05002800659026743,0.06438157259158188,-0.0019032176602518955,-0.0025988678036177404,-0.009851480537444793,-2.0816681711721685e-17,1967-11,1964-11,2.0427563740769608,0.06855707699748026,-0.0014474886722043445,0.05147549526247178
1967-12,0.2125141901608107,0.01962979227883191,0.022031529380516553,0.00121674320724117,-0.0010103813984275642,-0.002608098910498267,1.3877787807814457e-17,1967-12,1964-12,0.7095273944474585,-0.04285988928915881,0.0028059601711800664,0.016823832107651787
1968-01,0.19206042705586854,-0.020453763104942152,-0.01169242203328722,-0.0044922856334013725,0.0012175806915815115,-0.005486636129835062,-1.0408340855860843e-17,1968-01,1965-01,-0.3472911067187447,0.15936334163234453,-0.0020168429333333876,-0.018436920171608764
1968-02,0.17767400393480978,-0.014386423121058756,-0.005979257595911353,-0.00031918477790180685,6.525209339980386e-05,-0.008153232840645409,1.0408340855860843e-17,1968-02,1965-02,-0.19649766843765562,0.011417907514749187,-0.00027414948557119567,-0.014112273635487532
1968-03,0.19300067163921017,0.015326667704400387,0.019152260432745215,0.00020876052739162888,-0.0006303198035582618,-0.003404033452178232,3.642919299551295e-17,1968-03,1965-03,0.6242741650241816,-0.007373686548941441,0.0003120566710796552,0.015014611033320704
1968-04,0.24261310999397845,0.04961243835476828,0.07677493455036961,-0.00384064574956852,-0.0012364613458871708,-0.02208538910014562,-1.3877787807814457e-17,1968-04,1965-04,2.444704017044322,0.1411818159854892,-0.0027431011488363716,0.05235553950360462
1968-05,0.2124745663266319,-0.030138543667346557,-0.02317609340587904,-0.0017457680645787939,0.00029695781754591463,-0.005513640014434621,-1.3877787807814457e-17,1968-05,1965-05,-0.7674109755696407,0.06184265145691171,-0.0013405014308869034,-0.028798042236459653
1968-06,0.25644833787854154,0.04397377155190965,0.03142711120821285,0.01269341532663069,-0.0022196466522087497,0.0020728916692748156,4.85722573273506e-17,1968-06,1965-06,0.9858648738671173,-0.4423048495621985,0.022485267182105334,0.021488504369804318
1968-07,0.23556222258998966,-0.020886115288551887,-0.012407051602075541,0.0019006950681959725,2.1656100153825284e-05,-0.010401414854826086,-5.551115123125783e-17,1968-07,1965-07,-0.4143426162265013,-0.06793132794644194,0.0022246983278744054,-0.02311081361642621
1968-08,0.21466975298407553,-0.02089246960591412,-0.02035047947119359,0.0020803449756953128,0.0010207578945759944,-0.003643093004991844,3.469446951953614e-18,1968-08,1965-08,-0.6544297826804714,-0.07340142243233712,0.00316638838696269,-0.024058857992876728
1968-09,0.21759654426888655,0.00292679128481102,-0.0005199242138359571,0.003223256189840732,2.258481773880064e-06,0.00022120082703236103,3.903127820947816e-18,1968-09,1965-09,-0.02075935343937839,-0.11275623690049441,0.00636357205666134,-0.003436780771850431
1968-10,0.21068777017266344,-0.006908774096223119,-0.010355781172778456,0.0043668815509248496,1.6181375723275954e-05,-0.0009360558500928305,4.163336342344337e-17,1968-10,1965-10,-0.3553009150572625,-0.15317491259800273,0.005664093252989236,-0.012572867349212272
1968-11,0.20688294597296134,-0.0038048241997021004,-0.005411831250524135,0.0019827264700756145,6.751482531992777e-07,-0.00037639456750675904,-1.9949319973733282e-17,1968-11,1965-11,-0.18588955647898933,-0.0694579793420824,0.0027292287571494406,-0.0065340529568515965
1968-12,0.18321140970013053,-0.023671536272830807,-0.010147660802082454,-0.007987958841031645,0.0003269346044489757,-0.00586285123416569,6.938893903907228e-18,1968-12,1965-12,-0.3215023067593582,0.28378332083776836,-0.005452644400535903,-0.018218891872294904
1969-01,0.1641816586469278,-0.01902975105320273,-0.010499867575675283,-0.003153152149607674,-4.590458968818903e-05,-0.005330826738231538,-4.85722573273506e-17,1969-01,1966-01,-0.3503207376650338,0.11205485588378815,-0.0026965926338447938,-0.016333158419357827
1969-02,0.16015792717006744,-0.004023731476860359,0.00444524653532373,-0.011025317199310318,-2.9616368907182555e-05,0.0025859555560333756,3.5561831257524545e-17,1969-02,1966-02,0.16225636885628567,0.3828099365348845,-0.007547335642809128,0.003523604165948685
1969-03,0.1697977534186667,0.00963982624859927,0.008521553069876888,-0.0022358454797126214,0.00015877995875457918,0.0031953386996804,2.42861286636753e-17,1969-03,1966-03,0.30042820763057737,0.07749661957187236,0.003044267092693509,0.006595559155905761
1969-04,0.16240655836722048,-0.0073911950514462255,0.017300316218787692,-0.025418608381492874,3.031351344386714e-05,0.000696783597815137,-4.85722573273506e-17,1969-04,1966-04,0.6157240379092106,0.887785385069245,-0.021313465948485807,0.013922270897039637
1969-05,0.15309306422881508,-0.009313494138405404,-0.017083913359592088,0.000531088943703519,0.0014046677266466234,0.005834662550836472,6.938893903907228e-17,1969-05,1966-05,-0.5439138021691152,-0.01824466020342747,0.00970641130389234,-0.019019905442297827
1969-06,0.20371787730206053,0.050624813073245456,0.06416036203194901,0.000384247690101148,-0.00139083828389379,-0.012528958364910893,-2.0816681711721685e-17,1969-06,1966-06,2.061007634439293,-0.013918002932526822,0.0010779311731422409,0.049546881900103215
1969-07,0.2155285898745202,0.011810712572459664,0.02274848705670251,-0.006728387964600131,0.0006125724418931664,-0.0048219589615358825,3.469446951953614e-18,1969-07,1966-07,0.7922525739433858,0.23820087098907267,-0.0027386826205479387,0.014549395193007547
1969-08,0.16315312994652292,-0.052375459927997275,-0.004460758524015689,-0.05990214450147624,-0.0022186477199462274,0.014206090817440885,0.0,1969-08,1966-08,-0.1753476035223199,2.018434951966548,-0.04670930201745889,-0.005666157910538247
1969-09,0.17954057872841844,0.01638744878189552,0.0024827682561558676,0.018045795005277105,0.0029251828763749363,-0.0070662973559124,1.0408340855860843e-17,1969-09,1966-09,0.1630481540260306,-0.6446080616677163,0.025126054972733736,-0.008738606190838244
1969-10,0.20572580431966814,0.026185225591249695,0.003710287655802374,0.018400925016177978,0.0003001493872177009,0.003773863532051629,1.3877787807814457e-17,1969-10,1966-10,0.11973864661476205,-0.6377201798811732,0.024237040381283534,0.0019481852099660496
1969-11,0.24387847839757867,0.03815267407791054,0.00021127716278024008,0.02750561245257997,0.0010013277356708916,0.009434456726879462,-2.7755575615628914e-17,1969-11,1966-11,0.01482579257561818,-0.94246814937078,0.03796852762246736,0.00018414645544329034
1969-12,0.35791106072662054,0.11403258232904187,0.13756578099073,0.0014293578706124058,-0.0073900137484907485,-0.017572542783809812,2.7755575615628914e-17,1969-12,1966-12,4.299712139236864,-0.05147914183612257,0.022053214580949915,0.09197936774809182
1970-01,0.31279734769597545,-0.0451137130306451,0.0022463544776227303,-0.07178277799242981,-0.0029233284027703334,0.02734603888693241,-8.326672684688674e-17,1970-01,1967-01,0.048650773518935486,2.4104093579541757,-0.04599151330444648,0.0008778002738014934
1970-02,0.1443686033798678,-0.16842874431610766,-0.13195802117152464,-0.0038627534112905156,0.006663930891178189,-0.03927190062447073,2.7755575615628914e-17,1970-02,1967-02,-3.8844614878246646,0.14710656122530275,0.0020195365827729433,-0.17044828089888053
1970-03,0.14651831258873965,0.002149709208871864,0.022052045144320746,-0.01857298675063337,8.470567409482581e-05,-0.0014140548589103618,2.5153490401663703e-17,1970-03,1967-03,0.7675721954322422,0.6532143828889557,-0.0158332197469985,0.017982928955870336
1970-04,0.1741611596761208,0.027642847087381156,0.033463132989791054,-7.322013343656163e-05,-0.0014619403668061973,-0.004285125402167129,-1.0408340855860843e-17,1970-04,1967-04,1.0744680390982135,0.002596903739527698,0.0005538365881670171,0.027089010499214194
1970-05,0.33206259183689857,0.15790143216077776,0.19791117766472574,0.01841483386155564,-0.0028761155017386643,-0.055548463863764976,0.0,1970-05,1967-05,5.9232415998127435,-0.7122424537658112,0.02524232634339421,0.13265910581738347
1970-06,0.32685309452924977,-0.005209497307648803,-0.0003212500925914743,-0.003394829540113782,-0.00022395166703926357,-0.0012694660079042679,-1.474514954580286e-17,1970-06,1967-06,-0.015222091791876563,0.11904795312000283,-0.0019211773059707726,-0.00328832000167803
1970-07,0.3302423248751379,0.0033892303458881168,0.012817564434590948,0.007125959476194964,0.0008547293283187337,-0.017409022893216563,3.122502256758253e-17,1970-07,1967-07,0.44617750838453785,-0.2560108567614835,0.010637927431500521,-0.007248697085612349
1970-08,0.33470472693071923,0.004462402055581349,0.0012999814507028648,0.005940438232577356,-0.0001250685168691969,-0.0026529491108296136,-6.071532165918825e-17,1970-08,1967-08,0.034067790782848884,-0.20874482563590954,0.008316134137891229,-0.0038537320823098797
1970-09,0.36152604435153085,0.02682131742081162,0.0493823641495154,-0.0019075425286698248,-0.0008480223490518797,-0.019805481850982153,8.326672684688674e-17,1970-09,1967-09,1.6064266510894538,0.06865960054455714,-0.00031868886221805837,0.02714000628302951
1970-10,0.3711601932915007,0.009634148939969833,0.011322036396662159,0.0008608620090319921,-0.0006267617734634464,-0.0019219876922607888,-8.326672684688674e-17,1970-10,1967-10,0.36214703327262454,-0.030209204720995083,0.002910551454484017,0.006723597485486038
1970-11,0.33252590151447925,-0.038634291777021434,0.00393348864650492,-0.023466748144327546,-0.0022851209298679243,-0.016815911349330855,-2.7755575615628914e-17,1970-11,1967-11,0.07701819644591955,0.8409781323937174,-0.015789932940001083,-0.022844358837020462
1970-12,0.3977205939684765,0.06519469245399723,0.10890060649260438,-0.0069701617874844924,-0.0014704358032337612,-0.035265316447888995,9.71445146547012e-17,1970-12,1967-12,3.4866809437775164,0.25565960759017153,-0.0025374225805434025,0.06773211503454052
1971-01,0.4131670724822354,0.01544647851375891,0.01976555318206741,0.0011554290690949896,6.161818996363403e-05,-0.0055361219273670804,-4.5102810375396984e-17,1971-01,1968-01,0.6689535659785131,-0.0407160622259122,0.004617606223591003,0.010828872290167907
1971-02,0.4271015830133309,0.013934510531095512,0.016921657526779252,-0.003280974613721488,-0.001195591162556311,0.001489418780594125,-6.591949208711867e-17,1971-02,1968-02,0.5392671399910055,0.11463055685326998,0.005631875952562676,0.008302634578532947
1971-03,0.4295459701989799,0.0024443871856489885,0.029269225795983702,-0.01131905581172205,-0.0022148706190604065,-0.013290912179552323,6.591949208711867e-17,1971-03,1968-03,0.917154473157492,0.4023117447465758,-0.006792514666597055,0.009236901852245988
1971-04,0.4137812924035303,-0.0157646777954496,-0.013071923942637157,-0.0189567003644002,-0.0007807565669200371,0.017044703078507816,-1.734723475976807e-17,1971-04,1968-04,-0.4620932251996656,0.650085185294735,0.0033053569259984816,-0.01907003472144808
1971-05,0.43413954395165366,0.020358251548123374,0.02769211865624378,0.014398585969860442,-0.0009715187173296915,-0.02076093436065117,1.3877787807814457e-17,1971-05,1968-05,0.8733503567487015,-0.5162748789975653,0.02129645066558669,-0.000938199117463373
1971-06,0.4309972733800354,-0.0031422705716182553,0.007014982085619815,-0.011497146782958498,-0.0010137263777875536,0.002353620503507977,3.903127820947816e-18,1971-06,1968-06,0.2159731318289414,0.40130541940351255,-0.006757194262020039,0.003614923690401617
1971-07,0.43899640881251106,0.007999135432475657,0.004269400470461625,0.0018944136511202117,-0.0001769449700549136,0.002012266280948666,6.765421556309548e-17,1971-07,1968-07,0.13773321750841175,-0.06615111530925856,0.006899137985322268,0.0010999974471535001
1971-08,0.4349792076799087,-0.004017201132602344,-0.009713593573514152,0.006761986570732272,-2.659249969971439e-05,-0.001039001630120651,-9.80118763926896e-17,1971-08,1968-08,-0.33760920416111173,-0.23695088911079792,0.010058114806066915,-0.014075315938669036
1971-09,0.45226265258238396,0.017283444902475242,0.029450478083093364,0.0022550212073638616,0.0004061495393359484,-0.014828203927318049,1.1796119636642288e-16,1971-09,1968-09,0.9968298422988658,-0.08024400732710114,0.008087478208707172,0.009195966693767682
1971-10,0.44645221795672946,-0.005810434625654504,-0.013651635967737552,0.008238737100645783,0.0012384212883536846,-0.0016359570469163898,-2.949029909160572e-17,1971-10,1968-10,-0.4296205102674923,-0.2888807054812366,0.013181905622375145,-0.01899234024802926
1971-11,0.4300041565014705,-0.016448061455258955,-0.015420614634386915,0.0057919499058845525,0.0011920282569741758,-0.008011424983730737,-3.122502256758253e-17,1971-11,1968-11,-0.48532074489065213,-0.20457139649771644,0.008999232315373473,-0.025447293770632595
1971-12,0.40207624014796606,-0.027927916353504445,-0.02553989443843318,0.012111096170613064,-0.0009462815946914685,-0.01355283649099285,-1.3877787807814457e-17,1971-12,1968-12,-0.8981646978226451,-0.43079455821810836,0.021089295505344052,-0.04901721185884855
1972-01,0.39608564430726223,-0.005990595840703827,-0.003869559734215261,-0.0024993509941837965,7.078483476548077e-05,0.00030753005292974075,8.673617379884035e-18,1972-01,1969-01,-0.126882812224961,0.0874435800897084,0.0046430337612456685,-0.010633629601949385
1972-02,0.3862669903728061,-0.009818653934456134,-0.006553891570665355,-0.0027282131845276026,-3.183598417389552e-05,-0.0005047131950892469,-3.2959746043559335e-17,1972-02,1969-02,-0.22130238387548243,0.09554906303015034,-0.0008221069482904075,-0.008996546986165782
1972-03,0.3796940417364283,-0.006572948636377807,-0.00011483885614659343,-0.007658977761055439,-0.0004007956277989105,0.001601663608623027,1.0928757898653885e-16,1972-03,1969-03,-0.010120785703837759,0.26750369817757325,-0.0046929012877170995,-0.0018800473486606517
1972-04,0.3723661767096771,-0.007327865026751201,-0.002483844127963684,-0.005368776868443722,-0.0001925749605688424,0.0007173309302251418,-9.540979117872439e-17,1972-04,1969-04,-0.08593483732952245,0.18772796237488468,-0.0034765879369059727,-0.0038512770898451176
1972-05,0.38819779140173555,0.01583161469205846,-0.0019159725440150265,0.012597278280556798,0.0006787015910485272,0.004471607364468147,1.3877787807814457e-17,1972-05,1969-05,-0.0546684983688073,-0.43831228720875015,0.01834885146969059,-0.0025172367776322424
1972-06,0.364833484315502,-0.02336430708623355,1.5324673906293255e-05,-0.03884894592460867,-0.0011237202915223331,0.016593034455991022,1.3877787807814457e-16,1972-06,1969-06,5.474778199220654e-05,1.329786796199859,-0.023368601937533068,4.294851299352365e-06
1972-07,0.35309021379062017,-0.011743270524881833,0.0006657104238695725,-0.022557389843531814,-0.0004213344656472514,0.010569743360427798,-1.3530843112619095e-16,1972-07,1969-07,0.03069146974215207,0.7778902945330658,-0.011959982302949396,0.00021671177806756314
1972-08,0.33838591795310263,-0.014704295837517534,-0.011316141507019924,0.00031756060231335093,0.00044980760100078276,-0.004155522533811746,3.469446951953614e-18,1972-08,1969-08,-0.36784176795934137,-0.011181422075866115,0.0008119632101750152,-0.015516259047692382
1972-09,0.3617390091110204,0.023353091157917782,0.020872169022580676,-0.002329190129231823,0.00016482593119339072,0.0046452863333754845,5.204170427930421e-17,1972-09,1969-09,0.7228721189869842,0.08098066737209483,0.012818290686073985,0.010534800471843686
1972-10,0.3605406352797358,-0.001198373831284627,-0.0004837694019910065,-0.0007949663380798622,3.4936164300001397e-06,7.6868292356259e-05,-1.734723475976807e-17,1972-10,1969-10,-0.015571490775692432,0.02782086069539381,-0.0005181018965225992,-0.0006802719347621944
1972-11,0.37384033658292565,0.01329970130318986,0.02358250590029894,0.0004118248684964066,-0.0007929905421612436,-0.009901638923444202,-4.336808689942018e-17,1972-11,1969-11,0.7646302953948663,-0.014608129511873949,0.0005782894227061852,0.012721411880483952
1972-12,0.30872198954720287,-0.06511834703572278,-0.0047775924061355685,-0.08750386895889019,-0.0023780827276104703,0.029541197056913375,8.326672684688674e-17,1972-12,1969-12,-0.16523418139656842,2.9308711831858583,-0.058857069118153804,-0.006261277917569086
1973-01,0.302296341287921,-0.00642564825928188,0.00024050129611921553,-0.007924459415803437,-2.3535527822273052e-05,0.0012818453882246623,-4.85722573273506e-17,1973-01,1970-01,0.015118848842178949,0.27677423415557095,-0.005508657310338477,-0.000916990948943236
1973-02,0.4193874540311165,0.1170911127431955,0.030482508022773955,0.06919608598615262,-8.252473787968824e-05,0.017495043472148558,5.551115123125783e-17,1973-02,1970-02,0.9906949843983387,-2.362954513902313,0.09956843560278719,0.017522677140408033
1973-03,0.42030513670920694,0.0009176826780904479,0.006778519575801598,-0.0047016351141811324,-0.0007332445027883026,-0.00042595728074165434,-6.028164079019405e-17,1973-03,1970-03,0.21017164152884915,0.16464070513232723,-0.002101226198953726,0.0030189088770441186
1973-04,0.3917486702421136,-0.028556466467093367,-0.0026634055640017023,-0.038577496680349224,-0.00035100207320097593,0.01303543785045859,-5.551115123125783e-17,1973-04,1970-04,-0.06611133098525375,1.3285559832013567,-0.023029731603863957,-0.005526734863229132
1973-05,0.2663080991295785,-0.1254405711125351,0.026928236744309244,-0.2333000407552543,-0.002778815924320205,0.08371004882273003,1.1102230246251565e-16,1973-05,1970-05,1.1769606773579078,7.165693425373897,-0.14498043925843623,0.019539868145901043
1973-06,0.2759840876915295,0.00967598856195101,0.010309803097555283,0.003446575193390942,-0.00025875038200610283,-0.003821639346989072,-4.163336342344337e-17,1973-06,1970-06,0.3362779370601884,-0.12148008689486825,0.0047517390719186425,0.0049242494900323674
1973-07,0.2932087139711908,0.017224626279661315,4.1977042671236446e-05,0.01047803025004372,0.0004896792314505465,0.006214939755495825,-1.3877787807814457e-17,1973-07,1970-07,0.007990429821181045,-0.36272592551386923,0.021541286616596045,-0.0043166603369346745
1973-08,0.3225393405193023,0.02933062654811147,0.03204700688121006,0.005620897705055079,-0.0011397264081522132,-0.0071975516300013705,-7.979727989493313e-17,1973-08,1970-08,1.0340201406657472,-0.19902944401345624,0.008089944079946038,0.02124068246816549
1973-09,0.3114756111588868,-0.011063729360415497,0.011850732800132808,-0.03187531451918538,0.0008526503251748979,0.00810820203346205,1.231653667943533e-16,1973-09,1970-09,0.46917994443628946,1.1013740311023248,-0.015142537130663714,0.00407880777024805
1973-10,0.33647772491513533,0.025002113756248556,0.04087185313990461,-0.003834944615130969,-0.0004861288295947364,-0.011548665938930256,-9.367506770274758e-17,1973-10,1970-10,1.3534296340270404,0.13661295886198666,-0.0020745557268467274,0.027076669483095506
1973-11,0.3232807459900841,-0.013196978925051228,-0.015522193954415744,0.016153715113791704,-0.0034640473856087906,-0.010364452698818432,3.469446951953614e-17,1973-11,1970-11,-0.6513679327623912,-0.5742624459541333,0.03583688910279606,-0.0490338680278474
1973-12,0.21275156359652195,-0.11052918239356216,0.00321964804164374,-0.11891940872078056,-0.007453430302709921,0.012624008588284517,8.326672684688674e-17,1973-12,1970-12,-0.02911654733059462,4.0646812244165815,-0.09091163617801659,-0.019617546215545567
1974-01,0.17585708540422015,-0.036894478192301794,-0.01244900978100728,-0.02509007955427481,-0.0011191940431984752,0.001763805186178803,-2.7755575615628914e-17,1974-01,1971-01,-0.439286612550582,0.8741688490723195,-0.020707934702901595,-0.016186543489400115
1974-02,0.14647995201484262,-0.02937713338937753,-0.006874170320019885,-0.024487206286009474,-0.0007496006082093084,0.002733843824861168,-3.122502256758253e-17,1974-02,1971-02,-0.23760960057771688,0.849789416365351,-0.020638440800648708,-0.008738692588728822
1974-03,0.058276840507657544,-0.08820311150718507,-0.041603481936064335,-0.05206190312838153,0.001416950347002455,0.004045323210258311,1.3877787807814457e-17,1974-03,1971-03,-1.34263158408298,1.7864814222529686,-0.04438144261422035,-0.04382166889296464
1974-04,0.12283754797428098,0.06456070746662343,0.0534496419540632,0.01550946170675655,-0.0014270936868668314,-0.0029713025073295055,1.3877787807814457e-17,1974-04,1971-04,1.7265129544064974,-0.5516828474104314,0.01764397310060008,0.04691673436602334
1974-05,0.11020357905575005,-0.012633968918530927,0.0012139468135733715,-0.027039154470296672,0.0010563536549277521,0.012134885083264633,-1.0408340855860843e-17,1974-05,1971-05,0.10890342341791771,0.8973608956941989,-0.013655671306113906,0.0010217023875829928
1974-06,0.10462458363027584,-0.005578995425474215,0.0019855390268808657,-0.007589999379695881,-0.0005059010670653384,0.00053136599440615,-1.1275702593849246e-17,1974-06,1971-06,0.057870734730171444,0.2649929534665097,-0.007061094812655516,0.0014820993871812876
1974-07,0.18930306309675535,0.08467847946647951,0.11199632318506815,-0.003971858043489127,-0.0004860506320499435,-0.022859935043049583,1.3877787807814457e-17,1974-07,1971-07,3.5108576140080756,0.1495354957411944,-0.0007673672632364306,0.08544584672971595
1974-08,0.22118017472260332,0.03187711162584797,0.025159055325092605,0.009252467248458483,-0.0009186293476862213,-0.0016157816000168875,-6.938893903907228e-18,1974-08,1971-08,0.812641972298144,-0.3251106587733089,0.012629100705166277,0.019248010920681638
1974-09,0.14177081817421558,-0.07940935654838774,-0.022453437369827918,-0.05853617384562115,-0.006367280539663123,0.007947535206724473,-2.7755575615628914e-17,1974-09,1971-09,-0.9439176438248329,2.004138243318414,-0.03935149285962425,-0.04005786368876346
1974-10,0.18364175281722792,0.041870934643012336,0.026622708439928193,0.013330201414926147,0.00031997608995696026,0.001598048698201002,3.469446951953614e-17,1974-10,1971-10,0.9082810762173235,-0.46426446884149103,0.02053954213752511,0.021331392505487143
1974-11,0.25550007715969447,0.07185832434246656,0.05158380716572109,0.027627975142762683,-0.0010516801147003954,-0.006301777851316807,-1.3877787807814457e-17,1974-11,1971-11,1.6684075062913635,-0.9808202226374444,0.034448014778159924,0.03741030956430663
1974-12,0.2107356862365584,-0.04476439092313608,-0.07321840835281593,0.026529158495841455,0.005995431593945844,-0.004070572660107458,0.0,1974-12,1971-12,-2.293029087336166,-0.936633384743925,0.041686478154794676,-0.08645086907793068
1975-01,0.19119206643628783,-0.019543619800270556,-0.007437218985931936,-0.0020921601906704326,0.00014067728855093816,-0.010154917912219107,-2.0816681711721685e-17,1975-01,1972-01,-0.2400257149935991,0.07507678365251226,0.0022612177961505303,-0.021804837596421114
1975-02,0.24600100001683717,0.054808933580549335,0.06743256098342515,0.010352870314001861,-0.0023650358387113136,-0.020611461878166308,-6.245004513516506e-17,1975-02,1972-02,2.1009602729389627,-0.37929674793954954,0.012506852853662806,0.04230208072688656
1975-03,0.17934649437254843,-0.06665450564428874,-0.05325595593526705,-0.003810528396976262,0.0007371475465165922,-0.010325168858562066,5.551115123125783e-17,1975-03,1972-03,-1.7399623013779282,0.1366164447520276,-0.0028167542528716727,-0.06383775139141701
1975-04,0.1482824199520433,-0.031064074420505128,-0.0244591675474104,0.004527585137741204,6.890099282633176e-05,-0.011201393003662307,4.163336342344337e-17,1975-04,1972-04,-0.8057632548732965,-0.16389457524067508,0.005072512642775917,-0.0361365870632811
1975-05,0.19159084836571194,0.04330842841366864,0.050229099287263594,0.0016359373503539122,-0.000796213896864035,-0.007760394327084818,-1.3877787807814457e-17,1975-05,1972-05,1.6422602860410103,-0.05856073128540489,0.002701509535185345,0.040606918878483264
1975-06,0.20741195604480273,0.015821107679090785,0.022782615049004834,-0.0011100601225756562,-0.0003829505330874486,-0.005468496714250884,-5.898059818321144e-17,1975-06,1972-06,0.7528364682265953,0.03938419945211447,-0.0007109860297633552,0.016532093708854223
1975-07,0.20514614540493126,-0.0022658106398714684,-0.001753348745564265,0.0005196081545187163,0.00012992176674111056,-0.0011619918155670677,3.729655473350135e-17,1975-07,1972-07,-0.05558977209717393,-0.018237508433414637,0.000708492577828429,-0.0029743032176999806
1975-08,0.2526189718567236,0.04747282645179235,0.051488165812710644,0.006777602236983351,-0.0016614875265189553,-0.009131454071382694,6.938893903907228e-18,1975-08,1972-08,1.6552944450384486,-0.24193642680123006,0.009118506556819311,0.03835431989497298
1975-09,0.2520130621950147,-0.0006059096617089255,-0.0007241547167336276,-0.007897219631268737,-9.760757786585348e-05,0.008113072264159284,8.673617379884035e-18,1975-09,1972-09,-0.02061092614326082,0.2719601383588579,0.0002331876316012671,-0.0008390972933101926
1975-10,0.28581369501717213,0.03380063282215745,0.05043736141122613,-0.002233586752482182,-0.000809409974871331,-0.013593731861715126,-3.469446951953614e-17,1975-10,1972-10,1.6482572012162822,0.0801470648905284,-0.0007949720302078411,0.03459560485236546
1975-11,0.2652325183860838,-0.020581176631088327,0.008582542170331324,-0.03646882807676268,-0.0002526157637759787,0.0075577250391190036,3.469446951953614e-18,1975-11,1972-11,0.32327548161716546,1.2589149846672556,-0.02678830017055356,0.006207123539465065
1975-12,0.2664898137439452,0.0012572953578613988,-0.002768532707820497,0.0034106807450395593,0.000415163528616888,0.00019998379202542667,2.168404344971009e-17,1975-12,1972-12,-0.08342722875392,-0.11932892886816386,0.004899446552400766,-0.0036421511945394225
1976-01,0.32455538071230916,0.05806556696836396,0.08164017496385727,0.0025506340957484747,-0.002420452547972916,-0.02370478954326884,-2.7755575615628914e-17,1976-01,1973-01,2.5857694670513305,-0.09283294484378907,0.0032962760426921978,0.05476929092567187
1976-02,0.31064674696073913,-0.013908633751570032,-0.0011930278115211566,-0.01356887743933459,-0.0008185454127427996,0.0016718169120285306,-1.5612511283791264e-17,1976-02,1973-02,-0.05540282752518191,0.4736608523028072,-0.009591084111765152,-0.004317549639804935
1976-03,0.3099138787399578,-0.0007328682207813353,0.0016825149294274007,-0.0019226539043337388,-0.00022366993444070338,-0.00026905931143435784,6.407634839389331e-17,1976-03,1973-03,0.051488166502460554,0.0673220631460705,-0.0014013456318005546,0.0006684774110191083
1976-04,0.3140677434898224,0.004153864749864622,0.004746619309558777,0.002741534622110703,-0.00027235348437223907,-0.003061935697432569,-5.0306980803327406e-17,1976-04,1973-04,0.14884996170417703,-0.0964245388215528,0.003587511292415413,0.0005663534574492646
1976-05,0.30206345265994344,-0.012004290829878972,0.00490973801137488,-0.012212484316574106,0.0002124631618296613,-0.004914007686509494,8.673617379884035e-17,1976-05,1973-05,0.18468541767707208,0.43084632442647414,-0.008211485822977871,-0.0037928050069010455
1976-06,0.30157994975827657,-0.0004835029016668768,0.0010704842438227851,-0.0018308373846688483,-0.00020815450854687852,0.0004850047477261336,-6.86842076269567e-17,1976-06,1973-06,0.031148151637145103,0.06402782321790283,-0.0009730261845581067,0.0004895232828911744
1976-07,0.31264490450786614,0.011064954749589573,0.0033617701695919495,0.004515230917590936,-0.00028086974727115554,0.003468823409677803,3.9898639947466563e-17,1976-07,1973-07,0.10101369581252989,-0.15714053088924274,0.009064249350897918,0.0020007053986916545
1976-08,0.30329630649351164,-0.009348598014354503,-0.002024873718005654,-0.01369878682446928,-0.0002601212345792483,0.006635183762699741,-6.418476861114186e-17,1976-08,1973-08,-0.0651289634994033,0.47429405896777443,-0.0067110753098924,-0.002637522704461992
1976-09,0.30667346369367393,0.003377157200162295,0.009886741399935053,-0.013006951019521526,4.266075533515663e-05,0.006454706064413531,8.023096076392733e-17,1976-09,1973-09,0.3542301569067617,0.45042615396457225,-0.0023186117418869945,0.005695768942049068
1976-10,0.2620983391910494,-0.04457512450262452,-0.018476749312153835,-0.03191966108223292,-0.0006719148445367486,0.006493200736299053,-7.632783294297951e-17,1976-10,1973-10,-0.6276305877390882,1.1044471645245844,-0.020984719215222852,-0.0235904052874015
1976-11,0.2791409821971312,0.01704264300608177,-0.0023119207995327146,0.013295385223800731,-0.00032880465092496354,0.0063879832327386555,6.245004513516506e-17,1976-11,1973-11,-0.10399748011572364,-0.4598450434642592,0.021425629257345924,-0.004382986251264209
1976-12,0.3042541666355705,0.025113184438439295,0.040374284137768,-0.0013663678967952833,-0.0036055176476812007,-0.010289214154852197,-2.0816681711721685e-17,1976-12,1973-12,1.2304215627985615,0.04866541734826557,0.0066613423150693185,0.018451842123369977
1977-01,0.31773703158290983,0.013482864947339357,0.011909289169198707,0.0067760485501037184,-0.00014395113552665887,-0.005058521636436383,-2.7755575615628914e-17,1977-01,1974-01,0.39055888915323733,-0.23909001734521482,0.013611066271449063,-0.00012820132410965024
1977-02,0.33172409074410264,0.013987059161192805,0.01452581797139452,0.0022506450021463537,1.6205145259472234e-05,-0.002805608957607538,-5.204170427930421e-18,1977-02,1974-02,0.4905166647927514,-0.07911282694642982,0.00448635610179457,0.009500703059398236
1977-03,0.3689101635627741,0.03718607281867148,0.001221288442832221,0.025954445250120035,0.0006412962560203878,0.00936904286969882,1.3877787807814457e-17,1977-03,1974-03,0.038656499740213124,-0.8962517186659953,0.03657333687187933,0.0006127359467920368
1977-04,0.33404497320417564,-0.034865190358598475,-0.004452540954777355,-0.0442171376335024,-0.0010874985467761154,0.014891986776457432,-4.163336342344337e-17,1977-04,1974-04,-0.14860469140682256,1.514863190318207,-0.02903777681725439,-0.00582741354134414
1977-05,0.33034283585189944,-0.0037021373522762024,0.001630788039470165,-0.0073031691507814255,4.7794851758656435e-05,0.0019224489072763883,1.3444106938820255e-17,1977-05,1974-05,0.06440456547892545,0.2548713117373264,-0.004332340785601518,0.0006302034333253714
1977-06,0.3284848190978053,-0.0018580167540941384,0.0008555270405258085,0.00025594653350409323,-4.8752792206751544e-05,-0.0029207375359172924,3.903127820947816e-18,1977-06,1974-06,0.02708329753271093,-0.008997841874373793,0.0003672516187957775,-0.0022252683728899714
1977-07,0.26378548996522366,-0.06469932913258164,-0.0010416512680860674,-0.09996535083998835,-0.002230749029322112,0.03853842200481491,0.0,1977-07,1974-07,-0.015075387239585044,3.27364997793594,-0.0635535260219427,-0.0011458031106387767
1977-08,0.24227722275325136,-0.0215082672119723,0.009114133776512838,-0.037214549923300505,-0.00022439364005236737,0.006816542574867731,6.938893903907228e-18,1977-08,1974-08,0.34323740338129943,1.28497796933147,-0.028207783817754337,0.006699516605781955
1977-09,0.26010789180416305,0.017830669050911685,-0.0030399543068322056,-0.005637510640035698,-0.00044712677955924073,0.026955260777338803,2.7755575615628914e-17,1977-09,1974-09,-0.11924324940314612,0.18673643046618407,0.02248198272338392,-0.004651313672472263
1977-10,0.2755223228425357,0.015414431038372645,0.02632587808313961,-0.004340183433916151,-0.0014893655208791771,-0.0050818980899716495,1.0408340855860843e-17,1977-10,1974-10,0.8412954906070108,0.15334713966202929,-0.003087129081064982,0.018501560119437738
1977-11,0.26199606440243084,-0.013526258440104855,0.000715827592768741,-0.0187633163062052,-0.0007798596896687666,0.005301089963000335,3.469446951953614e-17,1977-11,1974-11,0.016221606628642415,0.6502416703741847,-0.013667062393081297,0.00014080395297627613
1977-12,0.3598057307382192,0.09780966633578836,0.005396907261522983,0.06785978479166956,0.002277021040554895,0.022275953242040958,-4.163336342344337e-17,1977-12,1974-12,0.20217391684996458,-2.2896316020164775,0.09416614541627469,0.0036435209195135043
1978-01,0.4319738247692056,0.0721680940309864,0.04821439302403915,0.019115203657222267,-0.0025243400512187293,0.0073628374009437935,-8.326672684688674e-17,1978-01,1975-01,1.5504424147410556,-0.6628059888430903,0.044403325886071515,0.02776476814491488
1978-02,0.44209473784250497,0.010120913073299376,0.004502852821914858,-0.050238724041106596,-0.002421021449612672,0.05827780574210375,3.469446951953614e-17,1978-02,1975-02,0.12763398551021857,1.6415459639654635,0.008514783671272036,0.0016061294020273953
1978-03,0.5423511975433265,0.10025645970082153,-0.00021756771259160847,0.06530758874013243,0.0020589103393715493,0.033107528333909085,8.326672684688674e-17,1978-03,1975-03,-0.0008648946312375161,-2.2087167358577906,0.10047556014238784,-0.00021910044156647768
1978-04,0.5765247162484595,0.034173518705132966,-0.02045787079231752,0.022283358836570465,-0.0017781560060449553,0.03412618666692481,1.6653345369377348e-16,1978-04,1975-04,-0.8020456758058062,-0.7561297145100304,0.07392769045473108,-0.039754171749598444
1978-05,0.4840921381444314,-0.09243257810402805,-0.048309839464178,-0.0536104374317035,-0.0006294699956143247,0.010117168787467988,-2.0816681711721685e-16,1978-05,1975-05,-1.6285485110269171,1.8584832370193802,-0.017194702039853516,-0.07523787606417409
1978-06,0.46947363704388934,-0.01461850110054208,-0.0002932303547554368,-0.025344609080286778,-0.0009841288523536156,0.012003467186853764,-1.5612511283791264e-17,1978-06,1975-06,-0.01906198988593724,0.8758989289035508,-0.012617334555549309,-0.0020011665449928273
1978-07,0.4750709449020378,0.005597307858148437,0.004887264714301134,-0.0011818381797699823,2.291931369101924e-05,0.0018689620099261897,7.632783294297951e-17,1978-07,1975-07,0.16856454139213642,0.041282488406322995,0.00565044586218999,-5.313800404160851e-05
1978-08,0.44858140451858364,-0.026489540383454135,0.09317012456100121,-0.12918454362196147,-0.012282117896841626,0.021806996574347783,-3.8163916471489756e-17,1978-08,1975-08,2.9459005767932287,4.414840969510146,-0.06863104795846342,0.04214150757500923
1978-09,0.44882212420715784,0.000240719688574198,6.456943090062853e-05,-0.0021915284992817955,-3.84555465459678e-05,0.0024061343035013706,-3.7730235602495554e-17,1978-09,1975-09,0.0030273453762332857,0.0764978400236311,0.00040569512261307006,-0.00016497543403876103
1978-10,0.4328284484073355,-0.01599367579982236,0.04403179285334311,-0.06715426806527014,-0.006141862117600442,0.013270661529705083,2.7755575615628914e-17,1978-10,1975-10,1.3749783501338493,2.315038676565831,-0.0389687413611898,0.02297506556136722
1978-11,0.44387104146780937,0.011042593060473893,0.048656245011662956,-0.007720541876344572,-0.0028820086356337745,-0.027011101439210674,-4.5102810375396984e-17,1978-11,1975-11,1.5169451772388092,0.2785333048101724,-0.0046516036889175105,0.015694196749391626
1978-12,0.4372737918855067,-0.006597249582302678,-0.01178633243047597,0.0068891789639820376,0.0010833477966450977,-0.0027834439124538707,2.688821387764051e-17,1978-12,1975-12,-0.3697249561803465,-0.24188295088182185,0.010754448969834629,-0.017351698552137362
1979-01,0.33576593215917333,-0.10150785972633336,-0.009190740853207202,-0.15270309686579595,-0.00293555689477551,0.06332153488744532,-2.7755575615628914e-17,1979-01,1976-01,-0.2854431059228549,4.914208988641088,-0.08379827630344777,-0.017709583422885533
1979-02,0.3427102303521865,0.006944298193013176,-0.005156771398592839,0.003518608834379296,0.0006246464627162471,0.007957814294510398,7.45931094670027e-17,1979-02,1976-02,-0.15948791785422517,-0.12170689872459911,0.013711948190130718,-0.006767649997117431
1979-03,0.3428424072513118,0.0001321768991253136,0.004049232698563416,-0.002827410618744344,0.00017690385737617996,-0.0012665490380699843,4.597017211338539e-17,1979-03,1976-03,0.14628414987112132,0.09914219704051096,-0.001005241354728209,0.0011374182538534672
1979-04,0.33836895749679374,-0.004473449754518077,-0.0006298513118013209,-0.009666971453057182,0.0005162422636174623,0.0053071307467230135,-5.0306980803327406e-17,1979-04,1976-04,0.0055756790228879615,0.33570835040476954,-0.001362754353071871,-0.0031106954014462618
1979-05,0.33847486665308935,0.00010590915629560271,0.001143336591144761,-0.016307083262828752,0.0008283032997129666,0.014441352528266609,1.734723475976807e-17,1979-05,1976-05,0.0847135665222937,0.5585757554572569,0.0019353494437252816,-0.001829440287429679
1979-06,0.357636264925502,0.019161398272412644,0.05085533228705057,-0.00258809625877731,-0.0008422365389992543,-0.028263601216861382,2.0816681711721685e-17,1979-06,1976-06,1.63534079502772,0.09425112992491276,-0.0012245367453958544,0.020385935017808554
1979-07,0.3529807592276153,-0.004655505697886697,4.288414222787395e-05,-0.008047587473127477,-0.00012226057000415438,0.00347145820301718,-1.196959198423997e-16,1979-07,1976-07,0.005148065261457049,0.2802896648821743,-0.004015076668660744,-0.0006404290292258974
1979-08,0.3372296752978169,-0.015751083929798404,-0.01028619780629277,0.005229431494014465,0.001199538499036302,-0.011893856116556394,-6.938893903907228e-18,1979-08,1976-08,-0.30886667870793405,-0.1861844205621698,0.007866729361214214,-0.023617813291012618
1979-09,0.2975596549090202,-0.03967002038879669,-0.014691195973852121,-0.02496361297334738,-0.0006924779767971609,0.0006772665351998214,1.457167719820518e-16,1979-09,1976-09,-0.499734629588876,0.8727943250326405,-0.01590486507340405,-0.02376515531539264
1979-10,0.4280500943968652,0.130490439487845,0.17478390193823554,0.04503426018011195,-0.000393730202137175,-0.08893399242836526,-5.551115123125783e-17,1979-10,1976-10,5.193322734763246,-1.7627111769866333,0.06525443542486542,0.06523600406297952
1979-11,0.4443017668284397,0.016251672431574493,0.008509124944182038,0.00811941004806167,2.305520509137451e-05,-0.00039991776576051285,-7.632783294297951e-17,1979-11,1976-11,0.2823077808383015,-0.28430962867469467,0.014333168845336253,0.0019185035862382405
1979-12,0.4461445635012193,0.0018427966727795897,0.06822782546783851,-0.08433338292782616,0.0001402956104547133,0.017808058522312434,9.367506770274758e-17,1979-12,1976-12,2.4565545340203565,2.8926590635182494,-0.03599182692844102,0.037834623601220724
1980-01,0.39432751858901094,-0.05181704491220834,-0.03445881576938349,-0.014795383581220522,-0.00016437368586766127,-0.002398471875736635,-2.7755575615628914e-17,1980-01,1977-01,-1.1604441770244815,0.5193164391879448,-0.003303116421858876,-0.04851392849034952
1980-02,0.11084361239804569,-0.28348390619096525,-0.19593842707888579,-0.0134983619868293,0.00894112289645987,-0.08298824002171008,5.551115123125783e-17,1980-02,1977-02,-5.228163768875994,0.5559064890065624,-0.0071541002078588795,-0.276329805983106
1980-03,0.1274883614325948,0.0166447490345491,0.033302247550082466,0.0011874264377135571,-0.0011693189064580101,-0.016675606046788912,-3.469446951953614e-18,1980-03,1977-03,1.016567941779607,-0.044439887802017485,0.0012310482016115176,0.015413700832937596
1980-04,0.05620293278774474,-0.07128542864485005,-0.062021146675623195,0.01029217304788198,-2.537254120286049e-05,-0.019531082475905966,0.0,1980-04,1977-04,-1.8885670974350544,-0.3997490505403696,0.010749173902131648,-0.08203460254698167
1980-05,0.1625774331510767,0.10637450036333196,0.13176148835328633,-6.318545946782442e-05,-0.0040995937797288825,-0.021224208750757704,2.7755575615628914e-17,1980-05,1977-05,3.9441592833277284,0.0024150981442352813,-0.00024354908971125494,0.10661804945304307
1980-06,0.20605251741280922,0.04347508426173252,0.05560492935417083,-0.0008604319139006633,-0.0007187088255224044,-0.010550704353015219,-1.3877787807814457e-17,1980-06,1977-06,1.8152362410134921,0.03097346816968533,0.00031843512687072806,0.043156649134861794
1980-07,0.17390917400454184,-0.03214334340826738,-0.027535932812933737,6.516982666486942e-05,0.0006734704945657197,-0.005346050916564221,-1.3877787807814457e-17,1980-07,1977-07,-0.9012586389759643,-0.002313068663056876,5.9993251212267507e-05,-0.032203336659479595
1980-08,0.1397181978741373,-0.03419097613040453,-0.03066777139918629,-0.0010642346524394144,0.0018349032295175455,-0.0042938733082963825,6.938893903907228e-18,1980-08,1977-08,-0.9666478700707041,0.0377588455402785,0.0011637889766260429,-0.03535476510703055
1980-09,0.13889454902969373,-0.0008236488444435808,-0.007342834233676049,0.005649759421987488,0.0007545935344231528,0.00011483243282182237,5.204170427930421e-18,1980-09,1977-09,-0.22977067476259597,-0.19766007913686404,0.007096199609219117,-0.007919848453662698
1980-10,0.130901210446411,-0.007993338583282716,-0.0027815122945104138,-0.006499472227761169,-8.292708480684228e-05,0.0013705730237957247,-1.5612511283791264e-17,1980-10,1977-10,-0.09161454728256645,0.22632611658143098,-0.004627834379969609,-0.00336550420331308
1980-11,0.09123705432043204,-0.03966415612597897,-0.03673265299012834,0.00016528180296445136,0.0011944438193341005,-0.004291228758149176,0.0,1980-11,1977-11,-1.1860107703077878,-0.005896959986212992,0.00030165867016509335,-0.03996581479614408
1980-12,0.08886496277474759,-0.002372091545684449,-0.0015970306214265581,-0.00027973603437724096,2.4538130252636586e-05,-0.0005198630201333007,1.431146867680866e-17,1980-12,1977-12,-0.05308278828498562,0.00981902299546503,-3.9824963907780786e-05,-0.0023322665817767096
1981-01,0.06450401076292041,-0.024360952011827183,-0.010134215457321185,-0.014633532726904704,-0.000936903464102991,0.001343699636501704,-6.938893903907228e-18,1981-01,1978-01,-0.3656698089829813,0.5076929481334589,-0.013130048201354633,-0.011230903810472481
1981-02,0.09222497444271567,0.027720963679795263,0.029240656495072733,0.0008842251185330018,-0.00038784247260137406,-0.0020160754612091,3.469446951953614e-18,1981-02,1978-02,0.9683498876153244,-0.03134500874297969,0.0016695095904205454,0.02605145408937473
1981-03,0.10326295389432956,0.011037979451613888,0.010123060999366424,0.0019716997567326587,-0.00024355957056027192,-0.0008132217339249065,-1.5612511283791264e-17,1981-03,1978-03,0.33287038923228396,-0.06929649576723683,0.002254755842770316,0.008783223608843461
1981-04,0.10580455182672041,0.0025415979323908516,0.0016158721265639986,0.0006716315203907289,-0.0004669059929738967,0.0007210002784100031,1.7780915628762273e-17,1981-04,1978-04,0.03857637226506951,-0.023426033049635874,0.0017476248895531357,0.0007939730428377853
1981-05,0.12129310352355835,0.015488551696837938,0.008478939935173761,0.006354455632299086,-0.00021893743162899765,0.0008740935609940826,6.938893903907228e-18,1981-05,1978-05,0.27594990014558124,-0.22154969970478233,0.008728497030591177,0.006760054666246719
1981-06,0.11236032910781714,-0.00893277441574121,-0.005537209327619631,2.8832646818182017e-05,-6.027451711476634e-05,-0.003364123217824988,-6.938893903907228e-18,1981-06,1978-06,-0.18775425197612433,-0.0010236771818637462,-1.450160354436042e-05,-0.008918272812196766
1981-07,0.13393549422394457,0.021575165116127434,0.026798886886002682,-0.0019369324271898097,-0.00035937145861009563,-0.002927417884075329,-1.3877787807814457e-17,1981-07,1978-07,0.8908579688390497,0.06859745273883498,-0.0014746228473881892,0.023049787963515457
1981-08,0.10569460191533178,-0.02824089230861279,0.002612516363780944,-0.03441899611990085,-0.002035669744405338,0.005601257191912456,0.0,1981-08,1978-08,0.05432864927192138,1.1765986531024732,-0.029535853052822705,0.0012949607442099553
1981-09,0.10855672093013667,0.0028621190148048897,0.012864310284601733,0.0012900461425211002,-0.0007812643687337998,-0.010510973043584145,1.734723475976807e-18,1981-09,1978-09,0.3898566320120152,-0.04735996998147051,0.0012326536612196973,0.0016294653535852618
1981-10,0.10820581162547131,-0.00035090930466535886,0.004730055907713584,-0.005047739714826017,-0.0008490931360470683,0.0008158676384941369,5.095750210681871e-18,1981-10,1978-10,0.13748358406120717,0.1760059358869675,-0.0038636156984834177,0.0035127063938180172
1981-11,0.13776658394635535,0.02956077232088404,0.050993171751012624,-0.004582188641979479,-0.005979179560792626,-0.010871031227356451,-2.7755575615628914e-17,1981-11,1978-11,1.4687739413588354,0.16741387181313175,-0.0008788031154709774,0.030439575436355032
1981-12,0.13911396117886807,0.0013473772325127142,6.232803019557155e-05,0.0012270372734487632,-4.140577814970782e-06,6.215250668334534e-05,4.7704895589362195e-18,1981-12,1978-12,0.0007872134638676412,-0.042936664228291545,0.0014155793391066873,-6.820210659402859e-05
1982-01,0.17704998125664376,0.03793602007777569,0.04585014995906773,0.00039989805575818755,-0.0018765909759845985,-0.00643743696106562,-6.938893903907228e-18,1982-01,1979-01,1.4655614359711335,-0.014280604554431538,0.0018460799425002866,0.03608994013527532
1982-02,0.16705537862120937,-0.009994602635434391,-0.011317244308090217,0.002584361172736081,6.36478447161849e-05,-0.0013253673447964618,2.2551405187698492e-17,1982-02,1979-02,-0.38396270704141355,-0.09080106517955897,0.0033129013111231204,-0.013307503946557456
1982-03,0.132404267142917,-0.03465111147829236,-0.03034234573271383,-0.001333788059835081,0.0010384905690170884,-0.004013468254760503,-4.163336342344337e-17,1982-03,1979-03,-0.9824832564164961,0.04730909947753026,-0.00086000107802707,-0.033791110400265265
1982-04,0.13690367599073447,0.004499408847817465,0.007734163276863691,-0.00034159401854627885,-0.00012162202996866009,-0.0027715383805313,1.3877787807814457e-17,1982-04,1979-04,0.25670144508143405,0.012078797532967988,6.695930637722058e-05,0.004432449541440328
1982-05,0.13595602194146705,-0.0009476540492674157,-0.0012677021092125876,0.0001381011004938563,-0.0002941776418935768,0.0004761246013449034,-1.1058862159352145e-17,1982-05,1979-05,-0.05337453448364853,-0.0048251043452057045,0.0010751723321424378,-0.0020228263814098812
1982-06,0.15451278741277344,0.018556765471306386,0.03349777115564108,-0.007624524583880551,-0.0022470881984949388,-0.005069392901959205,3.469446951953614e-18,1982-06,1979-06,1.0521423252841633,0.2715091005123795,-0.007017079616951735,0.025573845088258065
1982-07,0.15067035321543149,-0.003842434197341954,-0.0025596968276481364,-0.0003799535738145403,0.0001599134211775589,-0.0010626972170568315,-4.336808689942018e-18,1982-07,1979-07,-0.08100682357112281,0.013344683652263123,-0.00025333105747672724,-0.0035891031398651713
1982-08,0.152019730603734,0.001349377388302514,0.0011995277638043689,0.00035906212346870466,0.0012886627326047628,-0.0014978752315753217,-6.505213034913027e-19,1982-08,1979-08,0.08390127068386743,-0.012629360643335492,0.003914546250696482,-0.002565168862393996
1982-09,0.22233111143283418,0.07031138082910018,0.09589746999243096,0.002752887267421689,-0.003263783609043775,-0.025075192821708663,-2.7755575615628914e-17,1982-09,1979-09,2.9419652576250903,-0.10269840407963286,0.0030600912485870962,0.06725128958051309
1982-10,0.27369499104663336,0.05136387961379918,0.11471117768957156,-0.03880319250627227,-0.00799036562271994,-0.01655373994678018,0.0,1982-10,1979-10,3.5473007932423783,1.403230383227187,-0.03086268502783933,0.08222656464163845
1982-11,0.2766773529294177,0.0029823618827843346,0.010523867789672769,-0.005320667776361013,-0.0008957380640159299,-0.0013251000665115186,2.688821387764051e-17,1982-11,1979-11,0.33199548958259245,0.18667172310427102,-0.00399277935736031,0.006975141240144589
1982-12,0.272536295196859,-0.004141057732558684,-6.681394704352765e-06,-0.006321872311753014,-0.00020065513781238582,0.0023881511117111354,-6.591949208711867e-17,1982-12,1979-12,-0.0009128888402915542,0.22030344955673156,-0.0041160555040997415,-2.5002228458775866e-05
1983-01,0.28325448390638425,0.010718188709525234,0.0011095903837130563,0.00863804994779771,-7.787170009732157e-05,0.0010484200781116957,9.367506770274758e-17,1983-01,1980-01,0.026759374335266976,-0.3017614237084309,0.011289258461547047,-0.0005710697520218688
1983-02,0.35444589901884316,0.07119141511245891,-0.0026247024498664098,0.04739495525065329,0.0007619667618953807,0.02565919554977665,0.0,1983-02,1980-02,-0.11388038978810483,-1.5918843691004623,0.07542109246774159,-0.004229677355282846
1983-03,0.34642147573869314,-0.008024423280150017,0.0036597431336066535,-0.03936557789172359,-0.0018678959075058672,0.029549307385472803,-1.3877787807814457e-17,1983-03,1980-03,0.10341951366647076,1.3198366341614614,-0.009288555448724506,0.0012641321685745444
1983-04,0.4042434281003519,0.05782195236165877,0.0003751172540947414,0.03607919123504897,0.001957552693718906,0.019410091178796218,-6.245004513516506e-17,1983-04,1980-04,0.0454455399573061,-1.230076638292626,0.05919984864232883,-0.0013778962806700046
1983-05,0.3789172373560721,-0.02532619074427983,-0.0015713106403099112,-0.05087790774301969,-0.0002705307274385224,0.0273935583664882,9.020562075079397e-17,1983-05,1980-05,-0.013670085364908373,1.7185861101965032,-0.02175232213638817,-0.003573868607891717
1983-06,0.3601171663274725,-0.018800071028599596,-0.000426298857088439,-0.024893187524607983,-0.0015767743055294307,0.008096189658626284,-2.7755575615628914e-17,1983-06,1980-06,-0.04443979501361682,0.8617206154782171,-0.014156670753416117,-0.004643400275183424
1983-07,0.39115552659871344,0.03103836027124096,0.005531971022055895,0.021737900867966488,-3.351168215718828e-05,0.0038020000633757554,1.0408340855860843e-17,1983-07,1980-07,0.16680634955782317,-0.7569754740890016,0.030435598844805983,0.0006027614264348113
1983-08,0.4426119793955133,0.051456452796799834,0.021969995752292023,0.02282531486732611,0.0008593127097131437,0.005801829467468618,-6.245004513516506e-17,1983-08,1980-08,0.7598925699308552,-0.7933247963405936,0.03897744287839641,0.012479009918403366
1983-09,0.45813082155424795,0.01551884215873467,0.005227672740545131,0.00836449700472833,-0.00010381847856801996,0.0020304908920292233,3.469446951953614e-18,1983-09,1980-09,0.166595939590097,-0.2920974273128672,0.013031542843583821,0.0024872993151508482
1983-10,0.4674462598832998,0.00931543832905185,-0.0007321917757720671,0.0067359096619541,0.00033120600000761464,0.0029805144428621776,2.6020852139652106e-17,1983-10,1980-10,-0.020258483700045977,-0.23499764462008116,0.010269893227784821,-0.0009544548987328594
1983-11,0.5368239262910504,0.06937766640775056,0.00544708431089054,0.04078046897745066,0.001536699366556791,0.021613413752852622,-5.551115123125783e-17,1983-11,1980-11,0.20226048256850523,-1.3965668984890656,0.06708285110747136,0.0022948153002792515
1983-12,0.5360897271470115,-0.0007341991440388274,0.0028989834730229445,-0.00565752982623408,1.9194827374889661e-07,0.0020241552608985646,-5.637851296924623e-18,1983-12,1980-12,0.10434936669903257,0.19763997404949424,-0.0020931519547682798,0.0013589528107293414
1984-01,0.5416228600090138,0.005533132862002299,0.0007695223494613058,0.003231819211829776,6.652749051417319e-05,0.001465263810196908,1.3704315460216776e-16,1984-01,1981-01,0.0253412792448884,-0.11295988166948145,0.00523896731043777,0.00029416555156452917
1984-02,0.5228788701305923,-0.01874398987842152,0.017721878561128526,-0.03429721533150884,0.0003037952388432649,-0.00247244834688439,-7.632783294297951e-17,1984-02,1981-02,0.6452159941349814,1.2031907318313821,-0.01609770483337164,-0.0026462850450499897
1984-03,0.5234424261049742,0.0005635559743818463,0.004248115500267496,-0.0012931527055467594,-0.0007541421814902539,-0.0016372646388486433,7.15573433840433e-18,1984-03,1981-03,0.11996137249294724,0.045331167029760346,0.0032970801871190503,-0.002733524212737204
1984-04,0.5322793472000963,0.00883692109512213,0.0019561389388190564,0.0024340923597850617,6.029590371016333e-05,0.0043863938928078595,-1.0408340855860843e-17,1984-04,1981-04,0.0665235764621962,-0.08483925900759842,0.0097160224449363,-0.0008791013498139488
1984-05,0.5234789983570411,-0.008800348843055139,0.011944735098193604,-0.013505174579782502,0.0001815960049196384,-0.007421505366385929,4.85722573273506e-17,1984-05,1981-05,0.42276918750011316,0.47600387597838106,-0.006337801265747789,-0.0024625475773075722
1984-06,0.5333626300058358,0.009883631648794688,0.005621244966714914,0.0008626219473647082,-0.0007309016517351932,0.004130666386450272,-1.214306433183765e-17,1984-06,1981-06,0.16621599513079285,-0.03007376109593979,0.009112379862509068,0.0007712517862856205
1984-07,0.5150837861977667,-0.0182788438080691,-0.004804887977262803,-0.028269366981404264,-0.0003804326596623483,0.015175843810260362,-4.85722573273506e-17,1984-07,1981-07,-0.15111598525544556,0.9751128793983933,-0.011243065366340455,-0.007035778441728424
1984-08,0.5446875028636459,0.029603716665879132,0.06550369729926687,-0.0009454418186039545,-0.0036591620297803757,-0.031295376785003395,-2.0816681711721685e-17,1984-08,1981-08,2.0432847474015223,0.034065982767403885,0.0074887336724066,0.02211498299347231
1984-09,0.547485497714687,0.0027979948510411523,0.00044717487044903,-0.045643781454162716,-0.0017879811254533746,0.04978258256020821,6.938893903907228e-18,1984-09,1981-09,-0.0013055674232978901,1.5248570991711878,0.0030546207093403166,-0.00025662585829905327
1984-10,0.536567821243681,-0.010917676471006055,-0.007166793268723908,-0.00047312798345311565,0.00013766063956883686,-0.0034154158583978226,-4.5102810375396984e-17,1984-10,1981-10,-0.2379736322579487,0.016611652815710098,-0.00012567165268256852,-0.010792004818323597
1984-11,0.568308180072072,0.03174035882839099,-0.0006259076985496582,-0.04026538375373901,-0.0008020057001941057,0.07343365598087374,2.0816681711721685e-17,1984-11,1981-11,-0.010067786937442405,1.3158562809882393,0.04089358358559486,-0.00915322475720376
1984-12,0.5697035270395758,0.0013953469675038743,-0.00022145710153236129,-0.000768251395458529,0.0002932781121327815,0.0020917773523620358,-5.2692225582795515e-17,1984-12,1981-12,0.0031966855023946145,0.026839374641957906,0.0037486499339674517,-0.0023533029664635774
1985-01,0.526781623792346,-0.042921903247229776,0.0026941327483588897,-0.08297052724412657,-0.0038141530462659484,0.04116864429480382,3.469446951953614e-17,1985-01,1982-01,0.04414714685280754,2.795248177423241,-0.038632878687216154,-0.004289024560013621
1985-02,0.5122261299270293,-0.014555493865316738,-0.0169532627327568,0.005295210852136041,0.0011809246211733223,-0.004078366605869366,6.591949208711867e-17,1985-02,1982-02,-0.5397187730434417,-0.18605988479885274,0.012960613729009529,-0.027516107594326378
1985-03,0.578256450072537,0.06603032014550769,0.01685552552937427,0.03701443720593419,0.0009960727600375851,0.011164284650161596,5.551115123125783e-17,1985-03,1982-03,0.5773175861754937,-1.2822351701614156,0.059315396415381805,0.006714923730125777
1985-04,0.5795990768159609,0.0013426267434238914,-0.005172720132635443,0.0025620597074861215,0.0009008328968921617,0.0030524542716811945,-1.4333152720258369e-16,1985-04,1982-04,-0.1482435061464952,-0.08943568817176024,0.011900048441934374,-0.010557421698510261
1985-05,0.583399293411508,0.003800216595547079,0.00960408576436647,0.0036942607134695495,-0.00035079525309849197,-0.009147334629190642,1.942890293094024e-16,1985-05,1982-05,0.3088291951459162,-0.1303160127388747,0.005920329789547429,-0.0021201131940006834
1985-06,0.5398542314825265,-0.04354506192898144,0.008782015381795379,-0.08408230297008337,-0.005070739729141262,0.036825965388447984,-1.6653345369377348e-16,1985-06,1982-06,0.21483760669909255,2.846623281977288,-0.03585097148002253,-0.007694090448958912
1985-07,0.5475701166934404,0.00771588521091382,-0.0015834756172811745,0.007597655640838857,0.0005547125113566521,0.0011469926759994187,6.591949208711867e-17,1985-07,1982-07,-0.04243784768755533,-0.26563746089982937,0.01229119366962722,-0.004575308458713401
1985-08,0.5891086523471206,0.041538535653680264,0.010491625944475039,0.017734963332522367,-0.0012614273388696882,0.014573373715552448,9.71445146547012e-17,1985-08,1982-08,0.30064777991935837,-0.6127629875655054,0.04319364688195054,-0.0016551112282703895
1985-09,0.5520392969508979,-0.03706935539622269,0.011092783870822888,-0.13511531506290408,-0.006293880907119531,0.09324705670297817,-1.3877787807814457e-16,1985-09,1982-09,0.3185150453533066,4.346150659797327,-0.035432373738963296,-0.0016369816572593954
1985-10,0.41846934181975276,-0.13356995513114517,-9.94483916518372e-05,-0.27451901869605194,-0.0073519374808233545,0.14840044943738195,0.0,1985-10,1982-10,0.015295751364294558,8.199025628211825,-0.13340691564208218,-0.00016303948906282173
1985-11,0.43750804925901376,0.019038707439261005,0.06851334850854446,-0.03225600913089518,-0.000174480724815053,-0.017044151213573135,-8.673617379884035e-17,1985-11,1982-11,2.309891133918034,1.1514212471963756,-0.018226760557239124,0.03726546799650007
1985-12,0.4679884638796429,0.030480414620629115,0.05753360979773677,-3.813922625938661e-05,-0.0017029628272381375,-0.02531209312361025,1.1449174941446927e-16,1985-12,1982-12,1.8468135683220734,0.001372123676051778,-3.526741014353574e-05,0.030515682030772373
1986-01,0.4703532282949228,0.0023647644152799407,-0.00012410617497503586,-0.002031095354372875,-5.986197831753396e-05,0.004579827922945375,9.974659986866641e-18,1986-01,1983-01,-0.004306266963627102,0.07074137573192699,0.002912827157645209,-0.0005480627423651574
1986-02,0.5097559749386217,0.03940274664369886,0.055770566157661634,0.00617756680296914,-0.0021632628403802402,-0.020382123476551686,1.3877787807814457e-17,1986-02,1983-02,1.7803698376308232,-0.22070550246962775,0.012190834768327052,0.02721191187537164
1986-03,0.5530096387048353,0.043253663766213646,0.1145913107494291,-0.008659385542250715,-0.0013455673192529851,-0.06133269412171157,-1.8735013540549517e-16,1986-03,1983-03,3.6402982417968013,0.32047107141429687,-0.0024117721667074044,0.04566543593292116
1986-04,0.5601141488445307,0.007104510139695375,0.011914954686160733,-0.001051728574217952,0.0004017610376643162,-0.0041604770099119255,2.0383000842727483e-16,1986-04,1983-04,0.41856272512579107,0.03694807998636526,0.005433407400936896,0.0016711027387582567
1986-05,0.569117086844687,0.00900293800015628,0.01570485474824719,0.006068970037097944,-0.0013923710514733292,-0.011378515733715474,-5.0306980803327406e-17,1986-05,1983-05,0.4762745643220407,-0.21455391697134601,0.013912825814712981,-0.0049098878145567015
1986-06,0.5743950665784474,0.0052779797337604295,-0.009464126599771385,0.004241640559698237,-0.0003043324457822542,0.010804798219615896,-6.418476861114186e-17,1986-06,1983-06,-0.33970235628947615,-0.1470547416981923,0.020317135710327783,-0.015039155976567353
1986-07,0.5313803664857696,-0.04301470009267783,-0.0352288080411384,-0.011485999219562292,0.001790253510276578,0.0019098536577462342,5.551115123125783e-17,1986-07,1983-07,-1.1286185693049056,0.4013156849238626,0.009298159231644565,-0.05231285932432239
1986-08,0.5034369922858004,-0.027943374199969173,-0.0004983515102919216,-0.05434514931798159,-0.001780847361485074,0.028680973989789436,-2.7755575615628914e-17,1986-08,1983-08,-0.0254046280312593,1.84944192485374,-0.02673527356721417,-0.0012081006327548938
1986-09,0.5272971047111774,0.023860112425377,0.05170567446109148,-0.0029536003211810455,-0.0023413901453195034,-0.022550571569213973,4.85722573273506e-17,1986-09,1983-09,1.6458518214936015,0.10563546515543813,-0.0002922276513450117,0.024152340076722123
1986-10,0.53002614408693,0.00272903937575264,0.005353954225209883,-0.00012642916262068277,-7.12690642790422e-05,-0.0024272166225574386,-8.023096076392733e-17,1986-10,1983-10,0.17946801955580355,0.004435178761691963,0.0003460899566069542,0.0023829494191455747
1986-11,0.5206251235512787,-0.009401020535651394,0.0022221291413672016,-0.015762058250723972,-0.0009516421790885408,0.005090550752793835,8.153200337090993e-17,1986-11,1983-11,0.05883976463068459,0.5489992900262289,-0.007544367585419154,-0.0018566529502323514
1986-12,0.5155637699888891,-0.00506135356238957,-8.132913569667062e-05,-0.01012280995076614,-0.00030096578048001573,0.005443751304553259,-2.6020852139652106e-18,1986-12,1983-12,-0.003183663157365186,0.35243709557400477,-0.004925973322705446,-0.00013538023968390211
1987-01,0.47635446637058043,-0.039209303618308655,-0.01911545783323366,-3.0141434010250232e-05,0.0006387625615113679,-0.020702466912576073,-4.163336342344337e-17,1987-01,1984-01,-0.6155649515069487,0.0010769767867982447,9.139231378568757e-05,-0.03930069593209429
1987-02,0.40158194897790167,-0.07477251739267876,-0.04439053073685423,-0.04684473429315557,0.0007670205520812439,0.01569572708524973,5.551115123125783e-17,1987-02,1984-02,-1.4645444444239357,1.61030738485491,-0.011359406303089181,-0.06341311108958969
1987-03,0.37718359768462273,-0.02439835129327894,-0.010598392669081226,-0.022193472813528816,-0.0010683154721790869,0.009461829661510294,-1.1102230246251565e-16,1987-03,1984-03,-0.3799739690547791,0.7673389257349277,-0.00905119542635291,-0.015347155866925921
1987-04,0.39924514595058563,0.022061548265962905,0.07598369674319026,-0.015830792236044288,-0.0005962478688205128,-0.03749510837236244,-1.1796119636642288e-16,1987-04,1984-04,2.456492129583474,0.5807367265853444,-0.008124175080986396,0.030185723346949467
1987-05,0.3924365273283814,-0.006808618622204221,0.035462444463862854,-0.04300965507423244,1.959818806606181e-06,0.0007366321693587013,5.811323644522304e-17,1987-05,1984-05,1.2497515693289312,1.5039372756096736,-0.018303983600179596,0.011495364977975264
1987-06,0.38371704365325493,-0.008719483675126483,0.004583851091068828,-0.02023855774321845,-0.0012421125568148508,0.008177335533837945,4.683753385137379e-17,1987-06,1984-06,0.1347933313385489,0.7008882607993817,-0.009329565978887955,0.0006100823037615277
1987-07,0.39185726180173724,0.008140218148482314,-0.004469493930282286,0.006715195779257426,0.0008180131066126375,0.005076503192894456,7.979727989493313e-17,1987-07,1984-07,-0.13163648299271621,-0.2334934170887852,0.014157091624992874,-0.006016873476510559
1987-08,0.2742948157803569,-0.11756244602138033,-0.049490659301404595,-0.08551933027491827,-0.0018839122602811922,0.01933145581522374,0.0,1987-08,1984-08,-1.7130521012622022,2.906827729890976,-0.052210085893329955,-0.06535236012805032
1987-09,0.3484184177669224,0.07412360198656548,0.10575152959231594,0.002575203721751585,-0.002804222976515659,-0.03139890835098635,-5.551115123125783e-17,1987-09,1984-09,3.325539275324388,-0.0946386571266572,0.003471648836799762,0.07065195314976572
1987-10,0.33303021237041674,-0.01538820539650565,0.05514817122731602,0.015756761353281513,-0.003187991860332643,-0.08310514611677051,-2.7755575615628914e-17,1987-10,1984-10,1.5415431487291797,-0.617946573213247,0.02075594928922808,-0.036144154685733454
1987-11,0.14571677845956643,-0.1873134339108503,-0.15108528219991255,0.005046285451557367,0.0006728823007710028,-0.0419473194632662,5.551115123125783e-17,1987-11,1984-11,-4.661601171117019,-0.1925304465428861,0.009172339473427465,-0.19648577338427758
1987-12,0.15491515900867625,0.00919838054910982,0.009435999698273108,0.0007215866155392386,-6.430332217296507e-05,-0.0008949024425294924,-7.112366251504909e-17,1987-12,1984-12,0.3172493663689591,-0.02533070312659842,0.0013609778563258568,0.007837402692784073
1988-01,0.1621881880533379,0.00727302904466165,0.011468019898289107,-0.0037296370957160003,3.7172813385440804e-05,-0.0005025265712969573,5.898059818321144e-17,1988-01,1985-01,0.3944960350945974,0.13074415807796233,-0.002310062015787359,0.009583091060448981
1988-02,0.1862647324361181,0.0240765443827802,0.012037839369145861,0.011257065417035505,0.0006142478310325555,0.00016739176556631986,-4.5102810375396984e-17,1988-02,1985-02,0.41977960841151163,-0.39380801273245936,0.014815546504993643,0.009260997877786475
1988-03,0.16818532632866282,-0.018079406107455287,-0.007909145840974918,-0.011062668569346389,-0.00017422861101970216,0.001066636913885701,2.0816681711721685e-17,1988-03,1985-03,-0.26509913060710927,0.38602841870423393,-0.008834177054738948,-0.009245229052716228
1988-04,0.1854061780525538,0.017220851723890984,0.01734963962825578,0.0024521182681484805,-0.0006730520107032282,-0.0019078541618100678,2.0816681711721685e-17,1988-04,1985-04,0.5620351148329129,-0.0862870808655269,0.004202594610303326,0.013018257113587603
1988-05,0.19830585884447788,0.012899680791924079,0.025653832573160704,-0.01040486268548251,-0.002058975213387697,-0.0002903138823664391,2.0816681711721685e-17,1988-05,1985-05,0.8123813101815154,0.3644457154851171,-0.006670047904665119,0.019569728696589253
1988-06,0.20033706536219315,0.002031206517715267,0.009675450654857696,-0.012536833489316805,0.0007979362196903357,0.004094653132484113,-7.32920668600201e-17,1988-06,1985-06,0.372360275633613,0.4342823971788797,-0.004628762095052044,0.006659968612767228
1988-07,0.20689797237935462,0.006560907017161471,0.004736570564932909,0.002209557651136107,-1.5566863627264527e-05,-0.0003696543352802768,-3.469446951953614e-18,1988-07,1985-07,0.15835321544583708,-0.07740471459386403,0.0028829138603737037,0.0036779931567877677
1988-08,0.21562396457626418,0.00872599219690956,0.011225738120793128,-0.0016667282024095435,1.125318118517291e-05,-0.0008442709026592345,3.642919299551295e-17,1988-08,1985-08,0.3832230297689248,0.058452046063103245,3.3539264753662534e-06,0.008722638270434194
1988-09,0.21566084244514966,3.687786888548206e-05,0.002552052362326252,-0.0023751919058514594,-0.0005242009823037925,0.00038421839471453355,-5.1445393084437185e-17,1988-09,1985-09,0.0713760205416646,0.08305765726355566,-0.0009272120774254378,0.0009640899463109198
1988-10,0.22013941936942721,0.004478576924277555,0.005711058423849548,-0.00011779574132758057,-4.2070630964308134e-05,-0.0010726151272801585,5.4643789493269423e-17,1988-10,1985-10,0.19254253008414768,0.0041329980116377,0.000163724335455237,0.0043148525888222905
1988-11,0.19973291028665274,-0.02040650908277447,0.011344639966160992,-0.03446696487236911,-0.002396947263198917,0.005112763086632598,-3.469446951953614e-17,1988-11,1985-11,0.3420921669297804,1.1916650421026402,-0.028424353546598294,0.00801784446382385
1988-12,0.16756967848355694,-0.0321632318030958,-0.0030148162816056156,-0.03457371811468166,-0.0009376931567496257,0.006362995749941077,2.7755575615628914e-17,1988-12,1985-12,-0.10262624520865232,1.189155167265385,-0.02860910131052473,-0.00355413049257107
1989-01,0.16854419665316667,0.0009745181696097227,0.0009252141695283319,0.0005404695726338193,6.763862392106842e-05,-0.0005588041964735013,4.553649124439119e-18,1989-01,1986-01,0.03320382335648719,-0.018947884214311574,0.0007142830071534684,0.0002602351624563376
1989-02,0.13191298602324894,-0.036631210629917726,-0.0026850519511656076,-0.03892979927465471,-0.0006701660832093899,0.005653806679111928,4.85722573273506e-17,1989-02,1986-02,-0.07775459550496709,1.336971075304543,-0.03364602071061709,-0.002985189919300718
1989-03,0.05107547333974996,-0.08083751268349898,0.004240967583899115,-0.09363235410879517,-0.0038563905865869963,0.01241026442798411,-2.7755575615628914e-17,1989-03,1986-03,0.11095051685121818,3.062069537749922,-0.08403462149826735,0.003197108814768479
1989-04,0.0453619271435176,-0.005713546196232364,0.012337705443134011,-0.019690015039313623,0.0001498549542011231,0.001488908445746129,-3.469446951953614e-18,1989-04,1986-04,0.4509151160608299,0.6785228901563525,-0.01765555825920572,0.01194201206297335
1989-05,0.06381433159844009,0.018452404454922494,0.02473610176518272,-0.004455611408901129,-0.0016377171337556822,-0.00019036876760342432,1.0408340855860843e-17,1989-05,1986-05,0.7889408888885981,0.15621823945417157,-0.0037381646118646826,0.022190569066787163
1989-06,0.09182393538385966,0.02800960378541957,0.029177981573701998,0.0029590077263644235,-0.0001050426349163901,-0.004022342879730434,-2.7755575615628914e-17,1989-06,1986-06,0.9610518936447736,-0.10622774243350638,0.0036475487818771538,0.024362055003542375
1989-07,0.13771362265512757,0.04588968727126791,0.009376387898252226,0.03207000061775171,0.0006710366077291124,0.003772262147534882,-1.3877787807814457e-17,1989-07,1986-07,0.31583415626281375,-1.1039475097963096,0.038206411310837456,0.0076832759604304815
1989-08,0.12862183346759296,-0.009091789187534616,-0.005588670858557759,-0.002995288085750136,0.00030733745475754724,-0.0008151676979843109,4.336808689942018e-17,1989-08,1986-08,-0.17625877417249325,0.10515598020470399,-0.002472230900317632,-0.006619558287216984
1989-09,0.1093352927619478,-0.019286540705645158,0.0011157937670685895,-0.022628925793767588,-0.0003801927409317091,0.0026067840619855595,-1.0408340855860843e-17,1989-09,1986-09,0.047545914294197765,0.7833447549557317,-0.0203766032077098,0.0010900625020645593
1989-10,0.10490536472406976,-0.004429928037878034,-0.004759738273684534,0.0008589713356533187,-3.818379497606387e-05,-0.0004909773048707585,3.469446951953614e-18,1989-10,1986-10,-0.1637216568134873,-0.030132897591708858,0.0009921424928914513,-0.005422070530769443
1989-11,0.08568961004790639,-0.019215754676163377,-0.010389410978472983,-0.008487683354056254,-0.00012199237304061314,-0.00021666797059354944,2.42861286636753e-17,1989-11,1986-11,-0.34903050920555284,0.2974066629963971,-0.00795900850237028,-0.011256746173793138
1989-12,0.08571478991725233,2.517986934594263e-05,0.001182857719445745,-0.0013481968337611544,6.649582900621138e-05,0.00012402315465517098,-3.0357660829594124e-17,1989-12,1986-12,0.04385518118925469,0.047152746158392704,-0.0010338740753784922,0.0010590539447245598
1990-01,0.10665447241659269,0.020939682499340362,0.02701969015590375,-0.003733972342916283,-0.00206742284061704,-0.0002786124730300539,-1.0408340855860843e-17,1990-01,1987-01,0.8514656712543484,0.13087828146471123,-0.0021109704063313472,0.023050652905671626
1990-02,0.1447405635310916,0.03808609111449891,0.017802918528011663,0.01917876668716243,-0.0003530040144897979,0.0014574099138145633,4.85722573273506e-17,1990-02,1987-02,0.5784728401792,-0.6673620709646794,0.023149737070758743,0.014936354043740128
1990-03,0.14080660181759297,-0.003933961713498635,-0.003593022123098117,-0.001199263057704474,-0.00010326374203831684,0.0009615872093422953,-2.168404344971009e-17,1990-03,1987-03,-0.12503004838388482,0.041832865989197034,0.00023748100757359225,-0.004171442721072255
1990-04,0.1261924792110338,-0.014614122606559171,0.0020575832944551738,-0.027852171645045727,-0.0003968820575755452,0.011577347801606951,-2.2551405187698492e-17,1990-04,1987-04,0.0871976657708413,0.9327348555159919,-0.016238893389866463,0.0016247707833073471
1990-05,0.1261978985192591,5.419308225312891e-06,0.003719056768487135,-0.008556993423428371,-0.0015354038414519115,0.006378759804618424,3.5561831257524545e-17,1990-05,1987-05,0.08471101701737693,0.29193034701206455,-0.001995666747855687,0.002001086056081
1990-06,0.1233588397368124,-0.00283905878244671,0.0158657343779249,-0.018810805087081994,6.45756885311844e-05,4.1436238179245005e-05,-4.423544863740858e-17,1990-06,1987-06,0.5604543754483329,0.6582688615737676,-0.01647283439670471,0.013633775614257958
1990-07,0.12691282517784308,0.00355398544103068,-0.0001321954846436174,0.0029759474331589645,0.00012354956329251848,0.0005866839292227866,2.7321894746634712e-17,1990-07,1987-07,-0.0031949559870848936,-0.10391398702502733,0.0037108729221373843,-0.0001568874811066906
1990-08,0.2245861140171489,0.09767328883930582,0.05917969446011349,0.04302469925719137,0.00028885381473327444,-0.004819958692732293,-2.7755575615628914e-17,1990-08,1987-08,1.9546858198682686,-1.526431855721641,0.052686806907925945,0.04498648193137979
1990-09,0.2017995803510161,-0.022786533666132786,0.016331037367375335,-0.05394351128896784,0.00045008941560376265,0.014375850839855937,2.0816681711721685e-17,1990-09,1987-09,0.6444287751070787,1.8245530285265024,-0.0353444461546657,0.01255791248853283
1990-10,0.17863630552267923,-0.023163274828336883,-0.011306724013668407,-0.034364043593558845,-0.0018743385769785475,0.024381831355868896,2.0816681711721685e-17,1990-10,1987-10,-0.4415072858178858,1.126266487373144,-0.009216872057476871,-0.013946402770859984
1990-11,0.5884699842090585,0.40983367868637927,0.024924010249613476,0.27921748804594776,0.004732741783758454,0.10095943860705969,-1.1102230246251565e-16,1990-11,1987-11,0.8405553988023873,-8.40992281214597,0.3985271910746966,0.011306487611681987
1990-12,0.599072421473599,0.010602437264540465,0.040472872673142694,-0.012580604307327768,-0.002747009496360592,-0.014542821604913866,0.0,1990-12,1987-12,1.2800920444101254,0.44571199181464083,-0.005108021662182105,0.01571045892672268
1991-01,0.5842277564776904,-0.01484466499590853,0.0031669387573462406,-0.0345303776129629,-0.0017816093841954493,0.018300383243903404,1.700029006457271e-16,1991-01,1988-01,0.08195857807552412,1.1898802165100921,-0.01432617086288801,-0.0005184941330210746
1991-02,0.5756153012645491,-0.008612455213141357,0.08693079872750631,-0.03770924180598602,0.0019251008483594984,-0.05975911298302103,-1.1796119636642288e-16,1991-02,1988-02,2.902913566448708,1.387671510944486,-0.002951158529755027,-0.005661296683386108
1991-03,0.5633477383460813,-0.012267562918467756,-0.01746689623100676,0.012024597690089131,-1.9793653220279417e-05,-0.006805470724329824,-2.2551405187698492e-17,1991-03,1988-03,-0.6030984113452795,-0.42337569675462455,0.01907446091748266,-0.031342023835950195
1991-04,0.558384734652065,-0.004963003694016366,0.001956558581344175,-0.027481420732921293,-0.0012815950276992344,0.021843453485260025,-3.8163916471489756e-17,1991-04,1988-04,0.05065263288769619,0.9431283707633007,-0.005678098617890037,0.0007150949238737825
1991-05,0.5402603728460101,-0.01812436180605481,0.0033112424093813078,-0.05002786411557653,-0.000664782683137912,0.02925704258327832,6.938893903907228e-18,1991-05,1988-05,0.14238047872659423,1.7044000061180866,-0.019517040955352616,0.001392679149297582
1991-06,0.5311244978776891,-0.009135874968321023,0.010263676932815286,-0.025266957200279272,-0.002358807704205503,0.008226213003348505,-3.8163916471489756e-17,1991-06,1988-06,0.29580386191765407,0.8775542582318159,-0.008575662313995702,-0.0005602126543252095
1991-07,0.5270847173736936,-0.00403978050399556,0.00022819507401491894,-0.0092278478455662,-0.00016259590354060556,0.005122468171096246,7.806255641895632e-17,1991-07,1988-07,0.011257944218616088,0.32141131818825247,-0.004109716855687895,6.993635169233459e-05
1991-08,0.5132636728304256,-0.013821044543267935,0.018916735590636335,-0.02457808405661323,-0.0026703809960172725,-0.005489315081273674,-9.367506770274758e-17,1991-08,1988-08,0.5736795435227618,0.8647720841218727,-0.0124576427801667,-0.0013634017631013462
1991-09,0.49456887100982966,-0.018694801820595963,-0.01419600299358883,-0.0047864927287696694,-7.644991807672124e-05,0.0003641438198391473,1.1102230246251565e-16,1991-09,1988-09,-0.48118011446539966,0.16746671601256935,0.0036974042176416144,-0.02239220603823741
1991-10,0.48231242603428515,-0.012256444975544512,-0.003511223254886696,-0.013827361495357788,-0.00027034733041246686,0.005352487105112482,-4.5102810375396984e-17,1991-10,1988-10,-0.11586650480838592,0.4813062336726827,-0.00719112886035933,-0.005065316115185015
1991-11,0.46442123467003504,-0.017891191364250103,-0.003302163577653543,-0.024499605001549442,-0.0005716411176971569,0.010482218332649966,6.938893903907228e-17,1991-11,1988-11,-0.1091932592842352,0.8479952515841541,-0.013104862406148832,-0.004786328958101549
1991-12,0.46245324106517993,-0.0019679936048551117,-0.0044705037348810326,0.0073743509747056886,0.0007347616745101064,-0.005606602519189847,-2.688821387764051e-17,1991-12,1988-12,-0.13347622552195987,-0.2596634907217713,0.01327558285823155,-0.015243576463086383
1992-01,0.44383786439133005,-0.01861537667384988,-0.0023659796710063935,0.0025358455926503924,-7.955788413361381e-05,-0.018705684711360186,-7.979727989493313e-17,1992-01,1989-01,-0.08391316451365241,-0.09058647079941111,0.005491427911093749,-0.024106804584943742
1992-02,0.4637881724793618,0.019950308088031776,0.0295884384140649,0.0090676510434491,-0.0011026076124202946,-0.017603173757062048,1.214306433183765e-16,1992-02,1989-02,0.9418801438874352,-0.3235181216997978,0.013190614832238934,0.006759693255792842
1992-03,0.4699103862876538,0.006122213808291976,0.022580690952756215,-0.011661428696313803,-4.1302616177307e-05,-0.004755745831973056,-7.19910242530375e-17,1992-03,1989-03,0.7743387874243005,0.4102287721850902,-0.004265999020661604,0.010388212828953414
1992-04,0.4629402925210027,-0.0069700937666510865,-9.685375073668312e-05,-0.011534963722044203,-0.00044840448116862286,0.005110128187298463,-3.903127820947816e-17,1992-04,1989-04,-0.0073795799250855835,0.4015123005865877,-0.006288791715671982,-0.000681302050978827
1992-05,0.4473286368149796,-0.015611655706023131,0.0012563314606862262,-0.030573801271046454,-0.0005099217187430944,0.014215735823080168,2.2551405187698492e-17,1992-05,1989-05,0.055983616672292534,1.0533800232000647,-0.0163200890153877,0.0007084333093644035
1992-06,0.42654826183673145,-0.02078037497824814,-0.00822165224484137,-0.049883153022735154,-0.002413073520431416,0.03973750380975974,6.245004513516506e-17,1992-06,1989-06,-0.3275841369425421,1.666767621269047,-0.007822080173941093,-0.012958294804307102
1992-07,0.4112942798936721,-0.015253981943059325,0.01565741652999461,-0.01763655841146841,0.00017342464585837135,-0.013448264707443935,3.8163916471489756e-17,1992-07,1989-07,0.5469129474760279,0.6271878809779594,-0.00836760167240147,-0.006886380270657633
1992-08,0.4360510601832317,0.024756780289559577,-5.7654677865357745e-05,0.019050771159292552,0.001455593369313647,0.004308070438818884,-1.491862189340054e-16,1992-08,1989-08,0.029194863689948555,-0.6633865491130547,0.030371671389106403,-0.005614891099546937
1992-09,0.4320644788418761,-0.0039865813413555995,-0.002312270104652409,-0.0019372003843029727,2.2534670223808545e-05,0.00024035447737593557,3.8163916471489756e-17,1992-09,1989-09,-0.07605226994657631,0.0677832411849249,0.0002509135385446726,-0.004237494879900161
1992-10,0.44724726302139156,0.015182784179515463,0.020758000037390967,0.0029663478295446845,-0.000637246095825419,-0.007904317591594772,1.734723475976807e-18,1992-10,1989-10,0.6756533716727267,-0.10475523315405505,0.005671381549676141,0.00951140262983921
1992-11,0.4207670685184076,-0.026480194502983945,-0.027456646640001876,0.01046468926808762,0.002289713036075565,-0.01177795016714539,1.3530843112619095e-16,1992-11,1989-11,-0.8547880589505761,-0.3712350474863288,0.017002896481902924,-0.04348309098488687
1992-12,0.42482160330259944,0.004054534784191821,0.005872287703366405,-4.855523195417713e-05,-3.659057651040164e-05,-0.0017326071107098097,-1.960237527853792e-16,1992-12,1989-12,0.19821603960085854,0.001702915199831171,0.0018697429366787977,0.002184791847513079
1993-01,0.39170511166199673,-0.03311649164060271,-0.004390280617473754,-0.050665305190683095,-0.0014091418645799806,0.02334823603213401,1.1102230246251565e-16,1993-01,1990-01,-0.1523095695370957,1.7226791989273045,-0.02640107593951549,-0.006715415701087163
1993-02,0.3611227868742338,-0.030582324787762905,0.009169653901642025,-0.04393735402260469,-0.0029787324246906125,0.007164107757890385,-1.3877787807814457e-17,1993-02,1990-02,0.2557902550063964,1.5231801881849947,-0.028136271105588806,-0.002446053682174043
1993-03,0.3815352413841772,0.02041245450994339,0.009674352736820522,0.011536258850189881,0.00025964534691324084,-0.0010578024239803517,9.71445146547012e-17,1993-03,1990-03,0.32635059183434434,-0.4043441431569941,0.01697161724428034,0.003440837265662827
1993-04,0.3852988847755872,0.0037636433914099987,0.008945884678078494,-0.00999934481488932,0.0003130341045745332,0.004504069423646377,-8.586881206085195e-17,1993-04,1990-04,0.32668964168958226,0.34792145829224413,-0.001190977724783493,0.004954621116193658
1993-05,0.39266972747751366,0.00737084270192645,0.002611021593467093,0.004567455658319505,-0.0005188512361769928,0.000711216686316735,1.1015494072452725e-16,1993-05,1990-05,0.0668123504505818,-0.1597148024747436,0.009028985610322116,-0.0016581429083958321
1993-06,0.38060631180962945,-0.012063415667884214,4.782667546460219e-05,-0.019927199644594013,-0.0006092518562989926,0.008425209157544434,-2.445960101127298e-16,1993-06,1990-06,0.0002725517649027108,0.6898551098774971,-0.012079691790041897,1.6276122157959927e-05
1993-07,0.3758284241750119,-0.004777887634617561,-0.0027398339049948843,-0.0016747308441298172,1.6679532382756248e-05,-0.00038000241787576253,1.465841337200402e-16,1993-07,1990-07,-0.09098894900323351,0.058645025742541504,-0.0010724300769700545,-0.0037054575576476734
1993-08,0.2897701218872613,-0.08605830228775058,0.0018938214673852,-0.14059891753851175,-0.004879813949681012,0.05752660773305696,2.7755575615628914e-17,1993-08,1990-08,0.03806466596631434,4.50329845636557,-0.08697288351178095,0.0009145812240304307
1993-09,0.24306306825646756,-0.04670705363079375,0.002317016508256904,-0.060867947821894565,-0.0038548218601838404,0.015698699543027834,-8.326672684688674e-17,1993-09,1990-09,0.00705017326721985,2.0678266065487962,-0.04234050441288706,-0.004366549217906496
1993-10,0.26890357654442354,0.025840508287955977,0.0005001621514250987,0.01665517545067831,0.0009582547544035296,0.007726915931449169,-1.3183898417423734e-16,1993-10,1990-10,0.03393903328664145,-0.5741284819780113,0.025834002630148928,6.50565780707657e-06
1993-11,0.2683990979441053,-0.0005044786003182145,0.04317777076618969,-0.02064129431160072,-0.003600501077500668,-0.019440453977406465,-5.551115123125783e-17,1993-11,1990-11,1.3174045930320264,0.7485512593852411,-0.014915265767755342,0.014410787167437239
1993-12,0.23681475886781542,-0.03158433907628991,0.0037624878191260852,-0.04280523318946929,-0.0021876538092964336,0.009646060103349554,1.734723475976807e-16,1993-12,1990-12,0.0970192150527242,1.469622748206474,-0.033096505972577364,0.0015121668962873175
1994-01,0.23042293515218387,-0.006391823715631545,-0.0016202961031450077,-0.006899283716145744,-1.4296629311585922e-05,0.0021420527329707745,1.9081958235744878e-17,1994-01,1991-01,-0.04913814856899445,0.2403679801415682,-0.004501025361297165,-0.0018907983543344081
1994-02,0.20119177037419583,-0.02923116477798804,0.030351098329660386,-0.12896981254246004,-0.011128658586164377,0.08051620802097594,5.551115123125783e-17,1994-02,1991-02,0.9185827292925554,3.7084328756847142,-0.047228836447016864,0.017997671669028575
1994-03,0.33539174987939846,0.13419997950520263,0.1124386772841479,0.04708751768723389,-0.0029175172381075247,-0.022408698228071584,-5.551115123125783e-17,1994-03,1991-03,3.529087065746732,-1.7160701616593572,0.0608566054199335,0.07334337408526866
1994-04,0.43078507032351243,0.09539332044411397,0.16166667674263224,-0.0035865012318345366,-0.00637102553622246,-0.056315829530461346,8.326672684688674e-17,1994-04,1991-04,4.904680778810635,0.13462360582968314,-0.00038077751253182135,0.09577409795664563
1994-05,0.41940846585927033,-0.011376604464242102,-0.005312118020993825,-0.002573733748723672,0.00043301830239192066,-0.003923770996916599,7.28583859910259e-17,1994-05,1991-05,-0.16276796754803904,0.09049643391343475,-0.0006939761795841659,-0.010682628284657714
1994-06,0.41917719832056227,-0.0002312675387080576,0.001403247863449203,-0.00549895477451391,-0.00037153111897985806,0.00423597049133659,-8.239936510889834e-17,1994-06,1991-06,0.0406575711607501,0.19149124759272676,-0.0009663996661868901,0.000735132127478666
1994-07,0.4295998535143412,0.01042265519377894,0.019000286866720003,3.402238717711525e-06,-0.0005198841820594083,-0.008061149729599322,-4.5102810375396984e-17,1994-07,1991-07,0.6228726012098683,-0.00012020905251328437,3.8065888473548526e-06,0.010418848604931752
1994-08,0.4006995531176276,-0.028900300396713596,0.006055156653592081,-0.04412017666057587,0.00022495257713372658,0.008939767033136486,-2.0816681711721685e-17,1994-08,1991-08,0.2593541370389334,1.527587989566667,-0.025325661394844323,-0.003574639001869162
1994-09,0.4203656011608686,0.019666048043240958,-0.0010790926285482256,0.01659216442132256,0.0009619757149509689,0.0031910005355156056,4.85722573273506e-17,1994-09,1991-09,-0.020194686452131887,-0.5784686370051101,0.025462668822930246,-0.005796620779689565
1994-10,0.43864825965559784,0.018282658494729265,0.021538399843242774,0.004837399358385217,-0.00044623560252958624,-0.00764690510436916,2.0816681711721685e-17,1994-10,1991-10,0.7066709127956068,-0.17081575413582922,0.00736946347397513,0.010913195020754135
1994-11,0.45511731889138046,0.016469059235782624,0.01421567937382435,0.005974463151866949,-0.00021969035517785564,-0.0035013929347307467,-7.28583859910259e-17,1994-11,1991-11,0.46860106070409996,-0.20992532770623645,0.008970932450315355,0.007498126785467324
1994-12,0.43464845606928637,-0.02046886282209409,-0.020096946104883898,-0.0042406113386647916,-0.0006302710014008329,0.004498965622855339,9.020562075079397e-17,1994-12,1991-12,-0.7047232199416598,0.1476710330340383,0.008924644055991332,-0.029393506878085646
1995-01,0.5061304126586298,0.07148195658934342,0.007915180243240465,-0.041096541802330876,-0.0002263402162222422,0.10488965836465612,-5.551115123125783e-17,1995-01,1992-01,0.3350819105918459,1.2786406416947718,0.07268843295333172,-0.0012064763639889065
1995-02,0.5296945659200721,0.023564153261442344,0.08711270469490819,-0.025957292200013915,-0.006029565840264424,-0.03156169339318768,1.734723475976807e-16,1995-02,1992-02,2.699614043497257,0.9361427300583163,-0.012339809960011106,0.03590396322145334
1995-03,0.5363865848216279,0.006692018901555796,0.040171065626674794,-0.024038841542270043,-0.003530485352223285,-0.0059097198306256385,-3.122502256758253e-17,1995-03,1992-03,1.2631280211158444,0.846023144804886,-0.011120784147211793,0.01781280304876759
1995-04,0.5440158488252329,0.007629264003604974,0.02467836853017943,0.0022551090455303637,-0.0004726222269467094,-0.018831591345158043,-6.591949208711867e-17,1995-04,1992-04,0.8071629474546639,-0.08030397199732124,0.0037807300549757006,0.0038485339486293846
1995-05,0.5749062502757764,0.030890401450543448,0.07599951092993978,-0.007319396322309132,-0.0008713684879273771,-0.036918344669159726,-1.0408340855860843e-16,1995-05,1992-05,2.479144736574584,0.264614547148454,-0.0017064506020645909,0.03259685205260826
1995-06,0.6356612586115536,0.060755008335777294,0.07008903747615179,0.017260498814931063,-0.0028775527558360103,-0.023716975199469487,-6.938893903907228e-17,1995-06,1992-06,2.22585867887995,-0.6159369603226678,0.03551844176549157,0.0252365665702855
1995-07,0.5897834193855194,-0.04587783922603428,-0.025327337812411716,-0.02348771497358189,0.0016563716952364567,0.0012808418647226609,2.0816681711721685e-16,1995-07,1992-07,-0.7834530782030533,0.8212108262895583,0.00048107212646414377,-0.04635891135249831
1995-08,0.6003491408172004,0.010565721431680997,0.008691754525835663,0.002021185250267539,-0.00037590836796582236,0.00022869002354368643,-6.938893903907228e-17,1995-08,1992-08,0.2810587204554305,-0.07072789040083524,0.00997340356538201,0.0005923178662992079
1995-09,0.631531841509632,0.031182700692431675,0.05108980822033165,0.007508364833018265,-0.0007536169677231766,-0.026661855393195173,1.1449174941446927e-16,1995-09,1992-09,1.668653253052098,-0.2684746789381154,0.013304816589517432,0.0178778841029138
1995-10,0.6187488566619397,-0.012782984847692358,-0.0023609257228799202,-0.027528311495781516,-0.0012690837300027955,0.018375336100971994,-1.214306433183765e-16,1995-10,1992-10,-0.09817904056685986,0.9493356895092449,-0.006960295489158719,-0.005822689358533417
1995-11,0.6722684998510347,0.05351964318909497,0.007018050754274233,0.030682551519981147,0.0002860056988068318,0.015533035216032762,-6.938893903907228e-18,1995-11,1992-11,0.2213429267589699,-1.0609640936980564,0.05229195258955788,0.0012276905995369791
1995-12,0.6839206785143349,0.011652178663300261,0.028923597456661135,-0.010585780036963068,-2.667743596107117e-05,-0.006658961320436686,-4.85722573273506e-17,1995-12,1992-12,0.9887114483739943,0.3723213668001067,0.005123784481465665,0.006528394181834485
1996-01,0.6958294534469092,0.011908774932574251,-0.0015322332605622806,0.010132849835122696,4.6491705528233315e-06,0.003303509187460906,1.0755285551056204e-16,1996-01,1993-01,-0.06197971833306525,-0.35380060049175643,0.017369469410529637,-0.005460694477955275
1996-02,0.5747382466195833,-0.12109120682732588,-0.06268441073085915,-0.010884042410076627,0.003959419836062369,-0.0514821735224524,-8.326672684688674e-17,1996-02,1993-02,-1.906979997651556,0.39641128207292525,0.006430947934833675,-0.1275221547621589
1996-03,0.5800610796452276,0.005322833025644291,0.0455267073203506,-0.013892367945304514,-0.003047713090982805,-0.02326379325841892,-7.28583859910259e-17,1996-03,1993-03,1.4295954355668417,0.49602331138816735,-0.0026668771317651108,0.007989710157409513
1996-04,0.6046011251429769,0.024540045497749352,0.015090481664222536,0.0018058218451426891,0.0006419866708021977,0.0070017553175818975,3.122502256758253e-17,1996-04,1993-04,0.5367392221727499,-0.06283017620899717,0.01928661812585286,0.005253427371896158
1996-05,0.5819306798001042,-0.02267044534287277,-0.01377641585332712,-0.0021998022664902364,0.00041310313945915414,-0.007107330362514496,-7.28583859910259e-17,1996-05,1993-05,-0.4498739388934433,0.0774543044273603,-0.0008367694325371877,-0.02183367591033536
1996-06,0.5845693006146422,0.0026386208145380285,0.0005333897599761323,0.0027189465559982915,0.00016733991156260637,-0.0007810554129990203,1.8214596497756474e-17,1996-06,1993-06,0.021186657818437715,-0.0952268478763425,0.004627595274828922,-0.001988974460290782
1996-07,0.5342198631455772,-0.05034943746906495,-0.019325968057047883,0.013004132524110677,-0.0005966290020681844,-0.04343097293405965,9.020562075079397e-17,1996-07,1993-07,-0.6637507162022298,-0.47281742484219047,0.019860223278999056,-0.0702096607480639
1996-08,0.5450746394256822,0.010854776280105005,0.026293463722141225,-0.004360402380453254,-0.00021378313045093792,-0.010864501931132024,-3.469446951953614e-18,1996-08,1993-08,0.8826988270794007,0.15415003134338395,-0.0009882360505554244,0.01184301233066043
1996-09,0.5493334216290278,0.004258782203345524,-0.006548188651133942,-0.0012751700458939667,0.0005287607464725868,0.01155338015390089,-4.5102810375396984e-17,1996-09,1993-09,-0.20573708065385649,0.04415982745113827,0.014255510353987588,-0.009996728150642176
1996-10,0.5724671087757571,0.023133687146729365,0.05253072254113978,0.00020736202179055428,-0.00124186710205386,-0.02836253031414727,1.6306400674181987e-16,1996-10,1993-10,1.7009752356048868,-0.007440954284196971,0.0006766670838820321,0.02245702006284722
1996-11,0.5928605043270485,0.020393395551291382,0.07031558338635979,-0.0279369819777123,-0.0055254025904046865,-0.01645980326695125,-1.700029006457271e-16,1996-11,1993-11,2.200317204155245,0.9915991740355091,-0.006631077541935815,0.02702447309322742
1996-12,0.5925804209079163,-0.00028008341913221546,0.0015996438383188167,-0.0016653390661047515,1.9569177116432376e-05,-0.00023395736846285668,1.4365678785432934e-16,1996-12,1993-12,0.05670610664517007,0.05829837074830139,-0.0005755341234761624,0.00029545070434361387
1997-01,0.5557300523831479,-0.03685036852476842,-0.023713765794097615,-0.00024311087949265302,0.0006337256849445807,-0.013527217536122585,-1.457167719820518e-16,1997-01,1994-01,-0.7758750363295461,0.008609140282452497,-9.712837885927916e-05,-0.036753240145908805
1997-02,0.5553408494790655,-0.00038920290408239744,0.02531001184245408,-0.01779209098403896,-0.002446599103370574,-0.005460524659127081,1.3964523981613297e-16,1997-02,1994-02,0.7913805147436086,0.6257835823185866,-0.00838438042284978,0.007995177518767382
1997-03,0.5346586858405288,-0.0206821636385367,0.031068604499703476,-0.08156462972699989,-0.0002830175868510176,0.030096879175610786,-5.204170427930421e-17,1997-03,1994-03,1.1579389104348075,2.776037978765831,-0.035209459074335314,0.014527295435798615
1997-04,0.47963605402570647,-0.05502263181482231,0.0533591707372843,-0.13098015898431398,2.5416408050160378e-05,0.022572940024157374,-1.6653345369377348e-16,1997-04,1994-04,1.9870884322122129,4.482455809014011,-0.06458034977277086,0.009557717957948936
1997-05,0.4706381679341158,-0.00899788609159069,0.06836283288985141,-0.00701379771292749,-0.004461351664874675,-0.0658855696036401,1.6653345369377348e-16,1997-05,1994-05,2.0306342304342224,0.26243297744343047,-0.0023327088019584885,-0.0066651772896323125
1997-06,0.4900833813444826,0.019445213410366813,0.03297434527037816,0.0027417016586404994,-0.0007602801701528995,-0.015510553348498915,-3.469446951953614e-17,1997-06,1994-06,1.0758635219857342,-0.09750788655504916,0.0042573258864376795,0.015187887523929189
1997-07,0.49660324036922804,0.006519859024745445,0.04282155066153075,-0.024682295891154882,-0.003686281567934146,-0.007933114177696113,-1.6132928326584306e-16,1997-07,1994-07,1.3447842980705458,0.8708252710375233,-0.013142614974354622,0.01966247399910029
1997-08,0.5006128167580801,0.004009576388852076,0.010118087209798019,-0.0013015156438013304,-0.0005235042962302064,-0.004283490880914389,-1.734723475976807e-17,1997-08,1994-08,0.32633992439667714,0.045748711343848524,-0.0004660137033256073,0.004475590092177573
1997-09,0.49088133914772075,-0.009731477610359363,-0.0026593028817428217,-0.0142696670569018,-0.0001387193837948592,0.00733621171207995,1.700029006457271e-16,1997-09,1994-09,-0.08193894171885481,0.49574339945525614,-0.005858448421027257,-0.003873029189332272
1997-10,0.46580276976953633,-0.025078569378184423,-0.0035538401248527756,-0.03572741042223692,-0.001181083818305713,0.015383764987210911,7.632783294297951e-17,1997-10,1994-10,-0.1284148687021008,1.2303652631411175,-0.018870843675125343,-0.006207725703058969
1997-11,0.4216787898216419,-0.04412397994789441,-0.016069346597407344,-0.02995121411530531,0.00035371985549192714,0.001542860909326389,-7.632783294297951e-17,1997-11,1994-11,-0.5065275952780423,1.046470230986138,-0.016898399762075078,-0.027225580185819276
1997-12,0.44919536656215436,0.027516576740512444,0.00013044794138366848,0.015586328367613667,0.00045831801838732154,0.011341482413127817,-3.122502256758253e-17,1997-12,1994-12,0.004944603873364252,-0.5384153919061703,0.02752085431509846,-4.277574586070143e-06
1998-01,0.4187729612709972,-0.03042240529115714,-0.02193199106142349,8.603150412080515e-05,0.000688065194681628,-0.009264510928536203,1.214306433183765e-16,1998-01,1995-01,-0.7152484216122074,-0.003043250885753389,0.00019210267878697063,-0.03061450796994411
1998-02,0.37410210832926943,-0.04467085294172779,-0.020704548005021174,-0.01857863772976205,0.001208594958218099,-0.0065962621651625905,-7.632783294297951e-17,1998-02,1995-02,-0.6399703794932374,0.655664206841484,-0.00975159103675688,-0.034919261904970855
1998-03,0.3490701413551371,-0.025031966974132347,-0.020570652597252825,-0.002424947830398007,0.0013179384659853769,-0.0033543050124669356,4.5102810375396984e-17,1998-03,1995-03,-0.6497413144060724,0.08526689783712034,0.002920346484671904,-0.02795231345880414
1998-04,0.3438728277879544,-0.005197313567182671,-0.001972416310146004,-0.0038995197724279143,3.549037628743865e-05,0.0006391321391039081,-9.8879238130678e-17,1998-04,1995-04,-0.062175379300240204,0.1363573084908632,-0.002476822521156885,-0.0027204910460256193
1998-05,0.3431610317199068,-0.0007117960680476099,0.007357565429326136,-0.01778090783793171,-0.0021465738572044968,0.011858120197762338,1.214306433183765e-16,1998-05,1995-05,0.19796326327000546,0.6115937940153414,-0.0023609314526124303,0.001649135384564543
1998-06,0.326620525210692,-0.016540506509214792,-0.013207127453410303,-0.019223185123659826,-0.001359395902802581,0.017249201970657966,-4.5102810375396984e-17,1998-06,1995-06,-0.4892451140604717,0.6555067001368128,0.001629161700522408,-0.018169668209737144
1998-07,0.3368596512350805,0.010239126024388479,0.0015445583054227408,0.008937316687464827,-0.00018948355640128746,-5.3265412097832915e-05,3.122502256758253e-17,1998-07,1995-07,0.03741812030824354,-0.3128311966792715,0.01212110113915113,-0.0018819751147627628
1998-08,0.245468662597433,-0.0913909886376475,-0.04156869343628453,-0.019529337901896687,0.003281365526251382,-0.033574322825717574,-8.326672684688674e-17,1998-08,1995-08,-1.2093966534449543,0.7231639916386872,-0.011717895935691933,-0.0796730927019552
1998-09,0.05416416524862858,-0.19130449734880442,-0.1566358235497321,-0.0189186918621904,0.002709414237343327,-0.018459396174225297,2.7755575615628914e-17,1998-09,1995-09,-4.885511864401798,0.7045102975650224,-0.01559385448648827,-0.1757106428623156
1998-10,0.05265910082105071,-0.0015050644275778763,-0.005032321544747401,0.004304845445923603,-5.286022276145373e-05,-0.0007247281059926438,1.973247953923618e-17,1998-10,1995-10,-0.17602029833312488,-0.15169183887953117,0.004568598034519034,-0.006073662462096972
1998-11,-0.0736688093586268,-0.1263279101796775,-0.13100649714370663,-0.0013507116178904828,0.004009024129924363,0.002020274451995234,0.0,1998-11,1995-11,-4.02656965846771,0.05048730439390281,-0.0011727176846578688,-0.12515519249501944
1998-12,-0.07218469715691764,0.001484112201709159,0.010493326768344781,-0.00891561444732324,3.059854338930237e-05,-0.0001241986627017577,7.3075226425523e-17,1998-12,1995-12,0.36708606633330126,0.3117807911340513,-0.009793878386177075,0.01127799058788622
1999-01,-0.08180322739211204,-0.009618530235194406,-0.012702695769413172,0.0017078150904926588,0.0007001012266306528,0.0006762492170954979,-4.336808689942018e-17,1999-01,1996-01,-0.40828161903568877,-0.06003595095798428,0.0015745609936427887,-0.011193091228837153
1999-02,-0.030651600069868903,0.05115162732224314,0.026472303546584447,0.024878687327649234,-0.0008187936442155871,0.0006194300922251019,-5.551115123125783e-17,1999-02,1996-02,0.8440575903432849,-0.8755623244717833,0.02375369111345718,0.02739793620878591
1999-03,-0.08083465617015277,-0.05018305610028387,-0.008586956890922655,-0.03816204114088854,-0.0006378330088717798,-0.0027962250596009707,7.632783294297951e-17,1999-03,1996-03,-0.2838151927331425,1.3018060429188971,-0.04328476312263746,-0.006898292977646365
1999-04,-0.10141892591441823,-0.020584269744265457,0.0010450801944009794,-0.018531260472714826,-0.0011374253421893635,-0.0019606641237622014,-4.163336342344337e-17,1999-04,1996-04,0.015034394412872671,0.6416089246455543,-0.02173078665715887,0.0011465169128934416
1999-05,-0.062301024675600364,0.039117901238817865,0.03529402043931673,0.001089490991851097,-0.0003973728815779458,0.003131762689227965,1.3877787807814457e-17,1999-05,1996-05,1.163605601217242,-0.03886469979986933,-0.0002863772589729169,0.03940427849779074
1999-06,-0.02770464100547759,0.03459638367012277,0.03894047704860231,-0.005864401338682936,-0.0003894639970496037,0.0019097719572530264,-2.7755575615628914e-17,1999-06,1996-06,1.289332682087578,0.20964328646108862,-0.006141992341352464,0.04073837601147516
1999-07,-0.017738168266600244,0.009966472738877345,0.006912464952482836,0.004163043539736319,-0.0004730413920817193,-0.0006359943612601731,8.326672684688674e-17,1999-07,1996-07,0.21807214144575532,-0.1436739054416016,0.003275230526495705,0.006691242212381487
1999-08,0.013030809603254498,0.03076897786985474,0.03846140590184007,-0.005220969112167581,-0.002543902929246266,7.24440094286768e-05,-1.6306400674181987e-16,1999-08,1996-08,1.2059717017036882,0.18590493863753912,-0.006054449585295409,0.03682342745515037
1999-09,0.012627093201190107,-0.0004037164020643906,-0.00011252859168513243,-0.0008196446571855374,0.0004851670719213253,4.328977488482512e-05,1.288574281999022e-16,1999-09,1996-09,0.0134996736399193,0.028639163034732875,-0.0004522497167261221,4.8533314661558004e-05
1999-10,0.01515727674178469,0.002530183540594583,0.02447990350056301,-0.01949341982319255,-0.0025236315806685737,6.733144389270578e-05,-7.37257477290143e-18,1999-10,1996-10,0.767931949924387,0.6806159555428792,-0.02029663329158101,0.022826816832175578
1999-11,-0.006439590015450988,-0.021596866757235676,0.012733102391751346,-0.03488623195242654,0.0004961445603168127,6.011824312275223e-05,-5.204170427930421e-17,1999-11,1996-11,0.48736200327731743,1.2127373404731927,-0.03484890989956497,0.013252043142329431
1999-12,-0.015826904135774075,-0.009387314120323087,-0.007104914176172185,-0.002690265669633444,0.0002316135570569258,0.00017625216842557693,3.8163916471489756e-17,1999-12,1996-12,-0.22944317495279273,0.0949021068401056,-0.0027485215561441536,-0.006638792564178977
2000-01,0.0215118302511582,0.037338734386932276,0.026527838382736074,0.01117971945103911,-0.0003062576578531075,-6.256578898979766e-05,0.0,2000-01,1997-01,0.8723087120535321,-0.39532308482284795,0.01159770480776039,0.02574102957917182
2000-02,-0.014002157513057837,-0.035513987764216035,-0.021797338628481273,-0.013557340189053827,-0.00012263622528808026,-3.667272139284531e-05,-6.938893903907228e-18,2000-02,1997-02,-0.7290425931472683,0.47688018993746506,-0.01405057830192856,-0.021463409462287406
2000-03,-0.016587486655815793,-0.0025853291427579556,0.0195009460872415,-0.019876790935629125,-0.0021899448017495193,-1.9539492620819744e-05,7.806255641895632e-18,2000-03,1997-03,0.6087681930846921,0.6952432802998674,-0.021365217557425705,0.01877988841466771
2000-04,-0.05781590407101334,-0.041228417415197546,-0.003945951754544689,-0.03447114920231988,-0.002061400455608971,-0.0007499160027240198,1.3877787807814457e-17,2000-04,1997-04,-0.1726353225724233,1.194262517176617,-0.037497234050532756,-0.0037311833646646846
2000-05,-0.0277874651499408,0.030028438921072542,0.07570600328766375,-0.03925234842803484,-0.007056681805726761,0.0006314658671704287,-2.7755575615628914e-17,2000-05,1997-05,2.3565880337414966,1.3839922737285326,-0.04508796120040092,0.07511640012147341
2000-06,-0.037199982495312665,-0.009412517345371865,0.016829695906452394,-0.026634710565034973,0.00024210641121362304,0.00015039090199708155,8.673617379884035e-18,2000-06,1997-06,0.605406578840768,0.9343714235697865,-0.027595070536609163,0.018182553191237318
2000-07,-0.07837955395669766,-0.04117957146138499,-0.0010908979207250302,-0.03694637578085439,-0.0010206968978957167,-0.002121600861909833,-2.0816681711721685e-17,2000-07,1997-07,-0.036596524206859805,1.2692372292693803,-0.040183253832970604,-0.0009963176284142963
2000-08,-0.08490859217820082,-0.006529038221503164,-0.0040426340208771444,-0.003057449066109257,-0.00016847374322810667,0.0007395186087113166,2.688821387764051e-17,2000-08,1997-08,-0.13968673997733058,0.10749526240346556,-0.0035051006863467057,-0.0030239375351564443
2000-09,-0.0852775429581111,-0.000368950779910282,-0.0015394740633641903,0.0008312797732379986,-0.0001381462236463132,0.0004773897338622249,-2.0057740190981832e-18,2000-09,1997-09,-0.05773148292951192,-0.029176404829709606,0.000598450731445363,-0.000967401511355645
2000-10,-0.09476898495858256,-0.009491442000471459,-0.010956798945803434,-0.0012602800611335205,-0.0007862191067666626,0.0035118561132321657,-6.938893903907228e-18,2000-10,1997-10,-0.3906042633623737,0.0449689671218987,-0.0025243436329282914,-0.0069670983675431675
2000-11,-0.08474017790159573,0.010028807056986833,-0.0007751259375338745,0.011417414453878146,4.623955873024904e-05,-0.0006597210180876762,-1.214306433183765e-17,2000-11,1997-11,-0.036034566113913015,-0.39814120688071647,0.010554293485418594,-0.0005254864284317748
2000-12,-0.1479077386878008,-0.06316756078620507,-0.07134302158333068,-0.00296881578577616,0.002229748709920876,0.00891452787298088,1.3877787807814457e-17,2000-12,1997-12,-2.2599248249515522,0.10784390789061706,-0.0032326340604750814,-0.059934926725729865
2001-01,-0.14459155963527073,0.003316179052530066,-0.0011782045677649767,0.006760405899591234,3.690764585466989e-05,-0.0023029299251508565,-4.336808689942018e-18,2001-01,1998-01,-0.045765874153809276,-0.23475155742205758,0.004357699934602763,-0.0010415208820727523
2001-02,-0.14409069670496624,0.0005008629303044909,-0.004547168807125076,0.007312669501942183,0.0006608479504663924,-0.002925485714979027,1.8648277366750676e-17,2001-02,1998-02,-0.1407644199211998,-0.2533500316880675,0.0032733461473433145,-0.0027724832170388514
2001-03,-0.17551443118641658,-0.03142373448145033,-0.060630461056329896,0.013158999870666004,0.0036199593648757722,0.0124277673393378,-1.3877787807814457e-17,2001-03,1998-03,-1.877203407773423,-0.4783794112307002,0.010571753583134072,-0.04199548806458432
2001-04,-0.17313480501324913,0.0023796261731674484,2.6746641749628537e-05,0.00108682325323739,-0.0006674951633189464,0.0019335514414994006,-2.42861286636753e-17,2001-04,1998-04,-0.022733103968471367,-0.03824977237870646,-0.0006546838728185289,0.0030343100459859773
2001-05,-0.21299893710470497,-0.03986413209145584,-0.051070957128535696,-0.00042191160633098143,0.0014062378454928902,0.010222498797917938,1.3877787807814457e-17,2001-05,1998-05,-1.644992749887006,0.015156511719956297,-0.0005194773769293809,-0.039344654714526375
2001-06,-0.2185990568771317,-0.00560011977242672,-0.008329299581353523,0.00179137310655669,-8.155170116964026e-05,0.0010193584035397077,4.5102810375396984e-17,2001-06,1998-06,-0.28726414230255487,-0.06284613513158506,0.0006117294236799437,-0.006211849196106664
2001-07,-0.2261545264761833,-0.007555469599051623,-0.0026372019985545564,-0.0035410379500302853,-1.1122279553723065e-05,-0.0013661073709129933,-6.591949208711867e-17,2001-07,1998-07,-0.08694015365149864,0.1235556285202823,-0.006804297223190758,-0.0007511723758608368
2001-08,-0.22794278949982022,-0.0017882630236369101,-0.017796315617065493,0.02331409530446599,-0.0005997291801981049,-0.006706313530839343,3.9898639947466563e-17,2001-08,1998-08,-0.658220926008332,-0.8039443057446902,0.011645676821852885,-0.013433939845489878
2001-09,-0.21745732864305728,0.01048546085676294,-0.07672898626773353,0.08103066805542389,-0.0015212060749304345,0.007704985144003017,-1.734723475976807e-18,2001-09,1998-09,-2.694030281325009,-2.8851399688541144,0.06075292027057187,-0.05026745941380893
2001-10,-0.2145803477248081,0.0028769809182491723,0.012714007183411122,-0.008164719010645643,0.0001874296612407482,-0.0018597369157570694,1.431146867680866e-17,2001-10,1998-10,0.448868963620769,0.2845351269347104,-0.01264903670818257,0.015526017626431715
2001-11,-0.14334831025875758,0.07123203746605053,-0.013265572818630085,0.10178763869872524,0.001109963925224353,-0.018399992339268968,-1.3877787807814457e-17,2001-11,1998-11,-0.5386083815812218,-3.3817257108333942,0.0815285776257206,-0.010296540159670103
2001-12,-0.17936847414376114,-0.036020163885003564,-0.018860056786968896,-0.021063972779948193,-0.0014380012647905091,0.005341866946704059,-2.0816681711721685e-17,2001-12,1998-12,-0.6591483820073234,0.7494166383723966,-0.02604294514800297,-0.009977218737000568
2002-01,-0.17289711294075544,0.006471361203005704,-0.0006534625602280981,0.01082880908375138,0.0005844370086196043,-0.004288422329137203,1.9949319973733282e-17,2002-01,1999-01,-0.013033496663434315,-0.37439604847737695,0.006824927521746918,-0.0003535663187412136
2002-02,-0.1868777038602667,-0.01398059091951126,-0.013859980045302102,7.620162928487658e-05,0.0012041519979993827,-0.001400964501493384,-3.469446951953614e-17,2002-02,1999-02,-0.4324012578010263,-0.0026566700803712174,-0.003474974556487556,-0.010505616363023648
2002-03,-0.21632818957307942,-0.029450485712812724,-0.06033951440819888,0.023026784243707542,0.00024441492702967886,0.007617829524648902,3.469446951953614e-17,2002-03,1999-03,-2.0282998298335175,-0.8211377897234905,0.018042135735458237,-0.047492621448270905
2002-04,-0.23114114459997864,-0.014812955026899222,-0.006989661863180327,-0.006219205094129964,0.00013520990513163182,-0.0017392979747205375,-2.6020852139652106e-17,2002-04,1999-04,-0.2280785193532849,0.2168259978860656,-0.010562554713075656,-0.0042504003138235935
2002-05,-0.23806069545701591,-0.006919550857037271,-0.0035670819783283616,0.0025404038610873916,0.0009552448461160375,-0.006848117585912385,4.683753385137379e-17,2002-05,1999-05,-0.09267805439619765,-0.08761640833162396,-0.00525580585937549,-0.001663744997661698
2002-06,-0.2755166794554052,-0.037455983998389286,-0.03788531580442635,-0.0024069051341852215,0.0026964442304788128,0.00013979270974344668,2.0816681711721685e-17,2002-06,1999-06,-1.1947337740183188,0.08426460932424891,-0.011428524090896022,-0.026027459907493236
2002-07,-0.3416001181240391,-0.06608343866863392,-0.07868413834400519,-0.012837605081145911,0.002196630671035217,0.023241674085481966,0.0,2002-07,1999-07,-2.4931929076159527,0.46614693755391057,-0.02062875992192484,-0.045454678746709026
2002-08,-0.3280723400757213,0.01352777804831784,0.02237227669795008,-0.014242742652171767,-0.0021398233242788016,0.007538067326818364,-3.469446951953614e-17,2002-08,1999-08,0.6944062666515088,0.5041078030612792,-0.02036473652552423,0.03389251457384196
2002-09,-0.3512539443433892,-0.02318160426766791,-0.03894910244050146,0.00016161084822136356,0.0012260088319489954,0.014379878492663267,-7.28583859910259e-17,2002-09,1999-09,-1.25664681929782,-0.005775973286776868,0.00014832620942745178,-0.023329930477095084
2002-10,-0.3545715215149431,-0.003317577171553898,0.0017210474180905657,-0.0020930073377395304,6.199994715763109e-06,-0.0029518172466208473,1.5048726154098802e-16,2002-10,1999-10,0.06106356900029979,0.07294889694925877,-0.007138286393858662,0.0038207092223045414
2002-11,-0.39919909964465816,-0.04462757812971507,-0.040717926129831335,-0.005049176142439568,-7.989773023759797e-05,0.0012194218727934534,-2.7755575615628914e-17,2002-11,1999-11,-1.3811126506492815,0.17700702973991736,-0.0246106761943429,-0.02001690193537195
2002-12,-0.38041684896570777,0.018782250678950396,9.215871307969575e-05,0.030524430584897358,0.0007140961693558879,-0.0125484347883825,-4.163336342344337e-17,2002-12,1999-12,-0.002277522364472724,-1.0511702970227343,0.01849223398889166,0.0002900166900586254
2003-01,-0.38816446974483765,-0.007747620779129882,-0.0024544300626443355,0.011422680957560027,2.6015191372723394e-05,-0.016741886865418266,-3.122502256758253e-17,2003-01,2000-01,-0.09578032643805032,-0.3910874056682471,-0.006507561790431993,-0.0012400589886977786
2003-02,-0.38886658488312154,-0.0007021151382838875,-0.011574559916857349,0.0030689814689713684,-2.4991589833503617e-06,0.007805962468585366,7.632783294297951e-17,2003-02,2000-02,-0.3929382989728104,-0.1084933046701159,0.0018062203494444706,-0.002508335487728358
2003-03,-0.4278926281979157,-0.039026043314794145,0.0006288833751939476,-0.028665631816756687,-0.00039036163956251236,-0.01059893323366892,2.7755575615628914e-17,2003-03,2000-03,0.03645292013364321,0.9902716268363417,-0.04190649645407421,0.002880453139279898
2003-04,-0.47590434830252626,-0.04801172010461058,-0.04689701206260112,-0.016156886419322426,0.0014138775665822985,0.013628300810730801,-1.249000902703301e-16,2003-04,2000-04,-1.5089049532500163,0.5740092789815222,-0.024433798787469957,-0.0235779213171404
2003-05,-0.4423264344073531,0.03357791389517317,0.06641309003980032,-0.02333786408995003,-0.005459984926484971,-0.0040373271281922704,1.249000902703301e-16,2003-05,2000-05,2.1060059188514964,0.8132344280701835,-0.058722035677027024,0.09229994957219992
2003-06,-0.4387267178754896,0.0035997165318634727,0.03209702837804003,-0.03125861483109482,0.00019776163740864027,0.0025635413475096095,1.5612511283791264e-17,2003-06,2000-06,1.1260243683356108,1.0972348184108958,-0.045758717310563246,0.04935843384242683
2003-07,-0.40165121613164256,0.03707550174384705,-0.030825323172154796,0.0008536495168045455,-0.00014534471995158584,0.06719252011914899,-9.71445146547012e-17,2003-07,2000-07,-0.9706050969507699,-0.03225980476213032,-0.0004378720967926075,0.03751337384063949
2003-08,-0.39675462382205723,0.004896592309585335,-0.009377284382139825,-0.007331777818826324,-0.0005369937739508271,0.022142648284502353,-4.163336342344337e-17,2003-08,2000-08,-0.3210796821818716,0.2637247397327595,-0.011445452000906992,0.016342044310492493
2003-09,-0.37766754560448784,0.019087078217569386,0.013734716023081238,4.4143369491074075e-06,-0.0003962957302777435,0.005744243587816691,9.71445146547012e-17,2003-09,2000-09,0.45050549947280305,-0.00015564795021115897,-2.4489823826218116e-05,0.019111568041395383
2003-10,-0.38216910275192023,-0.004501557147432389,-0.004566740987302853,0.0026944176134285226,0.0004496895071446437,-0.0030789232807027253,2.2551405187698492e-17,2003-10,2000-10,-0.14329197802990198,-0.09392248317512386,-0.0024070947124928133,-0.0020944624349396868
2003-11,-0.3835016062373209,-0.001332503485400649,-0.002360935003828845,-5.072328432133545e-05,5.8740983956167185e-05,0.0010204138187933922,-2.7972416050126014e-17,2003-11,2000-11,-0.07818489611635883,0.0017776809141452337,-7.557414958636599e-05,-0.0012569293358141165
2003-12,-0.36822318007755056,0.01527842615977032,-0.0011467475857770714,0.030014750277358462,0.001957725179166813,-0.015547301710977875,-8.673617379884035e-18,2003-12,2000-12,-0.0016180003704024044,-1.028807696794222,0.012751739838611442,0.0025266863211588775
2004-01,-0.35079259243317995,0.01743058764437061,0.011924524508991832,-0.0011207689814294393,-0.00010603803159411397,0.006732870148402381,-4.85722573273506e-17,2004-01,2001-01,0.39946993826494326,0.03959428671772073,-0.001427024412246708,0.018857612056617262
2004-02,-0.3483905985251829,0.0024019939079970576,0.0012238641522457942,0.0016822775673829807,-5.455049281159948e-06,-0.0004986927623506244,6.678685382510707e-17,2004-02,2001-02,0.039852611114442514,-0.058837718996456755,0.0007430969723498937,0.001658896935647164
2004-03,-0.33257270734756517,0.015817891177617727,-0.008135429138475397,0.04143266008969832,-0.00021678020207612232,-0.017262559571529067,-1.0408340855860843e-17,2004-03,2001-03,-0.3327046307224501,-1.4134268378240147,0.020051880650621606,-0.004233989473003824
2004-04,-0.3249765063145006,0.007596201033064576,-0.012620390827790706,0.002503394664227076,0.00010695316991205302,0.017606244026716192,-3.8163916471489756e-17,2004-04,2001-04,-0.41677668349209834,-0.08996389995898806,-0.0027918446155731635,0.010388045648637684
2004-05,-0.26090013105820364,0.06407637525629695,0.02572867409125734,0.04305111909292317,-0.0008739082828298695,-0.0038295096450537153,1.3877787807814457e-17,2004-05,2001-05,0.8091477919886986,-1.496947678829256,0.029248257919671172,0.034828117336625664
2004-06,-0.25691550687168435,0.003984624186519292,-0.0020130072286639014,0.005336803858860138,0.00044707596871118067,0.0002137515876119095,-3.382710778154774e-17,2004-06,2001-06,-0.058449582517664835,-0.1868652404573037,0.004058661548413944,-7.403736189454113e-05
2004-07,-0.2649010313048858,-0.00798552443320144,-0.01192412196343228,0.0020395675386613173,-5.409791606500499e-05,0.0019531279076344956,2.949029909160572e-17,2004-07,2001-07,-0.4080422113676824,-0.0716520340587849,0.0004408912317836744,-0.008426415664985115
2004-08,-0.260716040850746,0.004184990454139781,-0.006880179954517999,0.012686952590828887,2.2590078757374448e-05,-0.0016443722609284382,-4.336808689942018e-17,2004-08,2001-08,-0.2464516647808448,-0.44265421681248407,0.008606783363392073,-0.004421792909252181
2004-09,-0.21087004112865979,0.049845999722086226,0.009577334613568517,0.06618370715942068,0.0009465370079958317,-0.02686157905889882,6.938893903907228e-18,2004-09,2001-09,0.3103389917589034,-2.185686063118513,0.038718593960060374,0.011127405762025713
2004-10,-0.2252126536407811,-0.014342612512121322,-8.12771825128176e-05,-0.011320786060309167,-0.0003242845394225113,-0.002616264729876802,-2.6020852139652106e-17,2004-10,2001-10,-0.0028108098568414798,0.39384997370210056,-0.014281866835105309,-6.074567701601363e-05
2004-11,-0.22701055076631224,-0.0017978971255311338,-0.013676328476062547,0.012288553485154213,-3.65934945130083e-06,-0.00040646278517151804,1.929879867024198e-17,2004-11,2001-11,-0.4778759256925162,-0.4297127932502426,0.006963193326930864,-0.008761090452461998
2004-12,-0.22505560731081858,0.0019549434554936573,-0.003933533944410224,0.014677990261163029,-0.0003864429978738231,-0.008403069863385348,2.42861286636753e-17,2004-12,2001-12,-0.16426590810047284,-0.5041844429776124,0.004797238621936498,-0.0028422951664428403
2005-01,-0.22323559281680835,0.0018200144940102303,0.000790541842177811,0.0005911776194770977,-4.06652091564395e-05,0.0004789602415117834,-2.2551405187698492e-17,2005-01,2002-01,0.02491523109157109,-0.020713323521651974,0.0004538290380826787,0.0013661854559275793
2005-02,-0.21300068115801812,0.01023491165879023,0.0010457401513032268,0.012011126398670574,0.0003519043616391224,-0.0031738592528226905,-3.469446951953614e-18,2005-02,2002-02,0.036142250430669216,-0.41733154295175406,0.008804033070935274,0.001430878587854928
2005-03,-0.1595832215438844,0.05341745961413372,0.007477335287514967,0.050269144293782674,8.367657228836129e-05,-0.00441269653945229,6.938893903907228e-18,2005-03,2002-03,0.2108754542102125,-1.7386205284157907,0.04143999285394406,0.01197746676018957
2005-04,-0.16544484636426998,-0.005861624820385575,-0.011657863616760907,0.006486354720144948,-7.982996806474893e-05,-0.0006102859557048583,-7.806255641895632e-18,2005-04,2002-04,-0.4064756150295372,-0.22659613572767467,0.0038133109358817474,-0.00967493575626735
2005-05,-0.15776873954717807,0.00767610681709191,0.005475527881493141,0.0032224582193374155,-0.000514428407473253,-0.0005074508762654167,2.3418766925686896e-17,2005-05,2002-05,0.1659423585724891,-0.1126089687007677,0.001300068537560345,0.006376038279531565
2005-06,-0.1167251693153664,0.04104357023181167,0.006133281640147024,0.041183109714652597,0.0006561493732933296,-0.006928970496281273,-6.938893903907228e-18,2005-06,2002-06,0.195790140479701,-1.405182888273436,0.034462512358790685,0.006581057873020955
2005-07,-0.02902841694596033,0.08769675236940608,-0.008526906814929297,0.10523054142381356,0.005844309809695479,-0.01485119204917365,-2.7755575615628914e-17,2005-07,2002-07,-0.21207401492109781,-3.33141468490758,0.09375880026673478,-0.00606204789732882
2005-08,-0.02943246462586124,-0.000404047679900911,0.0027005049183955834,-0.001691778638334849,-0.0004371510027447328,-0.0009756229572169116,-8.673617379884035e-19,2005-08,2002-08,0.07997421836216462,0.05822425133228123,-0.0029481805540864433,0.0025441328741855635
2005-09,0.07068275556441897,0.10011522019028021,-0.0018641172961001377,0.09814322527059191,0.0020232557264230765,0.0018128564893653547,1.3877787807814457e-17,2005-09,2002-09,-0.09449081903832687,-3.263688678895039,0.1024408446170599,-0.0023256244267799743
2005-10,0.10211657707024864,0.03143382150582967,0.04161123770745604,-0.0073295853742223705,-0.0002836304790505267,-0.0025642003483534108,-6.245004513516506e-17,2005-10,2002-10,1.3924996168869503,0.2603312145162489,-0.0059598933264009,0.03739371483223061
2005-11,0.1239513609078601,0.021834783837611463,-0.007980974719052396,0.024672380841993777,0.00012394876344844807,0.005019428951221612,2.0816681711721685e-17,2005-11,2002-11,-0.29782365825418167,-0.8443283666908202,0.03199358432653754,-0.010158800488926187
2005-12,0.1317037594555071,0.007752398547647005,0.004352489229095971,0.002975158360229053,-0.00021924158447982712,0.0006439925428017747,3.2959746043559335e-17,2005-12,2002-12,0.13809973922317953,-0.10386822049887703,0.004143340473092796,0.003609058074554153
2006-01,0.1322285255927726,0.0005247661372654866,0.0010075809237394162,-0.0006654082078119102,-0.00016058955319743048,0.000343182974535459,-4.7921736023859296e-17,2006-01,2003-01,0.029506475351302384,0.02325900490750721,-0.0002356546610162158,0.0007604207982817024
2006-02,0.22665808162127896,0.09442955602850636,0.007992856879609564,0.0599779615752188,0.0026033950540467385,0.023855342519631253,1.3877787807814457e-17,2006-02,2003-02,0.3226157279231319,-1.9578188330904562,0.08762402798736856,0.006805528041137557
2006-03,0.22583305310616203,-0.0008250285151169268,-0.0009201664418260926,0.00022366888292156496,6.072458588191842e-05,-0.00018925554209432512,7.48099499014998e-18,2006-03,2003-03,-0.029450029636025006,-0.007831685156501974,0.000955230991922712,-0.001780259507039722
2006-04,0.26834491300094265,0.042511859894780624,0.00687855464938567,0.02787916704153825,-0.000664854310927829,0.008418992514784486,4.85722573273506e-17,2006-04,2003-04,0.18747774249553711,-0.9591276813205126,0.04005415685773732,0.0024577030370431935
2006-05,0.19433026508278792,-0.07401464791815474,0.009272343039708572,-0.09948007517408719,-0.004906039617484081,0.021099123833708003,-4.163336342344337e-17,2006-05,2003-05,0.25637533217214376,3.3244851099547432,-0.07914984276732387,0.005135194849169272
2006-06,0.10644964232197164,-0.08788062276081628,-0.011549922006854485,-0.08109130555527438,-0.003361090517591607,0.008121695318904165,2.7755575615628914e-17,2006-06,2003-06,-0.44002355801428467,2.762207743910732,-0.06937587412921298,-0.018504748631603084
2006-07,0.11064711884132358,0.004197476519351942,-0.0005331867710583815,-0.009563499244198782,-0.00016218257319410692,0.014456345107803225,-1.214306433183765e-17,2006-07,2003-07,-0.015317528137183957,0.3125031998263365,0.004827534380346721,-0.000630057860994751
2006-08,0.1072398442515653,-0.0034072745897582857,0.026131672988939626,-0.032411387931932545,-0.0034446964265721,0.006317136779806733,-8.673617379884035e-19,2006-08,2003-08,0.8267640127201662,1.101551719423443,-0.024769069516284783,0.021361794926526498
2006-09,0.09676820754711313,-0.01047163670445217,0.021616257669170903,-0.03321092841580798,-2.5248833351960812e-05,0.0011482828755369108,-4.336808689942018e-17,2006-09,2003-09,0.7712981194487033,1.155841986652507,-0.030051310937846847,0.01957967423339465
2006-10,0.09668515081309391,-8.305673401921843e-05,0.0010515660544507211,0.0008588872269636497,-4.987630284235959e-05,-0.0019436337125912607,3.1008182133085427e-17,2006-10,2003-10,0.032916212719899626,-0.03036304837916037,0.0012733514737303248,-0.001356408207749571
2006-11,0.1067630456733214,0.01007789486022749,0.011539019446950785,1.7180148807082812e-07,-0.00023482339662838066,-0.001226472991582981,-1.734723475976807e-18,2006-11,2003-11,0.38233840595026763,-6.049289205530031e-06,6.405282399529755e-05,0.010013842036232193
2006-12,0.10645274828337666,-0.0003102973899447442,0.004390391858698318,-0.005736447032376736,2.3952472962216338e-05,0.0010118053107714552,2.8189256484623115e-18,2006-12,2003-12,0.15652668924529337,0.19982290298057565,-0.00411685494656331,0.003806557556618552
2007-01,0.07229417370445572,-0.034158574578920936,0.003273944798396249,-0.03911491276563511,-0.0028502525494858134,0.00453264593780374,6.938893903907228e-18,2007-01,2004-01,0.053768384824657865,1.3344949172456304,-0.03519758727066656,0.0010390126917457915
2007-02,0.07407365088506035,0.00177947718060463,0.0036719953832532065,-0.0018871735046444035,2.814210630969259e-05,-3.348680431385453e-05,-1.0842021724855044e-17,2007-02,2004-02,0.12771298280590115,0.06606618413314695,-0.0016100238603332026,0.0033895010409378465
2007-03,0.07815980574609278,0.004086154861032434,-0.04615631997105408,0.05048078399945256,-0.0001811595546413033,-5.714961272472195e-05,-1.8214596497756474e-17,2007-03,2004-03,-1.6252296494550442,-1.76749071384005,0.05471542585041103,-0.05062927098937861
2007-04,0.05858344852776761,-0.019576357218325173,-0.030009003408248722,0.007426031985925312,-0.0029351953039947723,0.005941809507992964,4.5102810375396984e-17,2007-04,2004-04,-1.1768709402360138,-0.248707505293574,0.014946866558416608,-0.03452322377674185
2007-05,-0.06809145323411002,-0.12667490176187762,-0.010943251073754129,-0.11096151899660323,-0.004609996744406967,-0.00016013494711328971,-2.7755575615628914e-17,2007-05,2004-05,-0.44229258339598143,3.690749650722851,-0.11522450725908545,-0.01145039450279144
2007-06,-0.04412632927155723,0.023965123962552792,0.02165776693337641,0.0012344239528604166,-0.0021115579495088474,0.003184491025824804,6.938893903907228e-18,2007-06,2004-06,0.6449734598048025,-0.04443740713806246,-0.0001412820787260842,0.02410640604127871
2007-07,0.023310277480368232,0.06743660675192546,-0.004172200685287383,0.07142748641904346,0.0009226295301371076,-0.0007413085119677325,0.0,2007-07,2004-07,-0.18581813168660524,-2.4194293242741955,0.07208523778068984,-0.004648631028764703
2007-08,-0.0838122857978694,-0.10712256327823763,-0.16320674507182384,0.051595786633222424,0.0007755074329831188,0.003712887727380706,-4.163336342344337e-17,2007-08,2004-08,-5.266750947705495,-1.9064152157743668,0.05018353649184129,-0.15730609977007837
2007-09,-0.07929134680434494,0.004520938993524459,0.028724146076550588,-0.02452150521475342,-9.200415908519138e-07,0.0003192181733181577,-1.5612511283791264e-17,2007-09,2004-09,0.9992682534908741,0.8599324959187601,-0.026567498014931357,0.031088437008455788
2007-10,-0.07564570235757084,0.0036456444467740934,4.163379589926249e-06,0.0027083490345307833,0.0002464904903492641,0.0006866415423040812,3.903127820947816e-17,2007-10,2004-10,0.005869944944623714,-0.09521234673097835,0.002601281604392894,0.001044362842381158
2007-11,-0.20578447287470514,-0.1301387705171343,-0.1836652365381295,0.02473086120129046,0.01010002237095721,0.018695582448747496,2.7755575615628914e-17,2007-11,2004-11,-5.549088521008471,-0.9211916392097806,0.020968316315057786,-0.15110708683219168
2007-12,-0.19954320009468368,0.006241272780021456,0.0014598696877515655,0.006618198915840905,0.0002787708273010643,-0.0021155666508720643,-1.3877787807814457e-17,2007-12,2004-12,0.05300289036229232,-0.23042808651485985,0.004448146881549708,0.0017931258984717757
2008-01,-0.3290262738805976,-0.1294830737859139,-0.18335925521679547,0.0003175719759741534,0.003620747085179368,0.049937862369728046,0.0,2008-01,2005-01,-5.5559791541461445,-0.012133460907797024,-0.002982566737507894,-0.12650050704840565
2008-02,-0.32609713647562494,0.002929137404972637,0.003096093342569924,-0.0021656446855504836,-0.00031051414241854935,0.0023092028903717626,-1.6479873021779667e-17,2008-02,2005-02,0.09655102633278305,0.07606473890347573,-0.003377522046509679,0.0063066594514822605
2008-03,-0.38902285194673203,-0.06292571547110709,-0.042799272916247244,-0.01666611955255001,0.002314403923512386,-0.005774726925822182,-4.163336342344337e-17,2008-03,2005-03,-1.3724076719804243,0.5786007700166903,-0.03672760235407191,-0.02619811311703496
2008-04,-0.403585751580905,-0.014562899634172954,-0.050687882720142886,0.023337458083474805,0.00397795174322695,0.008809573259268165,1.214306433183765e-17,2008-04,2005-04,-1.594212005331017,-0.8258866343481855,0.014312620327016468,-0.028875519961189255
2008-05,-0.43191320702667574,-0.028327455445770755,-0.027346879859348392,-0.007717882162305851,0.000860435028905466,0.005876871546977988,2.7755575615628914e-17,2008-05,2005-05,-0.8874864139009148,0.27202538516676417,-0.014732796859652203,-0.013594658586118663
2008-06,-0.35630494014746,0.07560826687921574,0.0688510246510226,-0.011629479075151817,-0.0038753628551819797,0.02226208415852694,0.0,2008-06,2005-06,2.159398181761959,0.4185498517219212,-0.01793439700492186,0.0935426638841372
2008-07,-0.3517653082827068,0.004539631864753202,-0.03279094092310994,0.013516672565308472,0.0033463893550374313,0.020467510867517212,2.42861286636753e-17,2008-07,2005-07,-0.9857511497810962,-0.4867496337441983,0.008119504927741217,-0.003579873062987904
2008-08,-0.33864852563760095,0.013116782645105851,0.011099691691428146,0.0001704879498717088,-0.0005427161029061914,0.002389319106712284,-9.71445146547012e-17,2008-08,2005-08,0.3578219831847923,-0.005987729657864643,-0.0012426577926684945,0.014359440437774346
2008-09,-0.369092944981581,-0.030444419343980067,-0.05114473811090338,0.00011013143557040774,0.0010586538673094936,0.019531533464043325,8.673617379884035e-17,2008-09,2005-09,-1.657479519112935,-0.003960769113730282,-0.00036172929008246313,-0.030082690053897715
2008-10,-0.17526465137593655,0.19382829360564446,0.12842775924472988,-0.03342550887621459,0.002738573990457865,0.0960874692466713,0.0,2008-10,2005-10,3.675334432386373,1.3833927019391237,-0.044202311976287254,0.2380306055819312
2008-11,-0.22081429139110553,-0.04554964001516898,-0.07536079962884057,0.01436345279126976,0.00434462417484088,0.011103082647560995,-4.163336342344337e-17,2008-11,2005-11,-2.3626254925902543,-0.5167573127432212,0.01216298256455467,-0.057712622579723566
2008-12,-0.14375012034657275,0.07706417104453278,0.009933591532636815,-0.003242334735677655,0.002207842284622006,0.06816507196295166,-4.163336342344337e-17,2008-12,2005-12,0.3381016336444561,0.13479789738817263,-0.003334831955878817,0.08039900300041135
2009-01,-0.14133238402581752,0.0024177363207552316,0.0016279787249738724,0.0005326994638923718,-0.00029159762395812344,0.0005486557558470625,4.85722573273506e-17,2009-01,2006-01,0.044869655338267984,-0.018680363939888603,-4.538194849725008e-05,0.002463118269252426
2009-02,-0.07440110373105539,0.06693128029476213,0.0588941542189531,0.0035216322371164365,-0.0010116695229647032,0.005527163361657317,-1.3877787807814457e-17,2009-02,2006-02,1.9154413140872115,-0.12643838710876742,0.002942988678420126,0.06398829161634187
2009-03,-0.061961520132928036,0.012439583598127357,0.0011703010651806262,0.010355235245657872,0.0007871806752912976,0.00012686661199757369,-1.214306433183765e-17,2009-03,2006-03,0.056488555673075584,-0.3627704560598902,0.010134020496442069,0.0023055631016853026
2009-04,-0.09562725630293219,-0.03366573617000415,-0.05241193213459621,0.012783846741166017,-0.0008233548044637162,0.006785704027889737,2.0816681711721685e-17,2009-04,2006-04,-1.7462199893965757,-0.4664926076589907,0.010334493734872961,-0.044000229904877085
2009-05,-0.1518741967997466,-0.056246940496814404,-0.06500802587380128,0.00024047539740819343,0.001123532500215711,0.007397077479362987,-2.0816681711721685e-17,2009-05,2006-05,-2.1095961992794154,-0.008666282975904573,-0.0006688037339263042,-0.05557813676288803
2009-06,-0.17682336230092346,-0.024949165501176873,-0.03224127388888274,-0.0015936094917967138,0.001297673937095649,0.007588043942406986,-5.204170427930421e-17,2009-06,2006-06,-1.0271762201104178,0.057061010137119283,-0.0018045509925272846,-0.023144614508649505
2009-07,-0.17226389009936202,0.004559472201561443,0.0038205289925246568,0.00022927065079880317,-3.589320330454763e-05,0.0005455657615424375,9.367506770274758e-17,2009-07,2006-07,0.12835892215540334,-0.008037013929904961,0.0001393100456296148,0.004420162155931662
2009-08,-0.18729613452172422,-0.015032244422362201,-0.012131508311009283,-0.008301794271256761,0.0007117493042126249,0.0046893088556912346,-1.5612511283791264e-17,2009-08,2006-08,-0.3755587414060827,0.29434955369657495,-0.009750618266454264,-0.005281626155907798
2009-09,-0.1820798539913514,0.005216280530372819,0.01066550858888759,-0.006300238845221355,-1.4872403548573141e-05,0.0008658831902551738,-1.734723475976807e-17,2009-09,2006-09,0.3676787598186755,0.22102528477446348,-0.0074253372968171305,0.012641617827189894
2009-10,-0.18157697519643623,0.0005028787949151736,-0.0016023711858579944,0.0027723017474237622,3.845972350975071e-06,-0.0006708977390015784,9.107298248878237e-18,2009-10,2006-10,-0.057194875993321674,-0.09685155394412476,0.0014898942416132627,-0.0009870154466980335
2009-11,-0.18796528844938185,-0.0063883132529456155,-0.002324393937846719,-0.0038918661987288176,6.382220194344125e-06,-0.00017843533656445608,3.382710778154774e-17,2009-11,2006-11,-0.07512928815026983,0.13614954417242878,-0.004725291353109173,-0.0016630218998364976
2009-12,-0.19704737672997294,-0.009082088280591094,-0.01038909920539571,-0.00046707128349895316,8.571802388745997e-06,0.001765510405914843,-2.0816681711721685e-17,2009-12,2006-12,-0.3511547227926565,0.016422448156773812,-0.0011422693900821762,-0.007939818890508862
2010-01,-0.19870757113670978,-0.0016601944067368424,-0.005051869499904629,0.003787613896372594,-1.3235637745703538e-05,-0.00038270316545910857,4.119968255444917e-18,2010-01,2007-01,-0.1762069060565811,-0.1324382914569451,0.0021266496898221243,-0.0037868440965589667
2010-02,-0.19951008584268523,-0.0008025147059754489,-0.0004166105101950839,-0.000588717251399305,-1.8693478964064545e-05,0.000221506534583017,-1.235990476633475e-17,2010-02,2007-02,-0.014232142463373508,0.020616565266162564,-0.0009648367804913904,0.00016232207451588598
2010-03,-0.19929987468564125,0.00021021115704397686,-0.007923416303674491,0.004765832775909369,0.0008352501809994797,0.002532544503809627,-8.239936510889834e-18,2010-03,2007-03,-0.24426697777685785,-0.1678633566748635,0.004089431510450894,-0.0038792203534068342
2010-04,-0.19935679929161368,-5.692460597242488e-05,-0.010743843634631215,0.010723555153346059,-1.5083974979744188e-07,-3.6485284937487546e-05,1.6181717424346154e-17,2010-04,2007-04,-0.37605434859912873,-0.3752900804621832,0.00839299763049671,-0.00844992223646919
2010-05,-0.22558120423455125,-0.026224404942937568,-0.04009146661618107,0.004448069359784688,0.002135794931958339,0.007283197381500539,-6.245004513516506e-17,2010-05,2007-05,-1.273691101280076,-0.15834713998409375,0.00353508799235909,-0.029759492935296547
2010-06,-0.23246903370548508,-0.006887829470933832,-0.009614615446871536,0.004821715600700828,0.0009878473992983054,-0.0030827770240614725,4.336808689942018e-17,2010-06,2007-06,-0.3002448403042708,-0.1676241909612426,7.121384585043189e-05,-0.006959043316784347
2010-07,-0.23203923817157648,0.0004297955339085946,0.0009440626272741082,-0.0010565441671241728,2.8841715990318992e-05,0.0005134353577683421,-1.8973538018496328e-18,2010-07,2007-07,0.03409524029153135,0.03701991992416081,-0.0012878699261366089,0.0017176654600452035
2010-08,-0.21003859979526052,0.022000638376315967,0.0064659953941897256,0.01682408641922238,2.5128786447552952e-05,-0.0013145722235437098,2.0816681711721685e-17,2010-08,2007-08,0.20512985550380106,-0.5870923028355824,0.01307420435934456,0.00892643401697138
2010-09,-0.21697514975802543,-0.00693654996276491,-0.0008620617513480037,-0.005927298653585898,1.5696808384178997e-05,-0.0001628863662151608,-2.6020852139652106e-17,2010-09,2007-09,-0.023046054454237994,0.2073763175563732,-0.0075114785812540885,0.0005749286184891234
2010-10,-0.20817045633193904,0.00880469342608639,0.004540420646434239,0.003157973620620723,-8.049586007277669e-05,0.0011867950191041933,1.214306433183765e-17,2010-10,2007-10,0.14827598512799087,-0.11083763434942881,0.00206299680646789,0.006741696619618501
2010-11,-0.19818264169686442,0.009987814635074616,-0.01465532185639515,0.02455930520861528,0.0021583941889717333,-0.0020745629061172353,-1.3877787807814457e-17,2010-11,2007-11,-0.4514123330118365,-0.8551879375848093,0.020122299648768882,-0.010134485013694239
2010-12,-0.22337641658411359,-0.025193774887249165,-0.038306221188884014,-0.00036445255852214214,0.0006927240131969258,0.012784174846960046,1.3877787807814457e-17,2010-12,2007-12,-1.2408512934361728,0.013141621269291238,-0.0007303146305041031,-0.024463460256745007
2011-01,-0.19855947319989906,0.02481694338421453,-0.00748738848739703,0.036638640962267384,0.0021634683344471037,-0.006497777425102984,5.551115123125783e-17,2011-01,2008-01,-0.22011669170608156,-1.2626268327309675,0.030077061349469025,-0.005260117965254524
2011-02,-0.20668266371421842,-0.008123190514319367,-0.01007504126206072,-0.00023257139648023972,0.00042381387522799846,0.0017606082689936727,-7.806255641895632e-17,2011-02,2008-02,-0.32675803927159125,0.008175360034359865,-0.0004437992570061333,-0.007679391257313178
2011-03,-0.20081532394132465,0.005867339772893776,-0.003922305264853475,0.011124724750413201,4.286657577673476e-05,-0.001377946288442698,1.3877787807814457e-17,2011-03,2008-03,-0.143307310989375,-0.3880488142219114,0.00877139717090035,-0.002904057398006629
2011-04,-0.19296859587921641,0.007846728062108232,-0.0017341131701320818,0.011355355982543058,0.00011154546681597704,-0.0018860602171187142,-8.673617379884035e-18,2011-04,2008-04,-0.06656958591975766,-0.3955341255352299,0.009247996047072507,-0.0014012679849642745
2011-05,-0.18221768367108063,0.010750912208135788,0.0018577839783062123,0.007795169100609061,0.00043803389364557697,0.0006599252355749155,2.0816681711721685e-17,2011-05,2008-05,0.07041885798831947,-0.27331083086488195,0.006382854962409645,0.004368057245726087
2011-06,-0.21131255443042984,-0.029094870759349217,-0.009947920569990009,-0.01751010604688848,-0.00010520081973408695,-0.0015316433227366003,-4.163336342344337e-17,2011-06,2008-06,-0.3263271710148189,0.6104677976004125,-0.021481427733487643,-0.0076134430258615465
2011-07,-0.20911589847011636,0.002196655960313487,-0.0017596027845488906,0.006854921931583914,0.00043347627129420663,-0.00333213945801576,1.691355389077387e-17,2011-07,2008-07,-0.05220006595561573,-0.23802094255496434,0.0030654299353735787,-0.0008687739750600915
2011-08,-0.30250618003746654,-0.09339028156735019,-0.1260495956953409,-0.002498382101157146,0.0034809407349277693,0.03167675549422002,8.326672684688674e-17,2011-08,2008-08,-3.9140238045369187,0.0927778233266222,-0.003149978414180951,-0.09024030315316935
2011-09,-0.2954831498353238,0.007023030202142733,-0.004135751006465659,0.01205297901331746,-0.00022511388421877137,-0.0006690839204902492,-4.9439619065339e-17,2011-09,2008-09,-0.1602878568256096,-0.42138226399479284,0.007844591731286432,-0.000821561529143533
2011-10,-0.44446203294181813,-0.14897888310649432,-0.011666318046142586,-0.058280511105208634,0.0008907601984619695,-0.07992281415360507,0.0,2011-10,2008-10,-0.3438355746362093,1.8172266052793,-0.14308983553879515,-0.005889047567699118
2011-11,-0.4290630575326384,0.015398975409179727,0.0015458042409771215,0.04463537923896078,0.0008347533489968368,-0.031616961419755035,2.7755575615628914e-17,2011-11,2008-11,0.03896820206432563,-1.5058032869032334,0.013420700465555657,0.001978274943623959
2011-12,-0.49320966699560903,-0.06414660946297063,-0.00020944971594641552,0.040541339771494045,0.0014190213522876295,-0.10589752087080585,-2.7755575615628914e-17,2011-12,2008-12,0.001943045481790748,-1.2568582722578432,-0.06414461174266653,-1.9977203040977276e-06
2012-01,-0.5021967606384202,-0.008987093642811195,-0.001355225934873968,-0.007654418242147911,-0.0004698691407259758,0.0004924196749365384,1.214306433183765e-16,2012-01,2009-01,-0.05463509334525216,0.2680371681533489,-0.012027496954853445,0.0030404033120424168
2012-02,-0.6385449374751964,-0.13634817683677614,-0.0021348066115721626,-0.08408461205495425,-0.002892741205667562,-0.047236016964582024,-1.3877787807814457e-16,2012-02,2009-02,-0.09303827579497959,2.8207020373139953,-0.13716564207473764,0.0008174652379617231
2012-03,-0.6625076312168625,-0.023962693741666152,-0.008418999841712798,0.004650756395559425,0.0018635828652365845,-0.0220580331607493,-6.245004513516506e-17,2012-03,2009-03,-0.23144645874466702,-0.1600166945211669,-0.02656711541570761,0.0026044216740417903
2012-04,-0.6988331743070055,-0.03632554309014302,-0.006097557369246865,0.04323971832295546,0.002483104515775759,-0.07595080855962738,6.938893903907228e-18,2012-04,2009-04,-0.1742227511918633,-1.4290929932347407,-0.034698045496603214,-0.0016274975935401392
2012-05,-0.6872207241410571,0.011612450165948474,-0.03639262352101132,0.06525623792720038,0.005597501571915205,-0.022848665812155874,8.326672684688674e-17,2012-05,2009-05,-1.129645608316895,-2.246333241193297,0.020716505986356493,-0.009104055820407908
2012-06,-0.7073838604392906,-0.02016313629823352,-0.012035562592888136,0.024534718855862177,0.0023342257989619696,-0.03499651836016955,2.0816681711721685e-17,2012-06,2009-06,-0.36284831709647014,-0.8371721187810801,-0.016986525739631275,-0.003176610558602133
2012-07,-0.7058283304460726,0.0015555299932179523,0.001411833656102668,-0.00016386844754470365,0.00013209689739257855,0.00017546788726750492,-9.540979117872439e-17,2012-07,2009-07,0.05268929947922741,0.005736107784925404,-0.002271793261053423,0.0038273232542713753
2012-08,-0.7313331722015778,-0.02550484175550516,-0.018090849025589207,0.02058283026217733,-0.0007273264152325897,-0.027269496576860664,-2.7755575615628914e-17,2012-08,2009-08,-0.6728813646997306,-0.7067301277662721,-0.021904594293264634,-0.0036002474622403025
2012-09,-0.7567113972322463,-0.025378225030668555,-0.007727722602657874,-0.013047561438342407,-0.0001610773410359077,-0.004441863648632515,1.457167719820518e-16,2012-09,2009-09,-0.25651666631387915,0.45530143357383607,-0.023550291589552463,-0.001827933441116425
2012-10,-0.7491743162408505,0.007537080991395828,0.004608756198902102,0.0015932129976009557,-0.00015888757470422139,0.001493999369597016,-2.42861286636753e-17,2012-10,2009-10,0.14972149579190158,-0.055817777443783925,-0.0002556540114287409,0.007792735002825013
2012-11,-0.7415547779305187,0.007619538310331797,-0.0071634060938806565,0.001988497174220302,0.000514325741626775,0.012280121488365409,-3.209238430557093e-17,2012-11,2009-11,-0.22630701352056365,-0.07017070615639587,0.0004629863480847263,0.007156551962246405
2012-12,-0.7441184295571084,-0.002563651626589669,-0.006379781030088481,0.01113919990257223,4.174675260046552e-06,-0.007327245174333462,-1.734723475976807e-18,2012-12,2009-12,-0.22890086018161968,-0.3879492032608246,-0.0015231129011955558,-0.0010405387253936693
2013-01,-0.7560203599927994,-0.011901930435690988,-0.03269603042264509,0.0029376572604749643,0.00024904758863103515,0.017607395137848186,-7.979727989493313e-17,2013-01,2010-01,-1.0939652508483362,-0.10402451877446199,-0.0043141916467390184,-0.007587738788952081
2013-02,-0.7716638624741221,-0.015643502481322735,-0.006524567909537019,-0.0003601105220353241,0.0006953185705008175,-0.00945414262025135,1.3877787807814457e-16,2013-02,2010-02,-0.19923169525977805,0.012525866708982989,-0.014687500013965349,-0.0009560024673572753
2013-03,-0.7812026834465169,-0.00953882097239478,-0.001998137691816667,0.013819472065717917,0.00014446475188818303,-0.021504620098184154,-5.724587470723463e-17,2013-03,2010-03,-0.0775714192416858,-0.47698405192353494,-0.010314578854742185,0.0007757578823472944
2013-04,-0.7698597226629806,0.011342960783536249,0.002416709963870384,0.017929496890071183,0.0008695498988357247,-0.00987279596924115,1.0408340855860843e-16,2013-04,2010-04,0.09499343929817823,-0.6235383803863246,0.0035849869363058784,0.0077579738472302595
2013-05,-0.7544777382330664,0.01538198442991423,-0.035447825150251695,0.10333584039537183,0.007238124000115579,-0.059744154815321394,-9.020562075079397e-17,2013-05,2010-05,-1.10185885456541,-3.4752738302323425,0.02317598131075488,-0.007793996880840426
2013-06,-0.6642219340225682,0.09025580421049817,0.04252663590574757,0.03683588837249978,0.0017181971809358074,0.009175082751315046,-2.7755575615628914e-17,2013-06,2010-06,1.4602319854016552,-1.2975971161346196,0.005910741978784606,0.08434506223171367
2013-07,-0.6642298847243507,-7.950701782499792e-06,-0.024482948558535528,0.0104700032200047,0.001874042920326044,0.012130951716422285,-1.734723475976807e-18,2013-07,2010-07,-0.7723923712691181,-0.3697961262269009,0.003114623794146232,-0.0031225744959290647
2013-08,-0.6607119915371503,0.003517893187200416,0.00829812315986694,0.00712185927636142,-0.00033209272245233036,-0.011569996526575739,1.231653667943533e-16,2013-08,2010-08,0.2664486651635266,-0.24708859480761872,-0.010696608849112721,0.014214502036313026
2013-09,-0.6686720793280273,-0.00796008779087698,0.0006056591049728955,-0.004401398264177982,-0.00030215566697110174,-0.003862192964700645,-1.457167719820518e-16,2013-09,2010-09,0.014649121194123278,0.15360138456975544,-0.009270977153003734,0.0013108893621270878
2013-10,-0.683909707848167,-0.015237628520139657,0.006400825629254391,-0.015941700451979356,0.0002345045661919026,-0.005931258263606614,2.0816681711721685e-17,2013-10,2010-10,0.24234251428674716,0.5555127123233853,-0.029973346639435183,0.014735718119295527
2013-11,-0.6851667254196365,-0.0012570175714695653,-0.010477211751971059,0.011051338741803222,-0.00019382907121250637,-0.001637315490089079,-1.4354836763708079e-16,2013-11,2010-11,-0.3743032674348164,-0.3863342753079993,0.000325133209204187,-0.0015821507806736412
2013-12,-0.6870410789398186,-0.0018743535201820594,-0.0015516115780164195,0.054283889819775194,0.0009066827801093701,-0.0555133145420503,9.71445146547012e-17,2013-12,2010-12,-0.07773962597870983,-1.8231944968591032,-0.0070327751511919945,0.005158421631010046
2014-01,-0.6845681904409702,0.0024728884988484134,-0.0004562732899009101,0.010093927237676157,0.0004254849133745429,-0.007590250362301357,-1.9081958235744878e-17,2014-01,2011-01,-0.01092130198402396,-0.35133250053580267,0.002551681851240495,-7.879335239230345e-05
2014-02,-0.6815380803211226,0.003030110119847551,-0.008639994843024324,0.017155615992895053,0.001393764664084101,-0.0068792756941073235,4.423544863740858e-17,2014-02,2011-02,-0.26457778700662177,-0.5974230127246505,0.005132568464173093,-0.002102458344325542
2014-03,-0.6753399178519761,0.0061981624691465065,-0.002352183827781796,0.015913492795819693,0.0009203387845680113,-0.00828348528345947,6.765421556309548e-17,2014-03,2011-03,-0.0645858227853876,-0.5535722584229463,0.005319829509636054,0.0008783329595105638
2014-04,-0.6730798095297535,0.002260108322222565,0.0002645682741258095,0.0027568847879176363,0.00013782553248571994,-0.0008991702723065266,-7.41594285980085e-17,2014-04,2011-04,0.011019605700013672,-0.09642662435202383,0.0008795756169838742,0.0013805327052383576
2014-05,-0.677520800020735,-0.004440990490981456,0.002452629186985309,0.006481975854543238,0.00016303700416366121,-0.013538632536673742,7.632783294297951e-17,2014-05,2011-05,0.08353236268653695,-0.22459513642221896,-0.011329226892597799,0.006888236401616454
2014-06,-0.6726674409437515,0.004853359076983477,-0.005502538211248812,0.03819226476404914,0.0020227945320248865,-0.029859162007841725,-1.0408340855860843e-17,2014-06,2011-06,-0.15897708270050007,-1.3071845358144614,0.004817087523571406,3.627155341240362e-05
2014-07,-0.6749181229957271,-0.002250682051975539,0.0003437462345244935,0.0003934257826727953,0.00012862794797938678,-0.003116482017152252,3.7730235602495554e-17,2014-07,2011-07,0.015727634823205557,-0.013738057596027328,-0.0033139351545200535,0.0010632531025441816
2014-08,-0.44602742671408613,0.22889069628164094,-0.013701711342505488,0.584452579446508,0.011642192728626896,-0.35350236455098827,-1.1102230246251565e-16,2014-08,2011-08,-0.8143615178417672,-14.813474443767973,0.23704190057805566,-0.008151204296414444
2014-09,-0.40590583700995286,0.040121589704133265,-0.0017816417194245241,0.07510892868761601,0.0029519120177487635,-0.03615760928180696,-2.7755575615628914e-17,2014-09,2011-09,-0.03460466334160615,-2.5176616737746618,0.03892441685481768,0.001197172849315753
2014-10,-0.448754806031117,-0.04284896902116414,-0.10277114461059356,0.020543198645581223,0.006142828398043069,0.03323614854580514,-2.0816681711721685e-17,2014-10,2011-10,-3.179819057316273,-0.7468768424578628,0.011969665239549676,-0.054818634260713706
2014-11,-0.44164420444854097,0.007110601582576037,-0.009657403092455481,-0.003353442717744497,0.0016862144531162955,0.018435232939659648,7.28583859910259e-17,2014-11,2011-11,-0.26243459058210766,0.11979994855410511,-0.008932301046712637,0.016042902629288508
2014-12,-0.4469126215304918,-0.00526841708195086,-0.011309923324925747,0.00021493749968521313,0.00020983018335402002,0.00561673855993579,-1.3704315460216776e-16,2014-12,2011-12,-0.37553174674821305,-0.007570361951504691,-0.0001959551140593152,-0.0050724619678913785
2015-01,-0.4985178925506272,-0.051605271020135346,-0.0788585983455525,-0.003736969255446554,0.00457785833851501,0.02641243824234861,9.71445146547012e-17,2015-01,2012-01,-2.4536250065420195,0.13443952112022586,-0.01811585636768559,-0.033489414652450034
2015-02,-0.5158149299677287,-0.017297037417101535,-0.012529318566818555,0.001271741417333313,-0.00031588500730565534,-0.005723575260310636,-3.469446951953614e-18,2015-02,2012-02,-0.44080367254538105,-0.04425977152319137,-0.011121534780418635,-0.006175502636682734
2015-03,-0.4937641046541119,0.022050825313616795,0.007191707465550446,0.025696797067892324,0.000934783755379152,-0.011772462975205112,-1.0408340855860843e-17,2015-03,2012-03,0.25447548395548536,-0.8889044411616267,0.010899250710011549,0.011151574603605302
2015-04,-0.4876388163751741,0.006125288278937824,-0.003613122154483544,0.013587730230682334,4.5760444083318894e-05,-0.003895080241344159,-1.2663481374630692e-16,2015-04,2012-04,-0.13513387451134998,-0.47368314732174854,0.006953005954784541,-0.0008277176758467175
2015-05,-0.40523971735288095,0.08239909902229314,0.008705917115301331,0.09935633969192836,0.005236683588563725,-0.030899841373500353,6.938893903907228e-17,2015-05,2012-05,0.3908582364931414,-3.357650927452781,0.05493876421532032,0.02746033480697288
2015-06,-0.33972332591305054,0.0655163914398304,0.026364816080699533,0.04699690271248357,0.0006358035268060246,-0.008481130880158779,5.551115123125783e-17,2015-06,2012-06,0.8830081272574202,-1.626186236645385,0.030262793320620873,0.035253598119209195
2015-07,-0.365486853893293,-0.02576352798024245,-0.009060035313209624,-0.014800436107540097,-0.0003675149478550366,-0.0015355416116376909,-3.469446951953614e-18,2015-07,2012-07,-0.3070765052287496,0.5168872404757787,-0.020746849309150356,-0.005016678671092151
2015-08,-0.3813971380489131,-0.015910284155620125,-0.061609514399737456,0.025953058654497922,0.00470569519090531,0.015040476398714102,0.0,2015-08,2012-08,-1.922074735787523,-0.9266339752985786,0.017329554361215027,-0.033239838516835096
2015-09,-0.3483420200309979,0.03305511801791522,-0.006156971181242477,0.005230434592681029,0.0008350782865551847,0.03314657631992152,-3.469446951953614e-17,2015-09,2012-09,-0.17772074188008713,-0.19138044279460162,0.0011140618650087863,0.03194105615290632
2015-10,-0.31132442447622677,0.03701759555477113,0.030301785515305473,-0.002436065146153426,-0.001405608553904471,0.010557483739523529,2.7755575615628914e-17,2015-10,2012-10,0.9698564736446534,0.08662771827568971,-0.0044947187819254775,0.04151231433669644
2015-11,-0.3085138198830081,0.0028106045932186907,-0.026889848049233122,0.034716512986313425,0.0038103919098222074,-0.008826452253683784,-3.469446951953614e-17,2015-11,2012-11,-0.8307555044625884,-1.1977799546843841,0.019533721797059145,-0.0167231172038404
2015-12,-0.30662790092695363,0.0018859189560544443,-0.007202595870498723,0.004416998014722263,0.0007350626164796076,0.0039364541953512975,-8.673617379884035e-19,2015-12,2012-12,-0.2229343151903918,-0.1555842031679771,0.0032843346594340073,-0.0013984157033795075
2016-01,-0.3165132928194258,-0.009885391892472173,-0.0975629848305044,0.043838282028445356,0.008057681445156858,0.03578162946442994,7.632783294297951e-17,2016-01,2013-01,-2.9116934353931807,-1.6220761237104644,0.03237399117230025,-0.04225938306477259
2016-02,-0.32451994845020227,-0.00800665563077646,-0.03354442597506848,0.007121377306391732,0.002231202530471917,0.016185190507428462,-9.367506770274758e-17,2016-02,2013-02,-1.0453910408816711,-0.2555353883701168,0.005278321111829409,-0.013284976742605814
2016-03,-0.3486613075806002,-0.024141359130397944,-0.04601152191496676,-0.001338334228964656,0.0009141399113422734,0.022294357102191163,3.8163916471489756e-17,2016-03,2013-03,-1.4825995565464618,0.048389469434853435,-0.00405545433462115,-0.020085904795776904
2016-04,-0.34964468564819795,-0.00098337806759774,0.009277032527098958,-0.0066906677465940105,0.00031015241319098415,-0.0038798952612936312,-3.9898639947466563e-17,2016-04,2013-04,0.33458410094776597,0.2328722979287122,-0.013992348919428271,0.013008970851830642
2016-05,-0.3189805699525714,0.030664115695626548,0.0003612357870619279,0.04295072307125577,0.0015808975142685769,-0.01422874067695972,-6.938893903907228e-18,2016-05,2013-05,0.02484582726838388,-1.4713302990363344,0.02907685270274024,0.0015872629928862514
2016-06,-0.40067789498870343,-0.08169732503613203,0.002650181159508089,-0.05299076186717906,-0.002361234336347354,-0.028995509992113803,1.1102230246251565e-16,2016-06,2013-06,0.06383022377949331,1.7797287358946816,-0.08924417311033947,0.007546848074207607
2016-07,-0.34489223491541204,0.05578566007329139,0.021893729165440304,0.05311382163274508,-3.683991907434955e-05,-0.019185050805819583,-5.551115123125783e-17,2016-07,2013-07,0.7098663183363968,-1.8112714238939613,0.027076959576210508,0.02870870049708088
2016-08,-0.3633581185893183,-0.01846588367390628,-0.0023377895457602936,-0.009542406007903494,-0.00017509303422779887,-0.006410595086014692,0.0,2016-08,2013-08,-0.07692056296710645,0.33096074903018924,-0.01890583844056376,0.0004399547666575909
2016-09,-0.34693902933859483,0.016419089250723495,0.012282306087393684,0.002029628761519855,-5.440662181526844e-05,0.0021615610236252135,1.0408340855860843e-17,2016-09,2013-09,0.41285469266981406,-0.07125319815276415,-0.0003069668079707377,0.016726056058694122
2016-10,-0.34474341839358197,0.0021956109450128602,0.019055117057095557,-0.01549900933057667,-0.0019147683598064208,0.0005542715783003952,-1.734723475976807e-18,2016-10,2013-10,0.5978370030443373,0.5429000255935039,-0.02427745993088465,0.026473070875897564
2016-11,-0.30539053974420516,0.03935287864937681,-0.012150482002530362,0.027556144592647755,-0.001648179493478415,0.025595395552737835,0.0,2016-11,2013-11,-0.4767720136157765,-1.0024671746981901,0.01736865773249935,0.021984220916877295
2016-12,-0.35175499413467126,-0.0463644543904661,-0.08227695056611707,0.010286628959941844,0.0008421493130152099,0.024783717902693916,0.0,2016-12,2013-12,-2.6765860878325114,-0.3735553372594497,0.0031701689417714396,-0.04953462333223743
2017-01,-0.3494329784278859,0.002322015706785363,0.002167503935964769,-0.0003713411522566208,-1.4856944131472404e-05,0.0005407098672086247,6.245004513516506e-17,2017-01,2014-01,0.07355405567737475,0.0130069627308503,-0.0005835070341329296,0.002905522740918126
2017-02,-0.34190676099898537,0.007526217428900528,-1.2030139055209281e-06,0.009110344530883203,0.0007213131272412859,-0.0023042372153184265,-1.3877787807814457e-17,2017-02,2014-02,0.015698614754159908,-0.3177993408434353,0.005085850434401212,0.002440366994499371
2017-03,-0.3453952469175864,-0.003488485918601014,-0.003827721761132931,0.0016484514423998628,-9.690116418483343e-05,-0.0012123144356830972,-1.5178830414797062e-17,2017-03,2014-03,-0.1353872448957141,-0.057594031742464954,-0.0009808680815569237,-0.0025076178370439794
2017-04,-0.3511234034669671,-0.005728156549380692,-0.012202154909424062,0.0003595741177118501,0.00011284844777127126,0.006001575794560253,-5.204170427930421e-18,2017-04,2014-04,-0.40817471978348674,-0.012693518265345392,-8.073916939893566e-05,-0.005647417379981923
2017-05,-0.3617989742817472,-0.0106755708147801,-0.00059017607977248,-0.006455984271177365,4.557671447951393e-05,-0.0036749871783098324,6.245004513516506e-17,2017-05,2014-05,-0.012318029585069534,0.2247946100317916,-0.010758745775786921,8.31749610068766e-05
2017-06,-0.35008011465503813,0.011718859626709044,0.00649952821077536,0.00687866018615801,0.000396992434772124,-0.0020563212049963804,-6.938893903907228e-17,2017-06,2014-06,0.22864420424269338,-0.24005771026495257,0.002548116707146192,0.009170742919562963
2017-07,-0.3515823977167582,-0.0015022830617200666,-0.001584747387424181,-0.0023749380370279155,-0.00018571044565261934,0.0026431128083846526,-3.903127820947816e-18,2017-07,2014-07,-0.057717543071376505,0.08343594212482718,-0.0034270090731191583,0.0019247260113989806
2017-08,-0.34719926099394677,0.0043831367228114315,-0.0040332035519918775,0.009794556705399185,1.3885751410837362e-05,-0.0013921021820067403,2.7755575615628914e-17,2017-08,2014-08,-0.1465823724046478,-0.3421265560967546,0.006208166637343193,-0.0018250299145318727
2017-09,-0.3421268559371956,0.005072405056751161,0.0002555478616213324,0.007303263317814273,2.7806754194812933e-05,-0.002514212876879239,-1.734723475976807e-17,2017-09,2014-09,0.0025508024925981147,-0.25468193930724276,0.004382373332523393,0.0006900317242278242
2017-10,-0.3176901799912689,0.02443667594592669,-0.022470078394696707,0.05436186544037873,0.004099376907548879,-0.011554488007304207,0.0,2017-10,2014-10,-0.6898269482213811,-1.8693782389610774,0.03808657975529611,-0.01364990380936959
2017-11,-0.3253025638632519,-0.007612383871982986,0.0006086896478403275,0.009330350581840207,0.00033854071759272837,-0.017889964819256265,1.5612511283791264e-17,2017-11,2014-11,0.023805090746411905,-0.3174803767580924,-0.00864816187274206,0.001035778000759352
2017-12,-0.3287769250383588,-0.0034743611751069103,-0.007202846087951997,0.002074006343714995,0.0007974220730153723,0.0008570564961147314,-1.2576745200831851e-17,2017-12,2014-12,-0.21969049893837575,-0.07268533796404955,-0.000447915734746146,-0.00302644544036082
2018-01,-0.33019169653625974,-0.001414771497900924,-0.05097846922945406,0.05292229128788271,0.006467757598510284,-0.009826351154839806,-5.0306980803327406e-17,2018-01,2015-01,-1.5894009192453802,-1.8246647793090975,0.029110887686303044,-0.0305256591842038
2018-02,-0.230097661759859,0.10009403477640075,0.07422264469048791,0.011046794745539526,-0.0019569914070255777,0.01678158674739886,2.7755575615628914e-17,2018-02,2015-02,2.374639522595187,-0.39827029391491614,0.00790028163029323,0.09219375314610716
2018-03,-0.23558176119939273,-0.005484099439533735,-0.0031509011230113296,-0.0024346110056748253,-1.5166571785272212e-06,0.00010292934633093457,1.214306433183765e-17,2018-03,2015-03,-0.10487960211257638,0.08523021946203595,-0.0031300216994411822,-0.0023540777400924695
2018-04,-0.23417461853400307,0.0014071426653896602,0.00022192132344753262,0.0004488599244125161,-0.0006315900708292916,0.0013679514883589428,-3.9898639947466563e-17,2018-04,2015-04,-0.014334643648153896,-0.015755845868362584,-0.00195426272136566,0.0033614053867553756
2018-05,-0.24514016532484953,-0.010965546790846464,-0.005734164304818804,0.0021039460673971284,-0.0003348957816144905,-0.0070004327718102945,-3.469446951953614e-18,2018-05,2015-05,-0.21160856666014527,-0.07256249155606151,-0.006521267737449946,-0.004444279053396491
2018-06,-0.25376700286675036,-0.008626837541900828,0.008449700311659666,-0.013698149785532299,-0.0012213201553122504,-0.0021570679127159826,3.8163916471489756e-17,2018-06,2015-06,0.26040445597126827,0.4773622468862637,-0.01856871634622878,0.00994187880432798
2018-07,-0.24812890558066839,0.005638097286081972,0.0018987706975608293,0.004346797223645952,5.318163511647397e-05,-0.0006606522702412463,-3.729655473350135e-17,2018-07,2015-07,0.06227641351165887,-0.1519376449875554,0.0033346419991836795,0.002303455286898265
2018-08,-0.20985580961395586,0.03827309596671252,0.002367024210534875,0.04393465859400431,0.0015147517786587479,-0.009543338616485467,4.85722573273506e-17,2018-08,2015-08,0.09123227108141771,-1.5057400885313306,0.0347285757231887,0.0035445202435237383
2018-09,-0.22040385247420446,-0.010548042860248602,-0.003584963695305972,0.008546363732763077,0.00139753641370161,-0.0169069793114073,-1.734723475976807e-17,2018-09,2015-09,-0.08599171078247446,-0.28737557267352154,-0.00862151184400757,-0.0019265310162410315
2018-10,-0.19798408261049394,0.022419769863710526,0.04933121731943843,-0.030632511985631647,-0.004479727020961597,0.008200791550865366,-2.7755575615628914e-17,2018-10,2015-10,1.525459195412047,1.0931668346027819,-0.040192380686532136,0.06261215055024269
2018-11,-0.18797542729550562,0.010008655314988318,-0.017012096962870295,0.02466583590500644,0.002604781595188078,-0.00024986522233591443,1.0408340855860843e-17,2018-11,2015-11,-0.5145624994027262,-0.8627453742202088,0.020725104777156333,-0.010716449462168043
2018-12,-0.2980920423853843,-0.11011661508987866,-0.15522202179132966,0.006616933025540206,0.002554753911853969,0.035933719764056835,-1.3877787807814457e-17,2018-12,2015-12,-4.8250196111688055,-0.2483494048713231,0.0036462902612192927,-0.11376290535109768
2019-01,-0.23208612239871332,0.06600591998667096,0.009541576096950588,0.09094673820910207,0.00048467043265813136,-0.034967064752039846,2.7755575615628914e-17,2019-01,2016-01,0.2692159196672239,-2.9757699148978976,0.05425577264257296,0.011750147344097725
2019-02,-0.17027535640582173,0.06181076599289159,0.019216531145610186,0.04317674926074421,0.0040784687190281365,-0.0046609831324909805,4.163336342344337e-17,2019-02,2016-02,0.7593792617966733,-1.4937139122692136,0.029690510696673417,0.032120255296218064
2019-03,-0.1281440787968869,0.042131277608934814,0.008376659076372263,0.040733781920679016,0.002390561172553442,-0.00936972456066986,-4.85722573273506e-17,2019-03,2016-03,0.3369875448545751,-1.3811589874754078,0.031139016455792853,0.010992261153141877
2019-04,-0.12799868026192296,0.00014539853496395305,0.013659374871960613,-0.014446304236329104,7.789771869157713e-05,0.0008544301806408762,-9.540979117872439e-18,2019-04,2016-04,0.47988774491815933,0.5073072606682844,-0.016311237469078907,0.016456636004042943
2019-05,-0.15611812848428092,-0.028119448222357957,-0.03425802156851231,0.001707569576110914,0.0003986493455839361,0.004032354424459468,3.469446951953614e-17,2019-05,2016-05,-1.1374698585441725,-0.060611796645875855,0.0007033098421626444,-0.028822758064520573
2019-06,-0.13776402184833536,0.018354106635945555,0.009241953633144073,0.0003959777633109843,-0.00013452111479596862,0.008850696354286456,1.0408340855860843e-17,2019-06,2016-06,0.3001899406630941,-0.014277019997963766,-0.0027719987606141527,0.021126105396559514
2019-07,-0.05949993731133197,0.0782640845370034,0.09330670268346657,-0.02482077848260971,-0.0003376740290514125,0.010115834365197965,-1.3877787807814457e-17,2019-07,2016-07,3.0211919646050354,0.9140946774126772,-0.026834033656837654,0.10509811819384085
2019-08,-0.05476310436508203,0.004736832946249943,0.0014416834607787713,0.00039669825221405353,0.0005370042700379897,0.002361446963219131,-2.6020852139652106e-18,2019-08,2016-08,0.06556054317567969,-0.014171508593700706,0.0005452272023657237,0.004191605743884212
2019-09,-0.07361631540351471,-0.018853211038432682,-0.011295169829329304,-0.007846513387073322,-6.082713789754125e-06,0.0002945548917596958,0.0,2019-09,2016-09,-0.37606342433598083,0.2752578619383828,-0.008651804393536508,-0.010201406644896133
2019-10,-0.08906974066818907,-0.015453425264674359,0.0012154299931302493,-0.015470327031017427,-0.000122488547492357,-0.0010760396792948133,-8.673617379884035e-18,2019-10,2016-10,0.05257663308085486,0.5378780107179256,-0.017059091322341416,0.0016056660576671128
2019-11,-0.12037887336170529,-0.03130913269351622,-0.02652283504588443,0.0025967410644609683,-0.0017959722555181868,-0.005587066456574568,0.0,2019-11,2016-11,-0.9920078602904343,-0.08845354956190232,-0.007490212767736967,-0.0238189199257791
2019-12,-0.058610353557544764,0.061768519804160524,-0.006578959428683018,0.07614645190592699,0.00092435928778899,-0.008723331960872447,6.938893903907228e-18,2019-12,2016-12,-0.2791902544296292,-2.537638321711985,0.06832222065261484,-0.0065537008484545314
2020-01,-0.04515951163537465,0.013450841922170116,0.013836124702570157,-0.0009387402421318931,-0.00015761935166797898,0.0007110768133998156,1.5612511283791264e-17,2020-01,2017-01,0.4631633950871165,0.033081241353778455,-0.0009153302908403924,0.014366172213010425
2020-02,-0.06160756110185813,-0.016448049466483483,-0.020786542738772718,0.0010162967667611976,0.0013533152760867185,0.0019688812294413405,-2.0816681711721685e-17,2020-02,2017-02,-0.6500835865667731,-0.03622426348962533,0.0011715319641393447,-0.017619581430622772
2020-03,-0.49473075435899205,-0.43312319325713394,-0.733644009900913,0.0029869547096041944,0.0238198109978486,0.27371405093632645,-1.1102230246251565e-16,2020-03,2017-03,-15.877149812323456,-0.1403748242553281,0.002743007901137306,-0.43586620115827035
2020-04,-0.4610431906518085,0.033687563707183565,0.02322122493637178,0.0035998069043030475,-0.00014969552071223758,0.0070162273872209505,2.7755575615628914e-17,2020-04,2017-04,0.7758344492697451,-0.1269183331947139,4.865096667167057e-06,0.03368269861051634
2020-05,-0.4634949865391208,-0.0024517958873123136,-0.014275553595577738,0.0017877024366691374,0.00011198000657095879,0.009924075265025306,2.2551405187698492e-17,2020-05,2017-05,-0.47850172088882365,-0.06324111631709142,0.0008897275066644394,-0.003341523393976864
2020-06,-0.4775789695970403,-0.014083983057919525,-0.026089922805641236,-0.0021607294901287203,0.0008950012648733478,0.013271667972977004,7.806255641895632e-17,2020-06,2017-06,-0.8431704341435828,0.07669161822739583,-0.0032355857592653026,-0.010848397298654167
2020-07,-0.47578834282366284,0.0017906267733774905,0.00553945691942651,0.0002950008859395873,-0.0005749810457276999,-0.0034688499862609024,-4.336808689942018e-18,2020-07,2017-07,0.16925687570965142,-0.010287463887316467,-0.006262351193571131,0.008052977966948566
2020-08,-0.48128796971645194,-0.0054996268927891,-0.016757504329295982,0.0016409484912066534,0.0008760518073904326,0.008740877137909895,-9.8879238130678e-17,2020-08,2017-08,-0.5370564934550245,-0.05795765727265431,0.0008004689015611577,-0.006300095794350036
2020-09,-0.4725824973545189,0.008705472361933031,0.005790774439116763,0.0006048256454126183,-0.00012592825159156993,0.0024358005289951815,3.8163916471489756e-17,2020-09,2017-09,0.19168335888045204,-0.02122295532496974,0.0002886096912528002,0.00841686267068012
2020-10,-0.4676466178134665,0.0049358795410524015,-0.0038261678666066897,0.011561608687408404,2.6187065670206196e-05,-0.002825748345419497,-2.168404344971009e-17,2020-10,2017-10,-0.14096773724897457,-0.40344018716186,0.002392379886340612,0.002543499654711734
2020-11,-0.4746729915839647,-0.0070263737704981954,-0.014353207485192762,0.0005978799240660627,0.0002511538736061969,0.0064777999170223055,2.6020852139652106e-18,2020-11,2017-11,-0.4771404296523439,-0.021069633653952778,0.00025414896816342014,-0.007280522738661616
2020-12,-0.47852988549441833,-0.0038568939104536293,-0.012670513289785482,0.005392913863413648,3.70328366534713e-05,0.003383672679264683,4.9873299934333204e-17,2020-12,2017-12,-0.43358778800556197,-0.18942199758553924,0.002706238844740222,-0.006563132755193907
2021-01,-0.4669368946259905,0.011592990868427855,-0.011757871810868847,0.027392935376193202,9.104102399694684e-06,-0.004051176799296251,5.551115123125783e-17,2021-01,2018-01,-0.4282434754235558,-0.9546449243418575,0.013716773072992017,-0.0021237822045641064
2021-02,-0.5357829308453718,-0.06884603621938129,-0.011525292981917224,-0.0434068358805617,-0.0003607129645496593,-0.013553194392352608,-9.71445146547012e-17,2021-02,2018-02,-0.3671533052856079,1.498689233562342,-0.07125021194170705,0.002404175722325652
2021-03,-0.4953953619444945,0.040387568900877246,0.006378933075633549,-0.0007223308790115803,0.00028469262486594666,0.03444627407938929,4.163336342344337e-17,2021-03,2018-03,0.21985124132807546,0.026126268771122587,-0.0011017906156651491,0.04148935951654234
2021-04,-0.5067896948666623,-0.011394332922167738,-0.010704814952630119,-0.005389041816244308,9.385012878437928e-05,0.004605673717922291,1.734723475976807e-17,2021-04,2018-04,-0.3541930712901026,0.18948321183592212,-0.009494375960951623,-0.0018999569612159484
2021-05,-0.5074257370263417,-0.0006360421596794952,0.00040238251041732,0.001926757992271429,0.00012272083692006327,-0.003087903499288356,4.8138576458356397e-17,2021-05,2018-05,0.016043561044130544,-0.06723121243999461,-0.0013208611593154562,0.000684818999635739
2021-06,-0.5070680726321831,0.00035766439415862994,0.0007083206066989694,-0.0007721191264081886,7.499454280855239e-06,0.0004139634595871276,-1.336821278674627e-16,2021-06,2018-06,0.02509819185747137,0.027035196616673064,-0.0011742154506280134,0.0015318798447869764
2021-07,-0.49241661172602236,0.014651460906160763,0.008818545584344403,3.705905541896473e-05,-0.00023981664303966273,0.006035672909437014,4.336808689942018e-17,2021-07,2018-07,0.29011636584858674,-0.0013049000555498964,5.267463539931905e-06,0.014646193442620442
2021-08,-0.4918711368398762,0.0005454748861461467,-0.00015190966879132612,0.0010523852292536834,6.564161317780193e-06,-0.0003615648356339144,-7.632783294297951e-17,2021-08,2018-08,-0.005971129543303136,-0.03681995274500805,0.0005344010088345341,1.107387731166809e-05
2021-09,-0.482642194674333,0.009228942165543208,0.007421042446006265,0.0008436955633203807,-4.634504406450548e-06,0.0009688386606229386,7.45931094670027e-17,2021-09,2018-09,0.2512935408005876,-0.029558702356530603,-0.0027235709318125523,0.011952513097355705
2021-10,-0.5069462572010851,-0.0243040625267521,0.0086537259725406,-0.030706799667710033,0.00034563610653674,-0.002596624938119369,-3.8163916471489756e-17,2021-10,2018-10,0.33696403750856707,1.0719177734578584,-0.0468399190180227,0.022535856491270656
2021-11,-0.5109792255188889,-0.004032968317803753,-0.0024879779408739926,-0.000121991590220199,0.00014199740394257965,-0.0015649961906522075,6.591949208711867e-17,2021-11,2018-11,-0.07983245084672469,0.004263141230240714,-0.005303429988178898,0.0012704616703753668
2021-12,-0.4811641608823627,0.029815064636526167,-0.0025003829016609076,0.06277450073432118,0.0011170187802817951,-0.03157607197641591,6.938893903907228e-18,2021-12,2018-12,-0.11153733957644488,-2.127319288800383,0.03117581583248505,-0.001360751195959048
2022-01,-0.41455696028184347,0.06660720060051922,0.04564769456764622,0.0005667938776951769,-0.001536651493326129,0.021929363648504042,-8.326672684688674e-17,2022-01,2019-01,1.4636702083062934,-0.02032405599852944,-0.0011250517292605289,0.06773225232977959
2022-02,-0.3807770912997591,0.03377986898208435,0.030790639248518843,-0.0018074476566242908,-0.0016928472192087455,0.006489524609398496,4.85722573273506e-17,2022-02,2019-02,0.9837948489685375,0.06377698771541479,-0.007572723535760967,0.04135259251784526
2022-03,-0.35917607112544664,0.02160102017431248,0.017509390592655064,-0.001205990784596116,-0.0008129421758762899,0.006110562542129803,1.734723475976807e-17,2022-03,2019-03,0.5646132842054927,0.042558306930653586,-0.0027739050916933683,0.024374925266005737
2022-04,-0.3026247608660859,0.05655131025936072,0.02574385243159484,-0.0025312876117460138,-0.0019909613078956047,0.03532970674740751,-1.3877787807814457e-17,2022-04,2019-04,0.7673651445262242,0.09333276711596629,-0.004710708337405639,0.06126201859676625
2022-05,-0.24388150391560087,0.058743256950485045,0.033527149695851216,0.011910744982116408,-0.0013550847765356612,0.014660447049053057,2.7755575615628914e-17,2022-05,2019-05,1.0540441376122345,-0.4280833963871297,0.008601133332611269,0.050142123617873804
2022-06,-0.22540081764499878,0.018480686270602092,0.025861612703606925,-0.0019125296408992315,-0.002086735606090485,-0.0033816611860150825,-3.122502256758253e-17,2022-06,2019-06,0.8167067980011913,0.06645633833084777,-0.01179158869456913,0.03027227496517114
2022-07,-0.2812390477769655,-0.05583823013196673,-0.004898688912963091,-0.03747863383392289,-0.0005353351499287176,-0.01292557223515205,2.7755575615628914e-17,2022-07,2019-07,-0.15226624666925048,1.2782136758553608,-0.05749431051276606,0.0016560803807995489
2022-08,-0.26745717541856234,0.013781872358403169,0.007595714137997279,0.004302022008265251,-9.274281143717197e-05,0.001976879023577845,-3.469446951953614e-17,2022-08,2019-08,0.25022207276610947,-0.15111329867068612,0.000964773301374372,0.012817099057028797
2022-09,-0.1204182951830847,0.14703888023547765,0.12556719868375119,0.0018339895982058668,-0.003947398327380097,0.023585090280900674,2.7755575615628914e-17,2022-09,2019-09,3.8800688318112146,-0.06817135188790074,0.0010668626641008733,0.14597201757137654
2022-10,-0.07971554559805821,0.04070274958502648,0.03652049992445733,0.000957104949114068,-0.0008610847056015574,0.0040862294170566395,0.0,2022-10,2019-10,1.187631169853546,-0.03418520608612296,0.0009286354381340817,0.03977411414689226
2022-11,-0.05762667220893598,0.02208887338912223,0.017916084044924844,0.0035914803842540667,-0.00012016403224225818,0.0007014729921855852,-1.0408340855860843e-17,2022-11,2019-11,0.5989864139790482,-0.12634434472534686,0.003269440667310261,0.01881943272181197
2022-12,-0.06291223529846206,-0.005285563089526074,-0.007098768539591101,-0.00019808769241476214,0.0005334219142860401,0.0014778712281937653,-1.6479873021779667e-17,2022-12,2019-12,-0.22047675805019798,0.007018013960646202,-0.00012505586672710567,-0.005160507222798857
2023-01,-0.07024603595830262,-0.007333800659840559,0.001919449693537148,-0.009001162192179264,-1.5569715541025052e-06,-0.00025053118964436284,2.2551405187698492e-17,2023-01,2020-01,0.07415202280729856,0.3144478827852992,-0.009721280990894882,0.0023874803310542266
2023-02,-0.07364155869743863,-0.0033955227391360143,-0.00808464061748015,0.0050448247553701855,0.0009294766477474275,-0.0012851835247734813,3.0357660829594124e-18,2023-02,2020-02,-0.25059779702988666,-0.17499157179074726,0.003630258788277156,-0.007025781527413226
2023-03,0.4299186962730988,0.5035602549705375,-0.017647484651658763,0.45533791462019224,0.008122056459702702,0.05774776854230132,0.0,2023-03,2020-03,-0.9401171350441,-12.335160327991257,0.5301501048638861,-0.026589849893349463
2023-04,0.4268784968828305,-0.0030401993902682833,0.02918960901518906,-0.03408765733435378,-4.130286293932254e-06,0.001861979215190287,8.239936510889834e-17,2023-04,2020-04,1.0284879832218776,1.1904752808768544,-0.01753757308265544,0.0144973736923871
2023-05,0.427921424538276,0.001042927655445447,0.0002648395718021121,-0.00979407704600689,-0.00037219030735146063,0.010944355437001733,-4.85722573273506e-17,2023-05,2020-05,0.005944245898531267,0.3384044312490031,0.0009704818242911306,7.244583115426084e-05
2023-06,0.42275167679712894,-0.005169747741147035,-0.011075681711186636,-0.0005596604736814771,-0.00013221986811617139,0.006597814311837268,-1.734723475976807e-17,2023-06,2020-06,-0.3837893133077739,0.019436207587501666,0.013986292140890672,-0.019156039882037484
2023-07,0.40423066924369927,-0.01852100755342967,-0.0045223464149463585,-0.018034194067896636,0.00010371297900274214,0.003931819950410581,0.0,2023-07,2020-07,-0.13345444716009627,0.6281962061109849,-0.010369663057657463,-0.008151344495772206
2023-08,0.4142875953447968,0.01005692610109754,0.012349119274198248,-0.00838191529173514,-0.001444937226105052,0.007534659344739531,-4.683753385137379e-17,2023-08,2020-08,0.38268484128746266,0.2906664438210917,0.0032515000680838346,0.006805426033013762
2023-09,0.4223645569963911,0.008076961651594272,0.006009844393483467,0.0031478156689439467,-4.6722989024336764e-05,-0.0010339754218089312,1.2663481374630692e-16,2023-09,2020-09,0.19960441091951517,-0.11030970441026261,0.004917531410217668,0.003159430241376493
2023-10,0.44644579192739403,0.02408123493100295,0.04095330272662969,0.001083487559963592,-0.0011820842026722133,-0.016773471152917906,-2.1510571102112408e-16,2023-10,2020-10,1.326189135086064,-0.03865353405324228,0.0015987166408280296,0.022482518290174974
2023-11,0.47962661457912925,0.03318082265173522,0.058867099120655415,-0.00072591031999715,-0.00027510553393643786,-0.02468526061498666,4.85722573273506e-17,2023-11,2020-11,1.9413852556016986,0.026082978775170615,0.00548724844953935,0.027693574202195814
2023-12,0.5194670620130724,0.039840447433943105,0.08771691115181701,-0.002157366039346067,-0.000496764916293959,-0.04522233276223393,4.163336342344337e-17,2023-12,2020-12,2.836086900566275,0.07891247787151912,0.00578146774653665,0.034058979687406565
2024-01,0.5302942527651294,0.01082719075205707,0.004223427185754054,0.006184114202514569,-1.70154527981662e-05,0.00043666481658663644,-2.2551405187698492e-17,2024-01,2021-01,0.13717954894950804,-0.21635396341454916,0.009856943867366685,0.0009702468846902734
2024-02,0.528607834028466,-0.0016864187366634198,-0.005155062649639519,0.0070529271444518165,-0.00013098397103602393,-0.003453299260439669,-2.47198095326695e-17,2024-02,2021-02,-0.1861204721511354,-0.2476574826977755,0.010772774165197618,-0.012459192901860927
2024-03,0.542635744656692,0.014027910628225948,0.007532843477352026,-0.0007939107834099685,-0.0009200211992030521,0.008208999133486945,-3.469446951953614e-18,2024-03,2021-03,0.22752182955925132,0.027573936167910786,0.011506204472759518,0.00252170615546643
2024-04,0.560198700278594,0.01756295562190202,0.01498509551681017,-0.004473389422895177,-0.0016545709360752544,0.008705820464062246,3.469446951953614e-17,2024-04,2021-04,0.4615726193434936,0.15533259223005483,0.012338444766161694,0.005224510855740105
2024-05,0.5650168284909797,0.004818128212385697,0.00889626114885698,3.163696688956437e-05,-0.00010445541510625776,-0.004005314488254569,-1.9949319973733282e-17,2024-05,2021-05,0.298070083626066,-0.0011112352516141372,0.0010922998979691068,0.0037258283144168125
2024-06,0.573385742424303,0.008368913933323285,0.0231019240956581,-0.005698975649620334,-0.00013081829258525783,-0.008903216220129217,-1.734723475976807e-18,2024-06,2021-06,0.7810405812534368,0.20102393142604988,-0.0010247206119747276,0.009393634545298124
2024-07,0.5695102329988131,-0.0038755094254898648,0.007333830601850643,-0.02054850110760015,-8.583382133647111e-05,0.009424994901596172,-5.551115123125783e-17,2024-07,2021-07,0.2688093533733572,0.7132671803782179,-0.00689364954365429,0.003018140118164314
2024-08,0.5135518968338791,-0.05595833616493395,-0.02750476926923919,-0.004680885237362909,0.001018620776223774,-0.02479130243455569,5.551115123125783e-17,2024-08,2021-08,-0.8761745862548461,0.16758354951907226,-0.002094520911092357,-0.053863815253841596
2024-09,0.5187969615760792,0.005245064742200101,0.0140406894855499,-0.0012398042754218348,-0.0006724334341493705,-0.00688338703377866,6.765421556309548e-17,2024-09,2021-09,0.4530565313464517,0.04368245925333058,-0.0006488210884086354,0.005893885830608736
2024-10,0.4866987785792729,-0.032098182996806335,-0.021501088093954502,-0.0022035281165966956,0.0002695287567728402,-0.00866309554302794,-3.469446951953614e-17,2024-10,2021-10,-0.7141131193695844,0.07778809388810687,0.0011325880068704386,-0.033230771003676884
2024-11,0.47399917863662333,-0.012699599942649575,-0.008383222680692665,-0.008716038360015872,-0.0004790810302011368,0.0048787421282601336,-3.469446951953614e-17,2024-11,2021-11,-0.2945788477377511,0.30351228408203323,-7.232280067523411e-05,-0.01262727714197412
2024-12,0.48016325632578843,0.006164077689165104,0.001107374570007996,0.0028704747000021054,0.00010426703483772192,0.0020819613843172384,4.163336342344337e-17,2024-12,2021-12,0.03852260523252732,-0.10024739651710768,0.005601797684089166,0.0005622800050758825
2025-01,0.4706336301449029,-0.009529626180885542,0.005676746309276755,-0.023557723129353274,-0.00016633831633825952,0.008517688955529207,3.122502256758253e-17,2025-01,2022-01,0.21229491514213356,0.817135121558877,-0.012471845543236854,0.0029422193623513115
2025-02,0.45977850531708386,-0.01085512482781903,0.0013700184963368152,-0.01507943021819776,-0.0013600822901112825,0.004214369184153213,-1.5612511283791264e-17,2025-02,2022-02,0.015066596726729801,0.5253896149820939,-0.005571712000137979,-0.005283412827680939
2025-03,0.3772572566611336,-0.08252124865595029,-0.0509279854665793,-0.00979605738171003,0.0016997096873070767,-0.02349691549496802,-1.3877787807814457e-17,2025-03,2022-03,-1.6187558031684175,0.3525058140862645,-0.0056151125861592655,-0.07690613606979102
2025-04,0.36720067296477893,-0.010056583696354648,-0.012322620873019467,-0.014577068517498239,0.003152722387118779,0.013690383307044324,-4.5102810375396984e-17,2025-04,2022-04,-0.30333345855045424,0.5008205009513335,0.016541365402326813,-0.026597949098681517
2025-05,0.32035838936113664,-0.04684228360364229,-0.021635320234121905,-0.03432424906972853,-0.0005085165791254193,0.00962580227933359,-2.7755575615628914e-17,2025-05,2022-05,-0.730205055929673,1.1845491722225439,-0.004656967658576511,-0.042185315945065666
2025-06,0.3020602212896167,-0.01829816807151996,0.007323675625315565,-0.03206740947315376,-0.00196332157264653,0.00840888734896471,5.551115123125783e-17,2025-06,2022-06,0.2164613511348931,1.1072050152898987,-0.02217920783424787,0.003881039762727967
2025-07,0.31685474975290706,0.01479452846329038,0.0027944055808780998,0.008476141079121846,0.0009186360486520374,0.002605345754638333,6.245004513516506e-17,2025-07,2022-07,0.1186030750113405,-0.2954160120507878,0.015097345189094169,-0.0003028167258039005
2025-08,0.3219317284663999,0.00507697871349283,0.002130324807914704,-0.004753130160212464,0.0006016642777987552,0.007098119787991866,-3.122502256758253e-17,2025-08,2022-08,0.09866892685890542,0.16451105289116416,0.004857232881145229,0.0002197458323475454
2025-09,0.17755167184342893,-0.14438005662297096,0.009513741038872125,-0.19510991214371448,-0.008173195048354547,0.04938930953022596,-2.7755575615628914e-17,2025-09,2022-09,0.2577432486730759,6.177692318838127,-0.1500019385427538,0.00562188191978312
2025-10,0.09863061555084797,-0.07892105629258096,0.0023543904537037257,-0.09128602559935683,-0.0034163187471247477,0.01342689760019688,1.3877787807814457e-17,2025-10,2022-10,0.05513290663199994,3.0421281315151765,-0.08052898902642516,0.0016079327338442695
2025-11,0.08772437343442431,-0.010906242116423659,0.002179096153119912,-0.014039701472222142,-0.0007633190983818038,0.0017176823010603586,1.734723475976807e-17,2025-11,2022-11,0.06239496267627203,0.48686311099021107,-0.012478296620388601,0.0015720545039649841
2025-12,0.11256554743295542,0.024841173998531113,-0.00016910960747485492,0.02130301736491714,0.0007223687922632104,0.0029848974488256123,6.938893903907228e-18,2025-12,2022-12,-0.0019132253470990753,-0.7344758045429932,0.025004751220868093,-0.00016357722233709127
2026-01,0.11581360136939954,0.0032480539364441174,0.0013638582195247054,0.0016555682791466457,-3.44841293582848e-05,0.0002631115671310334,1.7780915628762273e-17,2026-01,2023-01,0.043676327425947827,-0.05787813148500414,0.002103764973962058,0.0011442889624820457
2026-02,0.12258588886339149,0.006772287493991946,-0.009884486310137776,0.01412940964666874,0.0014397052182627428,0.0010876589391982513,-1.1275702593849246e-17,2026-02,2023-02,-0.30246790262569434,-0.49227288237747935,0.017203233715866677,-0.010430946221874716
2026-03,0.16550904110653566,0.04292315224314418,0.0257276416885102,0.019165560413348583,-0.00021297337945349676,-0.0017570764792610846,-2.0816681711721685e-17,2026-03,2023-03,0.8443976606074894,-0.6748818946467308,0.024293239850595248,0.018629912392548846
2026-04,0.13554432862360727,-0.029964712482928396,-0.007549501996322386,-0.02419385570804786,0.0002280182742292595,0.0015506269472126035,-1.734723475976807e-17,2026-04,2023-04,-0.22677344438247063,0.8424257880080739,-0.020663509940510402,-0.009301202542417938
2026-05,0.0966475076337561,-0.03889682098985117,-0.030749870078966447,-0.0039607738742310356,0.0002696975150497396,-0.004455874551703474,4.163336342344337e-17,2026-05,2023-05,-1.0134350673524364,0.14129502304053265,-0.0037486607526809393,-0.03514816023717015
2026-06,0.12212370689782259,0.025476199264066496,-0.0020078064992779293,0.023854502706228492,0.0011160793868573483,0.002513423670258634,-4.85722573273506e-17,2026-06,2023-06,-0.054151171505245274,-0.8253038944284851,0.027486249340508535,-0.002010050076442081
2026-07,0.14319257933713414,0.021068872439311548,0.005668723016889805,0.014118969732400984,0.00013793739868242445,0.0011432422913383322,3.469446951953614e-18,2026-07,2023-07,0.18465348373725626,-0.4920339090944579,0.01639029500365658,0.004678577435654925
2026-08,0.11069116175741843,-0.03250141757971571,-0.00423217085936726,-0.030988507907251453,-0.001087106405386348,0.003806367592289325,2.0816681711721685e-17,2026-08,2023-08,-0.15313264917937508,1.0683715938624359,-0.027602179081122495,-0.004899238498593132
