,stock_ret,d_rate,bond_ret,infl,stock_real,bond_real
1953-05,0.01003868204505598,0.21999999999999975,-0.01644748987800715,0.003759398496240518,0.00625576563290231,-0.020131207144381547
1953-06,-0.03106548577563073,0.06000000000000005,-0.0025726402086072575,0.0037453183520599342,-0.03468091306751275,-0.006294384088425864
1953-07,0.01913709116214335,-0.17999999999999972,0.018066088636276234,0.0,0.01913709116214335,0.018066088636276234
1953-08,0.008988609853163076,0.020000000000000018,0.0007239184253584607,0.003731343283581934,0.005237722827686753,-0.0029962448401631425
1953-09,-0.04106874402077365,-0.08000000000000007,0.009355489270684414,0.0,-0.04106874402077365,0.009355489270684414
1953-10,0.035202693023922205,-0.20999999999999996,0.02067870140431305,0.003717472118959231,0.031368608975685275,0.016898409917630364
1953-11,0.027117229870671666,0.020000000000000018,0.0004767054054859443,-0.0037037037037037646,0.03093550953561852,0.004195949663498899
1953-12,0.018401360544217704,-0.0900000000000003,0.010096873542324358,0.0,0.018401360544217704,0.010096873542324358
1954-01,0.0302613438045376,-0.10999999999999988,0.011820022297194699,0.0,0.0302613438045376,0.011820022297194699
1954-02,0.02678492406389088,-0.009999999999999787,0.002945422650464824,0.0,0.02678492406389088,0.002945422650464824
1954-03,0.025845503458877817,-0.10000000000000009,0.010888107915650647,0.0,0.025845503458877817,0.010888107915650647
1954-04,0.04448416133483879,-0.08000000000000007,0.009065997468294507,-0.0037174721189590088,0.04838149029504324,0.012831169100638862
1954-05,0.044205181565930785,0.08000000000000007,-0.005155486332520609,0.003731343283581934,0.040323377916986924,-0.008853793074778737
1954-06,0.01221139343311295,0.009999999999999787,0.0010924459392456232,0.0,0.01221139343311295,0.0010924459392456232
1954-07,0.04459216735727445,-0.08000000000000007,0.009070925747481029,0.0,0.04459216735727445,0.009070925747481029
1954-08,0.023960974665339085,0.06000000000000005,-0.0033837401388975286,0.0,0.023960974665339085,-0.0033837401388975286
1954-09,0.02741620566221914,0.020000000000000018,0.0002015585451580204,-0.0037174721189590088,0.031249848220660237,0.0039336539128638215
1954-10,0.02716833598304169,0.050000000000000266,-0.0024188728882800214,0.0,0.02716833598304169,-0.0024188728882800214
1954-11,0.04308232338926876,0.04999999999999982,-0.0023666768017550632,0.0,0.04308232338926876,-0.0023666768017550632
1954-12,0.04959130781499188,0.029999999999999805,-0.0005645587735156887,-0.003731343283582156,0.05352236140231392,0.003178645126209023
1955-01,0.02170114860356498,0.10000000000000009,-0.006637256529789193,0.0,0.02170114860356498,-0.006637256529789193
1955-02,0.03706303838951297,0.040000000000000036,-0.0013099074415990897,0.0,0.03706303838951297,-0.0013099074415990897
1955-03,-0.00434900788257675,0.03000000000000025,-0.00040160855843773824,0.0,-0.00434900788257675,-0.00040160855843773824
1955-04,0.03808979452054784,0.06999999999999984,-0.003836242601485629,0.0,0.03808979452054784,-0.003836242601485629
1955-05,-0.0007797713629943415,0.009999999999999787,0.001424997356380242,0.0,-0.0007797713629943415,0.001424997356380242
1955-06,0.06145833333333339,0.020000000000000018,0.000568311621232942,0.0,0.06145833333333339,0.000568311621232942
1955-07,0.0764761814982402,0.1200000000000001,-0.008014326487853274,0.0037453183520599342,0.07245947932847074,-0.011715765568122483
1955-08,-0.002960627000858751,0.07000000000000028,-0.0035897477236972453,0.0,-0.002960627000858751,-0.0035897477236972453
1955-09,0.048197030403016816,0.0,0.002475000000000005,0.003731343283581934,0.04430038716731799,-0.0012516728624534235
1955-10,-0.04723599834611347,-0.0900000000000003,0.010230612829460695,0.0,-0.04723599834611347,0.010230612829460695
1955-11,0.07067468139001032,0.010000000000000231,0.0015386747064236594,0.0,0.07067468139001032,0.0015386747064236594
1955-12,0.012384130515387337,0.06999999999999984,-0.0036009323514417657,-0.0037174721189590088,0.016161683241190827,0.00011697461739612613
1956-01,-0.023822643450150616,-0.06000000000000005,0.00763216324392646,0.0,-0.023822643450150616,0.00763216324392646
1956-02,0.009550773876934704,-0.06000000000000005,0.007596918483009363,0.0,0.009550773876934704,0.007596918483009363
1956-03,0.07211718808612799,0.1200000000000001,-0.007934931650090737,0.0,0.07211718808612799,-0.007934931650090737
1956-04,0.014868621464167786,0.2200000000000002,-0.016223796801790535,0.003731343283581934,0.011095875659468346,-0.019880957408475175
1956-05,-0.028344311481096063,-0.11000000000000032,0.012044005870912589,0.003717472118959231,-0.03194303625338846,0.008295694738057247
1956-06,-0.0025784271594326835,-0.06999999999999984,0.008556205018853902,0.007407407407407307,-0.00991240931267201,0.0011403505701859107
1956-07,0.057512661191556846,0.10999999999999988,-0.006876229271335577,0.007352941176470562,0.04979359067191047,-0.014125307889792937
1956-08,-0.002824466994669872,0.2200000000000002,-0.015966899857937644,-0.0036496350364962904,0.0008281906353861945,-0.012362383007600508
1956-09,-0.03086547054375466,0.04999999999999982,-0.0014329287992133066,0.00366300366300365,-0.034402457877536596,-0.0050773341685592666
1956-10,-0.009595306717904872,-0.040000000000000036,0.006189361062112875,0.0036496350364965124,-0.013196778329839898,0.002530490658250395
1956-11,-0.007184742647058928,0.15000000000000036,-0.009775273720010524,0.0,-0.007184742647058928,-0.009775273720010524
1956-12,0.018028846153846256,0.09999999999999964,-0.005424837736313748,0.0036363636363636598,0.014340335841694696,-0.009028370932921304
1957-01,-0.018632159776055035,-0.1299999999999999,0.013891158711215157,0.0,-0.018632159776055035,0.013891158711215157
1957-02,-0.03996380879007999,-0.1200000000000001,0.01300141651967146,0.0036231884057971175,-0.043429643415386576,0.0093443716946906
1957-03,0.016198911126447335,0.07000000000000028,-0.003099449816039823,0.0036101083032491488,0.012543519359805355,-0.006685423018140457
1957-04,0.026440305852070356,0.06999999999999984,-0.003021772817960011,0.003597122302158251,0.02276130834005574,-0.0065951714816948614
1957-05,0.041601923788383344,0.1200000000000001,-0.007095114063856878,0.0035842293906811484,0.03788191691771048,-0.01064120294220039
1957-06,0.019541826991591682,0.19999999999999973,-0.013503211354783495,0.0035714285714285587,0.015913564262084234,-0.017013876083058266
1957-07,0.023238696109358692,0.13000000000000034,-0.007495500457982196,0.007117437722419906,0.016007327232260726,-0.014509666532484089
1957-08,-0.05203394489108759,0.0,0.003274999999999917,0.0,-0.05203394489108759,0.003274999999999917
1957-09,-0.037376381617219456,-0.010000000000000231,0.004095549353101413,0.0,-0.037376381617219456,0.004095549353101413
1957-10,-0.05894724874943147,0.050000000000000266,-0.000826526202301725,0.0,-0.05894724874943147,-0.000826526202301725
1957-11,-0.017984157775622345,-0.25,0.02401470114747961,0.0035335689045936647,-0.02144196003697585,0.02040901558005892
1957-12,0.0032011565468814673,-0.5100000000000002,0.0463665008075973,0.0,0.0032011565468814673,0.0463665008075973
1958-01,0.02327326638565186,-0.1200000000000001,0.012913303743928184,0.007042253521126751,0.016117509278059883,0.005829993927537025
1958-02,0.007005248865110225,-0.040000000000000036,0.005994240583880206,0.0,0.007005248865110225,0.005994240583880206
1958-03,0.024175957343674392,-0.06999999999999984,0.008545231626615024,0.006993006993006867,0.017063624306565606,0.0015414452958748548
1958-04,0.008938237156653317,-0.10000000000000009,0.011100680921622974,0.003472222222222099,0.005447101387945352,0.0076020626485377996
1958-05,0.03555213745866781,0.040000000000000036,-0.0010403940173348003,0.0,0.03555213745866781,-0.0010403940173348003
1958-06,0.027326468344774923,0.050000000000000266,-0.0018569626597837452,0.0,0.027326468344774923,-0.0018569626597837452
1958-07,0.030707635009310952,0.22999999999999998,-0.017046566309400712,0.0034602076124568004,0.027153470750657993,-0.02043606090833383
1958-08,0.040542989705669275,0.33999999999999986,-0.02573270369769487,-0.0034482758620689724,0.04414348447973726,-0.022361536582461983
1958-09,0.029437456324248767,0.21999999999999975,-0.01523752390441413,0.0,0.029437456324248767,-0.01523752390441413
1958-10,0.04360135825163414,0.040000000000000036,-0.0001673089376234005,0.0,0.04360135825163414,-0.0001673089376234005
1958-11,0.03327335623159944,-0.05999999999999961,0.00813154468372601,0.0034602076124568004,0.029710344658387067,0.004655229012402673
1958-12,0.021634920634920674,0.11999999999999966,-0.00675753904137355,-0.0034482758620689724,0.025169989564453266,-0.003320713916949214
1959-01,0.04255728485075072,0.1599999999999997,-0.00985107689285225,0.0034602076124568004,0.038962259730575655,-0.013265383524256213
1959-02,-0.012640342203044441,-0.05999999999999961,0.008264121408081637,-0.0034482758620689724,-0.009223872798902688,0.011752924596344805
1959-03,0.02807193719189316,0.03000000000000025,0.0008463720204185954,0.0,0.02807193719189316,0.0008463720204185954
1959-04,0.01937421355650537,0.1299999999999999,-0.007243261756503139,0.0034602076124568004,0.015859130061482984,-0.010666560853894613
1959-05,0.017663937536485763,0.1899999999999995,-0.011877017588383554,0.0,0.017663937536485763,-0.011877017588383554
1959-06,-0.00605302507476424,0.03000000000000025,0.0011775987524087483,0.0034482758620690834,-0.009468650418150037,-0.0022628740955378257
1959-07,0.042285459450052354,0.0600000000000005,-0.0011980844175341065,0.0034364261168384758,0.03871598869851112,-0.004618638922953444
1959-08,-0.00317580348175428,0.02999999999999936,0.0012626276101042055,0.0,-0.00317580348175428,0.0012626276101042055
1959-09,-0.03702300785634127,0.25,-0.016112370009652155,0.0034246575342467,-0.040309618751029674,-0.019470348269004956
1959-10,0.0017771983640082478,-0.14999999999999947,0.01586481962659181,0.0034129692832762792,-0.001630207072603862,0.012409497110855261
1959-11,0.00670077485380105,0.0,0.003775000000000084,0.0,0.00670077485380105,0.003775000000000084
1959-12,0.03464092259304574,0.16000000000000014,-0.008893754196341752,0.0,0.03464092259304574,-0.008893754196341752
1960-01,-0.01480603059036012,0.02999999999999936,0.0015362166752055373,-0.00340136054421758,-0.011443593834695953,0.004954429018806827
1960-02,-0.036039792635992884,-0.22999999999999954,0.022313288179082402,0.0034129692832762792,-0.03931856885151652,0.018836032096840816
1960-03,-0.010726664276323628,-0.2400000000000002,0.02313490820237596,0.0,-0.010726664276323628,0.02313490820237596
1960-04,0.01584776747849248,0.03000000000000025,0.001120880415860226,0.003401360544217802,0.012404215724328038,-0.0022727496872444464
1960-05,-0.006240400143549207,0.0699999999999994,-0.0020635516775286966,0.0,-0.006240400143549207,-0.0020635516775286966
1960-06,0.03988591090184723,-0.1999999999999993,0.01986121515037298,0.003389830508474523,0.0363727828244762,0.016415738072162345
1960-07,-0.0219612294795668,-0.25000000000000044,0.02399121832883333,0.0,-0.0219612294795668,0.02399121832883333
1960-08,0.01490866762177645,-0.10000000000000009,0.01150160567739178,0.0,0.01490866762177645,0.01150160567739178
1960-09,-0.02720757388072903,0.0,0.003166666666666762,0.0,-0.02720757388072903,0.003166666666666762
1960-10,-0.016739646049990897,0.0900000000000003,-0.004228622494661383,0.006756756756756799,-0.0233387088281789,-0.01091165187389187
1960-11,0.03540852410199147,0.040000000000000036,-3.900014091751114e-05,0.0,0.03540852410199147,-3.900014091751114e-05
1960-12,0.026906435911303372,-0.0900000000000003,0.010687575569906071,0.0,0.026906435911303372,0.010687575569906071
1961-01,0.05426448063380285,0.0,0.0032000000000000917,0.0,0.05426448063380285,0.0032000000000000917
1961-02,0.04373650647465954,-0.06000000000000005,0.008155595591563758,0.0,0.04373650647465954,0.008155595591563758
1961-03,0.0339660071846013,-0.03999999999999959,0.006459918678039411,0.0,0.0339660071846013,0.006459918678039411
1961-04,0.029190060303597276,0.03999999999999959,-0.000187063727709047,0.0,0.029190060303597276,-0.000187063727709047
1961-05,0.012633551065876603,-0.06999999999999984,0.008950498281546926,0.0,0.012633551065876603,0.008950498281546926
1961-06,-0.010802005012531368,0.16999999999999993,-0.010883734816432566,0.0,-0.010802005012531368,-0.010883734816432566
1961-07,-0.0002709158793051669,0.040000000000000036,-4.886407907234158e-05,0.006711409395973034,-0.0069357764401096755,-0.00671520498521172
1961-08,0.0383981891809293,0.1200000000000001,-0.006525019612899197,-0.0033333333333334103,0.04187109282367496,-0.0032023608156178662
1961-09,-0.005408860697251439,-0.06000000000000005,0.00827620962682385,0.0033444816053511683,-0.0087241644949273,0.004915288928067696
1961-10,0.013455248290217048,-0.06000000000000005,0.008239962785275168,0.0,0.013455248290217048,0.008239962785275168
1961-11,0.04774509803921578,0.020000000000000018,0.0016270980695722859,0.0,0.04774509803921578,0.0016270980695722859
1961-12,0.01165353592196583,0.11999999999999966,-0.006499243356216877,0.0,0.01165353592196583,-0.006499243356216877
1962-01,-0.03486354660347546,0.020000000000000462,0.001754420186326655,0.0,-0.03486354660347546,0.001754420186326655
1962-02,0.01910299937261728,-0.040000000000000036,0.006663895426521904,0.0033333333333334103,0.015717275122209884,0.0033194971028456255
1962-03,0.003417829678154405,-0.10999999999999988,0.012388500387523482,0.0,0.003417829678154405,0.012388500387523482
1962-04,-0.029441516099966814,-0.0900000000000003,0.010687575569906071,0.0033222591362125353,-0.0326552859142053,0.0073409279686813544
1962-05,-0.07184260347783489,0.03000000000000025,0.0007326009996715399,0.0,-0.07184260347783489,0.0007326009996715399
1962-06,-0.11411864317087361,0.040000000000000036,-5.872900939096759e-05,0.0,-0.11411864317087361,-5.872900939096759e-05
1962-07,0.027183579004134373,0.09999999999999964,-0.004912810662658806,0.0033112582781458233,0.023793534188939036,-0.00819692679908579
1962-08,0.030240082499561227,-0.029999999999999805,0.00579643814674502,0.0,0.030240082499561227,0.00579643814674502
1962-09,-0.005923900660742887,0.0,0.0033166666666666345,0.0033003300330032292,-0.009193887829621938,1.62828947369853e-05
1962-10,-0.02853926724137923,-0.04999999999999982,0.007417500176146952,0.0,-0.02853926724137923,0.007417500176146952
1962-11,0.07203330662868668,-0.010000000000000231,0.004095549353101413,0.0,0.07203330662868668,0.004095549353101413
1962-12,0.04626082611592275,-0.06000000000000005,0.00820376952068691,0.0,0.04626082611592275,0.00820376952068691
1963-01,0.0414759871221797,-0.029999999999999805,0.005688679860693657,0.0,0.0414759871221797,0.005688679860693657
1963-02,0.01596389230453954,0.08999999999999986,-0.004193277511246096,0.0,0.01596389230453954,-0.004193277511246096
1963-03,-0.0010745347896441437,0.010000000000000231,0.002446499964770643,0.00328947368421062,-0.00434970024935033,-0.0008402098711794981
1963-04,0.04980289071620736,0.040000000000000036,4.4570482526928856e-07,0.0,0.04980289071620736,4.4570482526928856e-07
1963-05,0.02271588375024236,-0.040000000000000036,0.006589000140917456,0.0,0.02271588375024236,0.006589000140917456
1963-06,0.0021861039825112893,0.06000000000000005,-0.0016322559591626096,0.003278688524590123,-0.0010890140043595675,-0.004894895645570552
1963-07,-0.012214936052869385,0.02999999999999936,0.0008747980825902779,0.0032679738562091387,-0.015432476977778609,-0.0023853804127927924
1963-08,0.03031546498721105,-0.019999999999999574,0.004984990146225332,0.0,0.03031546498721105,0.004984990146225332
1963-09,0.028940077017000077,0.08000000000000007,-0.0031823192546933665,0.0,0.028940077017000077,-0.0031823192546933665
1963-10,0.005025543353923689,0.03000000000000025,0.0009600364438389075,0.0032573289902280145,0.0017624734079693116,-0.0022898338043553235
1963-11,-0.003039082112373803,0.009999999999999787,0.002612056787961281,0.0,-0.003039082112373803,0.002612056787961281
1963-12,0.023960341503717952,0.009999999999999787,0.002620767850267658,0.0032467532467532756,0.020646553990760985,-0.0006239595537785858
1964-01,0.03332060356837907,0.040000000000000036,0.00019743863749144275,0.0,0.03332060356837907,0.00019743863749144275
1964-02,0.014817233485938663,-0.019999999999999574,0.0050986215150372605,0.0,0.014817233485938663,0.0050986215150372605
1964-03,0.020728345608820975,0.0699999999999994,-0.0022059048914688795,0.0,0.020728345608820975,-0.0022059048914688795
1964-04,0.01694867808798639,0.010000000000000675,0.0027078650726009013,0.0,0.01694867808798639,0.0027078650726009013
1964-05,0.012220967809190242,-0.03000000000000025,0.005954784622544285,0.0,0.012220967809190242,0.005954784622544285
1964-06,-0.003489428477039924,-0.03000000000000025,0.0059331710218815115,0.003236245954692629,-0.006703978707759184,0.0026882253089075547
1964-07,0.03963110667996017,0.020000000000000462,0.0018543915381172837,0.003225806451612856,0.036288241385169284,-0.0013670052192399362
1964-08,-0.012236641832892747,0.0,0.0034916666666666707,-0.003215434083601365,-0.009050308419450426,0.0067287365591399695
1964-09,0.01967479674796735,0.009999999999999787,0.0026817384591519833,0.003225806451612856,0.0163960996523147,-0.0005423185776941564
1964-10,0.019721855892578688,-0.009999999999999787,0.004310304230941364,0.0,0.019721855892578688,0.004310304230941364
1964-11,0.009389118051463363,-0.040000000000000036,0.006738909696741402,0.003215434083601254,0.006153896519247137,0.0035121824220722964
1964-12,-0.014883739076154923,0.02999999999999936,0.0010262918409111865,0.0,-0.014883739076154923,0.0010262918409111865
1965-01,0.028224422343973377,0.010000000000000675,0.0026730291023919772,0.0,0.028224422343973377,0.0026730291023919772
1965-02,0.009766730531042045,0.019999999999999574,0.001872561812639395,0.0,0.009766730531042045,0.001872561812639395
1965-03,0.0033717579250720497,0.0,0.0035083333333332245,0.0032051282051281937,0.00016609735662131975,0.00030223642172511056
1965-04,0.01559560827670925,-0.009999999999999787,0.004318261540847912,0.0031948881789136685,0.012361227358630655,0.001119795739762397
1965-05,0.017344928195218046,0.009999999999999787,0.0026904475729863098,0.0,0.017344928195218046,0.0026904475729863098
1965-06,-0.04505488351254472,0.0,0.0035083333333332245,0.006369426751592355,-0.05109883994600961,-0.0028429852320676074
1965-07,0.0010452630134838437,-0.009999999999999787,0.004318261540847912,0.0,0.0010452630134838437,0.004318261540847912
1965-08,0.021202184666117008,0.04999999999999982,-0.0005402586532727849,0.0,0.021202184666117008,-0.0005402586532727849
1965-09,0.03597718426022278,0.040000000000000036,0.000315447039935135,0.0,0.03597718426022278,0.000315447039935135
1965-10,0.024986947117177527,0.05999999999999961,-0.0012509014378817573,0.0031645569620253333,0.021753549807659533,-0.004401529509055702
1965-11,0.010777984462194912,0.10000000000000053,-0.00438106105296987,0.0,0.010777984462194912,-0.00438106105296987
1965-12,-0.0020980285765960227,0.16999999999999993,-0.009795657035670757,0.003154574132492094,-0.005236085090506104,-0.012909507170778656
1966-01,0.01982266797485366,-0.009999999999999787,0.004644718349023469,0.0,0.01982266797485366,0.004644718349023469
1966-02,-0.004286326618088254,0.21999999999999975,-0.013466196155554222,0.0062893081761006275,-0.010509537076725195,-0.019632032429582003
1966-03,-0.03860538713273631,0.040000000000000036,0.0008838836415570039,0.0031250000000000444,-0.04160038592671533,-0.002234134687544409
1966-04,0.03322520064506462,-0.1200000000000001,0.013533726193486029,0.006230529595015355,0.026827521384104713,0.007257975566901109
1966-05,-0.050060653202328886,0.03000000000000025,0.001592747264804073,0.0,-0.050060653202328886,0.001592747264804073
1966-06,-0.00557924252900055,0.02999999999999936,0.0016210031287147153,0.003095975232198178,-0.00864844239773821,-0.0014704197204480352
1966-07,0.0002033465024402492,0.20999999999999996,-0.01236966398448791,0.0030864197530864335,-0.002874202256028857,-0.015408526556843327
1966-08,-0.05767513202858032,0.20000000000000018,-0.011273038724871176,0.006153846153846176,-0.06343858687855841,-0.01732029842685978
1966-09,-0.032227733002686665,-0.040000000000000036,0.007446914235438085,0.0,-0.032227733002686665,0.007446914235438085
1966-10,-0.005651233774579101,-0.16999999999999993,0.017581109187318367,0.006116207951070152,-0.011695907125493288,0.01139520578800357
1966-11,0.05315340982756389,0.15000000000000036,-0.007449023373672592,0.0,0.05315340982756389,-0.007449023373672592
1966-12,0.007151088611762724,-0.3200000000000003,0.029463526499817094,0.0,0.007151088611762724,0.029463526499817094
1967-01,0.04131316857248257,-0.2599999999999998,0.02472459318729059,0.0,0.04131316857248257,0.02472459318729059
1967-02,0.037310045391750535,0.04999999999999982,-0.00015326651201452712,0.0,0.037310045391750535,-0.00015326651201452712
1967-03,0.026346916971916823,-0.08999999999999986,0.011033914329699579,0.003039513677811634,0.02323677479927455,0.007970175195367135
1967-04,0.01992469991798984,0.04999999999999982,-0.00019392169101783985,0.003030303030303161,0.016843356413705823,-0.003214483861135764
1967-05,0.020576810319554495,0.2599999999999998,-0.016610989613562888,0.0030211480362538623,0.017502783782447295,-0.01957300470508838
1967-06,-0.009918277711776002,0.16999999999999993,-0.00921671211442665,0.0030120481927708997,-0.012891496097025779,-0.012192037303272008
1967-07,0.019930247183637784,0.14000000000000057,-0.006665755148761221,0.0030030030030030463,0.016876563808836398,-0.009639809774064423
1967-08,0.018522497580905295,0.1200000000000001,-0.004948525072630661,0.0029940119760478723,0.01548213191648462,-0.007918827982861587
1967-09,0.016544960666031727,0.019999999999999574,0.002859981016661628,0.0029850746268658135,0.013519529235477945,-0.00012472130779284107
1967-10,0.0009741502278814984,0.1800000000000006,-0.009330675967821445,0.0029761904761904656,-0.0019960994760588324,-0.012270347552486682
1967-11,-0.028817339187399704,0.2699999999999996,-0.015804100057125736,0.0029673590504448732,-0.03169066066909354,-0.018715922246305583
1967-12,0.031117346571695848,-0.04999999999999982,0.0085725527060585,0.002958579881656931,0.028075702481513698,0.005597412432589266
1968-01,-0.000166142007694825,-0.16999999999999993,0.017704218056656673,0.005899705014749346,-0.00603027020706326,0.011735278361309609
1968-02,-0.042561026936026924,0.02999999999999936,0.0023253980989232925,0.0029325513196480912,-0.04536055609703271,-0.0006053779189097996
1968-03,-0.01558310376492189,0.1800000000000006,-0.008953305725322935,0.0029239766081869956,-0.018453123870563415,-0.011842654688222765
1968-04,0.07662974707224901,-0.10000000000000053,0.01236562956632059,0.00291545189504383,0.07350000943541102,0.009422706224557986
1968-05,0.025588542211072873,0.23000000000000043,-0.012559301610821638,0.0029069767441860517,0.022615821798866786,-0.015421448562674356
1968-06,0.029418275944279815,-0.15000000000000036,0.016224088821182203,0.005797101449275477,0.023485029397050328,0.010366889461982165
1968-07,0.0005002736318406864,-0.21999999999999975,0.021553749583872905,0.0057636887608067955,-0.005233252291550805,0.015699573368492592
1968-08,-0.019328123961448895,-0.08000000000000007,0.010709914672904386,0.002865329512893977,-0.02213004360727333,0.007822172059553267
1968-09,0.03508816634389955,0.040000000000000036,0.0014589299656875276,0.0028571428571428914,0.03213919720901659,-0.0013942293789440674
1968-10,0.027182732806844356,0.1200000000000001,-0.004573478796921271,0.005698005698005604,0.021363000609638583,-0.010213289115352242
1968-11,0.017868232177264076,0.1200000000000001,-0.004424126494540381,0.0028328611898016387,0.01499289818806293,-0.00723648771913199
1968-12,0.012863693864642478,0.33000000000000007,-0.019835920621421144,0.0028248587570622874,0.010010556698826445,-0.022596946197135592
1969-01,-0.039843505477308305,0.009999999999999787,0.004280306324696115,0.0028169014084507005,-0.0425405742821473,0.001459294228278507
1969-02,-0.002377450980392215,0.15000000000000036,-0.006062252117676081,0.00561797752808979,-0.007950761310110632,-0.011614976966180635
1969-03,-0.019129720853858778,0.10999999999999943,-0.002938523158257378,0.008379888268156499,-0.027280997411860075,-0.011224352605695764
1969-04,0.022750923128566747,-0.1299999999999999,0.014874784299405475,0.005540166204986097,0.01711593181656368,0.009283187691695227
1969-05,0.035143139190523254,0.15000000000000036,-0.005889647836676004,0.0027548209366392573,0.03229933935758211,-0.008620720232729195
1969-06,-0.04970522625876339,0.25,-0.012915320261849828,0.005494505494505475,-0.054898093874835685,-0.018309225615610214
1969-07,-0.04204771871427626,0.14999999999999947,-0.005361838734272428,0.005464480874316724,-0.047253981112568066,-0.010767480915064187
1969-08,-0.0028302801534507704,-0.02999999999999936,0.007770250943412993,0.005434782608695787,-0.008220386747216035,0.0023228441815565937
1969-09,0.0062911446166915574,0.46999999999999975,-0.027727639078064636,0.002702702702702675,0.0035787695638163086,-0.03034831929618298
1969-10,0.01346711988149396,-0.0600000000000005,0.010229295987382647,0.005390835579514697,0.008032979828510145,0.00481251692042628
1969-11,0.009977552694025782,0.040000000000000036,0.003079907400784121,0.00536193029490617,0.004591005746324317,-0.002269852105353354
1969-12,-0.050271974500225136,0.5100000000000007,-0.029420739489100622,0.005333333333333412,-0.05531031946308873,-0.03456970108332302
1970-01,-0.005887269966706854,0.13999999999999968,-0.0032756968919481766,0.0026525198938991412,-0.008517197823937672,-0.005912533672657205
1970-02,-0.03195782120843027,-0.5499999999999998,0.04532620308362634,0.005291005291005346,-0.03705278004417545,0.039824486225291444
1970-03,0.02012582224261905,-0.16999999999999993,0.018126735232375735,0.0052631578947368585,0.014784849351296314,0.012796228765190598
1970-04,-0.0274738390674939,0.3199999999999994,-0.016554984305208298,0.00785340314136107,-0.03505196499683794,-0.024218192219712997
1970-05,-0.11198694008144261,0.5200000000000005,-0.029501051191179073,0.0025974025974027093,-0.11428749205014366,-0.03201529717254914
1970-06,-0.002695240599526638,-0.07000000000000028,0.011406556234005771,0.005181347150258864,-0.007835986782003146,0.006193120377129713
1970-07,0.005229230056885692,-0.3799999999999999,0.033107284244117796,0.005154639175257714,7.420836428639888e-05,0.02780929817107114
1970-08,0.03256148749779908,0.07000000000000028,0.0013364030516227476,0.0,0.03256148749779908,0.0013364030516227476
1970-09,0.06321654688569467,-0.14000000000000057,0.016095409800195304,0.00512820512820511,0.05779197266689007,0.010911249546112778
1970-10,0.024878229191894752,-0.05999999999999961,0.010378148244413632,0.005102040816326481,0.01967580163254512,0.005249325156878593
1970-11,0.0020511536486114146,-0.4900000000000002,0.041321191952788716,0.005076142131979822,-0.0030097107637554465,0.03606199401363308
1970-12,0.07156699889258022,-0.4500000000000002,0.038690776463458754,0.005050505050504972,0.0661822401041754,0.03347122482293896
1971-01,0.04109753840458996,-0.14999999999999947,0.016395803221401106,0.0,0.04109753840458996,0.016395803221401106
1971-02,0.04150176489464119,-0.1299999999999999,0.01485068061261563,0.002512562814070307,0.03889148478212334,0.012307195197546417
1971-03,0.028309820478495284,-0.41000000000000014,0.03609493218967974,0.0025062656641603454,0.02573904592729903,0.03350469485920571
1971-04,0.03673583500669353,0.1299999999999999,-0.005022842436417929,0.0024999999999999467,0.03415045885954471,-0.007504082230840758
1971-05,-0.011081448220064738,0.5599999999999996,-0.0361968551545262,0.004987531172069737,-0.01598923259614371,-0.040979997312568184
1971-06,-0.015961286089238746,0.1299999999999999,-0.004150667540112507,0.007444168734491496,-0.023232508113210093,-0.0115091601444961
1971-07,-0.004632412421446741,0.21000000000000085,-0.009731521911996777,0.0024630541871921707,-0.007078033029747854,-0.012164613995751083
1971-08,-0.0151739646464647,-0.15000000000000036,0.01651268059880806,0.002457002457002311,-0.017587753948801632,0.014021227950281823
1971-09,0.024861168243521137,-0.4400000000000004,0.03810330920287042,0.0,0.024861168243521137,0.03810330920287042
1971-10,-0.01864241281019441,-0.20999999999999996,0.02083268481494005,0.002450980392156854,-0.02104182011383693,0.018336761380184807
1971-11,-0.043720945969095926,-0.1200000000000001,0.013970883644328191,0.0,-0.043720945969095926,0.013970883644328191
1971-12,0.07163002083782422,0.1200000000000001,-0.0041389151323467654,0.004889975550122383,0.06641527621087606,-0.008984954474768547
1972-01,0.04422540418809451,0.020000000000000462,0.0034462480110160065,0.0,0.04422540418809451,0.0034462480110160065
1972-02,0.020869635366247197,0.1299999999999999,-0.004705332428436959,0.0048661800486617945,0.01592595674461883,-0.009525161327088583
1972-03,0.02619613434727497,-0.009999999999999787,0.005810358946561678,0.002421307506053294,0.0237173997232476,0.003380865325917748
1972-04,0.012588981739399374,0.1200000000000001,-0.003818135027474079,0.0024154589371980784,0.010149008289424888,-0.0062185732563235785
1972-05,-0.007758884803921617,-0.0600000000000005,0.00960850451527584,0.002409638554216942,-0.01014407979237375,0.007181560994806269
1972-06,0.005160940885174714,-0.019999999999999574,0.006593053427581763,0.0024038461538462563,0.0027504829933635566,0.004179161213127003
1972-07,-0.005036010802469071,0.0,0.0050916666666667165,0.004796163069544335,-0.009785242254485849,0.0002940930787589391
1972-08,0.03783945118159204,0.09999999999999964,-0.0022987754258028126,0.0023866348448686736,0.03536840486925508,-0.004674254531931821
1972-09,-0.012102102102102053,0.33999999999999986,-0.019574486538323943,0.0023809523809523725,-0.014448652928462868,-0.021903288233007245
1972-10,0.004192055149299101,-0.0699999999999994,0.010569702584493967,0.004750593824227822,-0.0005558978301299922,0.005791595243669123
1972-11,0.05255981599756687,-0.20000000000000018,0.02013471181836457,0.0023640661938535423,0.05007736360134607,0.01772873372445316
1972-12,0.023132059079061795,0.08000000000000007,-0.0006395439965660721,0.002358490566037874,0.02072468952828732,-0.0029909803636331
1973-01,0.009898347517730555,0.09999999999999964,-0.0020084589054585322,0.0023529411764706687,0.007527694119801476,-0.004351162053567892
1973-02,-0.03324653012387391,0.17999999999999972,-0.007667077103777786,0.007042253521126751,-0.040007043899231376,-0.014606468172982168
1973-03,-0.013448628137769925,0.07000000000000028,0.0004739008511474019,0.00932400932400923,-0.022562266676912857,-0.008768352274498237
1973-04,-0.016320677639383163,-0.040000000000000036,0.0084879014746988,0.006928406466512715,-0.02308911334369934,0.0015487645379461679
1973-05,-0.025685003022061004,0.17999999999999972,-0.007371286720995185,0.006880733944954143,-0.032343192067468385,-0.014154626447275387
1973-06,-0.01988495024875625,0.05000000000000071,0.002124695799208487,0.006833712984054774,-0.02653731483982813,-0.004677055529745511
1973-07,0.012115672709923642,0.22999999999999954,-0.010568537342945494,0.002262443438913797,0.009830987218479414,-0.012802016942622618
1973-08,-0.016341107435412727,0.27000000000000046,-0.012989412373969333,0.01805869074492117,-0.03378960220374261,-0.030497360713233945
1973-09,0.019966281310211942,-0.3100000000000005,0.028199941811877682,0.0022172949002217113,0.017709718740941627,0.025925163179550514
1973-10,0.042382157512626195,-0.2999999999999998,0.027514947805418632,0.008849557522123908,0.033238454376550486,0.018501658789581654
1973-11,-0.06850081208257441,-0.05999999999999961,0.009991149117713372,0.006578947368421018,-0.07458904206896277,0.003389899777074712
1973-12,-0.06802287581699351,0.009999999999999787,0.004886517119261802,0.0065359477124184995,-0.0740746753246756,-0.0016387200048894046
1974-01,0.017021875219807248,0.25,-0.012230521909502579,0.008658008658008587,0.008292073715774562,-0.02070922987594459
1974-02,-0.024711268338362347,-0.03000000000000025,0.007969497237567236,0.012875536480686733,-0.03710900645270521,-0.00484367433748667
1974-03,0.045764223292313,0.25,-0.011875315892394323,0.012711864406779627,0.03263747571960618,-0.024278554605042024
1974-04,-0.04814928845101274,0.2999999999999998,-0.014925344845410526,0.004184100418409997,-0.05211533308246685,-0.019029822575221234
1974-05,-0.027038719446246917,0.07000000000000028,0.0013886996776262261,0.012499999999999956,-0.03905058710740428,-0.01097412377518392
1974-06,0.004590907401212041,-0.040000000000000036,0.009104172361083185,0.008230452674897082,-0.0036098347000222963,0.0008665872805846409
1974-07,-0.11344062070757699,0.2699999999999996,-0.012312573316271225,0.008163265306122325,-0.12061923916338602,-0.02031004235824463
1974-08,-0.037616105577270686,0.22999999999999954,-0.009175623562918678,0.012145748987854255,-0.04916471231034347,-0.021065516080163604
1974-09,-0.10010302950589678,0.0,0.006699999999999928,0.01200000000000001,-0.11077374457104427,-0.005237154150197765
1974-10,0.023773402329222648,-0.1399999999999988,0.016304763687051027,0.009881422924901129,0.013756050055942604,0.006360490069760916
1974-11,0.03743840005760357,-0.22000000000000064,0.02182139156075258,0.007827788649706457,0.029380626076573657,0.013884914733096165
1974-12,-0.060914413158628444,-0.25,0.02390579811941662,0.007766990291262044,-0.06815206700711673,0.016014423952793067
1975-01,0.08635670443814947,0.07000000000000028,0.0013050091128390395,0.003853564547206201,0.08218642918118912,-0.0025387721121622464
1975-02,0.10810211089672905,-0.11000000000000032,0.013966036271582105,0.007677543186180413,0.09965942814703976,0.006240580757131964
1975-03,0.04976071577195196,0.34000000000000075,-0.017340243105662734,0.003809523809523929,0.04577680413714358,-0.021069502145110053
1975-04,0.014883554149757394,0.5,-0.027375602302321944,0.003795066413662118,0.011046565287187615,-0.03105282119720909
1975-05,0.06713946923197978,-0.16999999999999993,0.01844081069822079,0.005671077504725952,0.061121765458115096,0.012697723419847318
1975-06,0.02895856455789869,-0.20000000000000018,0.02046156704147717,0.007518796992481258,0.02127976930000397,0.01284618221280942
1975-07,0.004319985569985585,0.20000000000000018,-0.007076443958691003,0.011194029850746245,-0.006797947849608299,-0.018068217641805107
1975-08,-0.0699625184704653,0.33999999999999986,-0.01611164002801202,0.0018450184501843658,-0.07167529467954348,-0.01792358912556624
1975-09,-0.008526815229650264,0.02999999999999936,0.004988328663874997,0.005524861878453136,-0.013974470091025926,-0.0005335852298826715
1975-10,0.04970276760757453,-0.28999999999999915,0.026715234959473477,0.005494505494505475,0.04396668691026551,0.021104769194667528
1975-11,0.020407587219148704,-0.08999999999999986,0.012917882662495828,0.007285974499089187,0.013026700512319467,0.005591171033834108
1975-12,-0.011805632656082143,-0.05000000000000071,0.010123789893027979,0.003616636528029016,-0.015366693439303525,0.006483704163683601
1976-01,0.09545596580232996,-0.2599999999999998,0.024628357998788264,0.0018018018018017834,0.09348572125951993,0.022785501239797723
1976-02,0.041784250464588,0.04999999999999982,0.0030033225385899254,0.003597122302158251,0.03805025673532425,-0.0005916714490035169
1976-03,0.00802683896620282,-0.05999999999999961,0.010638474273548137,0.0017921146953405742,0.006223570917962773,0.008830534248013944
1976-04,0.01097373062973972,-0.17000000000000082,0.018278236398912684,0.003577817531305927,0.00736954620681729,0.01464801095720536
1976-05,-0.003813649002289754,0.34000000000000075,-0.017025854668552776,0.007130124777183555,-0.010866295735016851,-0.02398496366204972
1976-06,0.009025032938076327,-0.040000000000000036,0.009332313408295434,0.005309734513274211,0.003695675369741469,0.00400133287973059
1976-07,0.026678127046496414,-0.03000000000000025,0.00861441945862973,0.00528169014084523,0.021284021300192357,0.003315219356395005
1976-08,-0.00558221369161882,-0.0600000000000005,0.010664606685102607,0.005253940455341555,-0.010779519194972775,0.005382387486399853
1976-09,0.024403033236527927,-0.17999999999999972,0.018991458518101467,0.0034843205574912606,0.02084607826001217,0.015453293731580331
1976-10,-0.031029486571879872,-0.17999999999999972,0.018940201004066015,0.005208333333333259,-0.036050059180315674,0.013660718097309177
1976-11,-0.0036119316323192097,-0.1200000000000001,0.014629433239108147,0.0017271157167531026,-0.005329842095022186,0.012880072147316568
1976-12,0.037919960474308345,-0.41999999999999993,0.036217465058648424,0.0034482758620690834,0.034353225214946326,0.03265658029899665
1977-01,-0.0053353470232410105,0.33999999999999986,-0.01831342961365634,0.005154639175257714,-0.010436191397480754,-0.02334771971820171
1977-02,-0.023648578998073266,0.17999999999999972,-0.006617907838346371,0.01025641025641022,-0.03356077616560549,-0.01670300522069812
1977-03,-0.0005033003300330963,0.07000000000000028,0.0012631318497677846,0.006768189509306133,-0.007222605874032784,-0.005468048868549902
1977-04,-0.011889769715043075,-0.08999999999999986,0.012535314251147067,0.008403361344537785,-0.020124021634084333,0.004097519965720942
1977-05,0.0006926888776712659,0.08999999999999986,-0.00015216381220328756,0.004999999999999893,-0.004285881713759876,-0.0051265311564210325
1977-06,0.00904549750236261,-0.17999999999999972,0.018903876507117223,0.0066334991708127955,0.0023961037791178086,0.01218951817758085
1977-07,0.012863556249370411,0.04999999999999982,0.0025501542407664335,0.0049423393739702615,0.007882260071094827,-0.0023804202882864445
1977-08,-0.02074739687292082,0.07000000000000028,0.0012002758042795048,0.003278688524590123,-0.023947568778564854,-0.002071620521878259
1977-09,-0.011713554987212271,-0.0600000000000005,0.010384634046547214,0.0032679738562091387,-0.014932729075201823,0.007093478886786464
1977-10,-0.021929517821885125,0.17999999999999972,-0.006438059722453815,0.0032573289902280145,-0.02510507133545048,-0.009663910177900359
1977-11,0.009861789702012791,0.0600000000000005,0.002092694961774777,0.004870129870129913,0.004967467619450439,-0.0027639739960367837
1977-12,-0.0007513081600906135,0.11000000000000032,-0.00129904861538499,0.003231017770597866,-0.00396950040434163,-0.004515476800198703
1978-01,-0.033865087401406924,0.2699999999999996,-0.012067075314960318,0.006441223832528209,-0.04004835084203795,-0.01838984603294458
1978-02,-0.00967989843028616,0.0699999999999994,0.001857891824126101,0.006399999999999961,-0.015977641524529185,-0.004513223545184686
1978-03,0.0026972353337828547,0.009999999999999787,0.006009755497264457,0.007949125596184325,-0.0052104715694802906,-0.0019240753820514156
1978-04,0.04833433723635827,0.11000000000000121,-0.0007654895352576796,0.007886435331230235,0.040131408150001935,-0.008584225923870648
1978-05,0.05507616042857655,0.1999999999999993,-0.0066656095710683205,0.009389671361502261,0.0452614984711015,-0.015905929482035064
1978-06,0.006766930157752427,0.11000000000000121,-0.0004083121275720858,0.010852713178294726,-0.004041917251916827,-0.011140124727429535
1978-07,-0.0005916188818348989,0.17999999999999972,-0.004912009602248357,0.0076687116564417845,-0.008197466531136066,-0.01248497756570166
1978-08,0.07331286655005664,-0.23000000000000043,0.022636052463046674,0.004566210045662045,0.06843417170210198,0.01798770677003292
1978-09,0.004026307346807867,0.009999999999999787,0.006337488508537659,0.007575757575757569,-0.0035227626332433593,-0.0012289587734813923
1978-10,-0.02772163137632344,0.22000000000000064,-0.007603567291636915,0.009022556390977376,-0.036415625730633505,-0.016477454916450807
1978-11,-0.05436271537442017,0.16999999999999993,-0.004015832190378488,0.0044709388971686526,-0.05857178340687852,-0.008448996142053633
1978-12,0.019242952169781447,0.1999999999999993,-0.005741740710943466,0.004451038575667532,0.014726365971097222,-0.010147611874705809
1979-01,0.041890654805257777,0.08999999999999986,0.0016432159641683874,0.008862629246676468,0.032737881849428385,-0.0071559923751947085
1979-02,-0.010533321632734904,0.0,0.007583333333333275,0.01171303074670571,-0.02198879692497535,-0.00408188615533045
1979-03,0.023448369473005437,0.019999999999999574,0.006281077138934554,0.01013024602026058,0.013184560610095541,-0.0038105669011407883
1979-04,0.024347877122877115,0.0600000000000005,0.0037031360281711834,0.011461318051575908,0.01274053573904843,-0.0076702706123746855
1979-05,-0.018892156382631198,0.07000000000000028,0.0031170862518530296,0.012747875354107707,-0.031241765602989746,-0.0095095623862822
1979-06,0.024215381530131364,-0.33999999999999986,0.030044769334399035,0.01118881118881121,0.012882431250406556,0.018647316838306116
1979-07,0.01425489183874129,0.03999999999999915,0.00480164603963984,0.011065006915629283,0.003154975101792079,-0.006194815202927972
1979-08,0.050189329763064006,0.08000000000000007,0.0022294077638915777,0.009575923392612928,0.04022818435880726,-0.007276833231158908
1979-09,0.015448479205462329,0.3000000000000007,-0.0118363076993373,0.01084010840108407,0.004558951278325951,-0.02243323737548386
1979-10,-0.03348935696746469,0.9700000000000006,-0.05234076235076457,0.008042895442359255,-0.04120087805549022,-0.05990187328945529
1979-11,-0.003187137161084541,0.34999999999999964,-0.012797061802820142,0.009308510638297962,-0.012380404670797929,-0.021901700231516275
1979-12,0.04407746705239468,-0.2599999999999998,0.024928654145078166,0.010540184453227797,0.03318748043385611,0.014238394388675912
1980-01,0.03316326530612246,0.41000000000000014,-0.016233554254711513,0.014341590612777066,0.01855555847017465,-0.030142848474760564
1980-02,0.04399609257589421,1.6099999999999994,-0.08259847435601764,0.01413881748071999,0.029441013972174357,-0.09538860969452712
1980-03,-0.08774212200057818,0.33999999999999986,-0.008743514661181284,0.015209125475285079,-0.10140890668970803,-0.02359379908573278
1980-04,-0.011583357211079282,-1.2799999999999994,0.0862448859181546,0.011235955056179803,-0.022565764353178475,0.07417549829684167
1980-05,0.05039913430420717,-1.290000000000001,0.08990455747216042,0.00987654320987641,0.040126282134973046,0.07924534419614915
1980-06,0.06866295264623945,-0.40000000000000036,0.0338153104575889,0.011002444987775029,0.05703300515673981,0.02256459970291136
1980-07,0.049726098022105925,0.47000000000000064,-0.021038616788070952,0.0,0.049726098022105925,-0.021038616788070952
1980-08,0.03507698247078461,0.8499999999999996,-0.042434687692704975,0.007255139056831839,0.027621445982399795,-0.049331916832973555
1980-09,0.02838731443994602,0.41000000000000014,-0.014932847703153507,0.008403361344537785,0.019817420152946408,-0.023141740638960573
1980-10,0.033267457180500504,0.2400000000000002,-0.004427801209770377,0.00952380952380949,0.023519650980684537,-0.01381999176439519
1980-11,0.046166154633896506,0.9299999999999997,-0.0425563841400558,0.008254716981132004,0.037601051613502134,-0.05039510380206702
1980-12,-0.012429378531073398,0.16000000000000014,0.0016172099037945475,0.009356725146198785,-0.021584146748630073,-0.007667770025788667
1981-01,0.0001248439450687311,-0.2699999999999996,0.0259640818205924,0.008111239860950192,-0.00792213755793758,0.017709198403645043
1981-02,-0.03067669172932319,0.6199999999999992,-0.023731032062140223,0.010344827586207028,-0.04060150375939853,-0.03372696006150411
1981-03,0.04145898234683276,-0.07000000000000028,0.014864233307945174,0.0068259385665527805,0.03439824348346443,0.007983797827891381
1981-04,0.012960879629629662,0.5600000000000005,-0.019378757452522266,0.006779661016949046,0.0061395942449185,-0.02598226750334698
1981-05,-0.016149968998015907,0.41999999999999993,-0.010968704625190728,0.007856341189674598,-0.023819178593799784,-0.018678302696041205
1981-06,0.008599088838268987,-0.629999999999999,0.04613021060164102,0.008908685968819663,-0.00030686338105356814,0.03689285774864626
1981-07,-0.020135216679264434,0.8099999999999987,-0.03161789898127332,0.011037527593819041,-0.030832430470975614,-0.04218975597929442
1981-08,0.008053621223857554,0.6600000000000001,-0.02214373682767523,0.007641921397379958,0.0004085775092670385,-0.02955976482573186
1981-09,-0.0829989711934156,0.3800000000000008,-0.006872589922003791,0.009750812567713929,-0.09185413134283538,-0.01646287607082564
1981-10,0.01729830233868701,-0.16999999999999993,0.02146635531658614,0.0021459227467810482,0.015119933382929718,0.019279061193852698
1981-11,0.030462806065665093,-1.7599999999999998,0.10897087617885104,0.0032119914346895317,0.02716356549128185,0.10542027572150148
1981-12,0.011818551668022703,0.33000000000000007,-0.006676504322579269,0.0032017075773744796,0.00858934352440155,-0.009846685691762391
1982-01,-0.04802100161550882,0.8699999999999992,-0.03404194356422896,0.0031914893617019935,-0.05104956682776052,-0.03711498085935849
1982-02,-0.01911764705882346,-0.16000000000000014,0.020572747245703127,0.0031813361611876534,-0.022228267628404352,0.017336258618074085
1982-03,-0.027423580786026247,-0.5700000000000003,0.04266438186397559,-0.0010570824524311906,-0.02639439939003274,0.043767730416212514
1982-04,0.054715703971119245,0.009999999999999787,0.011012674403183542,0.004232804232804366,0.050270116177774105,0.006751293267658998
1982-05,0.00571797076526237,-0.25,0.025122022842248404,0.009483667017913477,-0.003730319147981054,0.015491440164189907
1982-06,-0.052684707903780104,0.6800000000000015,-0.024589358725634725,0.012526096033403045,-0.064404072342084,-0.03665629449397756
1982-07,0.0024485946520815816,-0.3500000000000014,0.030665137651948227,0.005154639175257714,-0.002692167371775245,0.02537967540757924
1982-08,0.007949931444241276,-0.8899999999999988,0.060977828190454275,0.002051282051282133,0.005886574368613173,0.05880591861381057
1982-09,0.12097386812518995,-0.7200000000000006,0.05196074669856787,0.0020470829068577334,0.11868382957947965,0.04981169512206418
1982-10,0.08881853894335512,-1.4299999999999997,0.09671128692319386,0.003064351378958108,0.08549220939464841,0.09336084510978293
1982-11,0.045003347148957706,-0.35999999999999943,0.031173594115453396,-0.0020366598778004397,0.04713600704109844,0.0332780300218114
1982-12,0.01355901520637226,-0.010000000000001563,0.009405306223723597,-0.004081632653061273,0.017712945596562335,0.013542213216443777
1983-01,0.03926550095648018,-0.0799999999999983,0.013708665683810795,0.002049180327868827,0.03714021363346087,0.01163564182760668
1983-02,0.02130784823284837,0.2599999999999998,-0.007120312032626752,0.0010224948875257045,0.020264632861823895,-0.008134489446281035
1983-03,0.03866371480472286,-0.21000000000000085,0.02183570238395438,0.0,0.03866371480472286,0.02183570238395438
1983-04,0.04197937239411864,-0.10999999999999943,0.015547459035363476,0.007150153217568844,0.034581952914647385,0.008337690056410718
1983-05,0.04424540266328458,-0.019999999999999574,0.009902073430176461,0.006085192697768749,0.03792940224395025,0.0037937947602360023
1983-06,0.01754011781434106,0.46999999999999886,-0.0198262189175884,0.003024193548387011,0.014472157660126994,-0.02278151674999762
1983-07,0.007091346153846212,0.5300000000000011,-0.02238399752497,0.004020100502512669,0.003058948371448267,-0.026298375913258565
1983-08,-0.024061876247504888,0.46999999999999886,-0.017861329702139828,0.0030030030030030463,-0.026983846677901657,-0.02080186464315148
1983-09,0.03314860426929389,-0.1999999999999993,0.02160503385283219,0.004990019960079861,0.028018770087221867,0.016532516306393186
1983-10,0.006494218500797455,-0.11000000000000121,0.016188553785975612,0.002979145978152964,0.00350463171317128,0.013170171943047038
1983-11,-0.011399324190021876,0.15000000000000036,0.0008333098386938964,0.001980198019801982,-0.013353080466326217,-0.0011446216036750112
1983-12,-0.0012661420500402754,0.14000000000000057,0.0015899027226098372,0.0009881422924900019,-0.0022520589877992325,0.0006011663921829946
1984-01,0.015774533657745282,-0.16000000000000014,0.019234799329771235,0.005923000987166915,0.009793525608730036,0.01323341680182355
1984-02,-0.05110677083333326,0.16999999999999993,-0.00016959546561090555,0.004906771344455274,-0.05574003855387355,-0.005051579862751399
1984-03,0.004439499894045351,0.4800000000000004,-0.01754007093892329,0.001953124999999778,0.002481528159359314,-0.019455197506293542
1984-04,0.005094943879711877,0.3100000000000005,-0.007217202670454559,0.004873294346978474,0.00022057460774438375,-0.012031862211334898
1984-05,-0.002502818316412858,0.7799999999999994,-0.03214049076320602,0.0029097963142581396,-0.005396910719750236,-0.034948593788071136
1984-06,-0.01845998297147733,0.15000000000000036,0.003017816123175532,0.0029013539651836506,-0.021299539433469072,0.00011612523757342785
1984-07,-0.00907177770520362,-0.20000000000000107,0.022261202186388607,0.0038572806171648377,-0.012879378943608133,0.01833320525195492
1984-08,0.09207846348996251,-0.6399999999999988,0.047100937819551714,0.003842459173871271,0.08789825884502478,0.043092895952299815
1984-09,0.014081508515815022,-0.20000000000000107,0.021929143136015794,0.004784688995215225,0.00925254895145411,0.017062813882987138
1984-10,-0.00409893638370451,-0.35999999999999943,0.03111986034177594,0.0028571428571428914,-0.006936261351272344,0.02818219692199886
1984-11,0.012884304207119834,-0.5899999999999999,0.044848793482308524,0.0,0.012884304207119834,0.044848793482308524
1984-12,-0.007050511124473968,-0.07000000000000028,0.013772114949892611,0.0,-0.007050511124473968,0.013772114949892611
1985-01,0.046997634245187436,-0.11999999999999922,0.01669857805596786,0.0018993352326686086,0.0450128046068079,0.014771187386667384
1985-02,0.057894653263403484,0.129999999999999,0.0018156011347725265,0.004739336492890933,0.0529045841442366,-0.00290994415359902
1985-03,-0.004763220932375245,0.34999999999999964,-0.010763206138119874,0.0037735849056603765,-0.008504712583005447,-0.014482141453390107
1985-04,0.010259508547008522,-0.4299999999999997,0.03532804393220679,0.0046992481203007586,0.005534253595899985,0.030485536710821437
1985-05,0.027368646179402045,-0.5800000000000001,0.044665865898300794,0.0037418147801682178,0.023538753742573082,0.04077149174770156
1985-06,0.025121687398593995,-0.6899999999999995,0.05205322675587043,0.002795899347623365,0.022263541430010747,0.049119992852276084
1985-07,0.02248691106405487,0.15000000000000036,-0.0008257394388818673,0.0018587360594795044,0.020589903807906484,-0.0026794950243383964
1985-08,-0.01843867099567098,0.019999999999999574,0.007353703800485389,0.0018552875695732052,-0.020256377160493777,0.005488233978632628
1985-09,-0.01883519206939288,0.03999999999999915,0.006136498605465723,0.002777777777777768,-0.02155310012460232,0.003349416891877288
1985-10,0.014964693101575222,-0.129999999999999,0.016718459059640978,0.003693444136657398,0.011229772427788332,0.012977084785272597
1985-11,0.06421410669530969,-0.46000000000000085,0.03766510702622705,0.002759889604415866,0.06128507704385466,0.03480914801606305
1985-12,0.05295358649789028,-0.5199999999999996,0.04180885887781516,0.0027522935779815683,0.050063503460842096,0.0389493652120938
1986-01,0.007533365492844446,-0.07000000000000028,0.012261086209065075,0.0027447392497712553,0.004775518689488223,0.009490298564332145
1986-02,0.056988472622478525,-0.4900000000000002,0.04013826614797189,-0.0027372262773722733,0.059889630369841296,0.04299317447225737
1986-03,0.06184290489213007,-0.919999999999999,0.07069640864239712,-0.0045745654162854255,0.06672269765358285,0.07561688846152581
1986-04,0.027423830535227456,-0.4800000000000004,0.040286248958892434,-0.0018382352941176405,0.029315955453340203,0.0422020615720764
1986-05,0.004927636554621806,0.41000000000000014,-0.02227783453710641,0.002762430939226679,0.002159240861633771,-0.024971284028739937
1986-06,0.03134171907756822,0.08999999999999986,0.00022367334874262568,0.005509641873278293,0.025690531575773168,-0.005257004313442337
1986-07,-0.01802441568147861,-0.5,0.04171137044329054,0.0,-0.01802441568147861,0.04171137044329054
1986-08,0.022823574104912536,-0.1299999999999999,0.015290655719540247,0.0018264840182649067,0.020958809156681024,0.013439624442020515
1986-09,-0.02454761904761904,0.28000000000000025,-0.013614363231378546,0.004557885141294404,-0.02897344654740297,-0.018089797155011134
1986-10,-0.0008928976080571083,-0.020000000000000462,0.007608797182886651,0.0009074410163338875,-0.001798706404423256,0.00669528059432567
1986-11,0.035335344706543204,-0.17999999999999972,0.01889557737416081,0.0009066183136900996,0.03439754095227987,0.01797266471349568
1986-12,0.017095063239494168,-0.13999999999999968,0.015983428220694096,0.0009057971014492239,0.016174615218462973,0.015063986204204793
1987-01,0.06674041297935096,-0.03000000000000025,0.008058190795441345,0.0063348416289592535,0.06002532045160325,0.0017125007454701358
1987-02,0.06462507876496515,0.16999999999999993,-0.006098137890411248,0.003597122302158251,0.06080921826759966,-0.009660510156036972
1987-03,0.04377002491990045,0.0,0.006041666666666723,0.0044802867383513245,0.03911449403265732,0.0015544157002675973
1987-04,-0.008547008547008517,0.7699999999999996,-0.046510900609435524,0.00535236396074934,-0.013825374073821228,-0.0515871513604057
1987-05,0.0017455928102316776,0.5899999999999999,-0.03257577490082397,0.003549245785270605,-0.001797274007841576,-0.03599725757137806
1987-06,0.0450017295053613,-0.20999999999999908,0.021274836487889637,0.0035366931918656697,0.04131890402692817,0.017675630015685506
1987-07,0.03123387248396381,0.049999999999998934,0.003650088896385739,0.002643171806167466,0.028515329762125452,0.001004262651491894
1987-08,0.06455265237020313,0.3100000000000005,-0.013454347344779904,0.005272407732864748,0.05896933426336637,-0.018628537830733927
1987-09,-0.030292450920866076,0.6600000000000001,-0.03513369232531416,0.005244755244755206,-0.035351794655192004,-0.04016777740883426
1987-10,-0.11852578182198503,0.09999999999999964,0.0014476306327000366,0.002608695652173809,-0.12081929670015845,-0.0011580440350345
1987-11,-0.12301927194860818,-0.6600000000000001,0.05138458243869559,0.0008673026886383273,-0.12377922058643431,0.050473503944381326
1987-12,-0.0133299319727892,0.13000000000000078,-0.00112810108873862,0.0,-0.0133299319727892,-0.00112810108873862
1988-01,0.04248155947441212,-0.3200000000000003,0.028730231232527048,0.0025996533795493715,0.039778495793838964,0.02606282354566658
1988-02,0.0333011743180307,-0.4599999999999991,0.03836369556216934,0.0025929127052721768,0.030628843694794572,0.0356782722115776
1988-03,0.03233565801368976,0.15999999999999837,-0.003914910368096547,0.004310344827586299,0.02790503287200008,-0.00818995367123787
1988-04,-0.00883097164722113,0.3500000000000014,-0.016205163928143973,0.0051502145922746045,-0.013909549076868144,-0.021245957281202044
1988-05,-0.02185304963188628,0.3699999999999992,-0.016855696727429814,0.0034158838599487318,-0.025182911590586166,-0.020202570951336374
1988-06,0.06001236496160334,-0.16999999999999993,0.018738472701669062,0.004255319148936065,0.055520787143969574,0.0144217842580181
1988-07,-0.0030456009112177496,0.14000000000000057,-0.0017056561901873657,0.004237288135593209,-0.0072521595571619635,-0.005917868611325816
1988-08,-0.01716111420785338,0.1999999999999993,-0.005395714953005837,0.00421940928270037,-0.021290689358240522,-0.009574724554043623
1988-09,0.019295917077487124,-0.27999999999999936,0.02605676912504018,0.006722689075630228,0.012489266546084954,0.01920497100066587
1988-10,0.03804415422885565,-0.17999999999999972,0.019363978978597984,0.0033388981636059967,0.034589764364533426,0.015971752759035285
1988-11,-0.02017543859649107,0.16000000000000014,-0.003155627334854416,0.0008319467554076532,-0.020989922853684395,-0.003984259398582712
1988-12,0.02329335793357923,0.14999999999999858,-0.0023043905981763313,0.0016625103906899863,0.02159494572124121,-0.003960316920834983
1989-01,0.035145669077757624,-0.019999999999999574,0.008895578201482568,0.004979253112033177,0.03001695395433357,0.003896921331780767
1989-02,0.03302285388927828,0.08000000000000007,0.0023769837262066495,0.004128819157720898,0.028775227022957317,-0.0017446321608254323
1989-03,-0.0015844671201815652,0.1899999999999995,-0.004604999206679672,0.005756578947368363,-0.0072990286329850385,-0.010302272310157345
1989-04,0.03566982689898657,-0.17999999999999972,0.019490591915485966,0.006541291905151292,0.0289392350101223,0.012865145339268302
1989-05,0.04118240710111354,-0.3200000000000003,0.028717272293508955,0.005686433793663737,0.035295269096502935,0.022900615665031987
1989-06,0.033973133694382485,-0.5800000000000001,0.046527044792437966,0.0024232633279481774,0.03147360154201917,0.04399716474862081
1989-07,0.028015472144990117,-0.2599999999999998,0.024645022716605736,0.00241740531829171,0.02553633515428677,0.022174013819379113
1989-08,0.04693851059556109,0.08999999999999986,0.0005646566168746592,0.001607717041800516,0.04525803144532747,-0.001041386170632208
1989-09,0.004599442200422965,0.08000000000000007,0.0013382399471197903,0.0032102728731941976,0.0013847239853816973,-0.0018660424207109783
1989-10,0.0028785632018426544,-0.17999999999999972,0.019115328018394884,0.0047999999999999154,-0.001912257959949537,0.01424694269346638
1989-11,-0.018105138169257295,-0.13999999999999968,0.016292259725205094,0.0023885350318473275,-0.02044483998458091,0.013870594292976435
1989-12,0.02740054869684516,-0.03000000000000025,0.00862185743362165,0.001588562351072298,0.025771047430077854,0.007022139975360497
1990-01,-0.022093134442532025,0.370000000000001,-0.0185130087492813,0.01030927835051565,-0.03207177592781252,-0.0285281821293909
1990-02,-0.025249776941102753,0.2599999999999998,-0.010562942394078068,0.0047095761381474865,-0.02981891861169128,-0.015200928601605712
1990-03,0.02709436626822015,0.11999999999999922,-0.0009334007829182589,0.005468749999999911,0.021507994423715537,-0.006367329449988524
1990-04,0.0019885904784415764,0.1999999999999993,-0.006048008207473421,0.0015540015540016494,0.000433914620445508,-0.0075902145562594114
1990-05,0.038537982731090104,-0.02999999999999936,0.009308485226914076,0.002327385570209284,0.03612651682691603,0.0069648896729817
1990-06,0.031724958363074096,-0.27999999999999936,0.026035394084022112,0.005417956656346812,0.02616523957281891,0.020506334993499964
1990-07,0.0017126585088376167,-0.009999999999999787,0.007736074707464624,0.0038491147036181506,-0.0021282642615183534,0.0038720560161016326
1990-08,-0.07859916766195396,0.27999999999999936,-0.011462088727789754,0.009202453987730008,-0.08700099895986924,-0.020476112234831145
1990-09,-0.04339884101788849,0.14000000000000057,-0.0019135123473297266,0.008358662613981771,-0.05132846629957899,-0.01018702505582969
1990-10,-0.023132140177335336,-0.16999999999999993,0.018667270098431832,0.006028636021100375,-0.02898602997402555,0.012562896944283697
1990-11,0.029861644742554594,-0.33000000000000007,0.0294330647551313,0.0022471910112360494,0.027552537915777497,0.02712491887002999
1990-12,0.04588632687367178,-0.3100000000000005,0.028094419372411084,0.0,0.04588632687367178,0.028094419372411084
1991-01,-0.006847477820025261,0.009999999999999787,0.006052893220839017,0.005979073243647104,-0.012750315990485594,7.338122547007053e-05
1991-02,0.1160694388972523,-0.2400000000000002,0.023242701063630022,0.0014858841010403356,0.11441354952203353,0.021724536818728213
1991-03,0.03044544434016072,0.2599999999999998,-0.01113451051421388,0.0014836795252224366,0.028918858496693955,-0.01259949642456304
1991-04,0.022592761720568788,-0.07000000000000028,0.011531711519149113,0.001481481481481417,0.02108005053459161,0.010035362833469952
1991-05,-0.0017865922180081428,0.030000000000001137,0.004656916039942782,0.002958579881656931,-0.004731174541848904,0.0016933263171110546
1991-06,0.003472314082383132,0.20999999999999908,-0.0074477231145033684,0.002949852507374784,0.0005209249233171231,-0.010366994517107875
1991-07,0.007814397243737004,-0.009999999999999787,0.00757518197675644,0.0014705882352941124,0.006334493576712452,0.006095629580314732
1991-08,0.026798845435657137,-0.3699999999999992,0.0322756849824446,0.002936857562408246,0.023792113823839722,0.02925291577312561
1991-09,-0.003021742852251319,-0.25,0.023921931122108164,0.004392386530014614,-0.007381706075929473,0.01944413842040804
1991-10,0.0018107136707989913,-0.1200000000000001,0.014741166197218103,0.001457725947521915,0.0003524739129083798,0.013264104819929567
1991-11,0.0001522220499035054,-0.11000000000000032,0.013980919283388182,0.0029112081513829047,-0.002750977433550572,0.011037578443668483
1991-12,0.009345632946379023,-0.33000000000000007,0.029638110100816073,0.0007256894049345597,0.00861369267593215,0.028891454473476852
1992-01,0.07358883941211292,-0.05999999999999961,0.010184116244224883,0.0014503263234226793,0.07203404022397097,0.008721141419830714
1992-02,-0.006000448631673372,0.3099999999999996,-0.015934498129382413,0.003620564808110016,-0.009586305599091571,-0.019484517977400473
1992-03,-0.010115700342576472,0.20000000000000018,-0.00782086180541497,0.005050505050505194,-0.015089993305679283,-0.012806686620463248
1992-04,0.0026430348258705827,-0.05999999999999961,0.010475556345191261,0.00143575017946862,0.001205553772356982,0.009026845870144573
1992-05,0.020683504741333403,-0.09000000000000075,0.012546453919173306,0.0014336917562722817,0.019222254197680977,0.011096852696669268
1992-06,-0.013291225701727027,-0.1299999999999999,0.015329356856122134,0.0035790980672869566,-0.016810158562990396,0.011708353443653952
1992-07,0.019126088944407815,-0.41999999999999993,0.03623245024524757,0.0021398002853068032,0.016950019003601158,0.03401985426607612
1992-08,0.009421896960205567,-0.25,0.023865842384458213,0.002846975088967918,0.006556256372667768,0.02095919698379256
1992-09,0.0037885132278931977,-0.16999999999999993,0.01793819839668953,0.002838892831795725,0.0009469321571842215,0.01505656160009572
1992-10,-0.011823205410055548,0.16999999999999993,-0.00700277282143158,0.0035385704175512345,-0.015307608776028436,-0.010504173481440615
1992-11,0.027568343434343445,0.28000000000000025,-0.014603310039098982,0.0014104372355430161,0.026121064077393674,-0.01599119270101579
1992-12,0.032713319458897105,-0.10000000000000053,0.012933581720011134,-0.0007042253521126751,0.033441094877825206,0.013647417929820937
1993-01,0.001433389189851031,-0.16999999999999993,0.017988955537201923,0.0049330514446792595,-0.003482482987097635,0.012991814801745827
1993-02,0.01724886841440143,-0.33999999999999986,0.03057140117652213,0.003506311360448766,0.013694539733708266,0.026970522765702665
1993-03,0.02150781073126562,-0.27999999999999936,0.02612432812809229,0.0034940600978337066,0.017951028660474266,0.022551471832381598
1993-04,-0.01341498948522013,-0.010000000000000675,0.005730371026136272,0.0027855153203342198,-0.01615550340331673,0.0029366755510638054
1993-05,0.007249763022479039,0.07000000000000028,-0.00023785572712775593,0.001388888888888884,0.0058527453206447255,-0.0016244883821525669
1993-06,0.008654314055773993,-0.08000000000000007,0.011012320562737044,0.0013869625520113171,0.007257285919962442,0.00961202648993531
1993-07,0.0006100373461888076,-0.15000000000000036,0.016253187888743525,0.0,0.0006100373461888076,0.016253187888743525
1993-08,0.01762465812634595,-0.1299999999999999,0.01468085284229792,0.0027700831024930483,0.014813540286217952,0.011877867060965608
1993-09,0.013549717775380055,-0.3199999999999994,0.029306519478130122,0.002071823204419676,0.011454163569090792,0.0271783874599123
1993-10,0.012422698371221896,-0.03000000000000025,0.006773545988639107,0.004135079255685792,0.008253490279096054,0.002627601392941159
1993-11,7.90400229935262e-05,0.3899999999999997,-0.025022630935073398,0.000686341798215695,-0.0006068852445121342,-0.025691339693005633
1993-12,0.008875398762845155,0.04999999999999982,0.0009977036045138998,0.0,0.008875398762845155,0.0009977036045138998
1994-01,0.017366545051328952,-0.019999999999999574,0.006317279016577082,0.00274348422496562,0.014583052452009415,0.003564016967284145
1994-02,-0.0007493639752778058,0.21999999999999975,-0.011643162574998422,0.0034199726402188713,-0.004155126197584291,-0.01501179528605845
1994-03,-0.014230529991376417,0.5100000000000007,-0.032264975972741916,0.0034083162917519783,-0.017578931723742808,-0.03555211939674763
1994-04,-0.033455994911709475,0.4899999999999993,-0.02961134564309076,0.0013586956521740579,-0.03476745217777244,-0.03092801952959956
1994-05,0.010590505258293526,0.20999999999999996,-0.00905850206188663,0.0006784260515604323,0.009905359153033588,-0.009730326806251521
1994-06,0.01108893324462179,-0.08000000000000007,0.011666839094287784,0.003389830508474523,0.007673092253930536,0.008249045718969228
1994-07,-0.005183255282193433,0.20000000000000018,-0.008167881510649622,0.002702702702702675,-0.007864702033454352,-0.010841283447278527
1994-08,0.03082631812140013,-0.05999999999999961,0.010319828215183513,0.0040431266846361336,0.026675339659166353,0.006251426222370737
1994-09,0.008178241139640274,0.21999999999999975,-0.00935158561501559,0.0026845637583892135,0.0054789687403373755,-0.012003924073877625
1994-10,-0.004423415995659763,0.28000000000000025,-0.01312669322946447,0.0006693440428380271,-0.005089353510043915,-0.013786809153725654
1994-11,-0.00368385402068383,0.21999999999999975,-0.008604036676387539,0.0013377926421402897,-0.0050149377160467745,-0.009928546981428976
1994-12,-0.010243812498644256,-0.15000000000000036,0.016964392583113552,0.0,-0.010243812498644256,0.016964392583113552
1995-01,0.02451357308669655,-0.02999999999999936,0.008577237962976714,0.004008016032064354,0.020423698543436064,0.004550981524002573
1995-02,0.03819093677234475,-0.3100000000000005,0.028152614534323384,0.003992015968063756,0.03406294099989027,0.024064532567984243
1995-03,0.025579971779548405,-0.2699999999999996,0.025322723066437902,0.003313452617627499,0.02219298376178247,0.021936584615095622
1995-04,0.032167917131366464,-0.14000000000000057,0.015963656678189553,0.0033025099075296716,0.028770392716845894,0.012619470843172609
1995-05,0.03348800312391287,-0.4299999999999997,0.03707315002992062,0.0019749835418036987,0.03145090456322186,0.03502898481961214
1995-06,0.03179269837027432,-0.45999999999999996,0.03958192905943525,0.001971090670170872,0.02976294224233267,0.03753684985472816
1995-07,0.03548716047093725,0.11000000000000032,-0.0029624248334337855,0.0,0.03548716047093725,-0.0029624248334337855
1995-08,0.005141707184336042,0.20999999999999996,-0.010093952914304816,0.0026229508196722318,0.0025121670739780555,-0.012683635182678232
1995-09,0.037187077080836684,-0.29000000000000004,0.02685020393160209,0.0019620667102679956,0.03515603189073069,0.024839400660195743
1995-10,0.009135753408089586,-0.16000000000000014,0.017081765471530064,0.0032637075718016106,0.005852943540138655,0.013773106507732003
1995-11,0.023593860792790355,-0.11000000000000032,0.013265533315762301,-0.0006506180871828082,0.024260263045910557,0.013925211397348036
1995-12,0.03390117486384692,-0.21999999999999975,0.021570056477020927,-0.0006510416666666297,0.034574726117829746,0.02223557442912316
1996-01,0.0016398050669572672,-0.05999999999999961,0.009305655387909617,0.005863192182410382,-0.00419876892630866,0.0034223970339646304
1996-02,0.059057959810336014,0.15999999999999925,-0.0073306226368821115,0.0032383419689119286,0.05563943831320772,-0.010534849161617843
1996-03,-0.00199371863164699,0.45999999999999996,-0.029063312631304905,0.005164622336991442,-0.007121560796673698,-0.03405206889267243
1996-04,0.0019777226575175,0.2400000000000002,-0.012276321321657901,0.003853564547206423,-0.0018686409611297083,-0.016067966921191168
1996-05,0.02355554439585683,0.23000000000000043,-0.011176772923646272,0.0019193857965449368,0.021594710019619656,-0.013071070293524167
1996-06,0.012793077547399001,0.16999999999999993,-0.006562323069339793,0.0006385696040867028,0.012146751397081657,-0.007196297336685364
1996-07,-0.03474943904263261,-0.040000000000000036,0.008629044291299737,0.0019144862795150708,-0.0365938668661181,0.006701727646156952
1996-08,0.030774346473726677,-0.23000000000000043,0.02240052444741969,0.0019108280254778176,0.028808470415607523,0.02045061880638821
1996-09,0.02025361662743208,0.1900000000000004,-0.008126669360373762,0.0031786395422759295,0.01702087386245288,-0.011269487264808586
1996-10,0.04120485617196157,-0.2999999999999998,0.027548871340334014,0.003168567807350975,0.037916148477167066,0.02430329688884858
1996-11,0.05053032247027622,-0.33000000000000007,0.029841036657800135,0.0018951358180667732,0.04854319071276647,0.02789303974104529
1996-12,0.011991336695348132,0.09999999999999964,-0.0021941119620522143,0.0,0.011991336695348132,-0.0021941119620522143
1997-01,0.03258137683596818,0.28000000000000025,-0.015104781562219616,0.0031525851197982124,0.029336306512787846,-0.018199989665418137
1997-02,0.043617444511149905,-0.16000000000000014,0.01719771613806076,0.00314267756128217,0.04034796630152848,0.014011006501036816
1997-03,-0.006231290472075046,0.27000000000000046,-0.014182258490716082,0.0025062656641603454,-0.008715712245894847,-0.016646802844489272
1997-04,-0.034048961068470995,0.1999999999999993,-0.008765881035613932,0.0012499999999999734,-0.03525489245290481,-0.010003376814595621
1997-05,0.09218195166223775,-0.17999999999999972,0.01875163590657314,-0.0006242197253433224,0.09286413901493118,0.019387957977720305
1997-06,0.05337158450267476,-0.21999999999999975,0.021648823688001695,0.0012492192379762734,0.052057334241286446,0.020374152666556844
1997-07,0.05736463765800526,-0.27000000000000046,0.02535360538449205,0.0012476606363067688,0.05604704932447513,0.02407590618775135
1997-08,0.0034829891169256832,0.08000000000000007,-0.000705289569641776,0.0018691588785046953,0.001610819361110405,-0.00256964537268356
1997-09,0.011925175790518106,-0.08999999999999986,0.011901397883222531,0.0024875621890545485,0.009414195205430076,0.00939047630038603
1997-10,0.01645880023905577,-0.17999999999999972,0.01858550215713861,0.002481389578163906,0.013942813109750984,0.016064250914175293
1997-11,-0.011515474087780642,-0.15000000000000036,0.016276001727513645,-0.0006188118811880639,-0.010903409365853656,0.016905274793598712
1997-12,0.02635119783013118,-0.07000000000000028,0.010167043236969153,-0.0012383900928791824,0.027623796959492797,0.011419575218664102
1998-01,0.002375212582825137,-0.2699999999999996,0.02540669731549383,0.0018598884066955979,0.0005143675099610334,0.02350309577344767
1998-02,0.06402590931738916,0.03000000000000025,0.002334764529082989,0.0018564356435644136,0.06205427390790663,0.0004774425441618213
1998-03,0.05313198012516196,0.08000000000000007,-0.0014214294061016819,0.0018529956763433386,0.0511841404578528,-0.003268368809172917
1998-04,0.034065265640816245,-0.010000000000000675,0.0054665629566321705,0.0018495684340320562,0.03215622207347946,0.0036103169942507396
1998-05,-0.002211083138524139,0.010000000000000675,0.003942112990903857,0.0018461538461538307,-0.004049760503747946,0.002092096812173816
1998-06,0.0011720887990713802,-0.15000000000000036,0.016154071685974047,0.0012285012285011554,-5.634321172498513e-05,0.014907256874089558
1998-07,0.04468167792924849,-0.040000000000000036,0.00764107003431258,0.0012269938650306678,0.04340143077492353,0.0064062157818196575
1998-08,-0.0697052733057808,-0.1200000000000001,0.013773323781715252,0.001225490196078427,-0.0708439449418814,0.0125324751601954
1998-09,-0.048980104595112595,-0.5300000000000002,0.046184500281595264,0.001223990208078174,-0.050142720604164914,0.044905546124772044
1998-10,0.012910747178241033,-0.27999999999999936,0.026342663302971303,0.0024449877750611915,0.01044023316073317,0.023839388514427462
1998-11,0.1097451822651827,0.2999999999999998,-0.019826631121210303,0.0,0.1097451822651827,-0.019826631121210303
1998-12,0.04104226558199264,-0.17999999999999972,0.018303605545004764,-0.0006097560975609762,0.04167743474952279,0.018924901216478274
1999-01,0.05048270614189887,0.0699999999999994,-0.001659938868965094,0.0024405125076265577,0.04792523150734773,-0.004090468536965153
1999-02,-0.0006615398438730713,0.28000000000000025,-0.01792397750051844,0.0012172854534386879,-0.0018765410112360215,-0.019117990901733495
1999-03,0.029240669137426734,0.23000000000000043,-0.013600066914154274,0.003039513677811634,0.026121758018828434,-0.01658915762047508
1999-04,0.04250022106746987,-0.05000000000000071,0.008229476127630697,0.0072727272727270975,0.034973143659040584,0.0009498409209331982
1999-05,-0.0009883175002747269,0.3600000000000003,-0.023103374198436333,0.0,-0.0009883175002747269,-0.023103374198436333
1999-06,-0.006117671493740207,0.3600000000000003,-0.02236145084960528,0.0,-0.006117671493740207,-0.02236145084960528
1999-07,0.0452278636808523,-0.11000000000000032,0.013200912398631637,0.0030084235860408093,0.04209280710112573,0.010161917460423497
1999-08,-0.03774003512777868,0.15000000000000036,-0.006395681981138934,0.002399520095980767,-0.04004347011251164,-0.008774148331872289
1999-09,-0.005976190655547775,-0.020000000000000462,0.006447436763016068,0.004787552363854086,-0.010712456572614992,0.001651975480047474
1999-10,-0.012723658135479043,0.1900000000000004,-0.009171507562028003,0.0017867778439546456,-0.014484555296949586,-0.010938740307161021
1999-11,0.0710605644913842,-0.08000000000000007,0.011051889847617291,0.0005945303210466157,0.0704241648689885,0.01045114600338204
1999-12,0.0280883057752217,0.25,-0.013393389772955788,0.0,0.0280883057752217,-0.013393389772955788
2000-01,-0.001187965270195046,0.3799999999999999,-0.022293101576359997,0.002970885323826611,-0.004146531723778657,-0.025189152815766613
2000-02,-0.02477940907117593,-0.14000000000000057,0.015754565043198054,0.005924170616113722,-0.030522757663218436,0.009772500466971978
2000-03,0.03941093598872958,-0.2599999999999998,0.02460558129185042,0.008244994110718329,0.030911080203775088,0.01622679733268817
2000-04,0.014245498228413256,-0.2699999999999996,0.025368573243758963,0.0005841121495329116,0.01365341095565853,0.024769992640580885
2000-05,-0.02838908049123179,0.4500000000000002,-0.027925698159598777,0.0011675423234092097,-0.02952215444984263,-0.02905931250576832
2000-06,0.03163362660500435,-0.34000000000000075,0.030618221476395924,0.005247813411078717,0.026248068229456134,0.025237963939686248
2000-07,0.00849677449755415,-0.04999999999999982,0.008805131658411014,0.002320185614849146,0.006162291223254401,0.00646993459438705
2000-08,0.009390510673606522,-0.21999999999999975,0.021580323097527776,0.0,0.009390510673606522,0.021580323097527776
2000-09,-0.010803050906789902,-0.03000000000000025,0.0071166550043770815,0.005208333333333259,-0.0159284237000189,0.0018984339939918105
2000-10,-0.05214381132946566,-0.05999999999999961,0.009362213019551868,0.0017271157167531026,-0.053778046137518354,0.007621933341931841
2000-11,-0.007727239302836031,-0.020000000000000462,0.006294322953935394,0.0005747126436781436,-0.008297183450278411,0.005716325065966421
2000-12,-0.03320235019786555,-0.47999999999999954,0.04182818556326762,-0.0005743825387707346,-0.032646719364646026,0.04242693739405112
2001-01,0.004543815226946579,-0.08000000000000007,0.010566145799292048,0.006321839080459801,-0.0017668540863009508,0.004217643455607156
2001-02,-0.021368817212351843,-0.0600000000000005,0.008962355948550327,0.003997715591090856,-0.025265528406614446,0.004944872164909908
2001-03,-0.09080541195992087,-0.20999999999999996,0.020725749568679896,0.0022753128555175195,-0.09286941783515368,0.018408551499284664
2001-04,0.004480377413294656,0.25,-0.015316053231031579,0.0039727582292850006,0.0005056105156726609,-0.01921248490281391
2001-05,0.06878679299551016,0.25,-0.01488832582473587,0.0045223289994347216,0.06397514733205267,-0.019323268646008862
2001-06,-0.023892645449750782,-0.10999999999999943,0.012969481316577935,0.0016882386043894915,-0.025537770204610788,0.011262229381774569
2001-07,-0.026601150480024427,-0.040000000000000036,0.007488459908050027,-0.002808988764044895,-0.023859181889827386,0.01032645556976286
2001-08,-0.020457239588378306,-0.27000000000000046,0.02547230682633339,0.0,-0.020457239588378306,0.02547230682633339
2001-09,-0.11247206901428353,-0.23999999999999932,0.023109878479574908,0.004507042253521165,-0.1164542470557226,0.01851936864904391
2001-10,0.03184031500485007,-0.16000000000000014,0.016680620341481767,-0.0033651149747617737,0.035324300311563306,0.02011341928467214
2001-11,0.050531461992649795,0.08000000000000007,-0.002537713575557765,-0.0016882386043892694,0.052308008997146827,-0.0008509115128333411
2001-12,0.014660493827160614,0.4399999999999995,-0.030331224418192693,-0.003945885005637084,0.01868008831317658,-0.026489865375140753
2002-01,-0.002977134943718096,-0.04999999999999982,0.008137626359965955,0.002263723825693287,-0.005229021708385018,0.0058606356736645715
2002-02,-0.033527936861533214,-0.1299999999999999,0.014389930921724137,0.0039525691699606735,-0.03733294498412576,0.010396269776362876
2002-03,0.049452454716975236,0.3700000000000001,-0.024424618973944323,0.0056242969628796935,0.0435830338292964,-0.029880857122859705
2002-04,-0.03513685814191103,-0.07000000000000028,0.00981219527539956,0.005592841163311046,-0.04050317150040994,0.004195887181543068
2002-05,-0.028195969570426693,-0.04999999999999982,0.008216341124557491,0.0,-0.028195969570426693,0.008216341124557491
2002-06,-0.0592016060535866,-0.23000000000000043,0.02231183127311631,0.0005561735261401246,-0.05972456235928214,0.021743564552008543
2002-07,-0.10759156624129695,-0.27999999999999936,0.02631949751445184,0.0011117287381878782,-0.1085825806041606,0.025179775696001494
2002-08,0.011380530255240995,-0.39000000000000057,0.03537440932092428,0.003331482509716821,0.008022321521687248,0.03193653081736847
2002-09,-0.047584607236133114,-0.3899999999999997,0.03562618700426867,0.0016602102933038765,-0.04916319628491306,0.033909679511996416
2002-10,-0.013661784645640496,0.06999999999999984,-0.0025134900898298174,0.0016574585635360517,-0.015293894213243009,-0.004164046918142428
2002-11,0.06626454333064213,0.10999999999999988,-0.005688202509760876,0.0,0.06626454333064213,-0.005688202509760876
2002-12,-0.010342370658548816,-0.019999999999999574,0.005007707583082777,-0.0022062879205736463,-0.008154072970673831,0.00722994684805367
2003-01,-0.0022205416787145493,0.019999999999999574,0.0017271449982252385,0.004422332780541716,-0.006613626800657468,-0.0026833212428236664
2003-02,-0.06414370869798192,-0.1499999999999999,0.0156947309972999,0.007705008255366019,-0.07129935483573635,0.007928632562585358
2003-03,0.013083959555412195,-0.08999999999999986,0.010672974350277808,0.006007646095030017,0.00703405534525503,0.004637467988794164
2003-04,0.052856947873070714,0.1499999999999999,-0.009110303520204144,-0.0021715526601518986,0.055148257879323204,-0.006953851514807541
2003-05,0.05312055648561165,-0.3900000000000001,0.035829889850980345,-0.0016322089227421843,0.054842279466242205,0.03752334471177221
2003-06,0.05704036497286191,-0.23999999999999977,0.023220708935931755,0.0010899182561308063,0.055889531695809236,0.02210669618804295
2003-07,0.005970816464237361,0.6499999999999999,-0.050411715401701085,0.0010887316276537717,0.0048767753370331235,-0.0514444378428085
2003-08,-0.001651486757880516,0.4700000000000002,-0.034311820282291294,0.0038064165307232223,-0.0054372070139449,-0.03797369311979071
2003-09,0.03162359908239276,-0.1800000000000006,0.018239784369447065,0.003250270855904569,0.028281405996812836,0.014940951374729616
2003-10,0.02030008850174836,0.020000000000000462,0.0019452235199675094,-0.001079913606911398,0.021403115624452962,0.0030284075453943515
2003-11,0.01212725582629215,0.009999999999999787,0.0027688186955976413,-0.002702702702702675,0.01487014811850429,0.005486349369569377
2003-12,0.030659269136743328,-0.03000000000000025,0.006005241839352138,-0.0010840108401083404,0.031777727377803267,0.007096945845688873
2004-01,0.04936580791629641,-0.11999999999999922,0.01330006242355708,0.004883342376559741,0.04426629805061277,0.00837581805972798
2004-02,0.010882074194421776,-0.07000000000000028,0.009159529347856576,0.005399568034557323,0.005453061980702945,0.003739768180574865
2004-03,-0.015636661535590846,-0.25,0.024000109950226056,0.0064446831364124435,-0.02193994865489335,0.017443012127706048
2004-04,0.009695704352192802,0.5199999999999996,-0.038632812461642185,0.0032017075773744796,0.006473271253196522,-0.04170100561336021
2004-05,-0.025628318549367424,0.3700000000000001,-0.025631105450244274,0.005851063829787284,-0.0312962659295668,-0.03129903661896316
2004-06,0.028591378153394187,0.010000000000000675,0.00314299117446204,0.0031729243786355887,0.02533805803271938,-2.983852877813664e-05
2004-07,-0.022374063742049866,-0.23000000000000043,0.022313138799025856,-0.001581444385872377,-0.020825553811335107,0.02393243099353315
2004-08,-0.013861634840971915,-0.21999999999999975,0.021502432505913438,0.000527983104540608,-0.01438202447957826,0.020963381090343125
2004-09,0.02784052993430919,-0.15000000000000036,0.015755148912651284,0.0021108179419524475,0.025675515653246883,0.013615590937058553
2004-10,0.0010329120165741834,-0.03000000000000025,0.005882764876544044,0.00526592943654558,-0.004210843415676124,0.0006136042433511069
2004-11,0.047745922630680226,0.09000000000000075,-0.0038760714118055706,0.0005238344683080598,0.04719736455600443,-0.004397602264469613
2004-12,0.02728112649066672,0.040000000000000036,0.000256460290403826,-0.003664921465968529,0.031059879977495264,0.0039358061769161345
2005-01,-0.013473916624740956,-0.010000000000000675,0.004334176889257524,0.0021019442984759884,-0.015543190003608709,0.0022275504039104277
2005-02,0.016830642104678883,-0.04999999999999982,0.0075719517031356265,0.0057682223387520715,0.010998975231294228,0.0017933847225648503
2005-03,-0.002537587978515665,0.33000000000000007,-0.02288406871164561,0.007820646506777829,-0.010277855014378168,-0.03046644789908748
2005-04,-0.024072911726690238,-0.16000000000000014,0.016625028876042336,0.0067252974650799935,-0.030592465759348375,0.009833597542338257
2005-05,0.013375404465894913,-0.20000000000000018,0.01986042663239007,-0.0010277492291880241,0.014417971754439929,0.020909665754439866
2005-06,0.0218234771587964,-0.13999999999999968,0.014894931023577751,0.0005144032921811093,0.02129811804457593,0.014373134143873978
2005-07,0.018090386081652587,0.17999999999999972,-0.01125891562119996,0.004627249357326502,0.013401126370938599,-0.01581299431076455
2005-08,0.003112454727931091,0.08000000000000007,-0.002978083963266598,0.0051177072671442225,-0.001995042495734456,-0.008054570297465702
2005-09,0.0028091570214632267,-0.05999999999999961,0.008409569245088733,0.012219959266802416,-0.009297190950626866,-0.0037643893373469073
2005-10,-0.0262252022970505,0.2599999999999998,-0.017306144830169012,0.002012072434607548,-0.028180573376775153,-0.01927942566384333
2005-11,0.03963290155150623,0.08000000000000007,-0.002661627552325574,-0.008032128514056214,0.04805098172601241,0.005413986799477355
2005-12,0.02145814644501387,-0.07000000000000028,0.009382401018903419,-0.004048582995951344,0.02561041533300168,0.013485581510850109
2006-01,0.014680027432885767,-0.04999999999999982,0.007733584168787111,0.007621951219512146,0.0070046868320319255,0.00011078852454526888
2006-02,-0.0001542328890555833,0.15000000000000036,-0.008259435736805654,0.0020171457387794245,-0.0021670074579752674,-0.010255893843022279
2006-03,0.014873562318045819,0.14999999999999947,-0.008052249957306246,0.005535983895319729,0.009286170333311583,-0.013513423756340237
2006-04,0.007997485326778797,0.27000000000000046,-0.017153002259227557,0.008508508508508372,-0.0005067118198985865,-0.02544501166944735
2006-05,-0.007852277352419557,0.1200000000000001,-0.005162122891899101,0.00496277915632759,-0.012751772279074314,-0.0100749025319391
2006-06,-0.027043718007353834,0.0,0.004258333333333253,0.0019753086419753707,-0.028961818119709992,0.0022785239034004423
2006-07,0.007215036002031994,-0.020000000000000462,0.005813161715978454,0.0029571217348447476,0.004245360220207717,0.0028476192244326626
2006-08,0.02293213990985854,-0.20999999999999996,0.02072496946671798,0.0019656019656020263,0.020925406923277157,0.018722566387822992
2006-09,0.025325978583174757,-0.16000000000000014,0.016717955510015647,-0.004904364884747436,0.030379334810790137,0.021728886784091683
2006-10,0.03617557333009547,0.010000000000000675,0.00314299117446204,-0.005421389847215297,0.04182370579126049,0.008611064961835169
2006-11,0.0200323216320224,-0.13000000000000078,0.01427776593418062,-0.0014866204162538033,0.02155098017539525,0.015787856900832065
2006-12,0.02149825248684567,-0.040000000000000036,0.007019540369338495,0.0014888337468983437,0.01997967232953113,0.00552248456105886
2007-01,0.006940228024016726,0.20000000000000018,-0.01198506755959794,0.0030525272547075044,0.0038758695718055236,-0.014991831839018865
2007-02,0.015972378259621056,-0.040000000000000036,0.0071294888775039755,0.005350367559876723,0.010565481490323991,0.0017696530234980745
2007-03,-0.024727182539682424,-0.16000000000000014,0.01667816147735368,0.009105695851085338,-0.03352758638651121,0.007504135253028954
2007-04,0.04181602441846244,0.13000000000000078,-0.006493362784527723,0.006496162686508988,0.03509189904676702,-0.012905688022064044
2007-05,0.03393043674977769,0.05999999999999961,-0.0008293630967430854,0.006110718674704696,0.027650752107798215,-0.006897930458975354
2007-06,0.003461514706336377,0.34999999999999964,-0.02323874303320994,0.0019379751766057662,0.0015205926589039187,-0.0251280207294049
2007-07,0.005761055966116091,-0.09999999999999964,0.012056182440661534,-0.0002543772078021922,0.006016963752357052,0.012313691971045149
2007-08,-0.041996282438247046,-0.33000000000000007,0.030320025698046482,-0.0018339022270870142,-0.04023616941185393,0.03221300342385369
2007-09,0.030762902567909922,-0.15000000000000036,0.01586200781487812,0.002755907405358915,0.02793002260641808,0.013070080477941337
2007-10,0.0299302438459621,0.010000000000000675,0.002969012024893747,0.002139191328121237,0.02773172904355703,0.0008280493408034939
2007-11,-0.0480495693854488,-0.3799999999999999,0.03462380878570892,0.005939617873415681,-0.05367040555873437,0.028514823755457996
2007-12,0.012396444784598115,-0.05000000000000071,0.007526830349795954,-0.000670863129647814,0.013076080174315274,0.008203196701656257
2008-01,-0.06634126994857659,-0.35999999999999943,0.03320593476902256,0.004970576472604682,-0.07095913859635794,0.028095706439010826
2008-02,-0.015628173141083335,0.0,0.0031166666666666565,0.0029041121849535667,-0.018478621336652012,0.0002119389871182431
2008-03,-0.02625467141989013,-0.23000000000000043,0.02235510302419863,0.008668212930989627,-0.03462276683568799,0.013569268782088084
2008-04,0.04244667351756504,0.17000000000000037,-0.011181732963435831,0.006064778389719416,0.036162577111662264,-0.0171425456129769
2008-05,0.0256343525295053,0.19999999999999973,-0.013374982136979519,0.00842088603175628,0.017069724294868527,-0.021613860314322553
2008-06,-0.04245770442268504,0.21999999999999975,-0.0146680535391015,0.010076996934894167,-0.0520105907935704,-0.024498182365389143
2008-07,-0.06078181629905777,-0.08999999999999986,0.010770696263059598,0.005251011128121874,-0.0656878995357345,0.0054908526067964925
2008-08,0.02110844231647846,-0.11999999999999966,0.013202052215103732,-0.00399156225564179,0.02520059431320054,0.017262518889582523
2008-09,-0.04847232735322193,-0.20000000000000018,0.01983004998402338,-0.0013830185406644713,-0.04715452439407064,0.021242447223046357
2008-10,-0.20194635039328745,0.1200000000000001,-0.006822299133703913,-0.01010133328457874,-0.19380268259706712,0.003312494764494467
2008-11,-0.08606666896045512,-0.28000000000000025,0.026573705738829112,-0.019152895328595876,-0.06822039165245453,0.04661949946087063
2008-12,-0.003526642809687841,-1.1099999999999999,0.1007174876584529,-0.010342473814287434,0.006887060244839205,0.11222060009060097
2009-01,-0.010991334558953736,0.10000000000000009,-0.006749889604010906,0.004352417375421025,-0.015277258927171355,-0.011054194511170179
2009-02,-0.06706132817815158,0.3500000000000001,-0.02807505722591186,0.004972933035904736,-0.07167781225355918,-0.032884458053992094
2009-03,-0.056913345669353355,-0.050000000000000266,0.006712652602768321,0.0024317484554154944,-0.05920113186380016,0.0042705193185959
2009-04,0.12315623179345403,0.11000000000000032,-0.007106591203650314,0.002496368277788097,0.12035940212227425,-0.00957904665324183
2009-05,0.06654352283073606,0.3599999999999999,-0.027984245500816796,0.0028887638341774657,0.06347140509700999,-0.03078408139399491
2009-06,0.028637204818209083,0.43000000000000016,-0.03287328597366512,0.008589892263953347,0.01987657491714101,-0.04111004735983148
2009-07,0.012725732686428959,-0.16000000000000014,0.016451863007615808,-0.0015855869221532704,0.014334047486818768,0.018066095294202
2009-08,0.0811572857078402,0.029999999999999805,0.00046671534577247265,0.002242850044810618,0.0787378384984252,-0.0017721600098805634
2009-09,0.03645694063429472,-0.18999999999999995,0.01896674108695473,0.0006254806934959944,0.035809062063825614,0.018329795460282572
2009-10,0.02399145831006444,-0.009999999999999787,0.0036745227795020874,0.000963101185818438,0.023006199825912566,0.002708812732928445
2009-11,0.020904491026065175,0.009999999999999787,0.0019842066094584165,0.0007077533687673832,0.02018245345787295,0.0012755504655519445
2009-12,0.022220537281608888,0.18999999999999995,-0.012999691698996063,-0.001761198169463296,0.02402404655789314,-0.011258321665040483
2010-01,0.013556920453658305,0.14000000000000012,-0.008598472246812427,0.0034174735701484327,0.010104913608324884,-0.01197502149749119
2010-02,-0.028997341829983814,-0.040000000000000036,0.006426009996804538,0.0002492073820765661,-0.02923926257198095,0.006175263693429356
2010-03,0.059417349149803345,0.040000000000000036,-0.00023646826099399387,0.004106283536571276,0.055084871512227185,-0.004324992153489582
2010-04,0.04088267773871701,0.1200000000000001,-0.0067704850712621,0.001736884910697345,0.03907791898020152,-0.008492619279680258
2010-05,-0.058820718122325144,-0.43000000000000016,0.039328421597482954,0.000775197354237811,-0.05954975266585083,0.03852336103569387
2010-06,-0.035432184357575114,-0.21999999999999975,0.021522802556817933,-0.0009762670846739097,-0.034489588322744624,0.02252105620737921
2010-07,-0.0015827815520438326,-0.1900000000000004,0.018938885086049906,0.00021104305737162932,-0.0017934461150641567,0.01872389048158518
2010-08,0.00864409046942849,-0.3099999999999996,0.02945201965776434,0.0013806642784079948,0.007253411664638554,0.0280326516985272
2010-09,0.033719465087189926,-0.050000000000000266,0.006606134301998967,0.0005817362307156682,0.033118462646847036,0.006020895498230594
2010-10,0.04578377259692323,-0.10999999999999988,0.011842324885444233,0.0012451988884769616,0.04448318329804768,0.010583946878079065
2010-11,0.024918154211501786,0.21999999999999975,-0.016950058159637682,0.0004206464238194485,0.024487207331489014,-0.017363400731034262
2010-12,0.03714616575888252,0.5300000000000002,-0.04249370402435071,0.001718440789203024,0.03536694896199344,-0.04413629919672957
2011-01,0.03463759322055138,0.10000000000000009,-0.0056702277950224644,0.004763230053974166,0.029732739289207943,-0.010383996484859548
2011-02,0.031523799375930084,0.18999999999999995,-0.01301545762707046,0.00493136502545144,0.026461940860811994,-0.017858754614617278
2011-03,-0.011109891607121058,-0.16999999999999993,0.017270092410382354,0.0097510720305094,-0.020659511255265217,0.007446409900563777
2011-04,0.02222920664610517,0.04999999999999982,-0.0013504456581596713,0.006439429535457064,0.015688750507257154,-0.007740033791414858
2011-05,0.006611332664084868,-0.29000000000000004,0.027532413996994354,0.004704187527233561,0.0018982155748201723,0.02272134102072898
2011-06,-0.03660711394719207,-0.16999999999999993,0.017207926474359425,-0.0010709670566992902,-0.03557424573574264,0.0182984906116912
2011-07,0.031035482810141346,0.0,0.0024999999999999467,0.0008860456667936223,0.030122747013884066,0.0016125255619194867
2011-08,-0.1039888619745094,-0.7000000000000002,0.06451643362379311,0.0027575889023645495,-0.10645289754797116,0.06158900755767993
2011-09,-0.00787276464947273,-0.31999999999999984,0.030707364784810398,0.0015184621156945077,-0.009376988163881106,0.029144647625820808
2011-10,0.030218638664561537,0.16999999999999993,-0.013520171832109074,-0.0020626826333582926,0.03234804504866484,-0.011481171211218721
2011-11,0.017699986562331516,-0.14000000000000012,0.014369363579847194,-0.0008435613304419443,0.018559203719354933,0.015225768780058324
2011-12,0.015575822312095422,-0.029999999999999805,0.0043741279485760565,-0.0024665163771382392,0.01808695044872799,0.006857558606323977
2012-01,0.04784613418553185,-0.010000000000000009,0.002550144020880829,0.004400191428267641,0.043255609793825034,-0.001841942507752825
2012-02,0.04164573583409803,0.0,0.0016416666666667634,0.004402973551276279,0.03707950221527345,-0.0027492022199480104
2012-03,0.0288572681991488,0.19999999999999996,-0.016188417000667088,0.0075945586239309915,0.021102445813379722,-0.023603715821052473
2012-04,-0.00036270830733997617,-0.1200000000000001,0.012568426170794122,0.0030210295040804525,-0.0033735462287300955,0.009518640572704795
2012-05,-0.03089008781146141,-0.24999999999999978,0.024397785812035222,-0.0011734793663211729,-0.029751521241433765,0.02560130778479275
2012-06,-0.011504022307216366,-0.17999999999999994,0.01797973968729072,-0.0014663968844504938,-0.01005236618121541,0.01947469420264558
2012-07,0.029237523632980933,-0.09000000000000008,0.009626024902084973,-0.0016297858618254946,0.03091769872306549,0.01127418527166979
2012-08,0.033902951621259225,0.1499999999999999,-0.012418143226093026,0.005565158181437102,0.02818096192898234,-0.017883775368721877
2012-09,0.030236797415891914,0.040000000000000036,-0.002244422002429358,0.004462212267611232,0.02566008440486134,-0.006676840789162308
2012-10,-0.002139401945071895,0.030000000000000027,-0.0012960082780467674,-0.00038892514055322014,-0.0017511578738408362,-0.0009074360621915689
2012-11,-0.028342869374778812,-0.10000000000000009,0.010600406643650917,-0.00473808669488196,-0.02371715662413809,0.01541151443000155
2012-12,0.02178841791501429,0.07000000000000006,-0.0050027385042513695,-0.002693064490207231,0.02454759064992107,-0.0023159109114823107
2013-01,0.04270441018045257,0.18999999999999995,-0.01571907408207407,0.002957304192926058,0.03962990829356472,-0.01862130939863771
2013-02,0.023346355339397773,0.07000000000000006,-0.004706298546677257,0.008190029529268728,0.015033203430116826,-0.012791564782650533
2013-03,0.027240336527122988,-0.020000000000000018,0.0034511580252754026,0.0026145085843749527,0.024561611398899563,0.0008344677178886428
2013-04,0.014558691510710764,-0.19999999999999996,0.019820122666714957,-0.0010396394770870732,0.01561456450547527,0.0208814713457528
2013-05,0.04576321243889825,0.16999999999999993,-0.013865390445502945,0.0017804077735872337,0.043904636509173534,-0.015617991825037092
2013-06,-0.01115810079032098,0.3699999999999999,-0.03117178158210021,0.002399708085599528,-0.013525351979414957,-0.033491120754429504
2013-07,0.032564162227425086,0.28000000000000025,-0.02255937333806035,0.0003939975332329926,0.032157494720597146,-0.022944330861532247
2013-08,0.002544093401837033,0.16000000000000014,-0.011729928211722584,0.0012029315570472043,0.0013395504572724093,-0.012917321115567315
2013-09,0.01194346811648872,0.06999999999999984,-0.0037689263998492706,0.001163004485263519,0.010767940468163761,-0.004926201690451437
2013-10,0.021185212844915036,-0.18999999999999995,0.01891870202142476,-0.002575283259804717,0.023821844101050926,0.02154948129967793
2013-11,0.0386094686978975,0.10000000000000009,-0.006499894665132566,-0.002042424190523473,0.04073509122414043,-0.004466593152512965
2013-12,0.015225805607574472,0.17999999999999972,-0.013229823065113111,-8.58114978825597e-05,0.015312931131014285,-0.013145139571346998
2014-01,0.009697130058844428,-0.040000000000000036,0.005866884641855474,0.003720247673236088,0.005954729317719343,0.0021386805472896064
2014-02,-0.0012814579873229315,-0.1499999999999999,0.015414386083894893,0.003697908650968751,-0.004961021234949348,0.011673310596685305
2014-03,0.027241649422504066,0.010000000000000231,0.0013900105334867519,0.006440044126228228,0.020668499249088867,-0.005017719259298614
2014-04,0.0020343817673602604,-0.010000000000000231,0.0031354035167041605,0.003296754453157691,-0.0012582246281515053,-0.00016082074993006845
2014-05,0.015337482730711116,-0.1499999999999999,0.015383037843089697,0.0034926098400485106,0.01180364735575945,0.011849043915666213
2014-06,0.03198008223222937,0.040000000000000036,-0.0013599041381759935,0.0018621269440941557,0.03006197607249783,-0.0032160424030580614
2014-07,0.014974055299618039,-0.06000000000000005,0.0074215711496361525,-0.0003901939641608454,0.015370246641245977,0.007814814407209658
2014-08,-0.004253881371108048,-0.1200000000000001,0.012687025692805776,-0.0016705141657922251,-0.002587689978080898,0.01438156446576433
2014-09,0.017796057159462197,0.10999999999999988,-0.007621933544539883,0.0007525688243108508,0.01703067158266114,-0.008368204718863903
2014-10,-0.02645259759842622,-0.22999999999999998,0.022485161524008257,-0.0025122778125539202,-0.024000616000939057,0.025060398018477814
2014-11,0.057070143954006225,0.03000000000000025,-0.0007373548405974484,-0.005399417941061246,0.06280869227499175,0.004687372181919391
2014-12,0.006351783830667035,-0.1200000000000001,0.012619144792338721,-0.005670100910010967,0.012090438748427967,0.01839353892414186
2015-01,-0.011081930699361697,-0.33000000000000007,0.031675953802504875,-0.004705892373473297,-0.006406185143699172,0.0365538647292285
2015-02,0.028292744124179148,0.10000000000000009,-0.007430426495253162,0.0043430449237722435,0.0238461343675902,-0.01172255981512671
2015-03,0.0005719111196489379,0.06000000000000005,-0.003732642626293692,0.00595172161109736,-0.00534798079855392,-0.009627066616955449
2015-04,0.008796516649919983,-0.10000000000000009,0.01071449858220741,0.002032873254587786,0.006749921660118785,0.008664012488354578
2015-05,0.009801370974671153,0.26000000000000023,-0.02152900147055392,0.0050972320254947245,0.00468028246351504,-0.02649120169437824
2015-06,-0.004342768576127476,0.1599999999999997,-0.012301084814837826,0.003502869998528224,-0.007818252253396385,-0.01574878885337838
2015-07,-0.0007861123416859073,-0.040000000000000036,0.0055070611790184465,6.7047159295619e-05,-0.000853102302895481,0.005439649306689276
2015-08,-0.02423376130005106,-0.1499999999999999,0.015305896083833703,-0.0014162762828194841,-0.022849846713197564,0.01674588917232267
2015-09,-0.04506046953972542,0.0,0.0018083333333334117,-0.0015567565753034085,-0.04357154325087398,0.0033703367024593422
2015-10,0.043183764969550786,-0.10000000000000009,0.010766431897460516,-0.00044968375044651676,0.04365307880019076,0.011221161621949527
2015-11,0.02933677179038474,0.18999999999999995,-0.015140411960573474,-0.0021106803790814643,0.03151396808356721,-0.01305729135014877
2015-12,-0.011017949777790581,-0.019999999999999574,0.003660347433518396,-0.0034170964371187385,-0.007626915245583787,0.007101711102342367
2016-01,-0.0641895912308944,-0.15000000000000036,0.015290863406994148,0.0016531022090686687,-0.06573402837244957,0.013615253791805282
2016-02,-0.005491996478913963,-0.30999999999999983,0.029903870881746064,0.000823076533454925,-0.006309879498624604,0.029056878313615808
2016-03,0.063634422378817,0.10999999999999988,-0.008456618788103332,0.004306000143392774,0.059074049370364756,-0.012707898717795096
2016-04,0.028320570626265695,-0.07999999999999985,0.00883210787796962,0.004741067979104008,0.0234682381348148,0.004071735523953679
2016-05,-0.0030358899906101078,0.0,0.0015083333333332227,0.004045790998115084,-0.007053145436410113,-0.0025272330082269923
2016-06,0.010672702185858363,-0.17000000000000015,0.01705741094509916,0.0032843661672818936,0.007364149455254765,0.013727957139841207
2016-07,0.03298198721301682,-0.1399999999999999,0.014259304919357785,-0.001618136404749948,0.03465620208000275,0.01590317483025161
2016-08,0.011999937952750894,0.06000000000000005,-0.004259299500541935,0.0009184301078843937,0.011071339593249352,-0.005172978589142674
2016-09,-0.00437941914829898,0.06999999999999984,-0.005105673482013184,0.002403995864628916,-0.006767146819957381,-0.007491659428357167
2016-10,-0.005051183853514107,0.13000000000000012,-0.010463079733364689,0.0012467485130143174,-0.00629009020591742,-0.01169524721430526
2016-11,0.012020290161651292,0.3800000000000001,-0.032459463777804176,-0.0015554608673349346,0.013596900475593143,-0.03095214776507782
2016-12,0.03946823464927496,0.3500000000000001,-0.028943692127332277,0.0003273213923173923,0.03912810579089143,-0.029261435625799415
2017-01,0.014384755042985198,-0.06000000000000005,0.007357647465936035,0.0058277278902547636,0.00850744806039394,0.0015210552794069354
2017-02,0.025772755332075237,-0.010000000000000231,0.0029058632521781202,0.0031461173864164582,0.0225556751439262,-0.00023950063711986047
2017-03,0.017500675991776626,0.06000000000000005,-0.0032533454954395413,0.0008127978719472129,0.01667432526373891,-0.0040628410987876284
2017-04,-0.0015301825515531275,-0.18000000000000016,0.018013749598499107,0.002965533365326678,-0.004482423141496161,0.015003722194400826
2017-05,0.016933623248605256,0.0,0.0019166666666665666,0.0008547218268963874,0.016065170170111776,0.0010610379474773612
2017-06,0.017774020498048326,-0.10999999999999988,0.011713777604420272,0.0009071110148610728,0.016851623190173193,0.010796872627472753
2017-07,0.00988968273858526,0.1299999999999999,-0.009681282165143301,-0.0006899226388520363,0.010586909525994725,-0.008997567151563746
2017-08,0.0024888055815890375,-0.10999999999999988,0.011721021615199279,0.0029944522971085963,-0.0005041371010193751,0.008700516037855044
2017-09,0.016543374236292818,-0.009999999999999787,0.0027318846719444068,0.005294905893230117,0.011189222463102055,-0.002549521743580696
2017-10,0.02735646001258729,0.1599999999999997,-0.012301084814837826,-0.0006320421037276924,0.02800620321591296,-0.01167642270187863
2017-11,0.015903945595967528,-0.009999999999999787,0.002850491755717721,2.4324685907517463e-05,0.01587923465266461,0.002826098325856119
2017-12,0.028843002610261292,0.04999999999999982,-0.002450207169756524,-0.0005878322772623346,0.029448145457929398,-0.0018634703004845043
2018-01,0.04863013812885075,0.18000000000000016,-0.013734597145895977,0.0054477454527752656,0.04294842061297732,-0.01907840828668128
2018-02,-0.028856210321727693,0.2799999999999998,-0.022001525826321644,0.004534689974865724,-0.033240166447043196,-0.02641642550129486
2018-03,0.0006567695318082656,-0.020000000000000018,0.004110083938780873,0.002261125904149175,-0.001600736904660005,0.001844786739547244
2018-04,-0.01662954425768126,0.03000000000000025,-0.0002197668098401495,0.003975091563348965,-0.02052305479904437,-0.00417824944905465
2018-05,0.019626574415674503,0.10599999999999987,-0.006701171589098998,0.004158916925434797,0.015403595217377664,-0.010815109373111587
2018-06,0.02113987712953458,-0.06599999999999984,0.00815934729909329,0.001593875701543901,0.019514897107672624,0.00655502370454375
2018-07,0.015821034605866036,-0.020000000000000018,0.004147650587152496,6.746326228523891e-05,0.015752508627959516,0.004079912080688475
2018-08,0.024521472582962334,0.0,0.0024083333333333456,0.0005555423283571947,0.023952623558343378,0.0018517622726517136
2018-09,0.01681059922131789,0.10999999999999988,-0.007016893601056173,0.0011620251758901468,0.015630411114203602,-0.00816942569861201
2018-10,-0.038476362800850206,0.1499999999999999,-0.010261589612464928,0.001766763455725906,-0.04017215156724918,-0.012007139293279678
2018-11,-0.020747022035857654,-0.029999999999999805,0.0051809433745448885,-0.0033493485181009808,-0.017456140215117988,0.00855895882871538
2018-12,-0.05561073920797488,-0.29000000000000004,0.0276497972023233,-0.0031939628151310684,-0.052584730065316165,0.030942589497714
2019-01,0.017369239484994914,-0.1200000000000001,0.012783175533782387,0.0019065966652469513,0.015433217897969698,0.010855881081866414
2019-02,0.058301703150575035,-0.029999999999999805,0.004868275225104357,0.004227053140096748,0.05384703572901506,0.0006385230142949005
2019-03,0.019492218600340117,-0.11000000000000032,0.011853517050087525,0.005641358356806014,0.013773160907150972,0.006177310272353909
2019-04,0.03724346261327938,-0.040000000000000036,0.0056466121980145445,0.0052950016128905375,0.03178018487024303,0.0003497586127056973
2019-05,-0.015307006245804833,-0.1299999999999999,0.013570538641366703,0.0021287585893843275,-0.017398727145334192,0.01141747500399859
2019-06,0.014058558042141511,-0.33999999999999986,0.032472227564915856,0.00019914718148150712,0.01385665134759928,0.0322666545701209
2019-07,0.038284420971915756,-0.43000000000000016,0.04106580377046187,0.0016709416224534035,0.03655240241885993,0.039329145441914015
2019-08,-0.03133354571101832,0.0,0.0013583333333333503,-5.066823608290694e-05,-0.031284462603472285,0.0014090729646578648
2019-09,0.03086322955310239,0.07000000000000006,-0.005025598569899814,0.0007834485769300237,0.030056233462838033,-0.005804499619862846
2019-10,0.00010752846821771023,0.010000000000000009,0.0005051189267946121,0.002286190552229783,-0.002173692608507083,-0.0017770090441472375
2019-11,0.044346437494962476,0.10000000000000009,-0.00764638484746194,-0.0005362430346691482,0.044906761467678136,-0.0071139566224804884
2019-12,0.02470232406273931,0.050000000000000044,-0.0030163904998957713,-0.0009097695250538385,0.025635415907948378,-0.0021085392596027486
2020-01,0.03347569736239442,-0.10000000000000009,0.01064339466669062,0.003879769937814803,0.029481545809427967,0.006737484837745944
2020-02,0.0012321277449356405,-0.26,0.025410137707378544,0.002740618131495287,-0.00150436748974081,0.02260756088461391
2020-03,-0.18916572657958652,-0.63,0.06108508010021829,-0.002176451031784654,-0.18739713623832122,0.06339951707635838
2020-04,0.043187184387533106,-0.20999999999999996,0.02087776762849458,-0.006686941866997254,0.05020987678171873,0.02775027396428431
2020-05,0.05887465317710361,0.010000000000000009,-0.0004091813812556744,1.9501616683959e-05,0.058854003812196964,-0.00042867463809115325
2020-06,0.0650836642585555,0.05999999999999994,-0.005179722889471883,0.005472046927775365,0.05928719501742852,-0.010593800046250657
2020-07,0.03475692281884557,-0.10999999999999999,0.011185445527223337,0.005058243501669724,0.0295492122065526,0.006096365126269765
2020-08,0.05892786080767487,0.030000000000000027,-0.0023637237486533458,0.0031532105240814623,0.055599333878874724,-0.005499592898528971
2020-09,-0.0062768239816101135,0.030000000000000027,-0.0023344557670187394,0.0013927469432666317,-0.007658904009728462,-0.0037220188798676723
2020-10,0.01725529955814209,0.10999999999999999,-0.009922002482631087,0.0004149377593360981,0.0168333769950737,-0.01033265283415219
2020-11,0.03953652509627603,0.07999999999999996,-0.006939772076218209,-0.0006106272178441063,0.04017168223668044,-0.006333011967852631
2020-12,0.042596334174088035,0.06000000000000005,-0.004956772808656584,0.0009414784670425114,0.04161567544472278,-0.005892703422314294
2021-01,0.027948145661750967,0.15000000000000002,-0.01332512498476035,0.00425378348702754,0.023593998413877548,-0.01750444833849607
2021-02,0.024910559530026744,0.17999999999999994,-0.015871588068028908,0.005474382793923205,0.019330354973436492,-0.02122975107793179
2021-03,0.008208959754597123,0.3500000000000001,-0.03100951946786945,0.007083273133749568,0.0011177691566108816,-0.03782486872519031
2021-04,0.06021650665755507,0.029999999999999805,-0.0014022882059978592,0.008218909154060094,0.05157371780214204,-0.009542766231324218
2021-05,0.007603869059645829,-0.019999999999999796,0.0031977488541434784,0.008017105154762838,-0.00040994948697181677,-0.004781026309944814
2021-06,0.018105771885256416,-0.10000000000000009,0.01055006162020744,0.00929066290235725,0.008733964661428839,0.0012478057750267002
2021-07,0.030691120671741734,-0.19999999999999996,0.01984717906753497,0.004810523526293853,0.025756693963178368,0.014964667655421593
2021-08,0.021860463235366945,-0.040000000000000036,0.004823375704139599,0.00206591136361145,0.01975374239087624,0.0027517794081786118
2021-09,-0.000836323339453382,0.09000000000000008,-0.007274169012023712,0.002715970859058281,-0.0035426724035005908,-0.009963080434954197
2021-10,0.004528900389607626,0.20999999999999996,-0.0181221283359978,0.008308118552003085,-0.003748078680376632,-0.026212470574923485
2021-11,0.04745455603540116,-0.020000000000000018,0.0031530998335138616,0.004913427504347645,0.042333127776690516,-0.0017517207180776095
2021-12,0.002660836695107971,-0.09000000000000008,0.009600248372168219,0.003072517161483601,-0.00041041944558561916,0.006507736079896631
2022-01,-0.020510182908596075,0.29000000000000004,-0.025145844533403183,0.008414573783545265,-0.028683398122278603,-0.03328037811971585
2022-02,-0.02901614628543392,0.16999999999999993,-0.013865390445502945,0.009133979256476854,-0.03780481712648254,-0.022791195396002384
2022-03,-0.00891598693070117,0.19999999999999996,-0.01625612761334705,0.013351379548562692,-0.02197398348555435,-0.0292174143731857
2022-04,0.0011959861300483432,0.6200000000000001,-0.051984101136968164,0.005582531025655202,-0.004362192818855748,-0.057247048736922324
2022-05,-0.07871433516612514,0.1499999999999999,-0.010622074776483137,0.011023523999598828,-0.08875941759566774,-0.021409589650745464
2022-06,-0.03367975460932493,0.2400000000000002,-0.018011538273843053,0.013736075758819855,-0.04677334811494427,-0.03131743536787779
2022-07,0.004656103025428404,-0.2400000000000002,0.023278652975706526,-0.00011811913833770227,0.004774786157392796,0.02339953604707956
2022-08,0.0644831580386378,0.0,0.0024166666666667336,-0.0003543992763505033,0.06486054384479067,0.0027720483549482644
2022-09,-0.07276536919414611,0.6200000000000001,-0.049419101731274395,0.0021507845130008807,-0.07475537101290874,-0.05145920857541997
2022-10,-0.030900196717573047,0.45999999999999996,-0.03470649602787046,0.004056494434112379,-0.034815462422148946,-0.03860638388064974
2022-11,0.05286288263722905,-0.08999999999999986,0.010711955827994668,-0.00101002644188819,0.0539273771559865,0.011733833752237244
2022-12,0.00011973171344270561,-0.27,0.02570958339297702,-0.0030700914645410693,0.0031996463850401113,0.02886830318873357
2023-01,0.013773722005842037,-0.0900000000000003,0.010537679225576024,0.007995363834540026,0.005732524551819829,0.0025221498850596102
2023-02,0.031478763729053005,0.2200000000000002,-0.015254368886907788,0.005582110505732318,0.025752897702502553,-0.02072081352179278
2023-03,-0.02584548722318014,-0.08999999999999986,0.010600273011301287,0.0033107299561230263,-0.029060007342469274,0.007265488983155821
2023-04,0.03996571257449033,-0.20000000000000018,0.019818449299305207,0.005059038683258521,0.0347309685776902,0.014685118035835165
2023-05,0.007380322376112192,0.10999999999999988,-0.006291763804122552,0.0025184350102023245,0.004849673777680197,-0.008788066639627612
2023-06,0.04942521686181567,0.18000000000000016,-0.011912665452924576,0.003228914236486524,0.04604761881338626,-0.015092846183500042
2023-07,0.038764275358760925,0.1499999999999999,-0.009194730997299838,0.0019075150192227053,0.036786589367813205,-0.011081108635370929
2023-08,-0.009972650958020357,0.27,-0.01864853919693288,0.004367155068353501,-0.014277454170032011,-0.022915618207088873
2023-09,-0.009532012987736427,0.20999999999999996,-0.013392224185184487,0.002485131552376618,-0.011987354387495208,-0.015837996233395102
2023-10,-0.03036688499442819,0.41999999999999993,-0.029437807135376026,-0.00038337952298483913,-0.029995004942130032,-0.029065570757043302
2023-11,0.046023682006291144,-0.2999999999999998,0.027962789737859595,-0.0020151395484137025,0.048135821953218194,0.0300384609769615
2023-12,0.05175863892709609,-0.4800000000000004,0.04295323067855694,-0.0009933203278934544,0.052804410949788494,0.04399024741343527
2024-01,0.029121457891629454,0.040000000000000036,8.914110348312576e-05,0.005447503797930464,0.02354568886418651,-0.005329331142806426
2024-02,0.04199572131005236,0.15000000000000036,-0.008759953071871829,0.0061896717755507424,0.035585785204212295,-0.014857660803695216
2024-03,0.032824088694823006,0.0,0.0035083333333332245,0.006464169937420605,0.02619061815090884,-0.0029368522917920803
2024-04,-0.0100850983947679,0.33000000000000007,-0.022802130320009995,0.0038932930343353878,-0.013924180514098938,-0.026591893321307736
2024-05,0.025173383306761554,-0.05999999999999961,0.00858031847089702,0.0016616275657954649,0.023472752767921712,0.006907213688434055
2024-06,0.03551194818349379,-0.17000000000000082,0.01743206836855382,0.0003375054526233434,0.03516257517002219,0.01708879535431973
2024-07,0.02380391846431751,-0.05999999999999961,0.00843997705059385,0.0011617728972705965,0.022615871061000048,0.007269758345108235
2024-08,-0.009698961785704951,-0.3799999999999999,0.034795387337492656,0.0008138869460163622,-0.01050429941954667,0.03395386578334847
2024-09,0.027228327765272287,-0.1499999999999999,0.01564882068848794,0.0016042135224081377,0.025583073530361933,0.014022112703268474
2024-10,0.03152593919704905,0.37999999999999945,-0.02782057732511467,0.0011512808395786056,0.030339728809014588,-0.028938541776021176
2024-11,0.024824713058336112,0.2600000000000007,-0.017485896784107502,-0.0005417152415225779,0.025380177128641712,-0.01695336543903836
2024-12,0.01470992045155195,0.02999999999999936,0.0012248441940490018,0.00035499995245547034,0.014349826311438107,0.0008695355565122576
2025-01,-0.00417916466420809,0.2400000000000002,-0.015397345924336392,0.006546157380269646,-0.010655569012744004,-0.021800791889880378
2025-02,0.010951300023944732,-0.17999999999999972,0.018269243228678844,0.004441702264292413,0.006480811922660923,0.013766394737708909
2025-03,-0.05768821133674362,-0.16999999999999993,0.017426122087903062,0.002247071285750968,-0.05980090572437946,0.015145018865138082
2025-04,-0.054206477283263665,0.0,0.003566666666666718,0.0031144562678433463,-0.05714296428781762,0.0004508063820611863
2025-05,0.08340376877560618,0.13999999999999968,-0.007657369005937387,0.002088561230692454,0.08114572971978484,-0.009725617688580934
2025-06,0.03880243197310529,-0.040000000000000036,0.006896137940035185,0.0034093913800881115,0.035272781874542414,0.0034748992683348856
2025-07,0.04527796020256636,0.009999999999999787,0.0028471702869052873,0.0015097919463296083,0.04370218704619733,0.0013353622214482552
2025-08,0.01889303382091967,-0.1299999999999999,0.014158136440308056,0.002872638121889093,0.01597450672204248,0.011253172027460678
2025-09,0.02833671427023865,-0.13999999999999968,0.014931204968541723,0.002543398276415587,0.025727879748814075,0.012356379497808767
2025-10,0.024034340503358953,-0.0600000000000005,0.008324621678108546,0.0012684729064040834,0.022737026295127194,0.007047209577289992
2025-11,0.0017506484230154218,0.03000000000000025,0.0009410997355216999,-0.0033516598403503517,0.00511946697523058,0.00430719583116379
2025-12,0.01761880195684329,0.04999999999999982,-0.0006526066580975209,-0.00020979754536887274,0.01783234068351569,-0.0004429020324878685
2026-01,0.012074476189474215,0.07000000000000028,-0.002216866989095845,0.0036969147117456025,0.008346704423351392,-0.005891999481277499
2026-02,-0.004133576581960452,-0.08000000000000007,0.010008857197858267,0.004713268481054689,-0.008805343116837672,0.005270746274516291
2026-03,-0.033753503636170024,0.1200000000000001,-0.006254954101187926,0.010490077573940049,-0.043784280708954015,-0.016571198517189467
2026-04,0.04648381716494687,0.07000000000000028,-0.0020963770946218485,0.00850057387201586,0.03766308545279151,-0.010507630080915042
2026-05,0.06645318538932155,0.16000000000000014,-0.009191960366837004,0.006314936039877539,0.059760863319890944,-0.015409585857622643
2026-06,0.005974994864164751,-0.010000000000000675,0.004533200145557803,-0.00349423942850835,0.009502438086501863,0.008055587726319313
2026-07,0.00511606250564256,0.1299999999999999,-0.006611099267513798,-0.00010181103871209629,0.005218404835571455,-0.006509951013676352
2026-08,0.03165113083992965,0.08000000000000007,-0.002503958403088702,-5.091070262752684e-05,0.03170365559793953,-0.002453172593201547
