std,range,share_abs_gt_04,ac_nonoverlap,sign_changes,null
0.1843877341352429,0.9484077163736592,0.021301775147928994,0.35016238706367486,48,iid_pairs
0.2110255093723014,0.9805431514573972,0.06390532544378698,0.13194772924847642,47,iid_pairs
0.20188386764639044,0.9953220534344763,0.10887573964497041,-0.08686334730108641,56,iid_pairs
0.19392449167368842,1.1506043627303413,0.03905325443786982,-0.27439185547395833,54,iid_pairs
0.23207755001778296,1.228781919815832,0.09467455621301775,-0.1626534406561613,46,iid_pairs
0.20682351524281387,1.014563924769243,0.06390532544378698,-0.11729321165593587,34,iid_pairs
0.2111577739792085,1.1046064092674925,0.047337278106508875,-0.014616929345080507,43,iid_pairs
0.19740778510315463,1.0215515256925833,0.06390532544378698,0.13185581997002865,49,iid_pairs
0.19555392409314806,0.9591714074955704,0.03905325443786982,-0.02307706763319536,37,iid_pairs
0.17014709026608882,0.858082290809224,0.05917159763313609,0.056271976368624736,41,iid_pairs
0.1883553436058126,0.9231220409591507,0.023668639053254437,-0.2525436321334138,61,iid_pairs
0.18702135441251416,0.887962625454833,0.05917159763313609,0.1935799532868038,67,iid_pairs
0.17759042238653494,0.8992788090350647,0.03195266272189349,-0.31700378538520047,46,iid_pairs
0.22229246596193272,1.0463083082363793,0.07692307692307693,-0.13961232932495377,30,iid_pairs
0.26020005136411295,1.2886859734410545,0.11715976331360947,0.22808178616448613,42,iid_pairs
0.21967171246485975,1.1278649483098966,0.05207100591715976,-0.08546925217174971,47,iid_pairs
0.1867953247657704,0.9524618243665892,0.03550295857988166,-0.12641725725441344,57,iid_pairs
0.2359003749300013,1.0832007346235082,0.08994082840236686,0.03337884638830693,30,iid_pairs
0.19258085459295646,0.9665395083900836,0.05325443786982249,-0.16524986434697214,61,iid_pairs
0.19678683589828072,0.9194470270234429,0.08047337278106509,-0.3076920050467838,46,iid_pairs
0.2217470602707232,1.1447483322551033,0.08047337278106509,0.021075988044303832,72,iid_pairs
0.18975249957844662,0.9814881243747002,0.04497041420118343,0.10847501925670852,63,iid_pairs
0.21562844745542809,0.9671089199703464,0.08165680473372781,-0.3412262643043861,56,iid_pairs
0.2335168670367652,1.183075077741006,0.1076923076923077,-0.20117517456881107,47,iid_pairs
0.15957486553727868,0.9241776624872402,0.022485207100591716,-0.0902839537543565,64,iid_pairs
0.16529332690328827,0.8408886449364489,0.03550295857988166,0.05096210956341609,45,iid_pairs
0.18853645477368433,1.1011091313596584,0.06390532544378698,0.03364801472314944,54,iid_pairs
0.21769349806531352,1.139364510336749,0.0757396449704142,-0.06460935435400177,36,iid_pairs
0.17135791592951718,0.8918820047190046,0.040236686390532544,0.07393321139468356,65,iid_pairs
0.2034790123796834,1.0996897451467151,0.05917159763313609,-0.15695795686510414,46,iid_pairs
0.20677011824208746,1.164336830461227,0.0485207100591716,-0.1831321960283518,64,iid_pairs
0.18605439391118,0.9863420732299912,0.04970414201183432,0.03284401665846512,61,iid_pairs
0.20509753888457255,1.0342717676633768,0.0970414201183432,0.04978698264264689,52,iid_pairs
0.17896629664960106,0.8752109293578494,0.015384615384615385,-0.4038834122460943,44,iid_pairs
0.20251230284121063,0.9423858500749244,0.016568047337278107,-0.12113356513753205,36,iid_pairs
0.2610518967168071,1.2268847246437287,0.13372781065088757,0.03001169995603641,45,iid_pairs
0.19080604769261852,1.0054751414635938,0.05798816568047337,-0.37081392223825327,41,iid_pairs
0.20997411698474489,0.9739198454134899,0.05917159763313609,-0.03412577504273894,52,iid_pairs
0.21170496201126446,1.1337861280896457,0.14201183431952663,-0.2519796816786868,36,iid_pairs
0.18661856210915068,1.04158507752744,0.023668639053254437,-0.26599351086116396,52,iid_pairs
0.22154266905625444,1.102001055387817,0.13609467455621302,-0.10417965009287111,39,iid_pairs
0.20218237949878398,0.8664327645024803,0.06035502958579882,-0.09300237881372626,43,iid_pairs
0.19020432500651416,0.9716061750733613,0.01893491124260355,0.1153725352056456,42,iid_pairs
0.20464583534002215,0.8505192192088141,0.02603550295857988,0.045426748313269975,36,iid_pairs
0.17350194326635923,0.9028943711869641,0.03431952662721893,-0.10302246508010074,52,iid_pairs
0.21241723404280485,1.0521934873446028,0.09940828402366864,-0.1584425201108554,52,iid_pairs
0.23937258029884495,1.124363903215997,0.10059171597633136,5.638530373063308e-05,34,iid_pairs
0.19702193886013558,0.864172292981561,0.05088757396449704,-0.15244131045390646,38,iid_pairs
0.18516020933155902,1.0064327609418116,0.0757396449704142,-0.09533747305213591,41,iid_pairs
0.2080465497486395,1.1450965552416847,0.04260355029585799,-0.1637631944903518,34,iid_pairs
0.20837728326502392,0.9646380043776926,0.036686390532544376,0.15302092460416275,43,iid_pairs
0.20633060422492147,1.0643268855094896,0.13727810650887573,0.19918945379344333,46,iid_pairs
0.20744622227930892,0.9515973257425472,0.12544378698224853,0.0638011427146974,14,iid_pairs
0.191654123373664,1.0673093305138406,0.0378698224852071,-0.22469358150924723,25,iid_pairs
0.2254290134966421,0.9106446926422562,0.10177514792899409,-0.22033646391880077,33,iid_pairs
0.17294772314803505,0.8781393133859248,0.05917159763313609,-0.14367624837204845,48,iid_pairs
0.21260463152209255,1.1420147151256637,0.0757396449704142,-0.2021842752724992,44,iid_pairs
0.20309005596968424,0.9269129174542245,0.06982248520710059,0.25345004290164347,50,iid_pairs
0.17675634038201762,0.8893730931749221,0.016568047337278107,0.10701016074021037,38,iid_pairs
0.17532723765882793,0.8372727675511593,0.07100591715976332,-0.2086325333004205,50,iid_pairs
0.24887129947260947,1.1177438276999436,0.1136094674556213,-0.1006242689581857,36,iid_pairs
0.19621137098366814,0.9067043404126514,0.033136094674556214,-0.04084587044752146,52,iid_pairs
0.18532599568577485,0.9556332277017325,0.047337278106508875,-0.01074988809427141,34,iid_pairs
0.23596347786837707,1.1075780028484543,0.1289940828402367,-0.20511215817016312,30,iid_pairs
0.20269525229028892,1.0966723897864665,0.08875739644970414,0.27896311438084465,46,iid_pairs
0.18649604223267371,0.9589773457846276,0.015384615384615385,-0.2608296558035903,65,iid_pairs
0.2155951785594607,0.9700306752902255,0.06982248520710059,0.18822990063034942,50,iid_pairs
0.1772345532757214,0.937338677924,0.01775147928994083,-0.5133315875578398,48,iid_pairs
0.21346873550222822,1.1021274929506768,0.13254437869822486,0.047643210411152576,46,iid_pairs
0.18685153071897787,1.027623401273531,0.0378698224852071,0.03298336048430918,61,iid_pairs
0.22560555504694535,1.1205399528261273,0.08875739644970414,0.13625711856185532,37,iid_pairs
0.17491036051624412,0.9375511117970647,0.05680473372781065,-0.15927453264126518,56,iid_pairs
0.1860031368007385,0.9978201706338073,0.01893491124260355,-0.2754847116740394,42,iid_pairs
0.1782088594266612,1.028451468837562,0.054437869822485205,0.0005579449138608142,54,iid_pairs
0.1762074158448522,0.8393080936416335,0.07810650887573964,-0.058030093699240566,36,iid_pairs
0.17900365341523403,0.9821726651632207,0.06035502958579882,-0.17092321779472855,42,iid_pairs
0.20684999952581698,1.0563500423616548,0.06863905325443787,-0.0826389797935907,40,iid_pairs
0.18808326970342568,0.9618936774455507,0.01893491124260355,-0.07651476528161465,60,iid_pairs
0.23797142369222463,1.0784905345236977,0.1136094674556213,-0.07702006471320222,34,iid_pairs
0.19765063133596159,1.0024091902252728,0.016568047337278107,0.04181998071642466,39,iid_pairs
0.24337853434602313,1.11392543874627,0.12781065088757396,-0.27236190308754255,65,iid_pairs
0.18055248732635665,0.8355582816771067,0.02485207100591716,-0.3345900283928813,39,iid_pairs
0.18506627512077795,1.133351804244156,0.0378698224852071,-0.1190906342270536,43,iid_pairs
0.1998458059604074,0.8773689822870471,0.011834319526627219,0.2039452327299549,39,iid_pairs
0.20944468933708194,1.0539842922442926,0.08875739644970414,0.08841223004484969,39,iid_pairs
0.1809242353976404,1.0313248053549686,0.04970414201183432,-0.1855346817935241,54,iid_pairs
0.2166836366496369,1.1254614396017943,0.07692307692307693,-0.11743245572571027,48,iid_pairs
0.19825625753097542,0.922539933077992,0.010650887573964497,0.06107966490726731,46,iid_pairs
0.1994238208811403,0.85832390468011,0.02485207100591716,0.0618619399653144,38,iid_pairs
0.21451983993966756,1.0795242656748734,0.08402366863905325,-0.2264220806058898,45,iid_pairs
0.2595300826966212,1.3693103502768582,0.17633136094674556,-0.0884293822775229,46,iid_pairs
0.19494971534564345,1.00704240156904,0.04142011834319527,0.005891446737756497,49,iid_pairs
0.2306245163488756,1.0307728213363634,0.1408284023668639,0.17295001680798758,54,iid_pairs
0.22268627543116915,1.2428693509025015,0.07692307692307693,0.11694299057547976,39,iid_pairs
0.20431913118909648,1.0049456084967534,0.06153846153846154,0.045407428477323875,52,iid_pairs
0.20301841911669127,0.9039452183745895,0.02485207100591716,-0.0132738148332951,34,iid_pairs
0.20035684136867177,0.8995101500866653,0.016568047337278107,0.31612840347878635,27,iid_pairs
0.18602163054039986,0.8537678376552266,0.011834319526627219,-0.08501110411840297,54,iid_pairs
0.17829240990949585,0.8899792739604404,0.03550295857988166,-0.2574908758199065,51,iid_pairs
0.2255005893577522,1.0383595199257907,0.08047337278106509,-0.010167584761491868,33,iid_pairs
0.20798750987199527,1.109174232043395,0.05917159763313609,-0.06993280262096034,60,iid_pairs
0.21968929704954251,1.0949517137252887,0.05562130177514793,-0.07967729616316549,58,iid_pairs
0.19682187200579052,1.0564577479429305,0.09230769230769231,0.15002789918160253,35,iid_pairs
0.20119849475627397,1.0335322313180966,0.05917159763313609,-0.2712883729117018,58,iid_pairs
0.2504598729724827,1.2814347906239876,0.10650887573964497,-0.002491595002289959,29,iid_pairs
0.22318052746974018,1.1536342415624785,0.10059171597633136,-0.011384928351426005,46,iid_pairs
0.20740924266267868,1.0557503199196392,0.07810650887573964,-0.1718703611712085,51,iid_pairs
0.2127461758259994,1.051057428535877,0.06153846153846154,0.04862360614781919,41,iid_pairs
0.19915705032935,1.1204396750053207,0.04378698224852071,0.244406116760372,32,iid_pairs
0.18028822159515692,0.918094008508207,0.03431952662721893,-0.15285651103622008,65,iid_pairs
0.18176230028683363,0.9478680969437899,0.040236686390532544,-0.3167988392455555,57,iid_pairs
0.24153710400414818,1.1754260511852939,0.11715976331360947,0.10661464013626673,42,iid_pairs
0.19878313833893374,0.9059467347080958,0.01301775147928994,-0.322682307033896,34,iid_pairs
0.21304430308025504,1.0915142218789933,0.06863905325443787,-0.2079340051659964,54,iid_pairs
0.211771342122506,0.9857688518309802,0.08757396449704143,-0.2137820665648808,51,iid_pairs
0.19904450735336407,0.9377178229787577,0.04260355029585799,0.10678596622673169,50,iid_pairs
0.22994404347725703,1.1281000541279926,0.13846153846153847,-0.29086921713790137,30,iid_pairs
0.18304854983979205,0.8466618007775196,0.01301775147928994,0.08136761063446829,27,iid_pairs
0.19355735573532412,1.005613349908219,0.08047337278106509,-0.276983496000061,40,iid_pairs
0.16020518444159526,0.7987393254587296,0.009467455621301775,0.1354562484811951,59,iid_pairs
0.19388383410355567,1.044729018581582,0.05798816568047337,-0.18946029273802276,55,iid_pairs
0.1814339245176168,1.0631524412497115,0.05680473372781065,-0.12287210391599908,62,iid_pairs
0.21089281806873728,1.140149202337629,0.07692307692307693,-0.11971233250000973,47,iid_pairs
0.1783537452510435,0.8213314141759592,0.04260355029585799,0.22573608875409393,66,iid_pairs
0.20085980433669368,1.1344562331114998,0.07100591715976332,-0.17099667752062855,46,iid_pairs
0.22175494922321606,1.0392051243676577,0.05562130177514793,-0.2089391899056796,29,iid_pairs
0.2162482138187182,1.0657331841181212,0.11242603550295859,0.045492743891804424,31,iid_pairs
0.2584029274775723,1.149650777337071,0.19171597633136095,0.2653448674550741,33,iid_pairs
0.1700544989230233,0.9339973027470374,0.027218934911242602,-0.3501333763001364,53,iid_pairs
0.2179950766750892,0.9771762613688943,0.0650887573964497,-0.20284576243359617,29,iid_pairs
0.19193804308298273,0.9494402670140147,0.09112426035502959,-0.23389373580707395,46,iid_pairs
0.23990672837542212,1.0645197796583967,0.10177514792899409,-0.2000998412373031,40,iid_pairs
0.26291639283686996,1.2473267533357397,0.15621301775147928,0.15233184273149483,31,iid_pairs
0.19401475838137994,0.9369622504219597,0.0378698224852071,-0.08689934630313156,33,iid_pairs
0.18061282189621689,0.9755928326567683,0.040236686390532544,-0.16927150752570014,54,iid_pairs
0.19167413236636285,1.0183301940584064,0.08402366863905325,0.11902129469143012,40,iid_pairs
0.22437170136095155,1.211836870307975,0.13136094674556212,-0.056792656283210244,37,iid_pairs
0.20307633721710147,0.9569098212079925,0.06627218934911243,-0.2005393920838198,49,iid_pairs
0.2361972435513078,1.1262356314657183,0.0970414201183432,-0.2221998060405384,54,iid_pairs
0.19061805944708188,0.9584649376483825,0.07928994082840236,0.022432085880001455,61,iid_pairs
0.23745349113430916,1.124580856877913,0.12781065088757396,0.1416514902463538,52,iid_pairs
0.16068369496759916,1.002567091003937,0.047337278106508875,-0.03161562526473153,51,iid_pairs
0.20586270930850925,1.1158887379538516,0.07337278106508875,0.05157919552550121,54,iid_pairs
0.23167402704957082,1.284747490926084,0.12781065088757396,-0.014554695877107272,47,iid_pairs
0.1889982174457213,0.9357449794503767,0.01893491124260355,-0.05963636260450756,42,iid_pairs
0.19338915144895139,1.0104990335681734,0.040236686390532544,-0.16085412378333414,36,iid_pairs
0.20572484438351687,1.0115224989124445,0.03431952662721893,0.4024772521581169,50,iid_pairs
0.20757797163336367,1.1389714046008033,0.08047337278106509,0.16601394892808038,51,iid_pairs
0.2295215546126358,1.0636378155298283,0.08757396449704143,-0.2998933289848962,37,iid_pairs
0.15333204342851411,0.7920486466995107,0.022485207100591716,-0.2709001560594623,34,iid_pairs
0.2010981479598907,1.1070567444919468,0.06153846153846154,-0.039837876229668064,48,iid_pairs
0.1727226774497068,0.948852321689339,0.04497041420118343,-0.14823629604022476,66,iid_pairs
0.24678291599871885,1.2649845991618105,0.08875739644970414,-0.13960052199244444,44,iid_pairs
0.15888539552803763,0.7969767731744992,0.005917159763313609,-0.12929248297533696,50,iid_pairs
0.1899285493483508,1.0768875960870834,0.04497041420118343,-0.023712806630534978,42,iid_pairs
0.24020800503072656,1.2101942064000297,0.09467455621301775,0.27604808383703694,38,iid_pairs
0.20386090341462992,1.016111780448476,0.09112426035502959,0.08352187185373741,35,iid_pairs
0.23905428324427275,1.1549690470876837,0.09230769230769231,-0.07347794519073056,43,iid_pairs
0.19690580598002105,0.8900039053149895,0.028402366863905324,-0.01104557333280624,54,iid_pairs
0.22196332492031218,1.0498310204014831,0.13846153846153847,-0.11994076597277173,37,iid_pairs
0.18961773686318725,0.9429365656878845,0.047337278106508875,-0.12512624681326875,44,iid_pairs
0.20050449868598777,0.9180845627481498,0.07337278106508875,-0.09534093201061852,48,iid_pairs
0.21552225778099346,0.9467142029722484,0.040236686390532544,0.12264744870990467,36,iid_pairs
0.20057862301520263,0.9814554025166635,0.04497041420118343,-0.08511912191472312,39,iid_pairs
0.21948617298717646,1.0937038163374924,0.10650887573964497,0.13901309909573548,58,iid_pairs
0.20109502700072643,0.9903045034249534,0.07218934911242604,-0.003445984551585186,49,iid_pairs
0.16757375020370255,0.9260295722018725,0.014201183431952662,-0.15959230822532336,40,iid_pairs
0.22898875335922025,1.1237008967184015,0.09822485207100591,-0.09804365941077252,54,iid_pairs
0.17003954493175036,0.8858933621037607,0.023668639053254437,-0.02635750588947948,47,iid_pairs
0.19288579862332902,1.0413587127476722,0.08165680473372781,-0.02635964572157983,51,iid_pairs
0.22340734233629322,1.0306506575590362,0.12662721893491125,-0.027028562739501844,34,iid_pairs
0.2053866556708407,1.035591007858556,0.05562130177514793,0.24174814903894584,43,iid_pairs
0.21261345524784905,0.9203806608156242,0.054437869822485205,0.09550809706786485,30,iid_pairs
0.20627222490402103,1.0240454280272429,0.07218934911242604,-0.15590933173776284,57,iid_pairs
0.19199793579304736,0.9515339144036085,0.06982248520710059,-0.036793740096321866,46,iid_pairs
0.17620876159296076,0.8717832976267766,0.010650887573964497,0.16137886689051417,56,iid_pairs
0.16497240790932594,0.7404544817098311,0.027218934911242602,-0.18819758653984173,52,iid_pairs
0.2503180453913058,1.1336919580851554,0.14911242603550295,-0.05328863660696602,25,iid_pairs
0.21572010978600573,1.0203232605981236,0.05088757396449704,0.16761149505512682,50,iid_pairs
0.23006069193622494,1.1476714874830556,0.10177514792899409,-0.08924447007592791,37,iid_pairs
0.21111203190640782,1.2628575677791063,0.05798816568047337,0.027875679142203895,55,iid_pairs
0.20128249822496183,1.0800828687510318,0.04497041420118343,0.021435861594548876,55,iid_pairs
0.1827598860895231,0.8951425327541278,0.023668639053254437,-0.3164256131521297,51,iid_pairs
0.21290727923074115,0.9509950542826338,0.036686390532544376,-0.077402347981497,34,iid_pairs
0.17938635427866548,0.9755475670886697,0.02485207100591716,-0.03579902827981148,56,iid_pairs
0.16195975991103717,0.8212925829373776,0.007100591715976331,-0.1520037911238618,31,iid_pairs
0.21407395999814088,1.0098031101311356,0.07100591715976332,-0.060277278905708616,56,iid_pairs
0.23160457935039827,1.1161456965342431,0.15384615384615385,-0.11088959828780556,48,iid_pairs
0.22607620183248248,1.1323561187044513,0.09230769230769231,-0.1393020736484511,39,iid_pairs
0.18739226850003782,0.9921526847273945,0.08165680473372781,0.09749405718553852,49,iid_pairs
0.17719869677848948,0.9298229575464171,0.01893491124260355,0.19159350747715442,47,iid_pairs
0.2155411081518411,0.9982039118386572,0.0378698224852071,-0.10911098353566813,45,iid_pairs
0.2534312037827922,0.9990885802474511,0.10887573964497041,0.22008514792868167,27,iid_pairs
0.2180801541339367,1.271089249395605,0.08757396449704143,-0.23976693015133047,44,iid_pairs
0.17491426959626097,0.7993881401907015,0.03905325443786982,0.25777986501912437,48,iid_pairs
0.22879512503311125,1.0510950473414653,0.09585798816568047,-0.03195281953312217,24,iid_pairs
0.1926606635572922,0.9632859514853462,0.0485207100591716,0.0008842914766543045,43,iid_pairs
0.1840113834625395,0.8507231915260223,0.04260355029585799,-0.41066800002277826,49,iid_pairs
0.18694603416669825,0.9442724959403962,0.029585798816568046,0.2655042078142854,35,iid_pairs
0.18449796822842512,0.8639690171528732,0.010650887573964497,-0.04767079442855833,69,iid_pairs
0.20500258029712942,1.1438431424223232,0.09349112426035502,-0.030241653139666373,46,iid_pairs
0.16774580189498808,0.9065769360414779,0.04378698224852071,-0.31567949438842574,58,iid_pairs
0.17673280396546778,0.9484057875217669,0.020118343195266272,0.08164875343698902,53,iid_pairs
0.22458933098112813,0.9701871118997893,0.06390532544378698,-0.09017025834608065,48,iid_pairs
0.23093305743440923,1.1689728514528883,0.18224852071005918,-0.19986823997904613,21,iid_pairs
0.22220574165129398,0.9055945404413532,0.07455621301775148,-0.1923006930616227,26,iid_pairs
0.22409687463061717,0.9912591977442511,0.09467455621301775,-0.007659669768470715,48,iid_pairs
0.1753891846642686,0.8750981181788174,0.04970414201183432,0.04615899195821999,43,iid_pairs
0.1978629858079088,1.0159835765168865,0.07337278106508875,-0.05899232395710123,54,iid_pairs
0.2031487134663607,0.952315734406737,0.03431952662721893,0.1707414824958566,45,iid_pairs
0.21655615872136186,1.0175632723309906,0.05680473372781065,0.036049783451146726,55,iid_pairs
0.20450511075508965,0.9078683301437882,0.03076923076923077,0.20296131254439517,37,iid_pairs
0.19272675830400754,1.0777353205142637,0.05325443786982249,-0.3238223900856933,56,iid_pairs
0.1629523093978173,0.7845107532799456,0.05798816568047337,-0.03703833438318984,57,iid_pairs
0.1696210908962867,0.9616559056320005,0.03431952662721893,-0.1584112441084543,24,iid_pairs
0.2165064144754655,1.022819457738004,0.08165680473372781,-0.19172625473247384,61,iid_pairs
0.22523354225804304,1.253743491163668,0.07810650887573964,-0.05820356629526411,33,iid_pairs
0.20791181491541522,1.0505475193930096,0.06390532544378698,0.0538354706547652,43,iid_pairs
0.18596745590618832,0.9808521492758251,0.046153846153846156,-0.25355544013894793,52,iid_pairs
0.17733648613907388,0.8540782884872504,0.014201183431952662,0.2343749384902494,44,iid_pairs
0.20815786954396814,1.109500462659599,0.06390532544378698,-0.06692598706878797,52,iid_pairs
0.20623914439509153,1.0541137760773014,0.06035502958579882,-0.02568848338324139,33,iid_pairs
0.22715155417272534,1.0475230210046997,0.06745562130177515,-0.31137149236333556,45,iid_pairs
0.22148624038785375,1.0428445458497655,0.0863905325443787,0.24637032806276268,29,iid_pairs
0.1768503803350911,0.8616149705346273,0.033136094674556214,-0.2853434417104015,41,iid_pairs
0.2193497421045814,1.048423201725942,0.06745562130177515,0.016107706318177973,49,iid_pairs
0.20154221355191534,1.0036133513985783,0.0757396449704142,0.18493171830916266,40,iid_pairs
0.2058631622382474,0.9718630257259666,0.054437869822485205,0.06939326115999071,25,iid_pairs
0.2177380202648456,1.0796421679479848,0.04497041420118343,-0.04512638023667154,38,iid_pairs
0.1610956414157342,0.869719259252157,0.007100591715976331,-0.2894971120461479,47,iid_pairs
0.2059767721196988,0.9763209299430925,0.0650887573964497,-0.20057057599962802,47,iid_pairs
0.22029595500464774,1.0055272997936253,0.06982248520710059,-0.31000300599264824,46,iid_pairs
0.1971839473266155,1.042411081940697,0.040236686390532544,-0.2862977852595127,58,iid_pairs
0.18905191236888264,0.9165872994139819,0.03550295857988166,0.042542861560917106,46,iid_pairs
0.2561401858915659,1.136284603497391,0.15621301775147928,0.06081012572707423,23,iid_pairs
0.1700746766925247,1.127502553457823,0.046153846153846156,-0.13790018667903972,61,iid_pairs
0.17297419272255887,0.8705997352731432,0.03550295857988166,-0.08506678565958554,39,iid_pairs
0.20316230992327186,1.0054108855013542,0.05325443786982249,0.2978633133519054,43,iid_pairs
0.1938562264953814,0.9638496354751371,0.06627218934911243,0.06740149805951813,68,iid_pairs
0.1867066693628394,1.012774441602117,0.05562130177514793,-0.14659547571405987,59,iid_pairs
0.1853771976771807,1.033361165773328,0.03550295857988166,-0.2069515463979608,32,iid_pairs
0.18081024236684073,0.9316694346781513,0.014201183431952662,-0.10367151534366748,51,iid_pairs
0.2278514907593561,1.2458672365469363,0.11005917159763313,0.05329836137638024,38,iid_pairs
0.20088604025542264,1.057353909801137,0.07692307692307693,0.3136236930697606,65,iid_pairs
0.24873298252766998,1.0385488462217183,0.1408284023668639,0.001225483406216099,31,iid_pairs
0.14965403064946844,0.8800918762839933,0.007100591715976331,0.09693867442283502,53,iid_pairs
0.17236663946391653,0.9720665528866077,0.01893491124260355,-0.25576840174989873,53,iid_pairs
0.17835320214512143,0.8970591028631119,0.02603550295857988,-0.1809942989325232,54,iid_pairs
0.17734223354231068,0.899909772120187,0.009467455621301775,0.07258105606881671,43,iid_pairs
0.1893417502530212,1.0398589811765584,0.0485207100591716,-0.010052867051418163,81,iid_pairs
0.1995191455437034,1.07175001827875,0.05680473372781065,0.008280113791494863,44,iid_pairs
0.18056536637364345,0.9193791115274623,0.03905325443786982,0.1317947428902137,65,iid_pairs
0.19783532191640402,0.9984646214600106,0.08047337278106509,-0.06517604486306351,38,iid_pairs
0.23459679007374623,1.110356922061473,0.09230769230769231,-0.18754286816768598,32,iid_pairs
0.17461493068401845,0.9136626188898307,0.10059171597633136,-0.15729095624119954,31,iid_pairs
0.19468232098172383,0.9259252738043282,0.08994082840236686,-0.16546711666239977,42,iid_pairs
0.230483370879425,1.0879128845248012,0.06627218934911243,-0.1896103356161255,39,iid_pairs
0.22339908241978645,1.1703492292678774,0.07455621301775148,-0.1073639291089011,56,iid_pairs
0.19656149944820775,0.9885642524803215,0.0650887573964497,-0.03192943865505981,46,iid_pairs
0.19767444951552676,0.9546026779581805,0.0650887573964497,-0.26522544623638344,54,iid_pairs
0.24132572829857152,1.1666769784454818,0.1136094674556213,-0.16541899779507818,43,iid_pairs
0.21461539986810713,1.0804968018245065,0.05798816568047337,0.020176267496163438,48,iid_pairs
0.20588071405943384,1.0123556466384516,0.08047337278106509,-0.019106038670772613,62,iid_pairs
0.23263575193392125,1.0276317394256433,0.06035502958579882,0.09307741384568742,22,iid_pairs
0.1710689161697151,0.8133615467979891,0.009467455621301775,-0.1010683842564718,47,iid_pairs
0.1812653994009071,0.866229363525959,0.07928994082840236,-0.23958856625188849,48,iid_pairs
0.22398128538098624,1.1721681487681184,0.15266272189349112,0.105673638433711,30,iid_pairs
0.1985403717105289,1.0282820665990515,0.04970414201183432,-0.05861877735836588,23,iid_pairs
0.15607556982387893,0.9024267780519433,0.005917159763313609,-0.16649135638247273,41,iid_pairs
0.23056549004478097,1.1725304938225953,0.08520710059171598,-0.04829951545530996,56,iid_pairs
0.1826174659206712,0.8457103344158482,0.011834319526627219,0.08602738163767455,38,iid_pairs
0.16262297877692616,0.8137617425663863,0.040236686390532544,0.1274730372354625,58,iid_pairs
0.19857547855749721,0.9321588373259592,0.09585798816568047,-0.15499839356048156,48,iid_pairs
0.19599425388504907,0.9107699081632613,0.04142011834319527,-0.11158535565824815,55,iid_pairs
0.20172398015404147,1.2176464556570772,0.05798816568047337,-0.1902049150655206,45,iid_pairs
0.22118657881246992,1.0993295943799732,0.09230769230769231,-0.12299299600632306,47,iid_pairs
0.2265843950943589,0.9775591949669407,0.05917159763313609,0.24267361001114504,50,iid_pairs
0.20457543720548088,0.9862047444752153,0.03195266272189349,-0.01041297408426752,48,iid_pairs
0.21296255073154471,0.9650205130910996,0.05562130177514793,-0.2604114753306281,31,iid_pairs
0.20283557699286614,0.9625836535095437,0.08047337278106509,0.12362397889237514,48,iid_pairs
0.19530898491905596,1.0417732701085156,0.0485207100591716,0.2486673272730094,34,iid_pairs
0.17698142356437213,0.8669089503435858,0.01775147928994083,-0.21696299774737077,65,iid_pairs
0.2269822158686961,1.145616399886411,0.07692307692307693,-0.01170394427857459,57,iid_pairs
0.20853404910631823,0.9631632512582751,0.0485207100591716,-0.14639364256511278,51,iid_pairs
0.16794407321609317,0.9166867886325847,0.015384615384615385,-0.22627307767129315,69,iid_pairs
0.17549495458096245,1.0074400857326924,0.06627218934911243,0.10861102452032595,68,iid_pairs
0.22141064502541102,1.165807257292578,0.0485207100591716,0.15933029899170167,35,iid_pairs
0.1982326314021381,0.9358279863393468,0.03905325443786982,-0.06482903470834439,40,iid_pairs
0.1890114477555852,0.9811018919321458,0.05562130177514793,-0.1276023303203215,65,iid_pairs
0.23000471185235222,1.0168762608284874,0.09230769230769231,0.03741240614060984,48,iid_pairs
0.15122291264765658,0.8838835538385954,0.014201183431952662,-0.25036094939523745,56,iid_pairs
0.24133820042193663,1.1251715322400786,0.11715976331360947,-0.15566289285536614,32,iid_pairs
0.1616981137181718,0.9130155378176035,0.016568047337278107,-0.17044969885873218,70,iid_pairs
0.1932809978882776,0.9313280830238245,0.0485207100591716,-0.31192212554688925,56,iid_pairs
0.24137247357701483,1.1102534444081054,0.11715976331360947,-0.05275615275347412,41,iid_pairs
0.20655880143048344,1.0697750888858293,0.03905325443786982,0.08102624759500643,40,iid_pairs
0.21731461406645436,1.1499926097623634,0.09940828402366864,0.10833345620996965,53,iid_pairs
0.18947264108798761,1.0107868960578938,0.022485207100591716,-0.18488773141733195,29,iid_pairs
0.24464919267789556,1.1874170987808477,0.08047337278106509,-0.19657143739412591,41,iid_pairs
0.18004944265190273,0.9462075188138015,0.02603550295857988,-0.21194593151201135,52,iid_pairs
0.20741401307718166,0.9496863226980797,0.0485207100591716,-0.047741875772452896,59,iid_pairs
0.20375569164584786,1.060339604704909,0.05088757396449704,-0.16494883730243148,32,iid_pairs
0.18392647860774722,0.9586406247443993,0.02603550295857988,-0.05725258039877007,49,iid_pairs
0.18388538682051878,0.8703405610748953,0.06390532544378698,0.11693974849059394,56,iid_pairs
0.19238623597468277,1.0477746540619626,0.04378698224852071,-0.023148315795056905,39,iid_pairs
0.1831123068440785,1.0795301315931791,0.05680473372781065,0.07687643919603493,48,iid_pairs
0.26042022838028955,1.1805597338822726,0.11479289940828402,0.2157745326886542,45,iid_pairs
0.19386031459560948,0.8914866320022861,0.08047337278106509,0.009280699281105245,40,iid_pairs
0.22902832057845202,1.096226830630554,0.1455621301775148,-0.029691220085176565,48,iid_pairs
0.20570899576682217,1.007917172802057,0.03905325443786982,0.05115743751647955,39,iid_pairs
0.21083741763162306,1.0154468410786939,0.06627218934911243,0.11459142158626003,51,iid_pairs
0.18943914158133182,0.969590241704583,0.01301775147928994,-0.19384023846135243,39,iid_pairs
0.1806401053774253,0.8866203682716145,0.010650887573964497,-0.18509954666296125,63,iid_pairs
0.17526956275778363,1.0050148221461348,0.03431952662721893,0.049226553528775835,37,iid_pairs
0.19487953390008264,0.9115643627867993,0.07455621301775148,0.24870257070109056,40,iid_pairs
0.2207631445324944,1.0474429970759913,0.10295857988165681,-0.016176475333465428,38,iid_pairs
0.20034732721924828,0.9932096034135007,0.05207100591715976,-0.0014631976388997802,53,iid_pairs
0.21967128060335164,1.0615901391175748,0.10532544378698225,-0.05088853312657647,36,iid_pairs
0.17346036534202885,1.032711550495912,0.04142011834319527,-0.15695156053302978,42,iid_pairs
0.23862608965202692,1.245142905835537,0.08520710059171598,0.28247208665527096,52,iid_pairs
0.18948712110246851,1.0188025621875043,0.03195266272189349,-0.1943761545961077,49,iid_pairs
0.22627536220580013,1.1775875827985822,0.12307692307692308,-0.12882571919488456,30,iid_pairs
0.2174006170530504,1.2130728553975505,0.06272189349112427,0.09377323972166787,53,iid_pairs
0.20199015739681522,1.0044914795730293,0.06153846153846154,-0.0447131190960043,48,iid_pairs
0.19209271700252947,1.0382412934009921,0.08402366863905325,-0.2228436325405756,17,iid_pairs
0.1527317546025379,0.8989369907870076,0.016568047337278107,0.008381556310811096,71,iid_pairs
0.2125546716336175,0.9936114220428014,0.05680473372781065,-0.13125489413618385,51,iid_pairs
0.1894733839743601,0.8850090718525525,0.016568047337278107,-0.02510658467513247,38,iid_pairs
0.2502710938670875,1.1960941235316214,0.10059171597633136,0.11905207254236834,41,iid_pairs
0.1568022415709778,0.8373437886580202,0.02603550295857988,0.02231301406689565,46,iid_pairs
0.166158049284562,0.8949633569399915,0.01775147928994083,-0.02292419608564135,63,iid_pairs
0.20330389281280078,1.0851215268262826,0.05207100591715976,-0.4370741808318709,37,iid_pairs
0.18917147714925828,0.9283933778890516,0.010650887573964497,0.08215577448210752,50,iid_pairs
0.1869047150301815,0.9847405369893807,0.015384615384615385,-0.2105426012467535,55,iid_pairs
0.2525129240768013,1.171171992050561,0.1455621301775148,-0.09971546910409994,47,iid_pairs
0.18682941623095656,1.0593711162451385,0.03905325443786982,-0.21631246835439882,54,iid_pairs
0.1879089822724911,0.9767155261415323,0.01775147928994083,0.15719384098637215,33,iid_pairs
0.21703203412650537,1.026000865479281,0.10887573964497041,0.11803881918101464,51,iid_pairs
0.19042609845541764,1.1227267379537649,0.07810650887573964,-0.23285089898459144,50,iid_pairs
0.1641560884154563,0.799328041450497,0.010650887573964497,-0.0758680042308316,46,iid_pairs
0.2073563912347617,1.0027288720938066,0.0970414201183432,-0.4523613966988159,43,iid_pairs
0.26403472899235014,1.1624313610207713,0.12781065088757396,-0.07913181812485688,36,iid_pairs
0.2488400207174058,1.1565704819172011,0.13846153846153847,0.11738594582726172,35,iid_pairs
0.21475475274332714,1.0633759363869117,0.09585798816568047,-0.11223680051183113,49,iid_pairs
0.21522518879001215,1.0244184666561005,0.0650887573964497,-0.33150712705660423,55,iid_pairs
0.2291446372087486,1.0941420214305553,0.13609467455621302,0.07950191121414157,29,iid_pairs
0.2262316048405727,1.15287333537356,0.05798816568047337,0.13293900617877508,17,iid_pairs
0.21455200230292118,1.0440497547388907,0.0650887573964497,0.07199417991148742,56,iid_pairs
0.24039236139670006,1.2044372544826134,0.09112426035502959,-0.2771875022866271,45,iid_pairs
0.2301671139778692,1.1185822154091436,0.14201183431952663,0.009952663332987123,32,iid_pairs
0.24976876503464104,1.1404854204102697,0.12662721893491125,0.09748276784256972,31,iid_pairs
0.25413872367531,1.20957733765131,0.10532544378698225,-0.1735379945051282,49,iid_pairs
0.22200930265796212,1.1126016455828278,0.08402366863905325,0.145784683060172,35,iid_pairs
0.2021794743554506,1.03756783975421,0.09585798816568047,0.2954891222597064,34,iid_pairs
0.23022868628362814,1.1381343958751549,0.11715976331360947,-0.2838989985595442,48,iid_pairs
0.22330049898347623,1.0715948843435137,0.13964497041420118,-0.059934895648443794,46,iid_pairs
0.17809658832908964,0.8993245152213798,0.02603550295857988,-0.17424679143667357,57,iid_pairs
0.19492731927473586,1.0045937538455816,0.07337278106508875,-0.1667953181578904,55,iid_pairs
0.17015972729610215,0.8254183475876146,0.036686390532544376,-0.24575138291689638,41,iid_pairs
0.18668657928409985,0.9889009332764114,0.05917159763313609,-0.21697580561229285,73,iid_pairs
0.20484422078431883,0.9758472289606646,0.07455621301775148,-0.0809995748754656,52,iid_pairs
0.26649076840901237,1.3698017174451478,0.19171597633136095,0.19259551619819212,25,iid_pairs
0.17249946538013164,0.9378507594440244,0.03905325443786982,-0.20136823559487746,59,iid_pairs
0.20444419166512193,1.0545167873732386,0.07692307692307693,0.09779579240061506,49,iid_pairs
0.1873275716363233,0.9284900764132833,0.029585798816568046,-0.3052605648701372,63,iid_pairs
0.21547813602073151,1.036166336486712,0.0485207100591716,-0.009860398337936036,33,iid_pairs
0.17949159926339386,0.8672511615895143,0.03905325443786982,-0.07966035400765117,51,iid_pairs
0.16379071939965928,0.8538029234100964,0.005917159763313609,-0.19458587952002823,76,iid_pairs
0.20509111934246882,0.9446814273012271,0.05680473372781065,-0.3672741207101009,48,iid_pairs
0.18653975798326486,0.782390405059218,0.002366863905325444,0.12054117101694406,36,iid_pairs
0.20916724973916279,1.1786483895170126,0.06745562130177515,0.26920753947068377,46,iid_pairs
0.18909548508097349,0.9775123224231033,0.04378698224852071,-0.35245290982922217,53,iid_pairs
0.20107512908023,0.926714438307342,0.05088757396449704,-0.2765620938313516,54,iid_pairs
0.19027359008965836,0.8265112089129336,0.011834319526627219,-0.14361555546246865,53,iid_pairs
0.21274993024888306,1.0985467131313695,0.07928994082840236,0.2779254020650511,58,iid_pairs
0.218915477970867,0.9809721584700416,0.054437869822485205,0.12364795854267886,33,iid_pairs
0.19973234956454974,1.0499568605404952,0.03076923076923077,-0.1479864548159846,35,iid_pairs
0.19774686216136328,1.1081996415147715,0.08284023668639054,0.12568005825613277,41,iid_pairs
0.2090409655441928,0.8796090749338688,0.06745562130177515,0.2889736478750056,26,iid_pairs
0.19347985106086785,1.006937068864191,0.047337278106508875,0.17841531381576178,39,iid_pairs
0.15521061154733762,0.773458547858047,0.028402366863905324,0.25110878324376523,52,iid_pairs
0.2394934620185752,1.1069490604015768,0.10532544378698225,-0.2708615837683822,45,iid_pairs
0.18413642885737244,0.8175320773623547,0.0485207100591716,-0.09915767195954385,53,iid_pairs
0.17617894762688668,0.9903008277704282,0.05088757396449704,-0.08041755204974307,43,iid_pairs
0.22181459127643707,1.0387353839565854,0.07928994082840236,-0.14665451351208905,52,iid_pairs
0.20512199516569557,1.0586813350721638,0.06982248520710059,-0.2430484533094956,44,iid_pairs
0.22584647912806896,1.0459707282418003,0.09230769230769231,-0.1383624537479046,49,iid_pairs
0.21383184889679088,0.9417552934150151,0.028402366863905324,-0.1348380714765543,35,iid_pairs
0.23366857631740964,1.2094793951689962,0.1076923076923077,-0.10384522766742298,36,iid_pairs
0.17848494379337823,1.0527038764685654,0.040236686390532544,0.19751527472250346,47,iid_pairs
0.2443107965334689,1.2951520783923822,0.15384615384615385,0.37484923228238315,21,iid_pairs
0.22140749787899117,1.0690753480945636,0.07928994082840236,0.06451997493111279,48,iid_pairs
0.1838171536038812,0.9337840040064267,0.06035502958579882,-0.22200029469045618,42,iid_pairs
0.23001152327161742,1.1040529893569442,0.08165680473372781,0.010824262625277394,45,iid_pairs
0.1708954890918398,0.8557486386858058,0.03431952662721893,0.15547792725990542,56,iid_pairs
0.24594341357049432,1.0114992136197631,0.11597633136094675,-0.45194433242800547,35,iid_pairs
0.17813175038387838,0.8843152938375826,0.028402366863905324,-0.20413473209724714,60,iid_pairs
0.18149853866089793,1.0179470143128393,0.02603550295857988,-0.18277406673549673,46,iid_pairs
0.20877127779386534,1.1819155113983149,0.06982248520710059,0.12143792951383209,49,iid_pairs
0.20650453905077998,1.228458114493165,0.06035502958579882,-0.29331816999623,71,iid_pairs
0.18614487281115613,0.9876205131043911,0.03431952662721893,0.18285838365871823,49,iid_pairs
0.1909823617039723,0.9495094567757636,0.033136094674556214,-0.07520593217151424,67,iid_pairs
0.1661820795462655,0.8653287018827875,0.05917159763313609,-0.2741282176950059,52,iid_pairs
0.1780687271173195,0.922662452347851,0.06982248520710059,-0.09323569986580234,57,iid_pairs
0.2397324417180924,1.316867750988854,0.09585798816568047,0.06740468709129473,43,iid_pairs
0.21747491409055483,1.0662041928746262,0.054437869822485205,0.06967062503690956,38,iid_pairs
0.1994172420783409,0.9341220216975028,0.02485207100591716,-0.005343149667360735,36,iid_pairs
0.19387575720173872,0.8395389491141105,0.005917159763313609,0.06190835669104348,50,iid_pairs
0.1949236048831185,0.855381424265329,0.029585798816568046,-0.06950925171644701,39,iid_pairs
0.197376485260726,0.9737483782430225,0.0378698224852071,0.18993679696413043,58,iid_pairs
0.22311058292785352,0.9809502994022405,0.1076923076923077,-0.1447534526239254,42,iid_pairs
0.17367260683354047,0.8514582004306335,0.015384615384615385,0.049425725360619385,36,iid_pairs
0.1547892482106258,0.8525526227183549,0.007100591715976331,0.0803474569636338,33,iid_pairs
0.21247661786148284,1.0231123821676693,0.0650887573964497,-0.0037242909311473987,40,iid_pairs
0.2047212165267671,1.0250504001442473,0.06627218934911243,0.022345134780652656,42,iid_pairs
0.21016321358111414,1.0635139249852084,0.047337278106508875,-0.2062384031896491,47,iid_pairs
0.20306059660454195,1.1058059255843036,0.06863905325443787,-0.41130639091149007,49,iid_pairs
0.19006781836193756,0.9522893013852844,0.0863905325443787,0.14218155613689495,47,iid_pairs
0.21930660639748806,1.0142607778178976,0.05325443786982249,-0.18366781523414483,48,iid_pairs
0.19371888495446024,0.9394066133034769,0.04142011834319527,-0.328789763718678,39,iid_pairs
0.20408632777988614,1.0395412933600068,0.0970414201183432,0.035667218590143226,52,iid_pairs
0.23614700831360838,1.165921883732033,0.08520710059171598,-0.04166655921840262,31,iid_pairs
0.20074637033037274,1.0038901161066833,0.03905325443786982,-0.11788747998830207,39,iid_pairs
0.21969124068038456,1.0858163680331874,0.07928994082840236,0.14122591343604068,46,iid_pairs
0.20631564987077378,0.9315343076861832,0.11124260355029586,0.003702086232429402,30,iid_pairs
0.19108862915945599,0.9417454829793467,0.010650887573964497,-0.17906032284985426,42,iid_pairs
0.18750752687812003,0.8316168427046264,0.010650887573964497,-0.017050942209028086,60,iid_pairs
0.24406708664225352,1.0824275611076655,0.09822485207100591,0.14555210522974463,47,iid_pairs
0.2011136484159953,0.8909490517712608,0.036686390532544376,0.18722959588559415,50,iid_pairs
0.18818208972527128,0.9646233421912569,0.03905325443786982,-0.20710637963242215,53,iid_pairs
0.2145797328683361,1.1797507864139827,0.10532544378698225,0.09770888763818918,39,iid_pairs
0.18640838869323745,0.9212162831585707,0.023668639053254437,0.06078279905160841,47,iid_pairs
0.17089789081401516,0.9117025452321726,0.01775147928994083,-0.45387101949926445,45,iid_pairs
0.17340354812055278,0.8477810774623628,0.005917159763313609,-0.14927942781917836,46,iid_pairs
0.258897087552544,1.1996605466754386,0.15739644970414202,-0.07236293354998609,50,iid_pairs
0.18260438378228322,0.8637137235925052,0.011834319526627219,-0.1800023173434201,53,iid_pairs
0.24083675647013836,1.0912956137239607,0.12071005917159763,0.19271399387545898,38,iid_pairs
0.1777743182049398,0.8814175774208903,0.046153846153846156,-0.16918939520474563,46,iid_pairs
0.1930942095152714,0.8728594883375953,0.06627218934911243,-0.03518898893376734,45,iid_pairs
0.1934629727925363,1.0600865920671843,0.07100591715976332,-0.22770657700039948,40,iid_pairs
0.21483990531324515,1.1107037680953964,0.10295857988165681,-0.03274052639018914,41,iid_pairs
0.2000682671756115,0.9276877385048263,0.0378698224852071,0.07455797281637788,48,iid_pairs
0.20936292335506895,1.2464667094509172,0.06390532544378698,0.03673093962301397,32,iid_pairs
0.21832019551205212,1.1145621308710962,0.0863905325443787,0.034068178639603555,38,iid_pairs
0.20820494990012398,1.0480404530403682,0.06745562130177515,-0.1863723363096836,46,iid_pairs
0.17497867109179582,1.0822497945195697,0.020118343195266272,0.008276086678956282,44,iid_pairs
0.20056491449130912,1.156483049379078,0.047337278106508875,-0.2276691572477003,53,iid_pairs
0.19922060199772104,0.8542895061948156,0.01775147928994083,-0.17087209429418151,50,iid_pairs
0.2248836735320363,1.0437843128735667,0.09349112426035502,-0.3172890478875203,39,iid_pairs
0.19047539966437368,1.0646803205490318,0.05798816568047337,-0.29189533927309685,56,iid_pairs
0.22445609636906447,1.1261413761207806,0.12662721893491125,-0.15631392987839504,61,iid_pairs
0.17704488702689822,0.9203098373968011,0.028402366863905324,-0.09203988924072154,50,iid_pairs
0.21984474693451697,1.0096100108874442,0.08994082840236686,-0.08662816802406344,41,iid_pairs
0.20200543868396265,1.0127292258004716,0.05325443786982249,-0.048449270884067724,61,iid_pairs
0.186906545837464,0.9749530623450076,0.07100591715976332,0.10239337365984709,73,iid_pairs
0.17299853385340996,0.8769898015815243,0.09230769230769231,-0.3033590318230909,37,iid_pairs
0.20054841897909792,0.9588237815625189,0.054437869822485205,-0.2516629942879589,46,iid_pairs
0.23888350886260482,1.1508465559032952,0.13372781065088757,0.04538901609835632,38,iid_pairs
0.2150932540440982,1.1467357581297133,0.06745562130177515,-0.014337914591829534,55,iid_pairs
0.2271630128546102,1.0651327535266732,0.05798816568047337,-0.27650560544090896,49,iid_pairs
0.2046379486203124,1.0046682651546817,0.04142011834319527,0.2334566589042444,41,iid_pairs
0.2066134774387926,0.9251364615945644,0.02485207100591716,0.16863312092866145,64,iid_pairs
0.1719274042992768,0.9943145607392113,0.015384615384615385,-0.2046535093854426,64,iid_pairs
0.21577840729490347,0.9830805636593946,0.03431952662721893,-0.17500347131811558,44,iid_pairs
0.1776740297755525,0.8588387801688233,0.03431952662721893,0.07731013532702519,45,iid_pairs
0.23616813755778082,1.1296260317358113,0.08520710059171598,-0.20955711464723495,36,iid_pairs
0.2107021144891671,1.0669605004769913,0.07100591715976332,0.07558340447401601,39,iid_pairs
0.17473691647633985,0.9428720614619468,0.021301775147928994,-0.16509113465709602,54,iid_pairs
0.2143026035750599,0.9576535208057173,0.04970414201183432,-0.04715960243735024,53,iid_pairs
0.21509413835808916,1.095919282846899,0.07218934911242604,-0.16703671472984885,42,iid_pairs
0.17370567036051338,0.859152082114108,0.028402366863905324,-0.1711019567099579,65,iid_pairs
0.20010827247936983,0.8772127084190651,0.03905325443786982,-0.13614817893838482,42,iid_pairs
0.19516118383278822,0.9954099016416018,0.047337278106508875,-0.20351727178081153,55,iid_pairs
0.185568824020469,0.8987430781173255,0.05325443786982249,-0.03739506350499012,49,iid_pairs
0.2393966819843494,1.1543452231691917,0.09112426035502959,-0.12920846997651525,36,iid_pairs
0.22252149745018762,0.9967174775950505,0.06745562130177515,-0.05195684223109825,48,iid_pairs
0.18177827868402363,0.9907247210684464,0.05207100591715976,-0.058196964323766504,49,iid_pairs
0.1947331898097438,0.8765603119917984,0.033136094674556214,-0.29626951422991726,50,iid_pairs
0.21693349197832382,1.0909948304701573,0.054437869822485205,-0.2847461490218362,57,iid_pairs
0.22038185202687924,1.2170136449943865,0.07692307692307693,-0.004205798667286661,32,iid_pairs
0.16351661385614322,0.8020555948106189,0.010650887573964497,-0.3013093871258822,69,iid_pairs
0.18814358083430918,0.8873681103582423,0.03905325443786982,-0.08940290641582051,38,iid_pairs
0.22557034437041082,1.0338607024799673,0.07100591715976332,0.05171124602444842,27,iid_pairs
0.21895546429082063,1.1049179278780148,0.10295857988165681,-0.05737422297165911,34,iid_pairs
0.14426030287542177,0.7894610162381492,0.005917159763313609,0.14934126425779826,75,iid_pairs
0.20715573248115976,0.9902271901536883,0.022485207100591716,-0.18816148174027839,32,iid_pairs
0.19324350264200787,1.0764419721093597,0.06982248520710059,-0.18947283270590598,57,iid_pairs
0.22199898808946672,1.0239560410059596,0.07455621301775148,0.07789089318473802,31,iid_pairs
0.17091961859525304,0.8661837201991558,0.005917159763313609,-0.34116389799701313,44,iid_pairs
0.20682382110967956,1.0069332807802087,0.08047337278106509,0.23097108464408078,52,iid_pairs
0.21160129979383682,1.1676391761861873,0.07810650887573964,-0.025793137649351167,47,iid_pairs
0.2133322122780786,0.9197737089163598,0.07928994082840236,-0.13646115069157394,33,iid_pairs
0.2071435715721614,1.0430864538473985,0.0757396449704142,-0.18282262253385717,35,iid_pairs
0.2150431031459566,1.023120707667131,0.0863905325443787,-0.17128938443041095,44,iid_pairs
0.2085785976094252,0.9920045351877977,0.046153846153846156,0.09490394766927948,40,iid_pairs
0.23037955992434528,1.026431161977431,0.07928994082840236,-0.0056068456374138995,31,iid_pairs
0.18589599413208716,0.9761280033923665,0.05088757396449704,-0.27149893643358886,52,iid_pairs
0.2089542759723695,1.0549395404325472,0.06745562130177515,0.07206461560081595,45,iid_pairs
0.18242266639814744,1.072130094613389,0.06982248520710059,-0.2776571993416704,40,iid_pairs
0.1587498170434839,0.983313312663842,0.014201183431952662,-0.01934769056855432,54,iid_pairs
0.1801017997617813,0.8774706658447942,0.01301775147928994,-0.34345542106548205,46,iid_pairs
0.20941390081505049,0.9557150963330818,0.06745562130177515,-0.023784468738251036,52,iid_pairs
0.22298712483232697,1.124101155311528,0.08047337278106509,0.21423965287920727,53,iid_pairs
0.22069257371385326,1.149390006667299,0.1076923076923077,-0.06595416786890528,42,iid_pairs
0.20421735517503103,0.98333613600957,0.05207100591715976,0.13059709702352323,55,iid_pairs
0.2231223680359432,0.9858743081815278,0.02603550295857988,0.015478247094120753,30,iid_pairs
0.18690725398072566,1.0259129724931375,0.0757396449704142,-0.3329078864492492,44,iid_pairs
0.21303397436325527,1.1491211036025348,0.12307692307692308,-0.054889530182231715,39,iid_pairs
0.18051618366044067,0.8862088471666911,0.03431952662721893,-0.1531940305056492,67,iid_pairs
0.17190641175746452,0.7557124531401379,0.0,0.11255046512550847,65,iid_pairs
0.21168075183140458,1.0405037150366714,0.06153846153846154,-0.1618766654025527,39,iid_pairs
0.16277154602132704,0.806667141869269,0.07455621301775148,-0.23260044402541738,48,iid_pairs
0.18981135622694928,1.160498973347402,0.06272189349112427,0.05777930371640082,54,iid_pairs
0.1914060620809287,0.9728452341612333,0.01893491124260355,-0.08840649645055834,35,iid_pairs
0.22349890527456331,1.0198754193053745,0.07928994082840236,-0.42941473553743714,55,iid_pairs
0.19861341642275282,0.955717319986408,0.01775147928994083,-0.08547844543450443,44,iid_pairs
0.18849174581895045,1.0385145986832438,0.05088757396449704,0.16533683299458032,55,iid_pairs
0.22573317130549872,1.0263845696761782,0.08284023668639054,-0.1268237164843498,41,iid_pairs
0.18754847833301647,0.9105239057441469,0.0485207100591716,-0.20397600528623425,69,iid_pairs
0.19438766377275518,1.0812712773934576,0.05207100591715976,0.1433055438959784,57,iid_pairs
0.17992848371172634,0.9608700615907895,0.040236686390532544,-0.16365166891651836,40,iid_pairs
0.2006771053443058,0.9860906746849034,0.06390532544378698,-0.07854043351249772,58,iid_pairs
0.18695832417391411,0.9038427322603728,0.03076923076923077,0.2392775773358572,55,iid_pairs
0.19456664305428964,1.0128848990416564,0.046153846153846156,-0.26189479687038497,46,iid_pairs
0.17252683803150115,0.9393473366165341,0.016568047337278107,-0.21397469389022958,57,iid_pairs
0.1746942795298515,0.9838189388648392,0.06153846153846154,-0.08188388547756484,43,iid_pairs
0.22665649202110016,1.0893605755988127,0.11834319526627218,-0.06447089607295556,43,iid_pairs
0.23851626002876186,1.0680540971661296,0.07928994082840236,0.2077410613291678,32,iid_pairs
0.17273249314828104,0.9662186920596461,0.09230769230769231,-0.09109153910338581,36,iid_pairs
0.2507180241356126,1.281186046496546,0.1301775147928994,-0.13289484460126513,45,iid_pairs
0.21812048877540569,1.0584571611918965,0.07692307692307693,-0.21188083152074233,31,iid_pairs
0.2619617442498944,1.0843047581573115,0.1301775147928994,0.08956135424263176,47,iid_pairs
0.1806129789914273,0.9269959297849981,0.021301775147928994,-0.05098257090055441,40,iid_pairs
0.19523307787264377,0.9011135364043166,0.08875739644970414,-0.1754268691309279,51,iid_pairs
0.2162276983242787,1.0737411397647545,0.11005917159763313,0.0931634163718021,54,iid_pairs
0.2178815994896977,1.115039880216054,0.08047337278106509,0.10610259450893186,48,iid_pairs
0.21626525412642963,1.0651773591747005,0.07810650887573964,-0.06500588019042075,31,iid_pairs
0.2347295089189086,1.0562615878882933,0.0863905325443787,0.07035904083727348,44,iid_pairs
0.20316897505346435,0.9998354079978471,0.05680473372781065,-0.05025115542894467,42,iid_pairs
0.14586940408637483,0.7114667783278235,0.001183431952662722,-0.30970699750510366,58,iid_pairs
0.18685667900326317,0.8847652066738595,0.029585798816568046,0.19758297749358647,42,iid_pairs
0.21132578501013685,0.9994374258533596,0.04970414201183432,0.25646708858850165,50,iid_pairs
0.17100947127215077,0.7722650084468454,0.0,0.13767670913158317,59,iid_pairs
0.2110510811746761,1.2473722346817877,0.07455621301775148,-0.2556764071282038,50,iid_pairs
0.19064103712526637,0.9168727062152155,0.04142011834319527,-0.40604452172938305,60,iid_pairs
0.2065544467067865,0.9974857155053959,0.06272189349112427,0.045490883388522876,40,iid_pairs
0.21751663678061553,1.0501431412137077,0.09349112426035502,0.2113334632199348,51,iid_pairs
0.20802185066822018,0.9854533102292804,0.11005917159763313,-0.15543218304962908,34,iid_pairs
0.26262817851207987,1.22102156899168,0.17159763313609466,0.193364227498864,60,iid_pairs
0.15749579531855437,0.841642561121126,0.004733727810650888,-0.06177495044385725,62,iid_pairs
0.1836983637102862,0.910460051256461,0.027218934911242602,0.01709590726155658,40,iid_pairs
0.19307037496231907,0.9889158824344506,0.03076923076923077,0.18318363588135927,34,iid_pairs
0.18891160424848646,0.9591535051085387,0.04260355029585799,-0.08265143655811312,50,iid_pairs
0.20064519423054356,1.0389532570127682,0.04970414201183432,0.14723255277805963,50,iid_pairs
0.22507595093743482,1.2181722915873734,0.09349112426035502,-0.17791285181251565,44,iid_pairs
0.21369576684633296,1.0155119653582527,0.06153846153846154,-0.13066951611736968,51,iid_pairs
0.2507011021520059,1.1672789267230006,0.11479289940828402,0.005146933325996853,31,iid_pairs
0.2185479103411766,1.1435326183493908,0.05562130177514793,-0.20137043283772113,39,iid_pairs
0.20717965815751865,1.0546791662946986,0.0757396449704142,0.02215389432287262,54,iid_pairs
0.18253188405752702,0.881192666743219,0.06272189349112427,-0.10805701263008066,47,iid_pairs
0.18665873109270995,0.9593112637797805,0.021301775147928994,-0.2951105607569249,59,iid_pairs
0.206183260520106,1.0027044921575976,0.07455621301775148,-0.06255096741826534,54,iid_pairs
0.2256956277187347,1.1008441400064735,0.05088757396449704,-0.21919730550477423,38,iid_pairs
0.17295793734616666,0.9085978680030724,0.027218934911242602,-0.18791417025759563,54,iid_pairs
0.22454121087409729,1.0251491371649188,0.07337278106508875,0.04684075674143626,53,iid_pairs
0.21584079311797316,1.2307434062129454,0.10059171597633136,0.1694717780811756,30,iid_pairs
0.21140757540483004,1.0916322889723822,0.06035502958579882,-0.12739512239943543,35,iid_pairs
0.2018717795930923,1.1249051540214867,0.06035502958579882,-0.1783904085967041,40,iid_pairs
0.2066825167496083,0.8813201465926022,0.0650887573964497,-0.13009763274286448,36,iid_pairs
0.21149576045278037,0.9593351549566622,0.05798816568047337,-0.1950514273028046,38,iid_pairs
0.24971817627435028,1.2696897689277464,0.11715976331360947,-0.27923520796029844,36,iid_pairs
0.28826800227190724,1.2956760886675869,0.21301775147928995,0.11139213633218849,33,iid_pairs
0.2402817551797312,1.1153906424306528,0.08402366863905325,0.0827484204272107,48,iid_pairs
0.18722278835104755,0.926384776585234,0.047337278106508875,-0.06472146694167216,34,iid_pairs
0.2180386519601651,1.0017958788195291,0.07337278106508875,-0.16228832855216568,21,iid_pairs
0.22521547429989103,1.203909497786908,0.08165680473372781,0.14621526335428645,33,iid_pairs
0.24692974061161455,1.0667648537216412,0.19763313609467456,-0.3019955013918472,27,iid_pairs
0.20014076694781457,1.041336013829831,0.06390532544378698,0.09269755887603749,46,iid_pairs
0.22769693919193448,1.1287140677380432,0.08520710059171598,0.2774446060378073,42,iid_pairs
0.25327185876100944,1.1627585804241378,0.16331360946745563,0.2880239876998528,44,iid_pairs
0.15765613899968128,0.8306425782043833,0.014201183431952662,-0.13019354543114223,54,iid_pairs
0.15902517832187177,0.7929429358481344,0.0485207100591716,-0.28445820441752134,68,iid_pairs
0.18679302215904225,0.8917063041482227,0.03076923076923077,-0.2251864569872484,57,iid_pairs
0.22323418268908962,1.0835723983400016,0.0485207100591716,0.07553993606901034,40,iid_pairs
0.24609776564139121,1.1412273657244068,0.11242603550295859,-0.08412767667629659,41,iid_pairs
0.16729747596643096,0.9110247164486325,0.009467455621301775,-0.1957562497114112,53,iid_pairs
0.21168403212039952,1.0495152914960317,0.028402366863905324,0.11294339402596222,47,iid_pairs
0.19103888819269643,0.8740839020772804,0.016568047337278107,0.22840756867658085,47,iid_pairs
0.2520128209750888,1.3234556758371618,0.11005917159763313,0.14474387292589985,39,iid_pairs
0.20381588839140327,1.0173828188915603,0.06745562130177515,-0.28298009012443126,43,iid_pairs
0.1910392413169005,0.8891003328082159,0.01893491124260355,-0.03610208078546052,41,iid_pairs
0.1627233725285509,0.9678512082667298,0.014201183431952662,-0.35778452584671855,44,iid_pairs
0.20387917896541508,0.9945725073844734,0.047337278106508875,0.016666056926782614,34,iid_pairs
0.15660227442958924,0.9420085842126844,0.036686390532544376,-0.14106470116634992,45,iid_pairs
0.19931597058022868,1.1672805087382354,0.10532544378698225,0.00969861903301582,39,iid_pairs
0.17038532349814525,1.087460613715291,0.02485207100591716,-0.367520392324157,56,iid_pairs
0.17380782637518516,0.9145880916280853,0.03550295857988166,-0.0510342473046378,51,iid_pairs
0.25794558094740594,1.1400501843461681,0.08994082840236686,-0.1852638480390448,26,iid_pairs
0.1934580293366904,1.0887179134628795,0.08047337278106509,-0.04768789762882433,30,iid_pairs
0.22876391672693738,1.0203277240252797,0.03905325443786982,0.038165927971977966,32,iid_pairs
0.19785686385953083,0.8732967014315414,0.027218934911242602,-0.24683551927899092,59,iid_pairs
0.22963459179868717,1.0903188064941853,0.09467455621301775,0.33791964521608875,37,iid_pairs
0.16905694281170236,0.8563639293111124,0.023668639053254437,-0.16235441993221203,73,iid_pairs
0.20945679860459313,1.096175543866648,0.05088757396449704,-0.10902466323129992,33,iid_pairs
0.18697849693146373,0.8558042041533656,0.004733727810650888,-0.002064800502279974,41,iid_pairs
0.2208936701461221,1.06193350926487,0.07218934911242604,-0.18728837218880248,39,iid_pairs
0.22460410167593073,1.1665128239967462,0.10532544378698225,0.21981698549243822,56,iid_pairs
0.1754604406611925,0.9186131859152233,0.033136094674556214,0.08094065304703695,49,iid_pairs
0.1664214321222415,0.8688965518523203,0.015384615384615385,-0.23522480033609522,61,iid_pairs
0.21214313205870927,0.9951117862086618,0.06745562130177515,0.07400935237086284,54,iid_pairs
0.20687602356878174,0.9901616796029287,0.05917159763313609,0.22959739827133907,46,iid_pairs
0.15643140217170382,0.8013351053780309,0.008284023668639054,0.07761348334837732,48,iid_pairs
0.17214876969424966,0.916246734152798,0.0650887573964497,-0.049721757671596534,32,iid_pairs
0.16026822423557574,0.8425104377152761,0.0035502958579881655,-0.25166752585803426,65,iid_pairs
0.20488064865984018,0.9859617700637058,0.040236686390532544,-0.13973042944756667,46,iid_pairs
0.19955048817394644,0.954623853787292,0.04378698224852071,-0.10560080351253077,47,iid_pairs
0.1831078560838275,1.007871113025227,0.05325443786982249,0.19013449086833165,36,iid_pairs
0.21908436961158292,1.0865222141318034,0.0378698224852071,0.140513970246446,36,iid_pairs
0.18307915015940437,0.94215703009496,0.022485207100591716,-0.13764017408049792,69,iid_pairs
0.2127328828393517,1.0060145033212347,0.07810650887573964,-0.1903021949429672,39,iid_pairs
0.22906807217962896,1.0745241135212396,0.08284023668639054,0.08634149921072817,47,iid_pairs
0.233375923325272,1.3123197133532232,0.08875739644970414,-0.04335782488589575,24,iid_pairs
0.2146727423300829,0.9670158031398357,0.06153846153846154,-0.1548416069905388,54,iid_pairs
0.1922245786968118,0.9483960727072006,0.04260355029585799,0.10521491605637878,52,iid_pairs
0.21294772883956437,1.3098399994274406,0.08875739644970414,-0.023826284430263574,42,iid_pairs
0.2014119377372759,0.9638541606000597,0.05207100591715976,-0.21063720279969894,56,iid_pairs
0.24329843388838376,1.0874621976590428,0.0863905325443787,0.36131822347104475,36,iid_pairs
0.16656352481600775,0.9248484289335333,0.04970414201183432,-0.17075305984065367,53,iid_pairs
0.19324041467828912,0.9903575787058666,0.05562130177514793,-0.13885259603418332,53,iid_pairs
0.1852942285175363,0.9705603786126027,0.029585798816568046,-0.004665018495042569,40,iid_pairs
0.21360920332372296,1.1041367555349346,0.04260355029585799,-0.08139565861745036,30,iid_pairs
0.19604089466108923,1.0506477692649696,0.05798816568047337,-0.07762508245348618,47,iid_pairs
0.171792429568504,0.927157218859539,0.11597633136094675,0.16512531070111694,32,iid_pairs
0.17688830046379342,0.8282895833417392,0.009467455621301775,-0.17993642330953166,42,iid_pairs
0.17404226640335851,1.0114124621888727,0.04142011834319527,-0.1444927403793238,48,iid_pairs
0.21830557602054756,1.099741132355878,0.07810650887573964,0.08591177138895703,37,iid_pairs
0.19331841950376388,1.072928294273145,0.06390532544378698,-0.22385459735888255,66,iid_pairs
0.22576091589129169,1.090327671268137,0.07100591715976332,-0.010060548324913971,56,iid_pairs
0.23420747778416662,1.2028027132785266,0.11005917159763313,-0.07462368887920114,35,iid_pairs
0.22979852736671766,1.1057902874232837,0.05680473372781065,0.2350252323774124,39,iid_pairs
0.2231221990702567,0.9522466870876556,0.06035502958579882,0.2984165866057579,54,iid_pairs
0.20042889870452577,1.2388006860451282,0.0650887573964497,0.26331579265898497,60,iid_pairs
0.20181243347023248,1.0758759135923968,0.047337278106508875,0.04008258933460048,35,iid_pairs
0.19474720277429272,1.019457197585028,0.02603550295857988,0.06531163991010361,52,iid_pairs
0.18528975574198667,0.9646164233469974,0.036686390532544376,-0.17214371843069884,51,iid_pairs
0.19480664191623967,1.076367510576024,0.036686390532544376,-0.10597093110605858,42,iid_pairs
0.2261942851598321,1.053657326258461,0.06745562130177515,0.07880478677649752,33,iid_pairs
0.19401519405743062,0.8648527331869993,0.029585798816568046,-0.039595686547622785,44,iid_pairs
0.18549261836454994,0.9100058047804926,0.036686390532544376,-0.056070342373422746,57,iid_pairs
0.18085925908859282,0.9298674773110203,0.027218934911242602,-0.037419446231470005,52,iid_pairs
0.21426936491382775,1.0646189364693508,0.07692307692307693,-0.3819183836692437,35,iid_pairs
0.16062451398990246,0.9151899671847137,0.016568047337278107,-0.2773201861026211,64,iid_pairs
0.19392705948868572,1.0201009350538088,0.05207100591715976,-0.07912992790144929,41,iid_pairs
0.22542705676320182,1.1366333667876745,0.11005917159763313,0.08172553879744202,42,iid_pairs
0.24739817351402524,1.2115369772421263,0.1289940828402367,-0.12058042396938376,23,iid_pairs
0.18580369192904841,1.0229752060526833,0.06035502958579882,-0.15555219472982468,52,iid_pairs
0.22314726178887526,1.0951874322015174,0.07692307692307693,-0.06839883555619528,38,iid_pairs
0.21453530630210732,1.0240656129819636,0.09112426035502959,0.05436364050084968,51,iid_pairs
0.24145110953321064,1.0594858511168719,0.09822485207100591,0.047078308828325706,45,iid_pairs
0.20827881196920367,0.9489008336972644,0.03550295857988166,-0.0022820871326161888,44,iid_pairs
0.2171145810356686,0.9577293333265049,0.05680473372781065,0.215514203479631,38,iid_pairs
0.19882632981972131,1.191214233100868,0.05325443786982249,-0.015345782826475564,51,iid_pairs
0.22020234887575976,1.145542936217248,0.1242603550295858,0.19365027605251364,46,iid_pairs
0.19628843291479,1.0693404501285113,0.05088757396449704,-0.34890344221633707,49,iid_pairs
0.19575336348884423,0.9812777083021573,0.04142011834319527,-0.08433806063892267,42,iid_pairs
0.1520634631958059,0.8068829215519907,0.03905325443786982,0.060822837399938635,48,iid_pairs
0.19985192134721194,0.9647751745885638,0.0757396449704142,0.014541014289434256,49,iid_pairs
0.20030964536446547,0.9862056039968194,0.06035502958579882,-0.5037996684940266,47,iid_pairs
0.1827528645796056,0.9375419530690055,0.05798816568047337,-0.11378346871334113,51,iid_pairs
0.184784926933168,0.9578190565837508,0.04142011834319527,0.21292710308355306,45,iid_pairs
0.2130466291747851,1.108428829630252,0.033136094674556214,-0.2154739025171064,54,iid_pairs
0.16506061643589093,0.9844024098825775,0.021301775147928994,-0.22531155540268596,76,iid_pairs
0.201504745250886,1.082843082233762,0.03550295857988166,-0.5061616795756657,44,iid_pairs
0.22827120281939836,1.1511495500322702,0.07692307692307693,-0.19327879730088154,28,iid_pairs
0.1573221018408534,1.1477238972587491,0.02485207100591716,-0.2791940509768907,66,iid_pairs
0.2099861711997321,0.9167903817373383,0.04497041420118343,0.12339738186490336,49,iid_pairs
0.26112733442184183,1.098860904281817,0.15266272189349112,0.17036765143346497,47,iid_pairs
0.16111560951583728,0.9344725684036843,0.02603550295857988,0.02034451601186832,59,iid_pairs
0.20843403802099292,1.007919137280398,0.0650887573964497,0.06661606073732254,56,iid_pairs
0.18342081794434778,0.8746160128376217,0.015384615384615385,-0.15236520276082344,47,iid_pairs
0.17660303278215456,0.920745703712561,0.06272189349112427,0.07935399287276605,44,iid_pairs
0.2420673762410148,1.2038282626071601,0.1076923076923077,0.16931819852851726,42,iid_pairs
0.21354946465475044,0.9863134668341145,0.03076923076923077,-0.23439941300713926,29,iid_pairs
0.18199487251330418,1.0767886295098672,0.020118343195266272,-0.2693739956976426,44,iid_pairs
0.19671334277100497,1.1135520869175808,0.046153846153846156,-0.15147263483262774,28,iid_pairs
0.1768173596989806,0.9528259480155018,0.02603550295857988,-0.30069474566249993,56,iid_pairs
0.23335764148523236,1.3161042333448965,0.07928994082840236,-0.08409678112938053,35,iid_pairs
0.22661471633928953,1.1522610941941491,0.10887573964497041,-0.20981061587509084,68,iid_pairs
0.16415423472183502,0.8391599472232623,0.005917159763313609,-0.24078666848093186,34,iid_pairs
0.18554294494162335,1.0084773014463002,0.01893491124260355,-0.0008781821613609206,46,iid_pairs
0.2032954363257352,1.0099035542033978,0.05207100591715976,-0.14593260128070976,46,iid_pairs
0.19273443555853811,0.957248514855437,0.040236686390532544,-0.3490223958295953,56,iid_pairs
0.17151149146689626,0.8492192626396415,0.008284023668639054,0.14870764445797624,44,iid_pairs
0.19992309219508334,0.9703156813294234,0.06390532544378698,0.031174379597544443,42,iid_pairs
0.2125985504182851,1.1299765792189596,0.08165680473372781,0.01258124968576999,26,iid_pairs
0.22780820109955285,1.0695705069973778,0.08994082840236686,-0.11481575544451031,49,iid_pairs
0.20076088390969665,0.8953847786934784,0.01893491124260355,-0.0432760657500276,28,iid_pairs
0.21164240550024277,1.0827573269927169,0.08757396449704143,0.1614202831707193,38,iid_pairs
0.20995499227954836,1.1147756697812872,0.08284023668639054,0.08885682398782885,57,iid_pairs
0.21673817473302184,0.9868781574553567,0.07218934911242604,-0.26095781722217154,59,iid_pairs
0.18158696470325392,0.9490666216785283,0.08047337278106509,0.07668450301875324,42,iid_pairs
0.20347728681442248,1.159632707083297,0.04260355029585799,-0.136556798197591,36,iid_pairs
0.2007307389439126,1.088627898546794,0.08284023668639054,-0.15964329107723046,50,iid_pairs
0.24401161659374335,1.2382031695087152,0.07810650887573964,0.25598168798431864,43,iid_pairs
0.1751164177280613,1.0145002825961316,0.03431952662721893,0.1782740226104432,45,iid_pairs
0.245504982200599,1.2238904406945341,0.12544378698224853,0.32758118559554017,34,iid_pairs
0.1951834040278099,1.032976632736144,0.03195266272189349,0.018205198125189295,56,iid_pairs
0.16750578012895306,0.8656828129324411,0.05207100591715976,-0.2657894617314038,29,iid_pairs
0.25705033734200894,1.1923897388371931,0.17988165680473372,0.10396449502031947,38,iid_pairs
0.23786015511614594,1.2308564997542162,0.08402366863905325,-0.2677011146393211,28,iid_pairs
0.218555295564967,1.0999296979541513,0.08875739644970414,-0.05043946646722066,43,iid_pairs
0.19789986496109174,0.928814292311749,0.09112426035502959,-0.027802692283724433,50,iid_pairs
0.20323690098180325,0.8824127979369212,0.033136094674556214,-0.0743541278178798,35,iid_pairs
0.1975366933418643,0.9098637905555191,0.03550295857988166,0.11752938262355832,54,iid_pairs
0.17032887405548183,0.8947890016734308,0.036686390532544376,-0.021710119216309245,56,iid_pairs
0.20481333111961347,0.962051460576385,0.07100591715976332,-0.16777896014386443,53,iid_pairs
0.17566285299233217,0.9307132291945461,0.03076923076923077,-0.2706681956120954,59,iid_pairs
0.1873409683944238,1.0577194658734075,0.036686390532544376,-0.054776127896931315,67,iid_pairs
0.20531106450358386,1.0666757009885153,0.10295857988165681,-0.1230807099059249,41,iid_pairs
0.18135442850561795,0.8795853339071975,0.01893491124260355,0.04456330230141311,47,iid_pairs
0.2301419511714066,1.085458142990036,0.08520710059171598,-0.021103673926032993,29,iid_pairs
0.20081173018614415,0.8796599028705927,0.09585798816568047,0.1971645973748461,66,iid_pairs
0.18433389336817718,0.9831596309658974,0.047337278106508875,0.22849418791601167,62,iid_pairs
0.21921711296556556,1.1547178862015626,0.08047337278106509,0.23158614031364877,44,iid_pairs
0.23850877890002142,1.084536915161844,0.08047337278106509,0.23296455165417954,31,iid_pairs
0.1681916749291958,0.8241479885939261,0.05207100591715976,0.1077832403094975,33,iid_pairs
0.19843842222445204,0.888535865309348,0.01893491124260355,-0.23099806714785684,48,iid_pairs
0.20860484756019362,0.9985365637664424,0.04497041420118343,-0.22065301276672133,46,iid_pairs
0.2037125474844153,0.9767492644176374,0.016568047337278107,-0.0499741126958891,31,iid_pairs
0.21437297429090557,1.0795741845566953,0.1136094674556213,-0.10858229934906297,32,iid_pairs
0.20595789153354518,0.8938595238770366,0.05207100591715976,-0.15124781377878935,39,iid_pairs
0.19201862836774333,0.8200009096953187,0.05562130177514793,-0.12427644963009292,45,iid_pairs
0.19643104020039664,1.0885602400583014,0.06035502958579882,-0.10041489326079786,42,iid_pairs
0.18711113119970788,1.0301877160011652,0.06035502958579882,-0.1829398887712088,25,iid_pairs
0.1970531817561405,0.9192809996502427,0.028402366863905324,-0.04118948574442645,57,iid_pairs
0.194451827540724,1.1068212518368714,0.046153846153846156,-0.32937704321504335,47,iid_pairs
0.17170139541085946,0.8689866227217157,0.01893491124260355,-0.11755199859406125,40,iid_pairs
0.1527646115919974,0.9368760341032059,0.06627218934911243,-0.09373861578192899,25,iid_pairs
0.1968063872422135,0.9681897907856378,0.054437869822485205,-0.08414471565079759,58,iid_pairs
0.20362935931951193,0.9544670441033019,0.02603550295857988,0.18170004241006701,41,iid_pairs
0.1762561666580506,0.8944690602349487,0.040236686390532544,-0.04578228904281347,49,iid_pairs
0.17932446238931468,0.964022904886485,0.03550295857988166,0.07574863865998256,47,iid_pairs
0.24900846480365915,1.1383818620853803,0.08757396449704143,-0.011133290645840935,25,iid_pairs
0.24254128166634226,1.136252886515352,0.17514792899408285,0.1139371200050604,28,iid_pairs
0.22308894874671326,1.0298276375278088,0.12307692307692308,-0.22874613968323385,37,iid_pairs
0.21556911118501265,0.9554768896843249,0.05917159763313609,0.06574865940718659,42,iid_pairs
0.18522679787755444,0.9142292075295617,0.02603550295857988,-0.09763914555233,56,iid_pairs
0.19572555778221573,1.001853344889818,0.0485207100591716,0.028609592438210346,46,iid_pairs
0.21682997166279713,1.0172995163309093,0.04970414201183432,-0.09173786880935632,46,iid_pairs
0.2190972814069231,0.9277096104466471,0.04378698224852071,-0.06526439195921002,39,iid_pairs
0.17279930116026337,0.919633161739204,0.04142011834319527,0.044258409156935165,50,iid_pairs
0.21235563110298583,1.0809716995420304,0.04497041420118343,0.010216266383563778,49,iid_pairs
0.23692365052878853,1.1601903631922403,0.11834319526627218,0.4599099103611923,45,iid_pairs
0.2100610900106334,1.122959211480578,0.05088757396449704,-0.29034073844611924,34,iid_pairs
0.17252425651301032,0.7740520396634665,0.0,-0.031994904585785126,43,iid_pairs
0.19573414093170932,0.909084504752778,0.046153846153846156,-0.0470893179269693,48,iid_pairs
0.22771776498577437,1.111771447353281,0.10295857988165681,-0.11632213818534431,40,iid_pairs
0.18630931072387638,0.9959037875660709,0.029585798816568046,-0.07632819637169473,26,iid_pairs
0.18801362345918599,1.0408534001013825,0.04142011834319527,-0.2083572610060662,61,iid_pairs
0.18531297141263084,1.1045557530138033,0.01893491124260355,-0.21604648907443602,34,iid_pairs
0.2135998415996155,1.090323019062582,0.09822485207100591,0.09261581883274737,41,iid_pairs
0.20252209103936913,1.012301285124562,0.06745562130177515,0.054073501441658046,50,iid_pairs
0.14313756429484434,0.7292589030478795,0.004733727810650888,-0.08833908319486015,53,iid_pairs
0.19813025030509387,1.1380966306081528,0.05088757396449704,-0.30635532287107003,57,iid_pairs
0.23594154629169742,1.1250084490507706,0.11597633136094675,0.3147320431786706,35,iid_pairs
0.17428584872936723,0.9945507591560815,0.020118343195266272,-0.19319318688398981,56,iid_pairs
0.20141820730897245,1.0586474438638236,0.0863905325443787,0.12486018696759653,50,iid_pairs
0.20792555933926893,0.9868854564803304,0.06627218934911243,0.30759891677846585,49,iid_pairs
0.16079446323223837,0.7125444435505934,0.0,-0.17908061164273206,48,iid_pairs
0.20991080149681796,0.9434088402594727,0.03195266272189349,-0.4612269548747227,54,iid_pairs
0.21294416797247137,1.1339786874216633,0.06863905325443787,-0.13377593042465985,51,iid_pairs
0.1810379136331926,0.8987591125255159,0.027218934911242602,-0.4070769907417217,39,iid_pairs
0.21418431187216444,1.181796878610192,0.0650887573964497,-0.0033072897288867137,61,iid_pairs
0.1997344596752441,0.958228138841231,0.05917159763313609,-0.2560543771272508,44,iid_pairs
0.2335013764642006,1.1106975647703123,0.13964497041420118,-0.17320889749750748,49,iid_pairs
0.21281181706240568,1.085553592808282,0.04142011834319527,-0.1609401168746653,50,iid_pairs
0.21845215334414797,1.0384574584403377,0.07810650887573964,-0.08482864013833202,43,iid_pairs
0.2375521721568471,1.1653502789209154,0.07810650887573964,0.018127892430309937,46,iid_pairs
0.19593289796267935,0.9322549938806481,0.03905325443786982,0.04614964820762894,59,iid_pairs
0.19409978358471458,1.019154105381796,0.03195266272189349,0.14962606370592774,45,iid_pairs
0.19509762760871732,0.9424432830256722,0.07810650887573964,0.006767854358198432,50,iid_pairs
0.19863888851606182,0.9700871732070697,0.054437869822485205,-0.15045085305887623,38,iid_pairs
0.23057272098337767,1.0925948050829488,0.07928994082840236,0.15699565127884021,51,iid_pairs
0.1605120623750031,0.8689886998311084,0.022485207100591716,-0.08645576301508871,38,iid_pairs
0.17129282494561646,0.8182565580366443,0.0650887573964497,0.3694799985593722,32,iid_pairs
0.17972910149607188,0.9927315931582099,0.04260355029585799,-0.12367994399231416,49,iid_pairs
0.20995393660836115,0.9338510696764138,0.0650887573964497,-0.2370297032616161,26,iid_pairs
0.19127697042250338,0.9780788174158701,0.05798816568047337,-0.14619193223578827,57,iid_pairs
0.20945174000647454,0.9418328009985948,0.06745562130177515,-0.14605537901176868,46,iid_pairs
0.15030891816337003,0.8024558571171333,0.033136094674556214,-0.2463847060248673,42,iid_pairs
0.20318511225271962,0.915676145415924,0.04260355029585799,0.162270639006918,53,iid_pairs
0.1717104857990958,0.8528370684966302,0.029585798816568046,-0.025723949478410238,61,iid_pairs
0.21715711340979332,0.9902821071559724,0.09940828402366864,-0.1564201533211645,48,iid_pairs
0.16677732948980414,0.7311612323349295,0.005917159763313609,-0.22802173461551137,61,iid_pairs
0.25387819345545803,1.212668995788488,0.13846153846153847,0.03358537279735635,40,iid_pairs
0.23745821774944686,1.103712310464501,0.1514792899408284,-0.11131860390702888,49,iid_pairs
0.19861220390078976,0.9321110174975216,0.03431952662721893,0.05817802862135083,63,iid_pairs
0.18445126452235439,1.172894758806157,0.03076923076923077,-0.2295465670455675,50,iid_pairs
0.22539419086114668,1.279206100669099,0.08165680473372781,-0.007684278688719509,46,iid_pairs
0.1895259693332367,0.9068931536601359,0.020118343195266272,0.1773410568857981,33,iid_pairs
0.1815116470506787,0.8892690025875456,0.07692307692307693,-0.015640077402004245,35,iid_pairs
0.2098589556178818,1.0320121769250936,0.0757396449704142,-0.10968918214921083,56,iid_pairs
0.2125419598588744,0.9569789835538431,0.0650887573964497,0.03916188605880249,67,iid_pairs
0.21391143965996925,1.0255703691409055,0.06627218934911243,-0.07358097372317997,38,iid_pairs
0.20755566027215172,1.0416054630477523,0.03905325443786982,0.015472693233523417,41,iid_pairs
0.2297943123009288,0.9844562601612675,0.08757396449704143,-0.16839059011234647,39,iid_pairs
0.22112383620885,0.9986511755803663,0.0863905325443787,-0.19307538708010882,34,iid_pairs
0.21637893312543593,1.0547462315728875,0.0378698224852071,-0.2738969945647609,45,iid_pairs
0.18867852873082905,0.9390298058082005,0.023668639053254437,0.05084885807576176,34,iid_pairs
0.19399671734567,0.9155827166676567,0.047337278106508875,0.2401581344211323,45,iid_pairs
0.237293774112825,1.1797933874782933,0.12544378698224853,-0.13500576803675904,34,iid_pairs
0.17203208243207987,0.9593316530141558,0.036686390532544376,-0.22864486290480826,64,iid_pairs
0.1582829491127092,0.8727372781893447,0.029585798816568046,-0.17253917366957114,69,iid_pairs
0.16514314930406856,0.6698828383856061,0.0,-0.05555473625035103,45,iid_pairs
0.22791550379900166,1.2627053259712004,0.09349112426035502,-0.04777544636956001,26,iid_pairs
0.18361147863430474,0.942526642018823,0.02603550295857988,-0.28648411350633074,48,iid_pairs
0.20759602048377115,1.0093895409278475,0.03431952662721893,-0.36670024464880324,37,iid_pairs
0.2242041327768441,1.1442178115308423,0.06745562130177515,-0.1397886241329121,31,iid_pairs
0.24934520227243165,1.2331102601107076,0.11715976331360947,-0.3721156521762755,43,iid_pairs
0.20009721612456613,1.1257919925023896,0.054437869822485205,0.3725150424397497,59,iid_pairs
0.19367220140355443,1.1539489205012363,0.047337278106508875,-0.02417005207858918,49,iid_pairs
0.20318656900976292,0.9544717599081239,0.09230769230769231,0.18865436181832904,33,iid_pairs
0.24467402481204406,1.273278786261351,0.10295857988165681,-0.08914227406369099,61,iid_pairs
0.20630356224096824,0.9995448550339797,0.06745562130177515,-0.235103085746174,45,iid_pairs
0.15414047667524167,0.8284113469219025,0.009467455621301775,0.04578833401988741,58,iid_pairs
0.1745902269891114,0.8780511474071679,0.014201183431952662,0.014698130741270724,46,iid_pairs
0.23904138122836374,1.32831295955721,0.10532544378698225,0.16397817618138705,40,iid_pairs
0.18739465880248443,0.8777928098811105,0.03431952662721893,-0.17792123518526604,59,iid_pairs
0.2155400541703402,1.0444194993535696,0.06982248520710059,0.10779183266276424,41,iid_pairs
0.2058369183849548,1.0605729696171626,0.04378698224852071,-0.21538568380950088,50,iid_pairs
0.17599889500097887,0.8760811304547224,0.01775147928994083,-0.08613291271022044,48,iid_pairs
0.22497837472594742,1.038161797217781,0.08994082840236686,0.23042445951994026,34,iid_pairs
0.217335796003128,1.0066918587334823,0.10177514792899409,0.11782828869307183,55,iid_pairs
0.18236412688319684,1.058511875005097,0.04142011834319527,0.2539109753675947,49,iid_pairs
0.19037797696442138,0.9519769589721729,0.04378698224852071,-0.2882968488615164,54,iid_pairs
0.21043391478396778,1.103704029764433,0.09940828402366864,-0.011197888426364334,50,iid_pairs
0.1972560084262161,0.8352330433089838,0.04970414201183432,0.26164635011850645,37,iid_pairs
0.19942473206729394,1.028509835451899,0.033136094674556214,0.0214699125383501,58,iid_pairs
0.15291596202653387,0.7746023609143484,0.002366863905325444,-0.1306714201313957,55,iid_pairs
0.21609313758241241,1.0301809744182113,0.08875739644970414,0.35540153917893946,62,iid_pairs
0.16281426011205571,0.9310575882527199,0.007100591715976331,-0.2822334497976535,65,iid_pairs
0.18523249032177957,0.8520367463468128,0.1076923076923077,-0.22848561865953151,34,iid_pairs
0.2252819969120021,1.1331892582203442,0.09467455621301775,-0.021594923580300705,38,iid_pairs
0.23222820444603534,0.9801509086425386,0.07337278106508875,0.02968978888895818,27,iid_pairs
0.17058313235533823,0.8989608409714072,0.028402366863905324,-0.13688596482994733,47,iid_pairs
0.1975361882622598,1.1074570300271018,0.0378698224852071,-0.14699779053656997,55,iid_pairs
0.19991539481980572,0.9908858617885775,0.04260355029585799,0.010827515076974496,38,iid_pairs
0.2088203898421944,0.9543014798722915,0.08757396449704143,-0.08908458986247512,37,iid_pairs
0.2075972423280122,0.9054436310536669,0.07810650887573964,-0.028560873181867133,46,iid_pairs
0.2014389906626019,1.0887109129342345,0.027218934911242602,-0.15584085029149644,42,iid_pairs
0.20897876300545695,0.9826575126392012,0.05798816568047337,0.07927062458706599,42,iid_pairs
0.19061544175244108,1.0438997436995456,0.033136094674556214,-0.03302930993877595,47,iid_pairs
0.22075470479887088,1.249246691220225,0.06863905325443787,0.39264942277598713,34,iid_pairs
0.16169260931121826,0.7391594950706284,0.028402366863905324,-0.16592506291105913,61,iid_pairs
0.20313594063131563,1.2111859578962332,0.06745562130177515,-0.16460000019709037,54,iid_pairs
0.22363703726538947,1.0832560279012469,0.06627218934911243,-0.14498526970295664,42,iid_pairs
0.20625793187386723,1.0066752957688427,0.06627218934911243,0.03901804425881933,46,iid_pairs
0.166007764276221,1.0257950085446166,0.010650887573964497,-0.027359554321143346,32,iid_pairs
0.2094281666809775,0.9988373412678453,0.046153846153846156,-0.024895420787913486,34,iid_pairs
0.2323448103038072,1.0193974282002696,0.13964497041420118,0.2535661508644221,52,iid_pairs
0.21565097365600241,0.9122644987187141,0.0485207100591716,0.07822375609110005,47,iid_pairs
0.21703463196526382,0.9875451865055711,0.08165680473372781,-0.14187948430933417,57,iid_pairs
0.19018438273931107,1.1728551952402972,0.06745562130177515,-0.22181969949965127,63,iid_pairs
0.1786847415938374,0.838825364190446,0.08165680473372781,-0.2472035937519833,22,iid_pairs
0.1645568850166901,0.7495281360201231,0.015384615384615385,0.015090313866103504,48,iid_pairs
0.22314334231055594,1.0645336172639783,0.07337278106508875,-0.09040478421705549,36,iid_pairs
0.21097477003509887,0.901439782453366,0.027218934911242602,-0.030196223826953625,43,iid_pairs
0.22643910739998918,1.2962940612348506,0.05680473372781065,0.02145054847122581,51,iid_pairs
0.20341618216052934,1.0697039655808807,0.0485207100591716,-0.1561390090092877,64,iid_pairs
0.22185315808719258,1.0767530619885464,0.0650887573964497,-0.16172761103772026,49,iid_pairs
0.1831365048790144,0.9357661478177861,0.027218934911242602,-0.48511200323807796,64,iid_pairs
0.19562995171431027,1.1103358837217854,0.06863905325443787,-0.12021835700262341,74,iid_pairs
0.20219875853491362,1.0358484601581912,0.06863905325443787,-0.137098183805677,39,iid_pairs
0.20282005888602309,1.1008919278943603,0.06390532544378698,-0.05767540569147783,58,iid_pairs
0.23444341314884815,1.0614101013311692,0.054437869822485205,0.1432011802994674,32,iid_pairs
0.21449781022588377,1.0837374693765813,0.10295857988165681,-0.07201686566382166,28,iid_pairs
0.2423525700359054,1.0881383002316354,0.07928994082840236,-0.038242277651434765,40,iid_pairs
0.177001296338702,0.7882012314197576,0.001183431952662722,-0.2352265225889892,32,iid_pairs
0.21008794012471352,0.9865503507811515,0.047337278106508875,0.18417231641143228,27,iid_pairs
0.18861167341222487,0.9999980992936264,0.0378698224852071,-0.2443042677811004,48,iid_pairs
0.19620497076768836,0.998869661432303,0.05088757396449704,-0.2676695921470808,44,iid_pairs
0.16130743242379447,0.9832572777407467,0.021301775147928994,-0.31652935843889535,36,iid_pairs
0.24856952498301296,1.0901294120103429,0.11597633136094675,0.11775274988174891,25,iid_pairs
0.22385527558515128,1.1698591141673034,0.07455621301775148,0.05867775934719665,37,iid_pairs
0.18216914883868549,1.0124710130057135,0.05207100591715976,0.3733351976425848,47,iid_pairs
0.22765503548222624,1.1252429247652858,0.09230769230769231,0.20974973993566387,55,iid_pairs
0.18396558338399452,0.8610151624322602,0.014201183431952662,0.007678864356073277,51,iid_pairs
0.22514463515878833,1.00288957358842,0.06035502958579882,-0.12059116679820804,36,iid_pairs
0.21045068448804868,1.1982352798704872,0.06982248520710059,-0.09609394279145317,51,iid_pairs
0.20797184715593334,0.9824820404018189,0.04970414201183432,0.15517940634302982,51,iid_pairs
0.22276791694614986,1.1072247406926303,0.08047337278106509,0.038705400872434265,50,iid_pairs
0.1962032077717542,0.7660086862904156,0.0035502958579881655,-0.13087853820164752,33,iid_pairs
0.2062045912108303,1.1015783361432567,0.07810650887573964,0.16224759771248587,39,iid_pairs
0.21683319824543912,1.1935932572924932,0.1076923076923077,-0.2598342956377765,51,iid_pairs
0.22129995897702748,1.0418338460008791,0.07692307692307693,-0.22081278307413868,42,iid_pairs
0.2351756002270551,1.2376483558520706,0.09822485207100591,-0.07556738134421168,31,iid_pairs
0.22148636782385275,1.1128074153525787,0.08165680473372781,-0.10695709478521256,53,iid_pairs
0.17969278830497656,0.8353333747612615,0.047337278106508875,-0.2209815271527746,37,iid_pairs
0.18391190327727233,0.9896895604838543,0.06272189349112427,-0.27796942355789017,64,iid_pairs
0.1884329327706366,0.8132661556634708,0.06035502958579882,0.001242089969453362,50,iid_pairs
0.19832728612043002,0.9804249916925103,0.05680473372781065,-0.04682840577456011,50,iid_pairs
0.1785188516473201,0.9529209783087111,0.033136094674556214,-0.40681572892716794,56,iid_pairs
0.15442855932487107,0.7373685950653996,0.029585798816568046,-0.031076109609342407,52,iid_pairs
0.22497690569796325,1.0460494635314181,0.1301775147928994,0.03966208936884682,39,iid_pairs
0.21341492150104796,0.9527211319026194,0.046153846153846156,-0.422425709172857,40,iid_pairs
0.16722201420969113,0.94543094764143,0.010650887573964497,-0.062023510079818836,48,iid_pairs
0.20804029529675672,0.910377140841605,0.03905325443786982,-0.0622781675653005,67,iid_pairs
0.18167269488320462,0.9830998442311245,0.08284023668639054,-0.31980604207965585,38,iid_pairs
0.1989296457598835,1.0507415919187302,0.05207100591715976,-0.261534756699794,57,iid_pairs
0.18844077294122594,1.0733111902671153,0.04260355029585799,-0.19985106181100762,63,iid_pairs
0.30896894526254765,1.2446282914837576,0.23076923076923078,0.36892597096810753,44,iid_pairs
0.19423921149950396,1.0593633883491052,0.05798816568047337,-0.059423627425940394,43,iid_pairs
0.182556596486563,1.1359431763064398,0.08165680473372781,-0.0664483196747953,54,iid_pairs
0.1994755887998156,0.915138246415286,0.0378698224852071,-0.20687534807829971,59,iid_pairs
0.22109442039512614,1.0015670913287238,0.1514792899408284,-0.0696881517832337,44,iid_pairs
0.23463439594902702,1.2575434102817797,0.16331360946745563,-0.06889539452823996,56,iid_pairs
0.2156833358261693,0.9818771179594258,0.08994082840236686,-0.13287464405342075,40,iid_pairs
0.18188063579316022,0.9226428402924115,0.03550295857988166,0.1667063192581154,43,iid_pairs
0.20937215871493514,1.0959565253502297,0.07692307692307693,0.003646020311358022,47,iid_pairs
0.19653834987630367,1.0165349452212689,0.05798816568047337,0.022571982108825606,44,iid_pairs
0.1713649725496264,0.9538199319738008,0.020118343195266272,-0.04229673220373031,65,iid_pairs
0.21152255426984212,0.965565020667634,0.05207100591715976,-0.3584122228905397,29,iid_pairs
0.23491588708232014,1.172853752088098,0.08994082840236686,0.20796936444080774,25,iid_pairs
0.20441361242586245,1.134837291824462,0.0757396449704142,0.1471136400345191,38,iid_pairs
0.1985527962363759,1.0486434548603132,0.027218934911242602,0.04046137330548007,40,iid_pairs
0.18394040684347898,1.0499917393734346,0.04142011834319527,-0.08972433854136556,54,iid_pairs
0.1777643791859341,0.8447318204422918,0.010650887573964497,-0.21468540030384192,52,iid_pairs
0.18775366960599518,0.8518743088840534,0.014201183431952662,-0.02590064100279528,24,iid_pairs
0.22110834699169835,1.1303819171419405,0.07455621301775148,0.07583065010557548,49,iid_pairs
0.22633538189191937,1.0632159383483537,0.08284023668639054,0.07944761173320689,35,iid_pairs
0.14736760598116197,0.8585982004042693,0.002366863905325444,-0.1401748391577949,47,iid_pairs
0.1796573630641007,0.8586960957925236,0.04142011834319527,-0.058837150014545925,36,iid_pairs
0.1874960533187221,1.0480230956964511,0.04260355029585799,-0.08304003578561203,38,iid_pairs
0.15232779113948403,0.8314546200548446,0.016568047337278107,0.17775023898943032,46,iid_pairs
0.23476334049655032,1.1325004462394261,0.11005917159763313,0.17274368322721081,38,iid_pairs
0.18562279340577342,0.949090999099163,0.10532544378698225,-0.062028138789933546,49,iid_pairs
0.22165490040643332,1.1208809169554868,0.07692307692307693,-0.030569302540274144,46,iid_pairs
0.1739964359457887,0.912529845160043,0.027218934911242602,-0.0436865874095141,49,iid_pairs
0.2079361721420237,1.0311181748825864,0.06627218934911243,-0.030663712796245385,45,iid_pairs
0.1981000067511748,0.898826636106651,0.08284023668639054,0.11901494126088338,34,iid_pairs
0.1840017164684689,0.9735202643595828,0.020118343195266272,-0.08566540142741655,59,iid_pairs
0.2007475874095381,1.0244604412701643,0.03076923076923077,0.04044048121000483,49,iid_pairs
0.19241436239167986,0.9613312844253683,0.06035502958579882,-0.2099755260660701,22,iid_pairs
0.18435707051574757,1.2388953674187277,0.047337278106508875,-0.40914677870769367,40,iid_pairs
0.25398171994681756,1.254023282877445,0.12071005917159763,0.0852679570071352,26,iid_pairs
0.23001379835392702,1.0364791867651308,0.08994082840236686,-0.0793733629468236,39,iid_pairs
0.21315823338324658,0.9837789708591007,0.04378698224852071,0.13646986708887043,42,iid_pairs
0.23450222445782126,1.0812580568584784,0.10650887573964497,0.13256692482789212,39,iid_pairs
0.21504988043439652,1.0025663806457157,0.08284023668639054,0.22217170803383168,33,iid_pairs
0.1839109085005837,0.9578965906500558,0.054437869822485205,0.018557935575183055,46,iid_pairs
0.22394665105468106,0.9985813671806512,0.0970414201183432,-0.01929274968805835,39,iid_pairs
0.2221558783398703,1.1072781999154842,0.10295857988165681,-0.06195390028292715,44,iid_pairs
0.2049015931936664,1.03332293297326,0.06627218934911243,-0.09059419826176418,45,iid_pairs
0.2093624546736202,0.9562122148390991,0.036686390532544376,-0.048834145205960196,49,iid_pairs
0.2162816791952663,1.0135038186480938,0.06153846153846154,0.025118856994327896,57,iid_pairs
0.15879891922139372,1.058398381008495,0.033136094674556214,-0.012498225009184861,66,iid_pairs
0.2252141269447421,1.1279640669485467,0.0757396449704142,-0.10928748481146118,51,iid_pairs
0.1924953537989684,0.9518496313216973,0.05917159763313609,0.08026134260146713,46,iid_pairs
0.17880301749363423,0.8743329551644412,0.023668639053254437,-0.049787448469048874,59,iid_pairs
0.1868217886711173,0.8424903823761547,0.05207100591715976,-0.2603981629691473,22,iid_pairs
0.18855801623713242,1.0254011018219127,0.06627218934911243,0.0044647047473028445,36,iid_pairs
0.18920016658867442,0.9154135330004873,0.0757396449704142,-0.38201141231199903,48,iid_pairs
0.1865318206699011,1.0386621401794058,0.0378698224852071,-0.3544516260254517,76,iid_pairs
0.1771981594373832,0.8698171954120226,0.016568047337278107,-0.34576941061228,38,iid_pairs
0.18630992801614762,1.0037572091284905,0.0485207100591716,-0.1198457690938319,73,iid_pairs
0.20805115647211295,1.0454140082008854,0.12071005917159763,-0.01755635828645669,37,iid_pairs
0.22189198060378157,0.9821690621824073,0.0650887573964497,-0.29136941650655,40,iid_pairs
0.21341043401588464,1.1310179509936713,0.05207100591715976,-0.42466657031815125,66,iid_pairs
0.19550672937549107,0.9791765489574905,0.03076923076923077,-0.1342404115325935,49,iid_pairs
0.1651739353540323,0.8719340672868114,0.014201183431952662,-0.11325528736389909,58,iid_pairs
0.18671346083418508,0.9874669708124161,0.06035502958579882,0.2772122822252263,57,iid_pairs
0.2066009551584692,1.1077182620891421,0.06982248520710059,-0.09959883502656919,36,iid_pairs
0.19321750495222723,1.198628898713752,0.05798816568047337,-0.2223536110853345,38,iid_pairs
0.23385161327985274,1.0592133092511722,0.07928994082840236,-0.007888946271275366,41,iid_pairs
0.18037592041313505,0.9829057026803092,0.0378698224852071,-0.20088586912771686,50,iid_pairs
0.19794282700959914,1.1056794944791262,0.06982248520710059,-0.21403467528782855,52,iid_pairs
0.16718108595463751,0.8961470796345836,0.02603550295857988,-0.2561676216527463,77,iid_pairs
0.1557082974242026,0.858964590982165,0.005917159763313609,-0.3007879274545008,54,iid_pairs
0.1809132449666015,0.9643348554413333,0.04497041420118343,0.1634181533128955,41,iid_pairs
0.21965334616443832,1.1662365780535797,0.06982248520710059,-0.2308785246376482,46,iid_pairs
0.22422719498953905,1.1650434497518662,0.10059171597633136,0.045635909976004745,42,iid_pairs
0.21558180363876517,1.0819413309291295,0.05680473372781065,0.23938963740758237,44,iid_pairs
0.16721197717172687,0.818542438456888,0.004733727810650888,-0.13864462178647544,49,iid_pairs
0.1696323223343772,0.8465754102750531,0.022485207100591716,-0.10734239120088751,46,iid_pairs
0.1697668864818381,0.8327018672744049,0.05088757396449704,-0.11125784836581762,51,iid_pairs
0.17390057552796537,0.9992276785099924,0.05562130177514793,-0.17212250904564172,36,iid_pairs
0.20036487996304714,1.1730516689527295,0.11124260355029586,-0.21805889531611392,59,iid_pairs
0.2161748405695128,1.1059751606360337,0.05325443786982249,0.06894532406796904,39,iid_pairs
0.18803679435994733,0.9503296114732767,0.028402366863905324,-0.3009001753921893,52,iid_pairs
0.20811320289847743,1.0617228286281626,0.09940828402366864,0.028367199655692777,31,iid_pairs
0.2520677451104117,1.1750884553012477,0.10650887573964497,-0.15793311174903588,40,iid_pairs
0.19430858740159873,0.9484334416471425,0.054437869822485205,-0.06462196998499753,43,iid_pairs
0.2029482553430744,0.9390176425616793,0.03550295857988166,-0.10257010094408184,57,iid_pairs
0.22104817178288386,0.9950821067438904,0.09585798816568047,0.0345374631391255,38,iid_pairs
0.22871870709982073,1.2409892640561009,0.11834319526627218,0.0011547671043712648,33,iid_pairs
0.2622620798024926,1.1555292937044206,0.16331360946745563,0.0613188145241509,21,iid_pairs
0.21720493249938858,0.8846797258548259,0.03905325443786982,0.074185839161679,37,iid_pairs
0.22461331290123113,0.9509063276009933,0.0757396449704142,0.0846555167795947,30,iid_pairs
0.17921293206799435,0.786481304262226,0.001183431952662722,0.05691759599123969,32,iid_pairs
0.20860167897510432,1.1802929321547404,0.07928994082840236,-0.1412177819307595,44,iid_pairs
0.1806171388286401,0.9321703909133627,0.04378698224852071,-0.07117067531102397,61,iid_pairs
0.2624735680279207,1.2288273375132333,0.16923076923076924,-0.013094059489999792,35,iid_pairs
0.21550214809522972,0.8955479680980426,0.04497041420118343,0.28477596422810053,22,iid_pairs
0.22974074995636246,1.068194462632062,0.10650887573964497,-0.015653213208123695,43,iid_pairs
0.20811650692250205,1.0967055933139656,0.06035502958579882,0.17365929220429735,39,iid_pairs
0.1784740131525012,0.8351710943199936,0.016568047337278107,-0.13239556812227868,36,iid_pairs
0.1922353052700531,0.9990347700987694,0.05798816568047337,-0.09220301460911728,70,iid_pairs
0.18500271160612206,1.0301387928088368,0.07218934911242604,-0.10579576665537156,41,iid_pairs
0.15720380683075502,0.9523734439849796,0.01775147928994083,-0.20967116221449347,77,iid_pairs
0.17369394964809812,0.772947642040892,0.005917159763313609,-0.13096854213299516,57,iid_pairs
0.1835888590744367,0.948272138918984,0.046153846153846156,-0.290756799191322,53,iid_pairs
0.1757861192935211,0.9226356136680862,0.02485207100591716,-0.03992116055037621,54,iid_pairs
0.19962356187542624,1.0518540814351447,0.0378698224852071,-0.05560136385365615,38,iid_pairs
0.20179168411222334,1.064582947276047,0.03550295857988166,-0.03994523845355543,31,iid_pairs
0.217472147915791,1.0108604483205907,0.08875739644970414,0.22776893479794424,40,iid_pairs
0.20276791585139145,0.9367752815496074,0.027218934911242602,-0.2658459642659942,41,iid_pairs
0.17589125965860042,0.9005806231435387,0.03195266272189349,0.02135319975866569,45,iid_pairs
0.2117808906460261,0.9355547296833224,0.06390532544378698,-0.2738077873091309,55,iid_pairs
0.2515846557728061,1.0978866635703728,0.10650887573964497,0.08607712075366626,43,iid_pairs
0.18689169580295173,0.9388038023639844,0.022485207100591716,-0.11966254914767661,41,iid_pairs
0.20615494001415657,1.0709549353968915,0.09112426035502959,-0.16763665410151915,45,iid_pairs
0.17272037291639844,0.8419663069351905,0.04970414201183432,-0.34727886998874197,56,iid_pairs
0.19784764454256518,1.109784888702937,0.029585798816568046,-0.29269964815731503,45,iid_pairs
0.18612428961537233,1.072768482835176,0.03195266272189349,-0.007537734648433747,58,iid_pairs
0.22613054244033554,1.0587438932140647,0.08165680473372781,0.07012714292013882,51,iid_pairs
0.1958753963281278,1.0825366076459797,0.06390532544378698,-0.0031441769647255853,61,iid_pairs
0.15178050367170792,0.7576455625812645,0.023668639053254437,-0.3736242527045964,71,iid_pairs
0.21758715460429073,0.9861840135032987,0.07928994082840236,0.08548770987403226,48,iid_pairs
0.2055899333714667,1.0566087972496159,0.06863905325443787,-0.1825945445096178,55,iid_pairs
0.2255345152337563,1.0958854191894432,0.054437869822485205,-0.18194897923980008,47,iid_pairs
0.20439355192909955,0.9997141905044487,0.06982248520710059,-0.2503854290921455,40,iid_pairs
0.2164138092210767,1.154968812534284,0.03076923076923077,-0.2244096830020693,50,iid_pairs
0.2250997794622021,1.1866609810239535,0.07337278106508875,-0.10448262528893676,25,iid_pairs
0.23456108467254208,1.0825457090974178,0.10177514792899409,-0.11422776488302817,50,iid_pairs
0.1900783461638106,1.0092158562899853,0.06272189349112427,-0.12957193308842377,59,iid_pairs
0.19938875715366164,1.1607119308190095,0.028402366863905324,0.04149692320203209,40,iid_pairs
0.21606198105837462,1.0294956609947725,0.06863905325443787,0.18545408262055935,37,iid_pairs
0.2185247331619537,1.0115761583290206,0.1076923076923077,0.11740968936485335,51,iid_pairs
0.21164890849313497,1.072279825776781,0.07218934911242604,-0.19578939601247922,55,iid_pairs
0.18742172110795036,0.9326927216037266,0.05562130177514793,0.08526972026518548,59,iid_pairs
0.2024224775732336,0.9926541360352805,0.033136094674556214,-0.12654522310170277,52,iid_pairs
0.20865052484100094,1.0159512193801454,0.05325443786982249,0.07490857755886428,43,iid_pairs
0.21213371184387128,1.0624037424085424,0.06035502958579882,0.08240830972908526,52,iid_pairs
0.2107199292170083,0.9939936533799051,0.05917159763313609,-0.12513927543294565,50,iid_pairs
0.1750598981247926,1.019438366165295,0.021301775147928994,-0.10450981525390504,66,iid_pairs
0.19212493388501387,1.0126367150090194,0.03550295857988166,0.13565371878978869,61,iid_pairs
0.19986391315028942,0.9528148824655542,0.05207100591715976,-0.22741941584361172,36,iid_pairs
0.185346487359563,1.102728996916333,0.047337278106508875,-0.14961911586787793,54,iid_pairs
0.19752614211843497,1.063330094815477,0.03431952662721893,0.0052089254989442875,42,iid_pairs
0.16447416770116222,0.8011830163819,0.029585798816568046,-0.07276553902849399,48,iid_pairs
0.20834512573033118,1.0337106131328582,0.036686390532544376,-0.18486578047684873,48,iid_pairs
0.2530179657484226,1.1374771677795779,0.13372781065088757,0.11653928858621902,39,iid_pairs
0.19353946114953116,1.0883198254012951,0.07100591715976332,-0.18351109803343327,62,iid_pairs
0.16191868483003397,0.8667228959049714,0.03195266272189349,-0.012783581511776372,58,iid_pairs
0.21901616717218667,1.0070403091025948,0.0970414201183432,-0.10172963338066225,42,iid_pairs
0.17871973547696696,0.9133889045413249,0.023668639053254437,-0.23501097298042217,53,iid_pairs
0.22096306216140743,1.0930090390214202,0.04970414201183432,0.030981011349109733,34,iid_pairs
0.21689976620668747,0.95220519277952,0.07692307692307693,-0.07866659356779249,52,iid_pairs
0.19453574287559428,0.9444999357317787,0.047337278106508875,-0.14780068473089125,43,iid_pairs
0.20628365820178268,1.0050091550101383,0.05917159763313609,-0.15168759677848398,48,iid_pairs
0.2274504529199748,1.168925182172361,0.0863905325443787,0.13312785260502974,41,iid_pairs
0.17757487929560828,0.9652318127726428,0.03195266272189349,-0.12106278963398887,53,iid_pairs
0.22114394016596597,1.2189445701699424,0.0650887573964497,0.05859105085904156,50,iid_pairs
0.24439751462350226,1.1446789088026763,0.11124260355029586,0.025912320668838605,33,iid_pairs
0.18824229622904373,1.0050835428544587,0.03550295857988166,-0.015720908484780843,43,iid_pairs
0.21186848988874982,1.0541920877119904,0.11242603550295859,-0.2595819146702273,48,iid_pairs
0.1695451887929883,0.8944248610574078,0.040236686390532544,0.1274985947278334,58,iid_pairs
0.22639228573440184,1.079487821034176,0.09822485207100591,-0.15855323385692302,40,iid_pairs
0.21281660767841148,1.0457485141332548,0.08047337278106509,-0.05040172227909201,53,iid_pairs
0.19116508492287612,1.1773017771644843,0.029585798816568046,0.2468997401966768,45,iid_pairs
0.23349192154404294,1.192159151016026,0.11005917159763313,-0.18975155874149105,53,iid_pairs
0.23115115122951022,1.0606106910135704,0.05680473372781065,-0.12873901288177178,44,iid_pairs
0.22432533674432661,1.1665518917128392,0.10650887573964497,0.17980959218035114,37,iid_pairs
0.19201133137048368,0.9030624217380049,0.01893491124260355,-0.1016349746125968,62,iid_pairs
0.26940282841369684,1.08856436401509,0.13254437869822486,-0.10168432732756975,39,iid_pairs
0.1909192441094122,0.8132658532372657,0.0378698224852071,-0.020283200597206064,46,iid_pairs
0.21043886528072894,1.119902132536588,0.07692307692307693,-0.16628665876548532,30,iid_pairs
0.23827878354494997,0.9849627986214888,0.09585798816568047,-0.06878739374001859,35,iid_pairs
0.23058461659519322,1.0378835366677253,0.08047337278106509,-0.028720248500090875,62,iid_pairs
0.24377620815729467,1.2553414665008948,0.1242603550295858,-0.09664549512431685,38,iid_pairs
0.22705211429553457,1.0147525019205481,0.06863905325443787,-0.058426073861571094,44,iid_pairs
0.2733358433739126,1.1700681940179811,0.18461538461538463,0.0025895394153293023,35,iid_pairs
0.20506028294020817,0.9630117559207676,0.029585798816568046,-0.11335600240861192,43,iid_pairs
0.2082400889302536,1.2023470308421083,0.06272189349112427,0.16611590435225707,40,iid_pairs
0.2172065513193066,1.147918349682014,0.047337278106508875,0.0323099209590844,56,iid_pairs
0.21190939484848598,1.0368139897605322,0.047337278106508875,-0.028830448442812864,37,iid_pairs
0.22272015364556214,1.1361305962229027,0.07337278106508875,-0.23176705564735028,47,iid_pairs
0.19507192886174998,0.9971056397736691,0.05562130177514793,-0.00961658422726894,37,iid_pairs
0.22650586620213287,1.1704804196367866,0.09822485207100591,0.17693808206256575,40,iid_pairs
0.20040284644000433,1.0542876951690003,0.05325443786982249,0.27691617002341906,42,iid_pairs
0.19056404787245648,0.859111879362112,0.04378698224852071,0.12562355468376313,40,iid_pairs
0.19887052440465458,1.0049640125497978,0.05917159763313609,-0.07009139976905737,40,iid_pairs
0.19342131218939332,1.0256731502971543,0.05207100591715976,0.046137650714177636,55,iid_pairs
0.26998260149724584,1.2817952427995416,0.12189349112426036,0.14075144926106817,45,iid_pairs
0.21800526582536484,0.9288507365436947,0.05917159763313609,0.14559619151470832,40,iid_pairs
0.19074692585781117,0.9147743249438274,0.022485207100591716,-0.28547820960816334,52,iid_pairs
0.2066087557167381,1.0733302855868574,0.05917159763313609,-0.023500459419172427,42,iid_pairs
0.27054301002254505,1.2617862598663891,0.16331360946745563,0.12462040272531066,39,iid_pairs
0.19243216792095674,1.0460333135196536,0.0485207100591716,-0.16943311098067812,67,iid_pairs
0.16567856816824714,0.9662830669835205,0.03431952662721893,0.04581888403185131,58,iid_pairs
0.19478150493274204,1.0018088297773877,0.08165680473372781,-0.29153282335704084,34,iid_pairs
0.22104214094708688,1.0869784334971526,0.09822485207100591,-0.3357566063331716,43,iid_pairs
0.18867446627274068,0.9287567464558057,0.05325443786982249,-0.09397299619328851,58,iid_pairs
0.1882829663065704,0.9250570977278969,0.027218934911242602,-0.21908882104325564,34,iid_pairs
0.1914759064049606,1.0013109220417826,0.11597633136094675,-0.19030186780554104,29,iid_pairs
0.22139431912977353,1.1087600401703899,0.12307692307692308,-0.21840372665840027,52,iid_pairs
0.1879073143636344,0.8532217842567142,0.06390532544378698,0.10100947823698497,41,iid_pairs
0.23716557793389667,1.0382953024125072,0.08994082840236686,0.08699686035275885,35,iid_pairs
0.1960926646381393,1.094065461936129,0.07337278106508875,-0.06817848648643934,43,iid_pairs
0.2119774446630147,1.0207424306722994,0.14792899408284024,-0.22692801480090607,40,iid_pairs
0.2502683727657949,1.1985096796373473,0.11005917159763313,0.0959365719757916,40,iid_pairs
0.26903401229304585,1.1391113949300549,0.1668639053254438,-0.022263358113180056,44,iid_pairs
0.2003361726228409,0.910589481105305,0.04142011834319527,-0.23767075421668313,45,iid_pairs
0.21341600360351867,1.0425180965159202,0.0863905325443787,-0.2214894587800092,46,iid_pairs
0.17336558998319124,1.03230174982201,0.04497041420118343,-0.47154283741011455,46,iid_pairs
0.1903418316070876,0.903926419197982,0.0378698224852071,-0.03341777158249376,41,iid_pairs
0.1944296852841334,0.9620385214085709,0.02485207100591716,-0.08468620711732519,58,iid_pairs
0.20471599175118102,0.9112763619762906,0.06863905325443787,-0.00429079973545001,29,iid_pairs
0.21601763066024607,1.0704450302971784,0.08402366863905325,0.15584136477246743,56,iid_pairs
0.2134357194165701,1.0591117553093452,0.03431952662721893,0.10971981700693542,36,iid_pairs
0.19572804746931535,0.883387668796098,0.029585798816568046,-0.12203846184647942,41,iid_pairs
0.22141526860920824,0.9607432160657962,0.04260355029585799,0.3928639399808596,34,iid_pairs
0.14065013894121617,0.7877604443206704,0.001183431952662722,-0.07767162994631185,89,iid_pairs
0.2227465953243166,1.0932981869288958,0.06982248520710059,0.012194981571204596,49,iid_pairs
0.19700503504460756,0.9773410821023254,0.03905325443786982,-0.211416190663019,49,iid_pairs
0.23434335888028732,1.2091466297710254,0.12544378698224853,0.3154723342614215,44,iid_pairs
0.21220776460340673,1.1669273709687338,0.07928994082840236,-0.05002044717581031,45,iid_pairs
0.21358891996053408,1.1043107433863186,0.06390532544378698,-0.017832925973477798,42,iid_pairs
0.22095247923172529,1.014863692677303,0.06153846153846154,0.07041327606683732,37,iid_pairs
0.21173914724216295,1.0301793168726745,0.05680473372781065,-0.34025176754556813,53,iid_pairs
0.22207762964366926,1.1413227006065134,0.07928994082840236,-0.06953891401958155,35,iid_pairs
0.21096058687837854,1.007678518004474,0.06627218934911243,-0.040446231181159406,59,iid_pairs
0.2135347727738472,1.195485317893821,0.05680473372781065,-0.02616263857817228,41,iid_pairs
0.21470941025225787,1.1330590036352697,0.05325443786982249,0.2164794627099593,47,iid_pairs
0.1717956086202971,0.9157806556566956,0.029585798816568046,0.01118901950419288,54,iid_pairs
0.17334337788337129,0.8572823109857046,0.02603550295857988,-0.16187593112097282,40,iid_pairs
0.208368958100373,1.0616952894101854,0.0757396449704142,0.004634571842501311,45,iid_pairs
0.19962240658401742,1.0658063937976663,0.0757396449704142,0.2982522958292493,24,iid_pairs
0.17420582114727234,0.9581101057626664,0.02603550295857988,-0.17861540231791279,63,iid_pairs
0.20136179997578668,0.978071935728376,0.05207100591715976,-0.03843747144451456,52,iid_pairs
0.24069616555781428,1.1391123312330607,0.13727810650887573,-0.06122551857385193,33,iid_pairs
0.19328248412872906,0.9620952939149428,0.07218934911242604,0.13095636548646508,45,iid_pairs
0.23616008828160223,1.2448324981614807,0.12544378698224853,-0.3771650760345402,47,iid_pairs
0.22731406225635384,1.1121929793290524,0.07810650887573964,-0.29111611704450807,40,iid_pairs
0.18111092535476023,1.005122059379747,0.01775147928994083,0.10873376113314005,39,iid_pairs
0.16865964900156993,0.839216288528236,0.0757396449704142,-0.1977979242174946,50,iid_pairs
0.19405454737097053,0.9923691629018094,0.04142011834319527,-0.11669004356298865,43,iid_pairs
0.21517456526330517,0.9987191528318394,0.06272189349112427,-0.21067339333903126,66,iid_pairs
0.22752670364306063,0.994318494811348,0.07337278106508875,0.12008723209211136,44,iid_pairs
0.22512558874518485,0.9790466307102026,0.07218934911242604,-0.13733232221333175,44,iid_pairs
0.19461213835084634,0.899855556436999,0.028402366863905324,0.000502004245765392,51,iid_pairs
0.1726498335590417,0.8539316600826412,0.014201183431952662,-0.07518982464362617,58,iid_pairs
0.18984020248004968,1.0005769534922653,0.054437869822485205,-0.04862951035949144,34,iid_pairs
0.22255398616727431,1.211783175556786,0.10177514792899409,-0.0793828780573637,31,iid_pairs
0.1948205407942137,1.0213421309776973,0.06745562130177515,0.22865657245137255,52,iid_pairs
0.2385526025992245,1.1745544859313797,0.08875739644970414,0.011682807067508048,42,iid_pairs
0.21911124119140482,0.9988830672550653,0.0757396449704142,-0.09457603827680713,41,iid_pairs
0.17764379872441288,1.0441229567266013,0.033136094674556214,-0.34317870312549587,61,iid_pairs
0.24734670736406883,1.1396969516651956,0.1455621301775148,0.22665212661096018,34,iid_pairs
0.23995875122582488,1.0551559461651254,0.10295857988165681,-0.08406967091089214,49,iid_pairs
0.21225659046675818,1.1312477435222086,0.10295857988165681,0.00020510147016369174,39,iid_pairs
0.2035584266868287,0.96677830897216,0.033136094674556214,-0.22166343853744583,41,iid_pairs
0.21785783832988065,1.1626175933402028,0.06863905325443787,0.13029368684379614,30,iid_pairs
0.20819150363021774,0.9552995135173774,0.08284023668639054,-0.07798231373229127,45,iid_pairs
0.2071913448636838,1.0283491471225004,0.06035502958579882,0.07413375616700481,45,iid_pairs
0.24788017834202786,1.1760601992356066,0.1502958579881657,0.012480997076121221,40,iid_pairs
0.1983496305515724,0.9727993695186408,0.027218934911242602,0.18435065033807813,41,iid_pairs
0.19866014605910862,1.2678241816349343,0.05088757396449704,-0.17335630938724306,50,iid_pairs
0.23873171024469636,1.0998569196771681,0.09585798816568047,0.3618661863786168,37,iid_pairs
0.20792777214363567,0.9216770861629417,0.04497041420118343,-0.0027882594668806444,38,iid_pairs
0.20006551475342885,1.0879329554495047,0.07455621301775148,0.1343892731774589,40,iid_pairs
0.2055689783891066,1.0394328606728607,0.08402366863905325,-0.19807420754193217,34,iid_pairs
0.23140387124852754,1.1680974081806856,0.12071005917159763,0.29823349315811254,49,iid_pairs
0.21936248053468593,1.096748223331335,0.0757396449704142,-0.04258154957934007,48,iid_pairs
0.20638725160092933,0.9958933784615744,0.06982248520710059,0.015407071163722058,55,iid_pairs
0.21370111468363703,0.9325684381659589,0.06745562130177515,-0.223531702977562,46,iid_pairs
0.19397274906158493,0.8543117996056224,0.01893491124260355,-0.04577728443226486,51,iid_pairs
0.23754349185089488,1.0898896168722638,0.08284023668639054,0.31805732091241207,48,iid_pairs
0.2025319838781131,0.9357852069853434,0.036686390532544376,-0.16370002273296302,52,iid_pairs
0.1951026186078666,0.9261970253956199,0.023668639053254437,-0.25076253590164105,42,iid_pairs
0.16532151797864192,0.9040607657772526,0.015384615384615385,-0.18863411931512086,38,iid_pairs
0.1972398339390337,1.0512648898542125,0.05798816568047337,-0.09084419442166691,52,iid_pairs
0.17992244021479264,1.0823353978846735,0.03195266272189349,-0.19441762306511426,52,iid_pairs
0.18286027378879713,0.8870443059355405,0.036686390532544376,-0.04272812210639266,36,iid_pairs
0.23706619130298862,1.2083205993988249,0.11005917159763313,0.04115023068810188,56,iid_pairs
0.21777280332221816,0.9825065206531056,0.08875739644970414,0.12009981216530212,51,iid_pairs
0.1864538906356173,0.9242397844692475,0.054437869822485205,-0.14096378865120324,30,iid_pairs
0.17959985539921436,1.006577921707811,0.036686390532544376,0.07767995613602921,58,iid_pairs
0.1508239389304757,0.8700318708899727,0.010650887573964497,-0.2542302791941278,38,iid_pairs
0.21417838523844887,1.049090522890492,0.06035502958579882,-0.057814432934133006,40,iid_pairs
0.19630167023992037,1.0790095129993549,0.07218934911242604,-0.14058143189931835,52,iid_pairs
0.18708628049568882,0.8249651217890368,0.04970414201183432,0.28747529613250317,43,iid_pairs
0.15942414943057237,0.7959566982887485,0.03195266272189349,-0.0516780550410919,42,iid_pairs
0.19892643800195056,1.0714582508596466,0.06390532544378698,-0.013293730751754867,47,iid_pairs
0.2038081113397181,1.0374029287506223,0.10887573964497041,0.15300144301823082,42,iid_pairs
0.21440257579326938,1.0326959376093117,0.08994082840236686,0.16140082972132724,27,iid_pairs
0.21262886830573613,0.952231116717523,0.05798816568047337,0.17019856382498996,55,iid_pairs
0.22982403728070538,1.1627637056352755,0.08875739644970414,0.06833454752158528,32,iid_pairs
0.27367414046788624,1.247348852276609,0.12662721893491125,0.10288029719063384,26,iid_pairs
0.20438552417250566,1.1311627953815098,0.06627218934911243,0.12369166118385914,54,iid_pairs
0.2062298709945623,1.0276231624383492,0.06035502958579882,-0.2702177692772401,36,iid_pairs
0.19766520521494874,0.9845247528773093,0.07455621301775148,-0.0685452494967227,69,iid_pairs
0.22438639727155638,1.0502939440085106,0.07100591715976332,-0.13375150388773935,41,iid_pairs
0.19488818744375822,1.0161855632903092,0.03195266272189349,-0.28981979669196656,37,iid_pairs
0.1746268320392011,0.9947386324388092,0.01775147928994083,-0.21301364630827058,54,iid_pairs
0.20658574819907286,0.985783842352314,0.03905325443786982,0.12011332006220349,46,iid_pairs
0.21810000635105237,1.2083114879071812,0.06627218934911243,-0.269391263861371,37,iid_pairs
0.24249748025568138,1.2132881378310574,0.11242603550295859,0.33239175402654597,30,iid_pairs
0.18253514074511829,0.8466140213933027,0.009467455621301775,-0.017312064650486535,32,iid_pairs
0.1781326662057839,0.9625455735865285,0.03431952662721893,-0.16325326462279796,59,iid_pairs
0.16704918055773688,0.8765317183877868,0.036686390532544376,-0.21611145731299972,59,iid_pairs
0.18737674706988908,1.068008252708787,0.0485207100591716,-0.29635985447596946,48,iid_pairs
0.17408624986225882,0.9454739796472156,0.028402366863905324,-0.12914262934122075,57,iid_pairs
0.22175503209337896,1.098520873264559,0.07928994082840236,-0.020277627379106114,55,iid_pairs
0.1968113364527093,1.007121029879848,0.06982248520710059,-0.16045759735305232,46,iid_pairs
0.20900133836325302,1.0772162184307708,0.06390532544378698,-0.018293981371941666,31,iid_pairs
0.25859815931982494,1.1411356518002245,0.13964497041420118,0.17418100684695112,30,iid_pairs
0.2168134897698447,0.9969446459838776,0.046153846153846156,0.10833978343220539,42,iid_pairs
0.22834576309322732,1.1309575382229442,0.09467455621301775,-0.18857291522126512,47,iid_pairs
0.21345081715781947,1.0106008098164367,0.11952662721893491,0.13383706318503938,29,iid_pairs
0.21687923685850674,1.1516422970471982,0.07455621301775148,0.2721578565100174,47,iid_pairs
0.16189779722936085,0.8674835091883428,0.011834319526627219,-0.29837758399677783,64,iid_pairs
0.21675485454131863,1.02050776781728,0.05798816568047337,0.14179163392053618,32,iid_pairs
0.18534616393815753,0.9503058698705524,0.06745562130177515,-0.07577335076818717,32,iid_pairs
0.17809133857912282,0.9825524576974936,0.04142011834319527,-0.279091140448089,62,iid_pairs
0.17401851035439922,0.9007071967196782,0.020118343195266272,0.085826957459422,43,iid_pairs
0.20878519365374795,1.2086621797251305,0.046153846153846156,0.17978324278490512,43,iid_pairs
0.20528062204483713,0.9597857961370324,0.0757396449704142,-0.061913803204122486,44,iid_pairs
0.19772948057350187,0.9001840716000141,0.01893491124260355,0.04336378816812179,71,iid_pairs
0.19053621028064707,1.0203659485216194,0.033136094674556214,0.292833596007449,57,iid_pairs
0.20557069906089395,1.000856566210724,0.029585798816568046,-0.06663340629266083,44,iid_pairs
0.2387951439609832,1.105433469537154,0.08994082840236686,-0.045505498429583256,52,iid_pairs
0.2075892668260572,0.909171528853065,0.06982248520710059,-0.032310590116837075,34,iid_pairs
0.235401781847849,1.033997379238643,0.08165680473372781,0.09152356150144164,43,iid_pairs
0.21337587185455462,1.076125836361714,0.07692307692307693,-0.16239598302697555,57,iid_pairs
0.1784208889779146,0.8126877354369293,0.021301775147928994,-0.3021843072243292,54,iid_pairs
0.16651622293237311,0.9204598124556901,0.01775147928994083,-0.13389270002680717,41,iid_pairs
0.18995082065491192,0.9990090918364547,0.033136094674556214,-0.1422378389387138,64,iid_pairs
0.2332904090024132,0.9941800586140335,0.07810650887573964,-0.25866502080666465,38,iid_pairs
0.22410599509011447,1.0369559568126234,0.12189349112426036,-0.11091749118449863,36,iid_pairs
0.21981241995579198,1.124484378874937,0.11124260355029586,-0.06858559106553663,48,iid_pairs
0.16717858110267544,0.9782364665064481,0.036686390532544376,-0.07663370332285874,58,iid_pairs
0.19590597862232617,0.8663016072170426,0.09349112426035502,-0.15419628333510865,43,iid_pairs
0.18264365447396025,0.9530010230157522,0.023668639053254437,-0.008877447245178666,54,iid_pairs
0.22542023412950773,1.1365249359280316,0.07692307692307693,0.16117489014685818,63,iid_pairs
0.17849480353932057,0.986460679210187,0.03431952662721893,-0.0764462285238633,57,iid_pairs
0.2607766870482833,1.4195470711643834,0.10059171597633136,0.2842348830331308,34,iid_pairs
0.2137158672969985,0.9314612142678989,0.046153846153846156,-0.12866302900768353,47,iid_pairs
0.25932007704391347,1.2694083418287692,0.13136094674556212,-0.08346124539326263,42,iid_pairs
0.22342031552351463,1.0653868781806113,0.10414201183431952,-0.12111429056143767,52,iid_pairs
0.23721185008394519,1.0988439466013689,0.11715976331360947,-0.14220214967997788,41,iid_pairs
0.18923931666455873,0.9910630639908231,0.06035502958579882,-0.11349063096798462,45,iid_pairs
0.19041477296312886,1.1326688453570957,0.04378698224852071,-0.32903618303334503,48,iid_pairs
0.22557619139869006,1.0120734703930236,0.07455621301775148,0.15837046773201724,52,iid_pairs
0.21079061341228134,0.9972054733211636,0.05798816568047337,-0.31762274487243014,45,iid_pairs
0.13945840843036986,0.6758679679931736,0.005917159763313609,-0.0905433012290145,44,iid_pairs
0.23262898746849486,1.0986885985544057,0.08284023668639054,-0.16115162558077337,42,iid_pairs
0.23707403992807147,1.0949661339039414,0.09112426035502959,0.31440249676088594,54,iid_pairs
0.19491987810092018,1.0338136856735165,0.04497041420118343,-0.22751060402537315,49,iid_pairs
0.251041968617555,1.0085100524773853,0.1076923076923077,0.17406173624568613,24,iid_pairs
0.2167249091109615,1.0992156685133894,0.05680473372781065,0.0027127898093061444,58,iid_pairs
0.21990007477458862,1.0898272517090897,0.047337278106508875,-0.09139269203331907,44,iid_pairs
0.18792082377261365,1.0717453314512815,0.06390532544378698,-0.16416850247878878,55,iid_pairs
0.23383916798799478,1.1504016915174067,0.10414201183431952,-0.050437432735312114,37,iid_pairs
0.16751287128922815,0.9038332923154824,0.022485207100591716,-0.0771879769945228,50,iid_pairs
0.23479151336003698,1.0348766292157365,0.08402366863905325,-0.02589086025683052,47,iid_pairs
0.21421534215392116,1.0364243062337692,0.06982248520710059,-0.01294460092208487,51,iid_pairs
0.21163357728480026,1.0890294409993166,0.06863905325443787,0.17549227297167533,43,iid_pairs
0.2367520617921924,1.0746516403711475,0.11124260355029586,0.06857268188253553,37,iid_pairs
0.1747134337131336,0.9231710937662185,0.054437869822485205,0.15144091283385633,48,iid_pairs
0.23231288264412375,0.9684223721374337,0.09585798816568047,0.16340116535491636,45,iid_pairs
0.2169614859619079,1.1070893249988911,0.08047337278106509,-0.1689056822137942,41,iid_pairs
0.17774465660812097,0.920418636359837,0.023668639053254437,-0.030794514979175715,55,iid_pairs
0.20153270402133944,0.9972376136892382,0.03076923076923077,-0.2401671650898119,48,iid_pairs
0.20996199631793463,1.1368091754436045,0.06863905325443787,-0.3806204456425563,59,iid_pairs
0.1878383190032361,1.059916539530729,0.10532544378698225,0.09326669549038503,43,iid_pairs
0.20814939609374905,1.1868314650866127,0.11242603550295859,-0.26420210900240587,19,iid_pairs
0.19713415224293596,1.0966674826163954,0.03550295857988166,0.02609543769619031,47,iid_pairs
0.19988299524049954,1.005844060069161,0.06272189349112427,0.023119464781231263,46,iid_pairs
0.21127101863568223,1.0630179504714925,0.06745562130177515,-0.3317885665153314,42,iid_pairs
0.20954126881147567,1.0543920371924975,0.06627218934911243,-0.02653376171760034,30,iid_pairs
0.18666533505593577,0.978787468866653,0.022485207100591716,-0.2606526860882987,52,iid_pairs
0.23628590304893693,1.1459758062892305,0.11242603550295859,0.021571153447845492,49,iid_pairs
0.20112179974063954,1.036378738010566,0.06627218934911243,0.04308034509498498,58,iid_pairs
0.18521948004206684,0.9309075748188215,0.036686390532544376,-0.07521656754627212,40,iid_pairs
0.24136328126620366,1.1046673561036635,0.09940828402366864,0.2690626270413171,34,iid_pairs
0.23162364292844587,1.1418925314105492,0.06982248520710059,-0.026875806829591474,39,iid_pairs
0.2107371598761151,0.8999389118901182,0.03550295857988166,0.017681822807056987,49,iid_pairs
0.18969408314181954,0.8521383926056837,0.014201183431952662,0.27233067110179054,37,iid_pairs
0.23026695209079662,1.0473550501893818,0.11124260355029586,0.010238775430458888,41,iid_pairs
0.18007427531748002,0.8601734581443096,0.0757396449704142,0.003381646533739202,65,iid_pairs
0.1826722021506423,0.9355328472788238,0.027218934911242602,-0.27191182553107657,78,iid_pairs
0.22419541157536313,1.1951415213285397,0.10532544378698225,-0.1592464659166418,54,iid_pairs
0.21820755764823438,1.0898932744507783,0.08520710059171598,-0.14682810535750523,34,iid_pairs
0.14513764177282018,0.8204363461541417,0.014201183431952662,-0.17198959540641562,81,iid_pairs
0.2004105872198147,0.9921782898888496,0.07928994082840236,0.11410084812481587,53,iid_pairs
0.21576512622763777,1.149680070547446,0.08284023668639054,-0.11240440064604186,51,iid_pairs
0.2459284966434529,1.1331650989722664,0.08757396449704143,-0.11152487090186299,24,iid_pairs
0.24646295142235328,1.1102503149386802,0.1502958579881657,0.438365237496212,53,iid_pairs
0.16813692699486008,1.001806274619578,0.06035502958579882,-0.2192333367794169,40,iid_pairs
0.18012151643056928,1.0092124627422365,0.04970414201183432,-0.15529291199475206,63,iid_pairs
0.165569301698589,0.8487253451435286,0.03550295857988166,-0.15035641315628254,52,iid_pairs
0.17800621132033476,0.9219264088332702,0.027218934911242602,-0.22884283726928314,46,iid_pairs
0.22519632825018326,1.0745516079201423,0.09349112426035502,0.12114038026363311,52,iid_pairs
0.24110889112515463,1.193099537346773,0.10887573964497041,0.010540024376002525,34,iid_pairs
0.19898049872320067,0.9443279043722361,0.09467455621301775,0.013676502219440305,47,iid_pairs
0.1814270573729303,0.9962725261317884,0.03905325443786982,-0.18595484020918893,44,iid_pairs
0.22326615192483154,1.0212910705417486,0.11597633136094675,0.09980037295157293,46,iid_pairs
0.19343736068479925,0.9776151640690522,0.040236686390532544,-0.29307762243037533,46,iid_pairs
0.21959944341806112,1.0634262167501216,0.09467455621301775,-0.13559313367226863,59,iid_pairs
0.20916618906502343,0.9753402364822694,0.03550295857988166,-0.15585515886737927,37,iid_pairs
0.20296521002231216,0.9627934448706459,0.07100591715976332,0.16616407784823828,29,iid_pairs
0.17188388761127357,0.8549121419079884,0.01301775147928994,-0.06968335059509277,51,iid_pairs
0.1894569240170984,1.0997986197882668,0.05207100591715976,-0.09516405719412423,46,iid_pairs
0.20499731056351586,1.0203169285528475,0.05680473372781065,-0.11205707699786653,45,iid_pairs
0.22958825424199958,1.2361677308459156,0.07810650887573964,-0.21341628558235942,31,iid_pairs
0.20926494738441642,0.9677456615715789,0.0863905325443787,-0.049544105900813575,41,iid_pairs
0.18591774818382822,0.8443751080355764,0.06982248520710059,-0.052573669858788225,46,iid_pairs
0.2224734268578677,1.0376848752852335,0.09585798816568047,0.1646531148989773,40,iid_pairs
0.14131751295464579,0.7028053213088176,0.007100591715976331,-0.13751045981328777,65,iid_pairs
0.19990264796548723,1.0524011059592056,0.03550295857988166,-0.38348999916055077,48,iid_pairs
0.20498091604019453,1.0243735391223006,0.036686390532544376,0.2272895327038539,42,iid_pairs
0.20991261337096853,1.037192468005241,0.06035502958579882,-0.1336903989128066,34,iid_pairs
0.23740711588120328,1.1059911686990656,0.11952662721893491,-0.026277265502486106,49,iid_pairs
0.18550538169777397,0.9184057449832912,0.08402366863905325,0.17552301997251163,55,iid_pairs
0.1703557978523628,0.8347134506952119,0.011834319526627219,-0.3858099247843987,57,iid_pairs
0.23008532348633157,1.0863708585119647,0.07692307692307693,0.02537641655158408,52,iid_pairs
0.19468670142469557,0.9317888122314449,0.03076923076923077,0.051785266934248286,43,iid_pairs
0.24982956228846007,1.1964468393789796,0.08994082840236686,-0.1674043682772511,32,iid_pairs
0.18007058309310384,0.8596031306687466,0.009467455621301775,0.20478382105432263,53,iid_pairs
0.22220557320079415,1.2359080294458018,0.07810650887573964,-0.10588150568892747,44,iid_pairs
0.21357043623883254,1.0740035875780585,0.06272189349112427,-0.1454222037356443,42,iid_pairs
0.2202256247354467,1.0082090457199984,0.02603550295857988,0.11101022711798779,38,iid_pairs
0.2019800442045093,0.9738363411863348,0.07810650887573964,0.06447128932116941,43,iid_pairs
0.18313041464145519,0.9913373265414906,0.03195266272189349,0.06862531978052136,53,iid_pairs
0.18897103788285496,1.0328992766166512,0.033136094674556214,0.16926463089024743,48,iid_pairs
0.2505267511787637,1.1621968673073,0.13372781065088757,0.025365649041864044,48,iid_pairs
0.23881352328811387,1.1770675920703177,0.0757396449704142,0.15887863329944468,48,iid_pairs
0.22886398917054387,1.1941938945219737,0.09230769230769231,0.3315806716559543,35,iid_pairs
0.20731402448314895,1.1582562121059388,0.1076923076923077,0.16986549570600334,37,iid_pairs
0.23572663558166226,1.1065407475695084,0.10532544378698225,-0.2442585191524356,32,iid_pairs
0.1697632355392241,0.8507063666105978,0.036686390532544376,-0.21389311539098546,42,iid_pairs
0.23832920202299873,1.0651511203021482,0.12189349112426036,-0.28415853986896106,42,iid_pairs
0.24967500421034053,1.2644695484186004,0.1408284023668639,-0.004893176001386836,38,iid_pairs
0.24151700373490584,1.2104584508846608,0.13254437869822486,-0.18590615897267934,53,iid_pairs
0.22750818388073835,1.1916971981404418,0.1136094674556213,-0.0119160780423128,33,iid_pairs
0.19741396719751886,1.0294632128661618,0.046153846153846156,-0.03680157164715088,41,iid_pairs
0.21762445117501453,1.0082777682962796,0.08284023668639054,-0.301569092059835,42,iid_pairs
0.17356141892580493,0.8974456677853375,0.04142011834319527,-0.17375083182955584,36,iid_pairs
0.2089572967005261,0.9994867787556068,0.08875739644970414,-0.13630755138489287,52,iid_pairs
0.2003300338761499,0.9181057298879634,0.02485207100591716,0.032431155365340254,41,iid_pairs
0.22945693082507423,1.168527446449879,0.0863905325443787,0.08693479367435829,52,iid_pairs
0.18681270984116213,1.022079229747872,0.06035502958579882,0.007428631047215127,62,iid_pairs
0.18466650633726392,0.923047036713325,0.0650887573964497,0.0778372175076598,48,iid_pairs
0.2546963165697695,1.216065581234758,0.13727810650887573,0.30971859037123806,42,iid_pairs
0.18583667083747007,0.9633321473859794,0.04260355029585799,-0.06702055430665983,44,iid_pairs
0.1884659428573048,1.1497526738313901,0.07810650887573964,0.31342948832382916,47,iid_pairs
0.20696115531873313,1.2692233377023951,0.047337278106508875,-0.09409158563646723,56,iid_pairs
0.1933099122685664,1.0943146338488376,0.047337278106508875,-0.07534512523166127,57,iid_pairs
0.2184718879829756,0.9705075771491561,0.12189349112426036,-0.128472924534022,39,iid_pairs
0.21455898458719624,1.0803797388012402,0.06390532544378698,-0.12997319293616763,58,iid_pairs
0.25250118087629925,1.073509283537906,0.13372781065088757,-0.22388759121450802,35,iid_pairs
0.24823922922710745,1.3446336801213148,0.10414201183431952,0.10938225335893934,38,iid_pairs
0.1948648252159529,1.0276342732800967,0.046153846153846156,-0.03809408459665805,60,iid_pairs
0.19850593307020717,0.8876179835111027,0.10295857988165681,-0.37469134336153287,34,iid_pairs
0.20559710230720146,0.910822799905969,0.01775147928994083,-0.08531165334500614,49,iid_pairs
0.20298363854226475,1.0369189749723482,0.08520710059171598,-0.24106466002231705,43,iid_pairs
0.2285726901182269,1.1132590991499616,0.09112426035502959,-0.06633537641432943,53,iid_pairs
0.18437273290691275,0.8908676576470648,0.015384615384615385,-0.23131076412313814,37,iid_pairs
0.18506378656108388,0.8801569039836585,0.023668639053254437,-0.043025219524852124,41,iid_pairs
0.19141527465785604,0.8798672879962682,0.03431952662721893,0.04805835946257686,71,iid_pairs
0.19577301588413634,0.846088818099229,0.06745562130177515,-0.23498518035685578,43,iid_pairs
0.25155609709466403,1.238265287583317,0.17159763313609466,-0.15539580506430895,25,iid_pairs
0.22283794798809153,1.0332503318037705,0.08994082840236686,-0.2705684665463252,46,iid_pairs
0.20704548442803217,1.0250818065833376,0.12189349112426036,-0.11538624161018961,50,iid_pairs
0.22865726261827984,0.9592345468688219,0.11124260355029586,0.08679707640568175,47,iid_pairs
0.23347778917804096,1.122332747533449,0.08875739644970414,0.1120890737094637,39,iid_pairs
0.20006452639474276,1.0328476144454886,0.10887573964497041,0.08323848249892547,37,iid_pairs
0.21382000231279574,0.9980779017170747,0.05680473372781065,-0.07955429361232652,71,iid_pairs
0.2245199124401483,1.0851369712995487,0.1467455621301775,-0.13739730778558734,61,iid_pairs
0.17188247771170967,1.0466051406100767,0.08402366863905325,-0.16980849717174779,31,iid_pairs
0.18520499720903522,0.9234940087664971,0.046153846153846156,0.2601492175702129,41,iid_pairs
0.19814866386251243,1.1578188623532502,0.06390532544378698,-0.0729520998963115,45,iid_pairs
0.22157450727532138,1.130803125767355,0.0757396449704142,-0.15179383868211302,36,iid_pairs
0.22876572709310194,1.0325997726149545,0.07928994082840236,0.1180853623995385,38,iid_pairs
0.19039018749356854,1.0038595173306297,0.06272189349112427,-0.20408667371578912,21,iid_pairs
0.19693109986038534,0.9490899382001897,0.028402366863905324,0.126818976842186,45,iid_pairs
0.20140464020768953,1.1423538419200976,0.06863905325443787,-0.005275658645353686,48,iid_pairs
0.20235664729485509,1.0680783905034401,0.06745562130177515,0.06919034600237398,58,iid_pairs
0.20063674703672835,1.009030144057797,0.046153846153846156,-0.022173692582607193,47,iid_pairs
0.20784487417830586,0.8699691658122657,0.04260355029585799,0.11797779533782926,51,iid_pairs
0.17733401508921323,0.8948923713631456,0.03550295857988166,-0.356257934816494,46,iid_pairs
0.20832336276345134,0.9969438416005911,0.0485207100591716,0.01655485171758114,28,iid_pairs
0.1858822900362745,1.0949191252478891,0.07100591715976332,-0.11073232407339356,69,iid_pairs
0.21029730287755333,1.0610176593753444,0.05325443786982249,-0.01845666620457029,48,iid_pairs
0.19275038906382227,1.001883511426177,0.046153846153846156,-0.04397231124916923,44,iid_pairs
0.20782689693646245,1.0236322287627235,0.05325443786982249,0.024191156836656777,44,iid_pairs
0.17155514812023004,0.9067807006111401,0.03431952662721893,0.04302114653272819,36,iid_pairs
0.20484026585911175,0.9399026365169014,0.08520710059171598,0.2304068621620287,50,iid_pairs
0.17829252259406364,0.8951677156254513,0.03905325443786982,-0.2603886153433346,58,iid_pairs
0.14894027612455482,0.8593941291812759,0.014201183431952662,-0.23796744109141507,54,iid_pairs
0.23506847974981576,1.2713239994544474,0.13372781065088757,0.013696843241453082,36,iid_pairs
0.20911238800074944,1.090640944789631,0.07100591715976332,0.08305117372674603,49,iid_pairs
0.20621909307970038,0.9383620862627742,0.0378698224852071,0.002440626025376888,58,iid_pairs
0.20214801916811426,0.9893973454068095,0.04497041420118343,-0.016409011814063814,32,iid_pairs
0.2141149130191706,1.0510743719823719,0.07455621301775148,0.10249875751547675,35,iid_pairs
0.20536631094838412,0.9512794221920686,0.02603550295857988,0.1439741906913293,48,iid_pairs
0.200635898556833,1.0758887274972806,0.029585798816568046,-0.08202510847524233,31,iid_pairs
0.26538907582036353,1.21704557840624,0.12781065088757396,-0.03154357628790519,38,iid_pairs
0.19920097979630255,1.006568529538991,0.029585798816568046,-0.156001006842883,45,iid_pairs
0.1635957649401618,0.7888218664782166,0.001183431952662722,-0.03748356448971972,52,iid_pairs
0.21711220908398707,0.9648559374439256,0.036686390532544376,-0.015674886717080262,35,iid_pairs
0.2711724002216252,1.109573672916615,0.15976331360946747,-0.1858247739305177,35,iid_pairs
0.17418320048705724,0.9567983372899975,0.03076923076923077,-0.44166863408586055,62,iid_pairs
0.18395658389093097,1.0745399413698027,0.0485207100591716,-0.06741317250460181,64,iid_pairs
0.1903433212914546,0.9581706456085195,0.03431952662721893,0.12475139032434862,61,iid_pairs
0.1958541582166666,0.9409364051182135,0.2,0.15819324280079328,28,iid_pairs
0.19354023250377347,0.8910136566583073,0.029585798816568046,0.09495255486591875,40,iid_pairs
0.24856534236364083,1.119292260276847,0.09230769230769231,-0.04919465673234738,62,iid_pairs
0.22648699968828173,1.030571906936773,0.11479289940828402,0.030839451334160772,40,iid_pairs
0.2316966649902328,1.0798943757230965,0.17159763313609466,0.28807868306433665,40,iid_pairs
0.22147442626971411,1.0765116592079598,0.06745562130177515,-0.22433910406005383,45,iid_pairs
0.1782773959833048,1.0376355354517044,0.06627218934911243,0.026546507932695702,54,iid_pairs
0.18877862414084845,0.9736483410374344,0.022485207100591716,-0.20007786146050655,45,iid_pairs
0.21044524066033254,1.1293500136548993,0.03905325443786982,0.004105555568393466,32,iid_pairs
0.19763006217267085,1.0048085740079282,0.036686390532544376,-0.026528288870338677,61,iid_pairs
0.2103554910924023,1.1111854073905663,0.06745562130177515,0.05493306162157972,37,iid_pairs
0.19602871604078242,1.017873909966796,0.06272189349112427,-0.13162416104046595,46,iid_pairs
0.1565156849294178,0.6763511666362814,0.0,-0.23740157331553385,59,iid_pairs
0.17183981160845926,1.0109654894627973,0.07218934911242604,-0.23428537687954226,48,iid_pairs
0.258859548747585,1.2687872471494297,0.13964497041420118,0.006306831163039191,30,iid_pairs
0.21272256299437062,1.0328064817252693,0.06627218934911243,0.11830073376384384,43,iid_pairs
0.16048893378091417,0.9395502441172439,0.021301775147928994,-0.2027978631463339,52,iid_pairs
0.18974404216196292,1.0333675753817628,0.0485207100591716,0.009729645973495654,48,iid_pairs
0.20058587598664393,0.9641622094478123,0.033136094674556214,-0.07874290240836568,42,iid_pairs
0.2577912740096523,1.2653985591444694,0.16923076923076924,-0.024563589843745164,28,iid_pairs
0.1712272402413311,0.8917121923614355,0.016568047337278107,0.2657175025899626,54,iid_pairs
0.21868100404033,1.1876530464825004,0.05207100591715976,-0.0467470468510812,45,iid_pairs
0.19157510021708452,0.9206438139571775,0.04497041420118343,-0.19347114188846576,38,iid_pairs
0.1522934550683002,0.9241794864400475,0.022485207100591716,-0.014414740182476425,51,iid_pairs
0.19530457717577474,0.9551478490227596,0.040236686390532544,-0.26083951567059066,65,iid_pairs
0.2148625568877106,1.0250345569856814,0.0485207100591716,-0.0011171885520620637,32,iid_pairs
0.19230603147328823,1.0356506661464655,0.06745562130177515,-0.11123230884047693,28,iid_pairs
0.2122283038085419,1.0874742465689113,0.07455621301775148,-0.1441048304883537,49,iid_pairs
0.18928604855313647,1.00048693918319,0.040236686390532544,0.08913821051714894,37,iid_pairs
0.19331737476060223,1.0333564972306404,0.11715976331360947,-0.012896257024360204,39,iid_pairs
0.19088196492165357,1.0651518586238955,0.10414201183431952,-0.2657364017212687,34,iid_pairs
0.21829349216482227,1.147239531626089,0.08165680473372781,0.004684660182831223,40,iid_pairs
0.22474096900273155,0.9969102760684345,0.10414201183431952,0.17731671002879792,43,iid_pairs
0.2106399380945046,1.0980366659215477,0.06863905325443787,-0.17631643211185882,17,iid_pairs
0.254758454748322,1.0246952077508902,0.1349112426035503,0.08953639536337256,29,iid_pairs
0.23370319613121684,1.1599216883996777,0.12662721893491125,0.42233568773277935,25,iid_pairs
0.19301511650484643,1.0981663028322748,0.04497041420118343,0.08264367653790322,59,iid_pairs
0.1944053271999972,0.8485622353226502,0.06863905325443787,0.030932084339400315,32,iid_pairs
0.2395527545761806,1.0401015609928068,0.08757396449704143,0.08710040646018936,31,iid_pairs
0.19907314221016492,1.0064024264001084,0.022485207100591716,-0.041615290547477306,58,iid_pairs
0.1758072843753235,0.9263971553898335,0.01301775147928994,-0.08755831219891297,58,iid_pairs
0.21208918225686924,1.1501604909074303,0.07218934911242604,0.06867902627833875,28,iid_pairs
0.21908054006255462,0.9532500301551422,0.05562130177514793,0.24678104796564268,31,iid_pairs
0.21090885796288208,1.1406784884530836,0.05325443786982249,0.049063795714102465,42,iid_pairs
0.2191955791162747,0.9674334342097235,0.03905325443786982,-0.0665679647981156,40,iid_pairs
0.20056196186162234,0.9507450908156008,0.04260355029585799,-0.28388798750439587,51,iid_pairs
0.18896607412401326,0.9228537394206654,0.07218934911242604,-0.25764010271157434,53,iid_pairs
0.21404582746719078,0.9729074330887488,0.08284023668639054,0.2295203669660004,36,iid_pairs
0.19156408395043628,1.0503221689154643,0.05680473372781065,-0.16611430428897664,50,iid_pairs
0.19879620686610172,0.9881299355411355,0.029585798816568046,-0.10877824033743885,43,iid_pairs
0.20495323971513452,1.1948386511891735,0.06390532544378698,-0.24289224167316212,45,iid_pairs
0.2135345749133964,1.199358890454644,0.06153846153846154,-0.08113074533548409,49,iid_pairs
0.22905201637833583,1.0596630745505737,0.0757396449704142,-0.11849475283210288,42,iid_pairs
0.16685053166421787,0.8972219355707779,0.014201183431952662,-0.25997494813790534,46,iid_pairs
0.159167254181174,0.7697774285276389,0.016568047337278107,-0.11393207568944023,54,iid_pairs
0.1817365876546618,1.0346369448364297,0.0485207100591716,-0.14501642104112894,48,iid_pairs
0.1938992846092869,0.8365481715375287,0.0757396449704142,-0.102620329732361,51,iid_pairs
0.19539168005855306,0.9250841994117396,0.06982248520710059,-0.18518103821587556,68,iid_pairs
0.22457640598884407,1.0542916873978225,0.0757396449704142,0.05465373143413406,50,iid_pairs
0.2260618018317497,0.9889054057942948,0.09230769230769231,0.10573788952353269,35,iid_pairs
0.24019973270617775,1.097798169331349,0.08047337278106509,0.03837215955376396,27,iid_pairs
0.20221769401023282,0.9243310564798541,0.06272189349112427,-0.03318200003431175,40,iid_pairs
0.20884446512325391,1.0311586134873334,0.06035502958579882,-0.09345411331492767,51,iid_pairs
0.2246104815671545,1.1879812554641527,0.08284023668639054,0.2733383455760319,44,iid_pairs
0.20104510855636584,1.05160435698272,0.04142011834319527,-0.17792628444782244,54,iid_pairs
0.19670995919664078,1.030991964206063,0.05798816568047337,0.11455033242276971,59,iid_pairs
0.16686412717995203,0.8066670948077588,0.04497041420118343,-0.12993110874080221,46,iid_pairs
0.18020220913987733,0.8458319278392525,0.014201183431952662,0.12404708577585949,51,iid_pairs
0.2126297078666564,1.0331428812924701,0.08165680473372781,-0.38092747011295175,46,iid_pairs
0.19560999589893305,0.9402241404842809,0.06390532544378698,-0.23016981003037076,52,iid_pairs
0.18263117720702327,0.9570535748534529,0.04497041420118343,-0.08183699581870751,59,iid_pairs
0.2458606197081884,1.2990818350384443,0.12662721893491125,-0.22002890604542422,41,iid_pairs
0.2465947709245289,1.175570071457261,0.1242603550295858,0.22233610146459862,33,iid_pairs
0.19571711931352648,1.0173115481076116,0.06627218934911243,0.1847578250049695,46,iid_pairs
0.22151183620769843,1.2676595953780618,0.08402366863905325,-0.10010560560906442,49,iid_pairs
0.20471420261231815,1.0002690568707788,0.05917159763313609,-0.27087553266416425,51,iid_pairs
0.20789302072157156,1.0109134135239328,0.08284023668639054,-0.0801453753356401,46,iid_pairs
0.18670059159705982,1.0462763262303136,0.04970414201183432,-0.22558582122838208,48,iid_pairs
0.17932645685496498,0.9692397301962079,0.10414201183431952,0.03637007176440462,59,iid_pairs
0.1735933392802318,0.9812821140183642,0.01893491124260355,0.03349958413959032,50,iid_pairs
0.24715899756050624,1.1077932257261902,0.10059171597633136,0.24296598871563857,31,iid_pairs
0.22059989213948075,0.9871254058036847,0.07810650887573964,-0.2024014914860077,34,iid_pairs
0.20092613990392416,0.9520859830139723,0.054437869822485205,-0.227464450761897,40,iid_pairs
0.19670087760681573,0.9021147126041622,0.033136094674556214,-0.06826302609706897,49,iid_pairs
0.20337080668565174,1.1264956477064114,0.06627218934911243,0.08098760227459507,48,iid_pairs
0.21304892624782035,1.0576795646024824,0.07455621301775148,-0.22870172383210896,44,iid_pairs
0.21540815386543657,1.1013207192672692,0.06153846153846154,-0.013638972490502598,54,iid_pairs
0.22035820896570424,0.9809271130181102,0.08165680473372781,0.10588407883132869,47,iid_pairs
0.2137237859831168,1.058135285938203,0.06863905325443787,-0.0682416628283477,41,iid_pairs
0.18941400396321714,0.9323489582747466,0.04497041420118343,0.03843463923891523,65,iid_pairs
0.18665572566830113,0.9869910519970487,0.05917159763313609,0.17926876718209203,46,iid_pairs
0.20356020952021864,1.114625426275724,0.04142011834319527,0.20341144021211655,38,iid_pairs
0.23373451489111693,1.0278663522391644,0.07455621301775148,0.010134749910549735,40,iid_pairs
0.1981339909714259,1.0581761618200738,0.06153846153846154,-0.2346626647186477,34,iid_pairs
0.21423638684542856,0.9479922216709287,0.05325443786982249,0.027349989314863748,45,iid_pairs
0.1387742564493097,0.7811947044391607,0.001183431952662722,-0.25957928628883703,48,iid_pairs
0.21618961895874622,0.9966105141051447,0.05562130177514793,-0.1985356454538225,43,iid_pairs
0.15865658853979211,0.8220156773939524,0.0035502958579881655,-0.19437167763139132,52,iid_pairs
0.19316576658770102,1.0281145923653938,0.010650887573964497,0.054848321486186784,39,iid_pairs
0.20098231697166977,1.1080164909371242,0.06982248520710059,-0.18847284701660125,38,iid_pairs
0.19931817475391325,1.0061891450024156,0.03905325443786982,0.06855406067183395,48,iid_pairs
0.23328969140017397,1.057674041836536,0.10887573964497041,-0.06816691037381513,28,iid_pairs
0.20093239821137257,0.8897374074366454,0.0378698224852071,-0.2711324199038024,31,iid_pairs
0.1825967990244077,0.9562093858241917,0.03431952662721893,-0.12273897212163468,59,iid_pairs
0.25065191391137803,1.2013881338395793,0.09112426035502959,0.059781491451006065,44,iid_pairs
0.2043929765328044,0.927909060836857,0.14437869822485208,-0.12191177233848652,35,iid_pairs
0.2456339353566479,1.2319272705347335,0.08284023668639054,-0.0395563094802342,40,iid_pairs
0.1523990014819728,0.829680375908793,0.020118343195266272,-0.16615407919755956,47,iid_pairs
0.1680029689282779,0.8135846034213655,0.0035502958579881655,-0.317787317913564,73,iid_pairs
0.2269557109810815,0.9607632955518789,0.06390532544378698,-0.11749138792872545,28,iid_pairs
0.1787702977854163,0.8553824496662522,0.002366863905325444,-0.25707417871086313,48,iid_pairs
0.1774838745129855,0.9131145590988714,0.0650887573964497,-0.13406701091739812,35,iid_pairs
0.19152542650323712,1.0155210983986356,0.03431952662721893,-0.06165773969860283,48,iid_pairs
0.21714948695831,1.025439634096427,0.08520710059171598,-0.10331165781623201,35,iid_pairs
0.16475751509611697,0.7970760442487828,0.04970414201183432,-0.17596272753725894,64,iid_pairs
0.20563872688644871,0.903341206761517,0.03431952662721893,0.044285050227950436,42,iid_pairs
0.1901943289036424,1.075723389526543,0.0650887573964497,0.18235513053177427,38,iid_pairs
0.20350998941975243,0.9449881732333036,0.03076923076923077,-0.18890693515162643,50,iid_pairs
0.21260651399900554,1.0556482931712217,0.054437869822485205,0.06090181031120238,29,iid_pairs
0.202869771415016,1.1807671045134291,0.10414201183431952,-0.3231793225019435,49,iid_pairs
0.21288940428869857,0.9430441709503239,0.054437869822485205,0.020661819660818467,47,iid_pairs
0.18357481332101658,0.9410399096537002,0.02603550295857988,-0.2875295490954676,52,iid_pairs
0.18420006398163108,0.9068309745934413,0.015384615384615385,0.16940393215530286,54,iid_pairs
0.2046452719823747,0.8933830536367011,0.09822485207100591,0.04059205756947089,36,iid_pairs
0.2445388154827852,1.099049929685393,0.13254437869822486,0.09643171821804818,36,iid_pairs
0.21587619750089598,1.0958022581610471,0.0757396449704142,-0.3179871425063731,46,iid_pairs
0.20751313577308594,1.1326501144412848,0.05325443786982249,-0.021628430806388117,63,iid_pairs
0.20711239682626018,1.1819651678816885,0.07100591715976332,0.17440670014152904,39,iid_pairs
0.20155157587367034,1.0548362352372873,0.0378698224852071,0.12494240178772448,38,iid_pairs
0.20700026699886767,0.9841405752219305,0.07218934911242604,0.02062718711040182,34,iid_pairs
0.16952069970194575,0.8555706981039333,0.05088757396449704,-0.39141550000382713,77,iid_pairs
0.19609074081262984,1.0029500813756578,0.10059171597633136,-0.008841303950481326,38,iid_pairs
0.21045582756644257,1.1088750025767122,0.09940828402366864,-0.10020393461587176,49,iid_pairs
0.2069946554727116,0.9300778760644852,0.07810650887573964,0.09274804697597516,39,iid_pairs
0.20407429746147115,1.093754450058348,0.07100591715976332,0.173479255538303,53,iid_pairs
0.1846432048147283,0.8407310944147314,0.02485207100591716,-0.12282066041556108,55,iid_pairs
0.20364496053168984,1.0400840863509686,0.0650887573964497,-0.10791827693957955,44,iid_pairs
0.19229655516666022,0.9466205531053091,0.06863905325443787,0.18958552300611586,59,iid_pairs
0.21527013909436826,0.9229663627940567,0.06390532544378698,0.1594526555012127,39,iid_pairs
0.20712340766710116,1.3122443055890118,0.06863905325443787,-0.06267579650534942,37,iid_pairs
0.19807959299127173,1.0282397271511985,0.07100591715976332,-0.018529746183708316,39,iid_pairs
0.18575081616195857,0.9919699070519442,0.03550295857988166,0.08783812552564965,68,iid_pairs
0.16360229500386955,0.8269322177161681,0.01301775147928994,-0.24953079286640487,48,iid_pairs
0.25438304428048786,1.0908728345075518,0.09585798816568047,0.057087021118509246,33,iid_pairs
0.19965770459539361,0.9936688384174663,0.054437869822485205,-0.22508802134218872,40,iid_pairs
0.18862628291886196,0.8892778779131199,0.020118343195266272,0.10357179835783634,49,iid_pairs
0.22073965251405106,1.0131780415790343,0.08284023668639054,0.11743738576474762,43,iid_pairs
0.17186372669666442,1.0297761182920078,0.04142011834319527,-0.19748147134727656,77,iid_pairs
0.17733204914649964,0.9078572023638736,0.021301775147928994,0.10171334179482586,53,iid_pairs
0.1577469210608493,0.8796582049683916,0.011834319526627219,-0.2735988912818176,71,iid_pairs
0.18211637522835977,0.956664767820983,0.04142011834319527,-0.17638673790561915,44,iid_pairs
0.18657510632564228,1.0085562042459553,0.05325443786982249,-0.06156964949235977,50,iid_pairs
0.17991993281570748,0.8488847986607586,0.033136094674556214,-0.06870434486341714,38,iid_pairs
0.1962515352460835,0.8185627603310327,0.020118343195266272,0.1470319287225859,26,iid_pairs
0.1975077940169246,1.0248260195852357,0.03905325443786982,0.013106497029109446,42,iid_pairs
0.13869703266088873,0.7116026366319347,0.0,-0.24487423989625667,70,iid_pairs
0.20575035496725785,0.9900066868003848,0.06035502958579882,-0.052158739715516794,35,iid_pairs
0.239323460416338,1.2534432102912048,0.1136094674556213,0.02924583897677036,41,iid_pairs
0.19552440921495493,0.9072602674944469,0.023668639053254437,-0.00788360357574267,36,iid_pairs
0.1489368618440418,0.7891775785925699,0.0035502958579881655,-0.19489185475961632,42,iid_pairs
0.19090180850045324,1.0338122506851604,0.02485207100591716,-0.42763999664312685,47,iid_pairs
0.2232180939207973,1.0582000010877055,0.08165680473372781,0.13781419667507,51,iid_pairs
0.22236274913179555,1.1134894265609592,0.1076923076923077,-0.2943388815442627,37,iid_pairs
0.1980054960751293,0.9699016524842052,0.07810650887573964,-0.26912206642252495,39,iid_pairs
0.19216340273004864,0.9119204658805458,0.05798816568047337,0.2572668162038121,49,iid_pairs
0.21369811642719092,0.9063320184997843,0.1349112426035503,-0.09724638488350915,27,iid_pairs
0.21461911877384293,1.086225694350424,0.05917159763313609,-0.06323316289308771,40,iid_pairs
0.19746681674200087,0.9878093999019746,0.05325443786982249,-0.32376549870068083,51,iid_pairs
0.20479764728223276,0.9650866569329506,0.06153846153846154,-0.3274535169170518,49,iid_pairs
0.16234537019431708,0.8934015060170568,0.016568047337278107,-0.47733985620438013,45,iid_pairs
0.1777465133555251,0.8826391237632634,0.054437869822485205,0.03565022902813843,57,iid_pairs
0.18276678048671038,0.9715964608885979,0.022485207100591716,-0.11731895505331813,46,iid_pairs
0.21699547558196472,0.9565912829866046,0.06035502958579882,0.01786026329453484,35,iid_pairs
0.22093474378796935,1.1587192314768964,0.12544378698224853,0.057957577151228255,63,iid_pairs
0.1752026346737595,0.900566500034478,0.07337278106508875,0.3199364927374578,22,iid_pairs
0.21002794167098598,0.9150351913186102,0.03195266272189349,-0.1753063568240739,44,iid_pairs
0.2103380410870175,1.1968801182601183,0.10177514792899409,0.12073233336204134,52,iid_pairs
0.2079601988848143,1.1740740923706356,0.07810650887573964,-0.12070498245258195,55,iid_pairs
0.19320395731124143,0.8454729597937656,0.01775147928994083,-0.19495437472282828,46,iid_pairs
0.19351409663613528,0.8957346877637807,0.04260355029585799,-0.036198389303617975,46,iid_pairs
0.2298316999897177,1.2471529023055983,0.07810650887573964,-0.08840047205318359,49,iid_pairs
0.19166796138057776,0.8511117277620777,0.010650887573964497,-0.0889923172359804,51,iid_pairs
0.20285396264398733,1.0947998064266462,0.0650887573964497,0.07038143352257503,45,iid_pairs
0.15901753222587167,0.909236770912293,0.02603550295857988,-0.07340130627887272,67,iid_pairs
0.2435106213126447,1.2689326099058755,0.1289940828402367,0.10109271843119995,39,iid_pairs
0.21934591756227853,1.0732372762975633,0.07692307692307693,-0.0031295599179131037,53,iid_pairs
0.19223438758796876,0.9960698822671149,0.05917159763313609,0.23993706250502558,41,iid_pairs
0.2292866063339974,1.073694337749751,0.07692307692307693,-0.09599443653851258,47,iid_pairs
0.19078729506650213,1.052741760038092,0.06982248520710059,-0.06894876226490897,51,iid_pairs
0.20703832278712023,1.0059901833580138,0.05207100591715976,-0.028523422664552735,36,iid_pairs
0.24537297409382997,1.1444882709393436,0.13964497041420118,0.11005494384482656,53,iid_pairs
0.2031718712438894,0.9385072962201162,0.01893491124260355,0.07342611366440371,44,iid_pairs
0.17631691070097963,0.9486589401929038,0.016568047337278107,0.03568389584036317,71,iid_pairs
0.21837946518373014,1.085638406827647,0.07218934911242604,-0.5105564973172304,47,iid_pairs
0.21075731670150652,1.001089791922646,0.07218934911242604,-0.24889492878177982,55,iid_pairs
0.22657892841949884,0.996449143540106,0.09349112426035502,-0.10818874386468835,40,iid_pairs
0.2818387584692198,1.1956202385448236,0.22958579881656804,0.35200827713016974,34,iid_pairs
0.17561261886381488,0.9800056668430193,0.03905325443786982,-0.2846075794323867,69,iid_pairs
0.17280556565073504,0.847611964086119,0.05798816568047337,-0.002897661125650395,38,iid_pairs
0.21960645953886332,1.1432849343942728,0.06390532544378698,-0.05332393022404078,53,iid_pairs
0.19441403731958987,0.9925736343825238,0.04970414201183432,0.06042259654379023,50,iid_pairs
0.1798954125123571,0.9494160132000016,0.03550295857988166,0.049956457461769715,48,iid_pairs
0.20551422141063477,1.0277256823515553,0.05917159763313609,0.23284205230613153,52,iid_pairs
0.18682818644395283,1.0960206172587046,0.040236686390532544,-0.006117455751682969,61,iid_pairs
0.16196780184042395,0.8856546881908525,0.004733727810650888,-0.08989304356680033,43,iid_pairs
0.18588534979903693,0.9456224831477773,0.03076923076923077,-0.07347187740805512,42,iid_pairs
0.21180430324298682,1.2002016699514555,0.06745562130177515,-0.0030692168083801975,46,iid_pairs
0.24957951595787145,1.0476254901873545,0.09585798816568047,-0.05741698297531774,39,iid_pairs
0.27264735664072987,1.222520727494263,0.17988165680473372,0.054074273431062796,47,iid_pairs
0.20330229225094412,0.9983193561964203,0.04970414201183432,0.2182474038182538,43,iid_pairs
0.1918825983000726,0.9955608598702436,0.03195266272189349,-0.061422949705133165,40,iid_pairs
0.22305607272578062,1.1658509097029026,0.09349112426035502,-0.15707778757066712,65,iid_pairs
0.20169289773377438,1.0567405427582246,0.04378698224852071,-0.3062836902764182,55,iid_pairs
0.2373549030304179,1.0437077845645528,0.08402366863905325,0.12957836712693435,46,iid_pairs
0.17417956206426455,0.9443624910945188,0.027218934911242602,-0.2351130251400024,49,iid_pairs
0.23511061194509367,1.1050725883175927,0.11715976331360947,0.07234664386871431,28,iid_pairs
0.21648008418276551,1.1130884142537747,0.09467455621301775,-0.037411350227183074,42,iid_pairs
0.21068217190695201,0.9473403772943724,0.07692307692307693,-0.021810937937494057,57,iid_pairs
0.21218801381183044,1.0163247414294034,0.05562130177514793,-0.02233762598786667,54,iid_pairs
0.2604989494957187,1.111985720529158,0.14792899408284024,0.2478117126769833,32,iid_pairs
0.18551392235818512,0.9293738170634829,0.040236686390532544,-0.07974687640584781,44,iid_pairs
0.22844115624620384,1.0732784290260213,0.06982248520710059,-0.12802839097366092,44,iid_pairs
0.22325989126691886,1.1802541844064245,0.05088757396449704,-0.12188323239358265,43,iid_pairs
0.18181496261971128,1.0227901196598124,0.046153846153846156,-0.18315195001253948,48,iid_pairs
0.21372963139245105,0.913832141032772,0.08047337278106509,-0.09528390191991651,50,iid_pairs
0.20366805609871158,1.134192995222985,0.04497041420118343,-0.03544171291623585,50,iid_pairs
0.20121867648449532,1.0064698657903897,0.0650887573964497,-0.32013655577621997,52,iid_pairs
0.21316118558368116,1.123065874261698,0.05325443786982249,0.27686201821296286,48,iid_pairs
0.20259969344956216,0.8940516370296538,0.07218934911242604,-0.023857651346253367,36,iid_pairs
0.19857018946854801,0.9214388247966486,0.02485207100591716,-0.22017877974439648,30,iid_pairs
0.23499440871334942,0.977585360373334,0.06390532544378698,0.13984651365125383,45,iid_pairs
0.2193988924156066,1.0730219391942297,0.0863905325443787,-0.08531405803498908,44,iid_pairs
0.1640247484301045,1.0035282778315404,0.016568047337278107,-0.3851317828706371,68,iid_pairs
0.17036762296402977,0.8571933204743493,0.02603550295857988,0.06538262807526816,52,iid_pairs
0.18731348803908046,0.8925680975555803,0.02603550295857988,-0.35341832587999444,51,iid_pairs
0.15992587870016073,0.9358037493994449,0.022485207100591716,-0.08571941324362312,53,iid_pairs
0.20088849182553029,0.9806265919643109,0.028402366863905324,-0.10393619389134039,30,iid_pairs
0.2172634218677721,1.031346535654901,0.08875739644970414,-0.03900180724982759,57,iid_pairs
0.17555754021784484,0.9167775621168571,0.03905325443786982,-0.1395647258881612,40,iid_pairs
0.2351127095946346,1.0846831234528524,0.14319526627218934,-0.0817506566902177,47,iid_pairs
0.23055328524637034,1.122978578049999,0.10295857988165681,-0.34953815609227634,42,iid_pairs
0.19197723195767408,0.8486485162673089,0.06035502958579882,0.14348924443372002,49,iid_pairs
0.22675825968148058,1.1741475432619102,0.07218934911242604,-0.001968928420643097,57,iid_pairs
0.19690330892724364,0.981202061089873,0.029585798816568046,-0.07925294497296884,51,iid_pairs
0.15926794746014633,0.7598396213682113,0.0,-0.13440214444261434,50,iid_pairs
0.18317906224821706,0.9189861397626797,0.02603550295857988,-0.10448665621051857,50,iid_pairs
0.18832765580240543,0.911734683100021,0.046153846153846156,0.20656939881976577,51,iid_pairs
0.19698461922688665,0.9732475476621221,0.07692307692307693,0.034131627119669314,71,iid_pairs
0.2219773366915125,1.0249905934843548,0.09822485207100591,-0.0567247556968341,42,iid_pairs
0.1981935105424542,1.015541132000022,0.046153846153846156,0.07246099491862204,50,iid_pairs
0.19496582631226053,0.9117141974400862,0.03905325443786982,0.23960573313011022,53,iid_pairs
0.23855214713213582,1.1219052689360753,0.13254437869822486,-0.059900669498841576,36,iid_pairs
0.1941311206343301,0.9936080977417308,0.05088757396449704,-0.13827735516379402,60,iid_pairs
0.20257726263558976,0.9897832830418372,0.04260355029585799,0.02242902275366644,51,iid_pairs
0.25489092275255737,1.2249137598703528,0.1408284023668639,0.09195441991523773,50,iid_pairs
0.23955891301030888,1.1658269486208892,0.08875739644970414,-0.14935566452215565,34,iid_pairs
0.1765392231256829,0.9544250876149756,0.01775147928994083,0.24645155765762444,48,iid_pairs
0.17870965367996755,0.957663869053476,0.03431952662721893,-0.29185264590783233,47,iid_pairs
0.19363530595821066,0.9351769035966498,0.027218934911242602,-0.3925640285936254,52,iid_pairs
0.2623464568440153,1.2082343286297155,0.18461538461538463,0.007067389471216492,28,iid_pairs
0.18089794753534877,1.100717777549731,0.0485207100591716,0.1133462481850788,60,iid_pairs
0.20113214093406379,0.9114020991514458,0.033136094674556214,0.09848455298610893,31,iid_pairs
0.20284600369766007,0.9992218382947542,0.06035502958579882,0.09256286624597858,52,iid_pairs
0.2125783732830843,1.133589855982222,0.09349112426035502,-0.09830282888574322,54,iid_pairs
0.18572538185964974,0.979920839847122,0.02603550295857988,-0.03478062389186773,48,iid_pairs
0.239842536855826,1.126088216467553,0.12307692307692308,0.3339277430736979,52,iid_pairs
0.18635280984627542,0.971371168633719,0.04970414201183432,-0.3774826634866555,67,iid_pairs
0.20924168360960524,1.201693658991669,0.054437869822485205,-0.3003534434429385,37,iid_pairs
0.15809371927677143,0.8131405223332318,0.001183431952662722,0.02361965320366539,42,iid_pairs
0.178434678023272,0.797806576223695,0.0035502958579881655,-0.2095769131831976,33,iid_pairs
0.19563804534195528,1.0032110260514353,0.08047337278106509,0.35893343078836165,14,iid_pairs
0.2251646224890608,1.1690187151583378,0.06982248520710059,-0.043216678545259866,43,iid_pairs
0.20601721570963336,0.9983839203218593,0.13254437869822486,-0.11394585415144354,26,iid_pairs
0.17979365334133135,1.0324909557186397,0.040236686390532544,-0.22193166370464376,48,iid_pairs
0.2096226974567427,0.9616066973987587,0.04970414201183432,-0.32635872370055896,37,iid_pairs
0.19696090021719312,0.9229558990212109,0.13964497041420118,-0.0380269046495453,37,iid_pairs
0.17669020887918638,0.9288888970436231,0.07455621301775148,-0.23613611836125215,48,iid_pairs
0.22219805023018316,1.046713323767846,0.06745562130177515,-0.060427612074517766,56,iid_pairs
0.18877197680421018,0.9787874633060716,0.06035502958579882,-0.24679110341522062,37,iid_pairs
0.22453085031231637,1.055226789023053,0.11242603550295859,-0.15672650143619965,52,iid_pairs
0.15029538327925157,0.7809817553809685,0.0035502958579881655,0.05649985345886594,78,iid_pairs
0.20444268729256218,1.049267729449463,0.06745562130177515,0.07149994437167875,35,iid_pairs
0.21665387551851553,0.9535743410762811,0.07692307692307693,0.2014269734431874,28,iid_pairs
0.22050139511552583,1.0709919616284105,0.03431952662721893,-0.09459566609629856,24,iid_pairs
0.2359333241346683,1.1365907164006117,0.10295857988165681,0.17690254262138635,38,iid_pairs
0.21537626976681246,1.1082896215556302,0.08284023668639054,-0.18004879183734931,41,iid_pairs
0.21395641576013724,1.0916188056194471,0.08757396449704143,0.05385900406642485,40,iid_pairs
0.2268388828207829,1.0523525035056314,0.1467455621301775,0.04871349076078261,41,iid_pairs
0.1944734867668973,0.9840885043759472,0.04378698224852071,-0.12291556817328562,53,iid_pairs
0.19639334124111327,0.9239582397836601,0.06153846153846154,-0.07261048638072039,39,iid_pairs
0.21368130545406724,0.8956420195981343,0.07692307692307693,0.10886976893415827,50,iid_pairs
0.2112753319093961,0.9233560523450683,0.08520710059171598,0.22161819449361797,36,iid_pairs
0.20430075595686784,1.0234362120229927,0.05917159763313609,0.10538887061575013,30,iid_pairs
0.2005426183895218,1.0548742562607276,0.07928994082840236,-0.113951531843696,34,iid_pairs
0.19129087602710804,0.8704221917394794,0.02485207100591716,-0.24149175101709386,53,iid_pairs
0.21066607708368407,1.1539801951489375,0.06390532544378698,-0.24591633326527326,51,iid_pairs
0.18833958925679933,0.9550971240907362,0.029585798816568046,0.007451711235099132,42,iid_pairs
0.22742333854066807,0.988043200610992,0.10295857988165681,-0.19171184126188737,36,iid_pairs
0.21846934020216927,1.0324350595105265,0.13372781065088757,-0.1159152745653253,45,iid_pairs
0.18826505033405835,1.1190152366787074,0.06035502958579882,-0.1327633565415059,62,iid_pairs
0.20912490211806747,0.9705603149021804,0.036686390532544376,-0.19407679896422983,44,iid_pairs
0.17702760734293266,0.8938182654294498,0.011834319526627219,-0.14466457240368943,52,iid_pairs
0.16405262126455392,0.8712058118655961,0.015384615384615385,-0.12658688721207145,83,iid_pairs
0.21187231967090636,1.0247579223256142,0.04497041420118343,-0.13754162994335864,51,iid_pairs
0.19838721563974432,0.9722588516388369,0.03431952662721893,0.010044180064809064,53,iid_pairs
0.24003572683461427,1.180133791139295,0.13609467455621302,0.03654258396627952,45,iid_pairs
0.20359860852962935,1.1280538171749108,0.04970414201183432,-0.27310422504113585,44,iid_pairs
0.2104294078881212,0.9681015973055276,0.06745562130177515,-0.18638289216290843,41,iid_pairs
0.19105234265561682,0.9122840850213205,0.021301775147928994,-0.1421515149662289,54,iid_pairs
0.21768605043744257,1.0003153385882644,0.06627218934911243,0.018598168442349267,48,iid_pairs
0.19934806520305073,0.9914039689508019,0.09112426035502959,-0.23496977335231195,49,iid_pairs
0.17122496270649595,0.827720905487592,0.029585798816568046,-0.2356780106966573,50,iid_pairs
0.21225647099641975,1.0786422658296777,0.08757396449704143,0.09112660515444412,42,iid_pairs
0.18261640040535604,1.0249884753016487,0.023668639053254437,-0.13737572527692152,51,iid_pairs
0.19994277137469724,1.0770784326355838,0.05680473372781065,0.09987729866267116,57,iid_pairs
0.2152479137141945,1.0523474754738638,0.05207100591715976,-0.21480713707535418,47,iid_pairs
0.1917130227808954,0.9306656328383103,0.08994082840236686,-0.144480580927376,54,iid_pairs
0.1971521975699517,0.972222768117033,0.06863905325443787,0.03404773682266439,13,iid_pairs
0.2049960019341145,1.047303674377004,0.0650887573964497,0.1538816866993042,26,iid_pairs
0.2545184424195448,1.2709922138215504,0.14792899408284024,0.18751620188714874,46,iid_pairs
0.20781630520594593,1.1206632183902023,0.04378698224852071,0.16051921651717255,54,iid_pairs
0.219628549266181,1.0894124703191654,0.08402366863905325,-0.02360407743455631,61,iid_pairs
0.15391365896696713,0.8694556694601694,0.047337278106508875,0.05491347593260433,49,iid_pairs
0.21310124359332114,0.9879126273702477,0.04497041420118343,-0.2644251027171298,39,iid_pairs
0.25771229069969737,1.130906490621158,0.11715976331360947,0.12654139107025889,20,iid_pairs
0.1806297131485504,1.1188665578672428,0.06627218934911243,-0.1271631420230397,42,iid_pairs
0.21104852653879236,1.0191580217347593,0.03550295857988166,0.1579951684245706,45,iid_pairs
0.21022717920641315,0.9080089256949184,0.047337278106508875,0.18153128827023252,31,iid_pairs
0.22105131273506334,0.9529030008516415,0.05325443786982249,-0.25689647936502075,26,iid_pairs
0.19182044184060837,0.9063824322351179,0.02485207100591716,-0.12046265516526627,38,iid_pairs
0.19707718830785778,1.0264501920387068,0.06153846153846154,-0.11691368157556713,42,iid_pairs
0.22359635407065098,1.113024074262634,0.08165680473372781,-0.027503785644018477,50,iid_pairs
0.2245219270998668,1.1208541267697658,0.08520710059171598,0.4572381983359299,47,iid_pairs
0.20896396071115603,1.0298422852717928,0.028402366863905324,0.14849156739996405,45,iid_pairs
0.21469845152679143,1.035442422218977,0.07337278106508875,0.42520085034446237,49,iid_pairs
0.21205902497170154,1.0090359661903199,0.04497041420118343,0.021706521774212572,50,iid_pairs
0.20503425618040205,1.0861944258451202,0.05088757396449704,-0.02567097942901473,56,iid_pairs
0.17871224496515653,1.0586826564701033,0.03076923076923077,-0.18998792534691755,50,iid_pairs
0.2274637175334639,1.0412381521871952,0.09585798816568047,0.12902918289613477,46,iid_pairs
0.19654147177013767,1.0144849043959714,0.05562130177514793,-0.21089782357179013,40,iid_pairs
0.21231109081423577,1.040670948179023,0.06982248520710059,-0.07392610297885965,31,iid_pairs
0.17309197000173188,0.9284602712557257,0.033136094674556214,-0.34813259536829666,55,iid_pairs
0.1841564225010926,0.9230430269853276,0.05088757396449704,-0.03599544292806654,61,iid_pairs
0.21321880541191118,1.014891904754474,0.13136094674556212,-0.041748066261749504,45,iid_pairs
0.17571417226825473,0.8903866980098512,0.008284023668639054,0.22049134440984608,40,iid_pairs
0.22432887533900958,1.0151721206621538,0.08284023668639054,-0.07555802716769482,35,iid_pairs
0.15969303620711206,0.8447454905334808,0.01301775147928994,-0.1529846131633862,64,iid_pairs
0.18611104786245575,0.950790522868148,0.05917159763313609,-0.07524844256252797,64,iid_pairs
0.21635051250575943,1.0913601106864428,0.09112426035502959,-0.07652208178789036,44,iid_pairs
0.20492961037701046,1.154166204748826,0.07928994082840236,-0.15718711194881954,60,iid_pairs
0.23818281792612955,1.1413582498952022,0.11597633136094675,-0.3215264415080391,46,iid_pairs
0.2036128493660902,0.8665329596474218,0.03076923076923077,0.19564916171673172,50,iid_pairs
0.20372909024446811,1.0963709630939902,0.07337278106508875,0.16415620948734416,42,iid_pairs
0.1855107022889985,0.9195029279922928,0.01301775147928994,-0.10494842514207045,53,iid_pairs
0.22245937374238084,1.042298253245005,0.09230769230769231,0.279274913701506,56,iid_pairs
0.20000426275564462,0.969193430043984,0.04142011834319527,0.08327517909146408,30,iid_pairs
0.19621358007772588,0.9920431496687712,0.04970414201183432,0.15975126582315674,64,iid_pairs
0.18564229861554526,0.9929203363523987,0.05325443786982249,-0.08898829643566264,42,iid_pairs
0.18978061840939972,1.0656549285503554,0.04970414201183432,-0.30779613961805335,60,iid_pairs
0.21203993451710534,0.9707987891924704,0.05917159763313609,-0.1894333014945375,64,iid_pairs
0.22631671957196978,1.0269036057608663,0.09940828402366864,0.08364722811673896,31,iid_pairs
0.15982861849612714,0.9173519410885336,0.04142011834319527,-0.19339182753118403,59,iid_pairs
0.2022252096098588,1.1791867965800875,0.0378698224852071,-0.20505345319322188,63,iid_pairs
0.18514686497975352,1.0431841866862188,0.03905325443786982,-0.053182153255726,40,iid_pairs
0.22086306940182107,1.1902010330828467,0.05680473372781065,0.09988929323688502,37,iid_pairs
0.20155563425841844,0.9612439190815597,0.09585798816568047,-0.06907623579718399,61,iid_pairs
0.1750480158928915,0.9246683609553641,0.022485207100591716,-0.10119264579738524,46,iid_pairs
0.21505470429550536,1.0717716781042803,0.047337278106508875,-0.06311582920988756,38,iid_pairs
0.20957900662145515,0.9896638985060033,0.07100591715976332,-0.17560069599518682,40,iid_pairs
0.20627876824428631,1.0654012064412932,0.036686390532544376,-0.014685619228351642,51,iid_pairs
0.17125487004001658,0.9892706930494732,0.028402366863905324,0.0002273956222855214,33,iid_pairs
0.22651373966232197,1.0809435048382032,0.05680473372781065,0.22213411011850007,38,iid_pairs
0.21194636054355157,1.005180430092405,0.06153846153846154,-0.13671988112975803,48,iid_pairs
0.21729108744123218,0.9658209488635643,0.0757396449704142,0.05647178233820588,45,iid_pairs
0.22517792846683077,1.0955211513067118,0.09230769230769231,0.019169426986879786,25,iid_pairs
0.20680895094233204,1.1726091995363361,0.07928994082840236,0.05523676412928613,34,iid_pairs
0.20040108420576203,1.0137800857126202,0.0650887573964497,0.004961458955486011,44,iid_pairs
0.1887437379271537,0.8739777271370619,0.03076923076923077,-0.2755560271627695,39,iid_pairs
0.23023596956922057,1.0707515856514533,0.11005917159763313,0.1650166155941559,31,iid_pairs
0.18038660917402086,0.9858194247847079,0.06627218934911243,0.06580662356018449,46,iid_pairs
0.23140835354427433,1.1113437873003644,0.06035502958579882,-0.14452080358595984,37,iid_pairs
0.2056930982132528,1.0885801469748544,0.03076923076923077,-0.3051083180551737,35,iid_pairs
0.16653281905868988,0.8007406324075685,0.03431952662721893,0.07862740087172554,54,iid_pairs
0.2183863930015304,1.0270334257855245,0.07692307692307693,0.021291277252403033,48,iid_pairs
0.157786749898257,0.6757916427992023,0.023668639053254437,-0.22870183867148586,46,iid_pairs
0.21957087848501314,1.0401837113055672,0.08165680473372781,-0.02533818043691549,43,iid_pairs
0.24338597577438825,1.1106346518864818,0.1467455621301775,-0.004202568409149676,42,iid_pairs
0.1762180494936671,0.9657464278174817,0.04260355029585799,-0.16523091750535202,54,iid_pairs
0.20950903784573593,1.0756122788337823,0.1136094674556213,0.2183430806142937,61,iid_pairs
0.22977368012445548,1.0211638429825334,0.09585798816568047,-0.0651819099344006,40,iid_pairs
0.23012146451271703,1.074305484304232,0.11005917159763313,-0.006636748609377967,38,iid_pairs
0.19550026694911427,0.9449056245580199,0.027218934911242602,-0.06960423506004658,56,iid_pairs
0.18639500510137422,1.0239196996883873,0.05088757396449704,-0.1712162677086749,51,iid_pairs
0.2477213181431285,1.0931719063524012,0.10887573964497041,-0.04272135659325722,32,iid_pairs
0.21191815262395486,0.9646826855073523,0.09230769230769231,-0.0535568724657341,44,iid_pairs
0.20291998543540266,1.05697984807728,0.054437869822485205,-0.13921276925493775,40,iid_pairs
0.21180492051255426,1.0214196877307409,0.0757396449704142,-0.016612063992965165,41,iid_pairs
0.22264514560807894,1.0604107914997754,0.08875739644970414,0.07237589226993171,40,iid_pairs
0.19471220693992955,1.0126115462975895,0.029585798816568046,0.09855743682260738,41,iid_pairs
0.17358181457578,0.9293000187055753,0.07337278106508875,-0.10118798850446833,46,iid_pairs
0.19152374258222826,1.0294275151038002,0.05562130177514793,-0.07450500105982065,49,iid_pairs
0.15364073405018877,0.8064677885370616,0.036686390532544376,-0.17705099159896234,20,iid_pairs
0.1883332058117537,0.9508658931441369,0.04378698224852071,-0.21547222972781915,56,iid_pairs
0.25107679950683226,0.9685008277704468,0.06627218934911243,-0.2592951857019653,26,iid_pairs
0.16131986006143456,0.7419483431619627,0.0035502958579881655,-0.20143302209819872,46,iid_pairs
0.1958401773341833,1.0225462377444476,0.07692307692307693,-0.24847966736595553,57,iid_pairs
0.22859084384317854,1.1260928464780569,0.09349112426035502,0.19545892592945407,53,iid_pairs
0.21228828893453863,1.102557997833576,0.08284023668639054,0.11728415748993334,49,iid_pairs
0.1978177975781686,1.050570956235977,0.06390532544378698,-0.43520886169437456,51,iid_pairs
0.23557622122862046,1.1702962546096387,0.09940828402366864,-0.28202820474094664,38,iid_pairs
0.16293487313372668,0.7885337239847559,0.020118343195266272,-0.0746225632918129,80,iid_pairs
0.23036450080724424,1.1245920891516779,0.12189349112426036,0.11168061204208633,58,iid_pairs
0.18309092111967237,0.974605953252829,0.054437869822485205,0.0061075181391255255,32,iid_pairs
0.19925474749590014,1.062013019389802,0.05798816568047337,-0.05401049342697533,57,iid_pairs
0.20193845233327298,1.136571101929296,0.08994082840236686,0.2744686045903728,27,iid_pairs
0.19960493913221536,1.0748737496369873,0.08520710059171598,-0.3714217872467746,34,iid_pairs
0.22827463504715698,1.0810341714109513,0.0757396449704142,0.09459342690794341,50,iid_pairs
0.19961431177630556,1.0373667293775606,0.06035502958579882,-0.18586803126443088,40,iid_pairs
0.18511785176144854,0.9385674997086928,0.016568047337278107,-0.06452934446142793,50,iid_pairs
0.19241182108910276,1.0456658440630613,0.08520710059171598,-0.12458719737224583,50,iid_pairs
0.2082967326721387,1.1036587994338074,0.06390532544378698,-0.14091940465561364,50,iid_pairs
0.25056808280233545,1.1650945437795492,0.12781065088757396,-0.0657353784224069,47,iid_pairs
0.18698407098760494,0.9110410645696587,0.04260355029585799,0.11707431194385721,67,iid_pairs
0.19814751676547357,0.985536246107548,0.07218934911242604,0.020579049903932927,41,iid_pairs
0.20476920189739717,1.114477321852397,0.05917159763313609,-0.06902005080168812,45,iid_pairs
0.17368496782667103,0.9643866466544331,0.011834319526627219,-0.08447164081445267,52,iid_pairs
0.18578681744643558,0.9543587653534364,0.03905325443786982,-0.2952129110832921,40,iid_pairs
0.24952647145055004,1.077040065019795,0.11597633136094675,0.26850433427871534,36,iid_pairs
0.18141073595345836,0.9683096976724427,0.04260355029585799,-0.2932853025353581,58,iid_pairs
0.22957223475518537,1.0258949781213667,0.07218934911242604,-0.19390339966068962,35,iid_pairs
0.1517774606006573,0.7791260327157679,0.016568047337278107,-0.09738583352518947,34,iid_pairs
0.15280099481725898,0.7163901908992854,0.023668639053254437,-0.03959310544575969,53,iid_pairs
0.1945695600099562,0.9848451261574163,0.01775147928994083,-0.14391847856159712,43,iid_pairs
0.15045331362972503,0.8400636436261292,0.01893491124260355,0.1102086723199381,68,iid_pairs
0.18425882728392226,0.967874826669797,0.011834319526627219,-0.10336721002688722,39,iid_pairs
0.21316639358208075,1.0995531834732883,0.07337278106508875,0.1361219729926691,61,iid_pairs
0.2054916512171132,1.0879682280691723,0.05325443786982249,0.1327426150079161,46,iid_pairs
0.19905958903542156,1.0893701668442675,0.09230769230769231,-0.37550959575522996,61,iid_pairs
0.19213818255865953,0.9629919894909442,0.040236686390532544,-0.02886617809831101,44,iid_pairs
0.23884127950924613,1.18462340206261,0.12781065088757396,-0.13882775784736942,31,iid_pairs
0.18216080803231693,0.8761228058353248,0.06863905325443787,0.03727753000779153,37,iid_pairs
0.18925190084679155,0.9896380752888136,0.028402366863905324,-0.06280654861144361,61,iid_pairs
0.24792920730789322,1.040630700303847,0.13727810650887573,-0.08589030864007699,44,iid_pairs
0.21844909940780752,1.0774673233345298,0.07455621301775148,0.16246282047466445,40,iid_pairs
0.2305508577553212,1.0880544904147125,0.13372781065088757,0.07497757591472506,42,iid_pairs
0.20247864110145392,1.1156747678707812,0.0378698224852071,-0.1790398101696729,40,iid_pairs
0.1827261522918275,1.0556158237147901,0.033136094674556214,-0.10473735923076072,59,iid_pairs
0.24999353197961435,1.0266759691688672,0.16568047337278108,0.01677012087474693,20,iid_pairs
0.1979212780424376,0.9558041431716994,0.036686390532544376,-0.27931261916393496,46,iid_pairs
0.24143693806835312,1.099413133397099,0.0970414201183432,0.2708243575574006,45,iid_pairs
0.2500253513994065,1.1851597117178008,0.1136094674556213,-0.08956320385706767,35,iid_pairs
0.28162044545444864,1.1834287444596767,0.19053254437869824,-0.01831726923569728,28,iid_pairs
0.18957667948316306,0.989545283295387,0.033136094674556214,-0.008019802359324622,55,iid_pairs
0.24280988604721912,1.119014403399187,0.12071005917159763,0.22059735033187935,52,iid_pairs
0.23539502266805612,1.076866314727396,0.08284023668639054,-0.2147649492670602,33,iid_pairs
0.21824978958789232,1.0432471688972913,0.07810650887573964,-0.12312610437350466,40,iid_pairs
0.1703130364706011,0.9453492051051955,0.01893491124260355,-0.19794623391059454,62,iid_pairs
0.24044488446671955,1.0967027322266114,0.11952662721893491,0.1333893862948529,29,iid_pairs
0.16556779935009927,0.8381423395708014,0.011834319526627219,0.018825843886561614,56,iid_pairs
0.21995527878604632,1.117346767244668,0.06390532544378698,-0.1181749062454428,42,iid_pairs
0.22574008778195964,1.125765573562909,0.08875739644970414,-0.2568690604115173,47,iid_pairs
0.21829833692871464,1.0885863183590554,0.08994082840236686,-0.05549696006557696,31,iid_pairs
0.24758679192957153,1.2257245129561092,0.13609467455621302,0.02062381424323214,62,iid_pairs
0.17061420211153014,0.9782540687269299,0.04260355029585799,-0.2549182030757567,56,iid_pairs
0.22943098483563049,1.075273989410631,0.08047337278106509,-0.132684228864145,48,iid_pairs
0.21953206310382076,0.9464042705177358,0.06390532544378698,-0.24919384065119266,39,iid_pairs
0.22737545254236863,1.1418028314046298,0.09940828402366864,0.10155535502411417,48,iid_pairs
0.20612116915274217,1.1061037167213796,0.04378698224852071,-0.06621277788557746,44,iid_pairs
0.18782434056347969,1.1166562079843314,0.05088757396449704,-0.19268854450742204,54,iid_pairs
0.18667592202932384,0.9749018834417245,0.06272189349112427,-0.36860662752750284,49,iid_pairs
0.19249272992209504,0.9434324428402894,0.04378698224852071,-0.12435492231960063,58,iid_pairs
0.22061034426717246,0.9532193465723657,0.05088757396449704,0.0634230653973136,40,iid_pairs
0.20230036055684614,0.9204813397896198,0.029585798816568046,-0.04942490421830559,43,iid_pairs
0.2229954526738131,1.184526911613793,0.0757396449704142,-0.19395488149330678,46,iid_pairs
0.21086974850738405,0.8556613356496908,0.08165680473372781,0.10422168366104036,43,iid_pairs
0.198301011884608,1.0953510054170026,0.0757396449704142,-0.1088417974812134,48,iid_pairs
0.2274740744454147,1.0469018947554054,0.07455621301775148,0.035265235993451646,34,iid_pairs
0.17084577246241942,0.8451037717970679,0.027218934911242602,-0.20005491109684262,44,iid_pairs
0.21600203048463812,1.3144628628423365,0.09112426035502959,-0.3037660968181154,27,iid_pairs
0.17978306526635945,0.9340522908298048,0.04260355029585799,-0.29677929555312094,48,iid_pairs
0.18258953795118998,0.8927260153535415,0.10295857988165681,0.3022480872456996,35,iid_pairs
0.1897071297215548,0.9477921465130952,0.05325443786982249,-0.053572310586143326,48,iid_pairs
0.2401982654900878,1.2728302462935654,0.14319526627218934,-0.016954064028642073,32,iid_pairs
0.18720950273946194,0.944851504688951,0.0378698224852071,-0.2114104043331128,58,iid_pairs
0.1937421658173239,0.9080030355901423,0.03550295857988166,0.07625753688415685,31,iid_pairs
0.1990977421913431,0.970096274139638,0.03195266272189349,-0.3525693442765723,33,iid_pairs
0.16253385920368407,0.8387291053193358,0.016568047337278107,-0.12462735494409008,50,iid_pairs
0.2121039395570437,1.0430115393947204,0.07100591715976332,0.10736974253384433,54,iid_pairs
0.232829307365239,0.9841320971915706,0.10414201183431952,-0.19114633219460347,44,iid_pairs
0.22581983425713845,0.9887299891209409,0.11834319526627218,0.05907823306525457,41,iid_pairs
0.16914999784343257,0.8474905561217327,0.007100591715976331,-0.2226194142375445,66,iid_pairs
0.1668977377562102,1.004328672090018,0.02603550295857988,-0.1472572285928169,66,iid_pairs
0.19442934850899518,0.8663602629032712,0.05207100591715976,0.07350350510934468,29,iid_pairs
0.19796206087268994,0.9855547088909737,0.036686390532544376,-0.28028105256838876,53,iid_pairs
0.2345843873387011,1.1217497587672485,0.0970414201183432,-0.22207478279436021,41,iid_pairs
0.17209719448896693,0.9805759471440495,0.0378698224852071,0.1290142332591488,39,iid_pairs
0.24630948835975716,1.1254125878063326,0.11597633136094675,-0.13177829763916885,44,iid_pairs
0.16921137298728964,0.8925423740485621,0.036686390532544376,-0.1634786075345658,44,iid_pairs
0.20186579431293894,0.8889237674542032,0.04142011834319527,-0.09986957922133645,59,iid_pairs
0.2028772306798696,0.8356561039475796,0.007100591715976331,-0.19677648333968614,50,iid_pairs
0.23836765995519776,1.0238876113491806,0.10650887573964497,0.08450181499834243,34,iid_pairs
0.20730511995976958,1.0567466549233813,0.08994082840236686,0.23950392800843934,56,iid_pairs
0.14287089052387253,0.739215341861479,0.008284023668639054,0.017254398985896195,55,iid_pairs
0.2393666230725778,1.1053474105730878,0.14201183431952663,0.11912339052959549,52,iid_pairs
0.15883337219361757,0.9534884084138782,0.008284023668639054,-0.18585760258970793,48,iid_pairs
0.186526340209009,0.9716967573945674,0.05325443786982249,-0.19722626912787644,47,iid_pairs
0.21118441724327108,0.9967756231615221,0.054437869822485205,0.029071003571031966,52,iid_pairs
0.21902853890123075,1.1759941737458273,0.06035502958579882,-0.20970730405058946,52,iid_pairs
0.19117125959252382,1.0245807954221702,0.05680473372781065,0.09519253063515556,47,iid_pairs
0.1810119595977438,0.9408504344813841,0.0485207100591716,-0.4829298270745416,51,iid_pairs
0.19067206992052319,0.9468951205969183,0.0757396449704142,-0.22198588164375352,57,iid_pairs
0.233034175663265,1.1666359364792642,0.11715976331360947,-0.04949469583792791,48,iid_pairs
0.20056387404113662,1.0329269134924581,0.054437869822485205,-0.006816511594355717,68,iid_pairs
0.2530681867110192,1.196191800374009,0.06863905325443787,-0.2639567014940139,23,iid_pairs
0.22310578146369497,1.0776458682107766,0.09112426035502959,-0.15126135754118805,49,iid_pairs
0.2451501023646185,1.1452074500584066,0.09467455621301775,0.11917045662433118,45,iid_pairs
0.22418268704148162,1.2035654786608925,0.08402366863905325,0.08586274412279186,42,iid_pairs
0.17216310637468826,0.9466114584257732,0.047337278106508875,-0.25410968519270055,56,iid_pairs
0.142985452061223,0.816577501826601,0.0035502958579881655,0.020207052498541673,60,iid_pairs
0.2171016132801535,1.0726334202108438,0.0970414201183432,0.0390704597327582,48,iid_pairs
0.19954125798980007,1.0557110386393023,0.06627218934911243,-0.09341197201559946,57,iid_pairs
0.20950680741445576,0.9738649557313961,0.05088757396449704,-0.2804901431839821,50,iid_pairs
0.22633899607716448,1.3661822638706602,0.10059171597633136,-0.004608336281900003,38,iid_pairs
0.20785691500514197,0.9451978044715714,0.03195266272189349,-0.06414228797137497,37,iid_pairs
0.19986259299222364,0.9586375224885405,0.04142011834319527,-0.20709868977455978,45,iid_pairs
0.1953587595666667,0.9915795740959955,0.0485207100591716,-0.10045575805963435,51,iid_pairs
0.23016269526661917,1.1720494654353457,0.09112426035502959,-0.18790542902846108,49,iid_pairs
0.22796794306948584,0.9670982669910693,0.08047337278106509,-0.17715908748393008,51,iid_pairs
0.17456890622947133,0.9843004190496873,0.020118343195266272,-0.012070478300756743,35,iid_pairs
0.17984478649215868,0.9635263012496873,0.022485207100591716,0.1600008831626878,44,iid_pairs
0.22334226795701667,0.9684919915776338,0.03550295857988166,-0.11939613494204328,40,iid_pairs
0.15844674512321202,0.9289425414442225,0.05088757396449704,-0.166444859844575,51,iid_pairs
0.1813046586260603,0.8179540822088271,0.0970414201183432,0.023448446712215396,43,iid_pairs
0.2048509080291182,1.0399984233804074,0.07100591715976332,-0.01011177269011852,42,iid_pairs
0.20106503339736875,1.1047840588858895,0.05680473372781065,0.1211729509034417,47,iid_pairs
0.2643652233146097,1.1928179194624597,0.1408284023668639,0.06660219501681126,34,iid_pairs
0.20961687728691472,1.0510697595227132,0.07928994082840236,-0.1337837782549129,53,iid_pairs
0.22423323856062352,0.9438020818514552,0.07455621301775148,-0.2123925830943073,59,iid_pairs
0.20713392910353415,1.0405209559658224,0.07692307692307693,-0.11667264889926839,36,iid_pairs
0.22652517755250975,1.1433171168890386,0.08757396449704143,0.076865140200566,63,iid_pairs
0.19105597988533263,0.8347324554681965,0.01893491124260355,-0.14767563065579217,35,iid_pairs
0.2214385446356504,1.118526095822298,0.11479289940828402,-0.3436601955601467,23,iid_pairs
0.17244489280386616,0.8598010231556888,0.02603550295857988,0.1637268251779683,54,iid_pairs
0.17627026899097836,0.8142860713267496,0.016568047337278107,-0.29687857759719266,53,iid_pairs
0.2171531155020698,1.2233779545877406,0.1289940828402367,-0.005089515043001418,35,iid_pairs
0.21558823032482521,0.9549256247292999,0.04142011834319527,-0.010711540452747787,34,iid_pairs
0.17196471236440694,1.023320354308055,0.054437869822485205,-0.2831080015555394,47,iid_pairs
0.2011288026063029,0.9860402464076712,0.05798816568047337,-0.017834284427101332,57,iid_pairs
0.18489257538762904,1.0519361330308965,0.047337278106508875,-0.050561648117464046,62,iid_pairs
0.1984353681830279,0.9762387883906155,0.021301775147928994,0.13094251033230053,24,iid_pairs
0.2584939343787052,1.0755443398927986,0.11479289940828402,0.004161748658067812,32,iid_pairs
0.20399837265249204,1.1030219249695983,0.07337278106508875,0.046530976554624195,46,iid_pairs
0.2054606801351681,0.9584713188614045,0.10295857988165681,-0.14576720384043151,47,iid_pairs
0.16571837478635099,0.8856732189665113,0.02603550295857988,-0.15888358000662223,36,iid_pairs
0.21049649454069427,0.9995517647994658,0.07810650887573964,0.04134626271462152,41,iid_pairs
0.21419939236690996,1.0142064790102987,0.04378698224852071,0.03650488284871104,37,iid_pairs
0.2336000311377404,1.1026342168393914,0.09112426035502959,-0.07020094112841116,33,iid_pairs
0.2023197113253462,1.1683799126459844,0.08402366863905325,-0.15179705084835596,50,iid_pairs
0.20496787902392197,1.0167992094311646,0.06745562130177515,-0.06491350024887058,42,iid_pairs
0.20999894176827563,1.075574929745269,0.09585798816568047,-0.004280147963611173,54,iid_pairs
0.19759243671627494,1.0747434570892749,0.06627218934911243,-0.31899239983475225,56,iid_pairs
0.19973663882491507,0.9501647408607952,0.0378698224852071,-0.3577304365994606,31,iid_pairs
0.20255561632668348,0.9891948958691517,0.04497041420118343,-0.25306962863052324,27,iid_pairs
0.22330346397392575,1.0501583002840809,0.09467455621301775,0.11714249090021782,44,iid_pairs
0.19551157045785697,1.087805486626684,0.033136094674556214,-0.31505399926030175,60,iid_pairs
0.19032129796842384,0.9480102766566523,0.08165680473372781,0.006948210386674155,44,iid_pairs
0.209713774192235,1.102704912813921,0.06745562130177515,0.14931397960095882,45,iid_pairs
0.1657107757963579,0.9091097408234436,0.05562130177514793,-0.3623673473911961,50,iid_pairs
0.22768691002812863,1.1309487617476626,0.047337278106508875,-0.07750161342648797,44,iid_pairs
0.24371448810646185,1.241068702488454,0.0757396449704142,-0.17305191918172252,31,iid_pairs
0.17099801965399206,0.8721046576830793,0.01301775147928994,0.0632102585777645,49,iid_pairs
0.1403196477034558,0.7293894473905879,0.05088757396449704,-0.1605426032270878,40,iid_pairs
0.24364786459085766,1.1135883954501893,0.09585798816568047,0.26396866932254087,37,iid_pairs
0.1870582574437527,0.8480962004746522,0.004733727810650888,-0.008686401242529455,46,iid_pairs
0.1695596622241394,0.945423663963807,0.033136094674556214,-0.1287651496310548,58,iid_pairs
0.20198423917792224,1.098499103524222,0.05088757396449704,-0.22701862579274887,51,iid_pairs
0.22186798663260632,0.9691455962622634,0.07692307692307693,0.039182746229850955,34,iid_pairs
0.19748805512926007,1.0350527071082172,0.08994082840236686,-0.0296975721176601,32,iid_pairs
0.1976311403537216,0.9538254995835658,0.03431952662721893,-0.12302275881131255,34,iid_pairs
0.17550801173156988,0.9961582396270297,0.0863905325443787,-0.15697871910051622,52,iid_pairs
0.18265672897970298,0.9955663683547351,0.029585798816568046,-0.041312316172654115,31,iid_pairs
0.19114440001813848,1.0019447465915776,0.015384615384615385,-0.355945315088132,44,iid_pairs
0.22071237899720147,0.9781806304604139,0.0650887573964497,-0.07554983765715548,53,iid_pairs
0.2156774515377806,1.0757779280068025,0.09349112426035502,-0.22676640951844695,49,iid_pairs
0.18198849805335454,0.88127149079896,0.05088757396449704,0.3717368935669971,58,ccc_garch
0.1895457584977067,0.9441761803065271,0.03195266272189349,-0.10962379816609287,40,ccc_garch
0.2104191125900281,1.0434435559932465,0.06153846153846154,0.03581503538151025,43,ccc_garch
0.16134885937560725,0.8976713044491837,0.005917159763313609,-0.14372133550453045,62,ccc_garch
0.2269066498743731,1.1441227964938938,0.11834319526627218,0.06869463593496489,42,ccc_garch
0.17102432833371561,0.9702368205383287,0.011834319526627219,-0.057924148917270116,84,ccc_garch
0.17356104043094805,0.9118336412910617,0.01301775147928994,-0.11570999060562513,58,ccc_garch
0.20090561835023546,0.918040857246514,0.027218934911242602,-0.1098984640050036,59,ccc_garch
0.16814649949463506,0.9073923785999941,0.022485207100591716,-0.13627073211151233,54,ccc_garch
0.17159256658666225,0.9122827638753526,0.036686390532544376,-0.32811611032464144,55,ccc_garch
0.19953517223123085,1.0965200908721449,0.04142011834319527,-0.015652377294964975,61,ccc_garch
0.20242689462736,1.048267024101286,0.07218934911242604,-0.04175446648559712,59,ccc_garch
0.18826025763118728,1.0754184636097346,0.036686390532544376,-0.006937161847566323,72,ccc_garch
0.19360690841107311,0.957406668494419,0.05325443786982249,0.07009895233511756,72,ccc_garch
0.1840952521637263,0.9230019192666583,0.0485207100591716,-0.03196001898769715,56,ccc_garch
0.18762761457094884,0.9386074028548975,0.02485207100591716,-0.16747055754985474,56,ccc_garch
0.16785624059963092,0.8983015265113927,0.015384615384615385,-0.0026325904613995065,57,ccc_garch
0.20156060687413138,1.2413271027037056,0.04142011834319527,0.1827589587994254,55,ccc_garch
0.19247137949180165,1.0423584282260956,0.027218934911242602,-0.018485060256372615,70,ccc_garch
0.2061215499062309,1.018114978507635,0.06153846153846154,-0.009245016257965191,49,ccc_garch
0.23978382787900537,1.0633240225402323,0.10650887573964497,0.27728375794425164,49,ccc_garch
0.16193316548087383,0.8954039099103526,0.009467455621301775,-0.30735341908480673,63,ccc_garch
0.2026832567696644,0.9132170784586923,0.04142011834319527,0.16864168849351382,53,ccc_garch
0.16749902062755526,0.8916873142137609,0.028402366863905324,-0.2786853806263201,50,ccc_garch
0.19675753153495593,1.1115700367951948,0.03550295857988166,-0.24692609394032344,47,ccc_garch
0.18356920064049262,0.9409183925291675,0.020118343195266272,-0.010844518480736549,77,ccc_garch
0.2077748327829369,0.974816199802703,0.05680473372781065,0.009143615157655566,46,ccc_garch
0.17623472670726611,0.9942057743739636,0.01301775147928994,0.000514148296306975,46,ccc_garch
0.2240273670462004,1.0031443645090037,0.05917159763313609,0.3606930500561466,37,ccc_garch
0.19852165366583127,1.0375448981130253,0.05088757396449704,-0.11982743393719357,41,ccc_garch
0.1851662880405009,0.9959482301573572,0.03076923076923077,-0.16855651566966157,57,ccc_garch
0.24428339919902173,1.2361886371427957,0.10059171597633136,0.09062338601698462,29,ccc_garch
0.180376037675781,1.129488616669193,0.029585798816568046,-0.20484391990121023,57,ccc_garch
0.18403737603356612,0.9558575798018814,0.04378698224852071,-0.18018328935734657,77,ccc_garch
0.2223715015012119,1.1573283745241372,0.12189349112426036,0.10041207256353527,54,ccc_garch
0.17570520972881784,0.8870367857317467,0.009467455621301775,-0.1983680722879976,67,ccc_garch
0.1490263206354154,0.8435518322689022,0.01893491124260355,-0.1374354516520282,69,ccc_garch
0.16337556395494499,0.8554941319923952,0.010650887573964497,0.008643806609188906,61,ccc_garch
0.14984418159137927,0.7276346262015181,0.0,-0.20050039254862353,70,ccc_garch
0.17893886665151837,1.1085479753444676,0.06627218934911243,-0.12677556490673647,29,ccc_garch
0.1937453645748521,1.1505091909529521,0.04970414201183432,-0.13442865027909873,41,ccc_garch
0.17045429345654878,0.8667044926376231,0.002366863905325444,-0.32690982867937546,75,ccc_garch
0.1909575820387682,1.0129185781049803,0.03905325443786982,-0.09104969985264598,54,ccc_garch
0.2145740342852726,1.0835134692290649,0.04142011834319527,0.1014225653036377,37,ccc_garch
0.19299256975739387,1.1497545573135697,0.027218934911242602,-0.3269349383610567,66,ccc_garch
0.22668419680976593,1.1624805000207985,0.07218934911242604,0.05359811792500601,41,ccc_garch
0.20128715471954606,0.9763594862686988,0.05325443786982249,0.07253034300489655,63,ccc_garch
0.14634647514237833,0.7243221919059291,0.0035502958579881655,-0.38046050207615795,55,ccc_garch
0.179269242364002,0.9314609323299987,0.04378698224852071,-0.18982639134378088,65,ccc_garch
0.2225964851321598,1.047091672542786,0.08165680473372781,-0.2381411901729782,41,ccc_garch
0.18589389616818466,0.911448723706227,0.020118343195266272,0.18804822295819287,48,ccc_garch
0.18157091666273092,0.9056108665514705,0.03076923076923077,0.23336284793347603,55,ccc_garch
0.208154402513194,0.9901201800909671,0.047337278106508875,-0.04226392209545495,31,ccc_garch
0.2275862366549576,1.1720759803138052,0.11005917159763313,0.07138302204940127,48,ccc_garch
0.1516349830256474,0.7748231549395013,0.0,-0.0924123444939746,72,ccc_garch
0.18263914938459092,0.8098259737574217,0.009467455621301775,-0.1504613627536245,48,ccc_garch
0.21158006116110517,1.0737066164498752,0.05798816568047337,0.1093879324921947,54,ccc_garch
0.17738191697645495,0.8929407202171352,0.028402366863905324,-0.0064671182993831225,68,ccc_garch
0.20171907999669392,1.0815651449259953,0.0650887573964497,-0.20463030039531413,48,ccc_garch
0.20896395346704652,0.9236720178124032,0.05680473372781065,0.2327612393750612,43,ccc_garch
0.18956272523554077,1.0244405144278,0.03431952662721893,-0.05790715429295955,53,ccc_garch
0.16152568155478747,0.8259453372248187,0.01775147928994083,-0.35829822230336883,58,ccc_garch
0.19935984753459537,1.076740639687927,0.040236686390532544,-0.05133379603612576,57,ccc_garch
0.20688602910399984,1.011287109469893,0.08520710059171598,-0.3085647226370903,43,ccc_garch
0.2142794599891503,1.1127997595667385,0.11479289940828402,0.009117342890344684,71,ccc_garch
0.15850779940977217,0.8524608483266657,0.002366863905325444,-0.14983845877353993,50,ccc_garch
0.16132501421551707,1.0943925702700388,0.015384615384615385,0.06614821270265847,43,ccc_garch
0.2148587669453998,1.2763782176761842,0.06153846153846154,-0.10322033214585856,50,ccc_garch
0.22676697938734172,1.1066287704205944,0.09112426035502959,0.030278275293957414,29,ccc_garch
0.1631269470443632,0.8132184117555892,0.03195266272189349,-0.10465822258189099,55,ccc_garch
0.1560691941299421,0.933240828245951,0.011834319526627219,0.048659085372312734,54,ccc_garch
0.15523276573249667,0.753730080833952,0.008284023668639054,-0.18008039566693654,79,ccc_garch
0.2041647503514731,1.056701688091481,0.04497041420118343,0.19383322655768714,60,ccc_garch
0.16827515547605257,0.9484552190756051,0.0378698224852071,0.07953013345862796,82,ccc_garch
0.20421092707687424,1.018397315502039,0.04142011834319527,-0.29097761063403466,45,ccc_garch
0.1868794319926043,0.9914667690076202,0.014201183431952662,-0.33968607205943546,50,ccc_garch
0.21397139218496974,0.9447123417177656,0.05325443786982249,-0.08674309710021746,54,ccc_garch
0.17083489131959578,1.020217038453704,0.04378698224852071,-0.2038954880006047,76,ccc_garch
0.19914063229489862,1.030909687375875,0.0485207100591716,-0.10275210915867077,61,ccc_garch
0.20332656205645128,1.0183952019989033,0.05325443786982249,-0.014610180370295356,55,ccc_garch
0.1714063143981153,0.8517553685205387,0.010650887573964497,0.03163731565694739,50,ccc_garch
0.17694962775856427,1.0411460928895293,0.04497041420118343,-0.18494135814084792,55,ccc_garch
0.19730933411230708,1.1324305829083443,0.04378698224852071,0.09339593559234372,62,ccc_garch
0.1787641885802356,0.9016792478211206,0.020118343195266272,-0.21131061743918847,62,ccc_garch
0.18171086891817403,1.033599647267823,0.02603550295857988,-0.0688374147322314,44,ccc_garch
0.17694930025537345,0.8024713081866417,0.002366863905325444,0.05241374247885719,57,ccc_garch
0.1986514076341089,0.8954302838636063,0.010650887573964497,-0.01777380522303135,44,ccc_garch
0.19953378193389648,1.0230071325757206,0.054437869822485205,-0.010359046134218812,41,ccc_garch
0.16199770843610453,0.7628495657307888,0.011834319526627219,-0.22617138228728836,63,ccc_garch
0.19104220304174646,1.0076921043970302,0.033136094674556214,0.13495717582734737,46,ccc_garch
0.15210499303034394,0.8679950693879099,0.007100591715976331,0.000878637015154927,44,ccc_garch
0.2258040819729668,1.0402690788032745,0.09822485207100591,-0.23545085142339725,40,ccc_garch
0.18023632416542976,1.142651642887381,0.03076923076923077,-0.173717796227931,65,ccc_garch
0.20428558787687162,1.0294188287682489,0.06745562130177515,-0.2210653717645613,35,ccc_garch
0.18415952580497402,1.130100116713404,0.022485207100591716,-0.349180782878924,52,ccc_garch
0.14456336130954225,0.9806165312390751,0.05680473372781065,0.08275273485716363,36,ccc_garch
0.1780716660054807,0.9142600919861263,0.029585798816568046,-0.14997109865501615,56,ccc_garch
0.17752490264884058,1.025485503237949,0.010650887573964497,-0.08621569456867113,54,ccc_garch
0.18264860183780124,0.9310217303844446,0.05917159763313609,-0.0673046501172385,51,ccc_garch
0.1782268592411792,0.7911687973654724,0.011834319526627219,0.003093892261103001,54,ccc_garch
0.18529786243750518,1.259252774699438,0.08757396449704143,-0.31274685565729166,55,ccc_garch
0.2295385415202392,1.2020184235470897,0.08875739644970414,-0.08447175811521436,37,ccc_garch
0.16949905010211141,0.8591030260948642,0.0035502958579881655,0.15219597607924523,56,ccc_garch
0.1825236397197642,0.9066754739849572,0.03550295857988166,-0.12159804629596502,43,ccc_garch
0.16200472872804608,0.8441839725200118,0.015384615384615385,-0.12279736841326343,46,ccc_garch
0.21022615864681496,1.230390277322329,0.07455621301775148,0.054559683948517776,35,ccc_garch
0.2246489061697674,1.0620910615600638,0.06272189349112427,-0.18214306217946324,40,ccc_garch
0.21543191383645752,1.0143466436044433,0.07218934911242604,0.3276350567974312,37,ccc_garch
0.18640552337689606,1.044777745847869,0.04260355029585799,-0.07568773032890706,63,ccc_garch
0.18285745505795767,0.8888839149254342,0.036686390532544376,-0.1945891166307053,38,ccc_garch
0.17412497477600913,1.0748073579295596,0.03550295857988166,0.056427457504635625,55,ccc_garch
0.1650177029132252,0.7671528840304629,0.01775147928994083,-0.1370635526776239,48,ccc_garch
0.20962684443205554,1.0598525570146256,0.05798816568047337,0.2608616409122643,44,ccc_garch
0.19021178803489228,1.033013528417516,0.03550295857988166,-0.1123237508933983,37,ccc_garch
0.169630241711441,0.8199595989810831,0.004733727810650888,-0.09646944172405125,56,ccc_garch
0.17389412784525127,1.0621977034676016,0.040236686390532544,-0.2098326109450272,61,ccc_garch
0.20697073735517674,1.0122912860601645,0.06745562130177515,-0.09157709024259031,55,ccc_garch
0.19059856354433438,1.0151627706453255,0.01301775147928994,-0.11286201122292902,44,ccc_garch
0.19666739659228213,0.9908054369847857,0.047337278106508875,-0.45414683536943323,48,ccc_garch
0.23231136435263477,1.1919184650824386,0.11952662721893491,0.08216568089333952,56,ccc_garch
0.18168154222897615,0.8831948471600113,0.07337278106508875,-0.24694065039097804,34,ccc_garch
0.18694204411600068,0.9560284987694065,0.03195266272189349,-0.19050898151964588,54,ccc_garch
0.17834519666257306,0.8580221105721566,0.016568047337278107,-0.2887367532495932,52,ccc_garch
0.21280000905517857,1.1874075197837861,0.05798816568047337,0.029597040488423234,46,ccc_garch
0.1501605976596364,0.8783202110517355,0.008284023668639054,-0.0545471742646015,84,ccc_garch
0.1954519273312068,1.0863699172280787,0.02485207100591716,0.20447580600776075,40,ccc_garch
0.2026969937117023,0.9672379245573925,0.07218934911242604,0.39154350675138794,37,ccc_garch
0.19264237968281075,1.0562722811681562,0.047337278106508875,-0.00609803913358837,47,ccc_garch
0.18042260347405367,1.0657004215442685,0.009467455621301775,-0.0476544797536235,45,ccc_garch
0.1652370243605038,0.8335348242566472,0.009467455621301775,-0.10332186229151569,56,ccc_garch
0.1635327255474578,0.8573603099262594,0.015384615384615385,-0.21761171924984704,47,ccc_garch
0.1764050016187483,0.8554241532292126,0.014201183431952662,-0.1819838085501805,46,ccc_garch
0.1535616265735519,0.9592401382567395,0.014201183431952662,-0.4545062165509858,68,ccc_garch
0.18933941991465994,0.8746035988976166,0.01775147928994083,0.1372845141561528,31,ccc_garch
0.18767774730566206,1.031555574276978,0.040236686390532544,-0.033537360490063034,62,ccc_garch
0.1970307990505296,1.1070220335152734,0.03550295857988166,-0.1503973659628093,36,ccc_garch
0.1524578890293579,0.7293689558247587,0.002366863905325444,-0.04702940973242878,71,ccc_garch
0.21081946444701186,1.050671490414633,0.0485207100591716,-0.020852781538865658,55,ccc_garch
0.18624412637858512,0.9599765019117636,0.033136094674556214,-0.23061257231293664,46,ccc_garch
0.1885616906014294,1.0629204577892148,0.02485207100591716,-0.11973734978875661,56,ccc_garch
0.15777532101866754,0.8471115538017184,0.01301775147928994,-0.16289993221504961,64,ccc_garch
0.15755338619131462,0.8040471457636277,0.008284023668639054,-0.1581245627932682,52,ccc_garch
0.18460554277056798,0.87419410161462,0.01301775147928994,0.013053468726944047,48,ccc_garch
0.17775756453616384,0.9075041778203782,0.028402366863905324,-0.23587120140984869,54,ccc_garch
0.1826435213935086,0.9247386037233567,0.0378698224852071,-0.27967590513113616,64,ccc_garch
0.1832325474320327,1.0143879363824824,0.029585798816568046,-0.0886668222500916,53,ccc_garch
0.21952557497672248,1.1087918410042334,0.07692307692307693,0.09452395567902953,51,ccc_garch
0.11556821295307934,0.6686820256587127,0.014201183431952662,-0.21219095850518574,35,ccc_garch
0.13471117441097152,0.6486770570153368,0.0,-0.1151103504789033,59,ccc_garch
0.1862140607121071,0.9568927917574936,0.014201183431952662,-0.35776029640112716,56,ccc_garch
0.14905940954751648,0.744771570485506,0.010650887573964497,-0.00394694695984053,78,ccc_garch
0.1893239137819793,1.0111894726057642,0.03431952662721893,0.0006744899509990804,57,ccc_garch
0.1759725289342264,1.1189427426651828,0.03076923076923077,-0.002735746298981425,57,ccc_garch
0.21425784803244355,1.1034936269349913,0.05917159763313609,-0.04985241078522664,40,ccc_garch
0.19326662435031242,1.2213276397740072,0.04497041420118343,-0.11163581601831332,49,ccc_garch
0.2222594134682222,1.112872433280022,0.0863905325443787,-0.08806253566173945,59,ccc_garch
0.18507937205426936,0.9071415849714378,0.03076923076923077,-0.21207538069042814,38,ccc_garch
0.18063259598158368,1.1635186356095195,0.04142011834319527,0.05997270271408969,53,ccc_garch
0.189464602069587,0.9173976403811448,0.014201183431952662,-0.02399770367132291,63,ccc_garch
0.16429846616266527,1.0601093821677938,0.03195266272189349,-0.1469369979691307,70,ccc_garch
0.185861523639323,0.9847587210381157,0.04378698224852071,0.14001741969058076,59,ccc_garch
0.23061976504981505,0.9816065590067278,0.06153846153846154,-0.11082360092025328,44,ccc_garch
0.16900051663751506,0.8254187021808845,0.009467455621301775,0.09094811208659903,45,ccc_garch
0.2086577360658457,0.9896625820445644,0.0863905325443787,-0.1168097154870845,71,ccc_garch
0.20172196193252304,0.9410890355928672,0.03431952662721893,-0.06263951102465257,46,ccc_garch
0.19935436242676166,1.02910603967808,0.036686390532544376,0.009939095537585764,51,ccc_garch
0.22054387990651778,1.3459684925029936,0.06982248520710059,0.17058175359408412,49,ccc_garch
0.23158587753166873,1.227743014420752,0.08520710059171598,-0.12506896902316175,40,ccc_garch
0.19480524196423474,0.9523539355568731,0.05680473372781065,-0.07397303143557907,49,ccc_garch
0.1551549236945587,0.8325426330214503,0.014201183431952662,-0.10308231422938106,75,ccc_garch
0.18159862785290914,0.8178544270823943,0.09585798816568047,0.17375359985328923,58,ccc_garch
0.1693874249427559,0.9761607795687961,0.021301775147928994,-0.049746405957849744,70,ccc_garch
0.19053216296056574,0.8600896795762888,0.016568047337278107,0.10471373750358991,63,ccc_garch
0.20187740023337244,1.006817579937665,0.040236686390532544,-0.1357808949466754,38,ccc_garch
0.16135325626804667,0.8328369809895589,0.01775147928994083,0.10902083000740158,59,ccc_garch
0.1797927255784733,1.0300522495200184,0.036686390532544376,-0.27134678854138533,48,ccc_garch
0.20120060037931156,0.88148038082338,0.01893491124260355,-0.10844867778136286,35,ccc_garch
0.19424975544965412,0.7663094970704301,0.001183431952662722,0.09899201674154642,34,ccc_garch
0.22362345118538904,1.052538473054222,0.04970414201183432,0.06786074606076267,47,ccc_garch
0.1545743088504316,0.8100478456587602,0.010650887573964497,-0.16048098805831562,63,ccc_garch
0.16846633627637728,0.9051443838637805,0.007100591715976331,-0.14954788828076312,65,ccc_garch
0.1439288108764403,0.8840918202632879,0.01301775147928994,0.021345692292063383,82,ccc_garch
0.19196360760011852,0.8738600299542807,0.01301775147928994,-0.21230979914574225,37,ccc_garch
0.2041434014117477,1.0052364461462018,0.033136094674556214,-0.05469690673742405,45,ccc_garch
0.2089410801856651,1.0639958404787464,0.05680473372781065,-0.20544252047418418,37,ccc_garch
0.20081851357041847,0.9673557351214039,0.06035502958579882,0.1612154815654838,41,ccc_garch
0.21252901485069642,1.0322326520711524,0.04378698224852071,0.23339726143362444,43,ccc_garch
0.19525001622900026,0.8566458099176504,0.09349112426035502,-0.03970150166558708,60,ccc_garch
0.19159452256334544,0.908594497270975,0.023668639053254437,-0.008829057095742622,46,ccc_garch
0.15963731871466005,0.8893158240433232,0.008284023668639054,-0.13124895446386817,49,ccc_garch
0.22453794957548906,0.9735884613454309,0.07100591715976332,0.16495706223888668,43,ccc_garch
0.18426263232705667,0.9371228723647832,0.0378698224852071,-0.015339953731100918,50,ccc_garch
0.16050205436649753,0.8724978873876565,0.016568047337278107,-0.1991223686354962,49,ccc_garch
0.19634148058749434,1.0026694876911912,0.021301775147928994,0.11229535625145541,69,ccc_garch
0.1845586796342897,0.9145308821063227,0.020118343195266272,0.1011746333335431,37,ccc_garch
0.1877911173936432,0.9920095319313975,0.05325443786982249,0.022234312739265627,54,ccc_garch
0.1576040860020913,0.8663869585465359,0.002366863905325444,-0.13446255247686378,78,ccc_garch
0.18611749198679473,1.1668353042470687,0.040236686390532544,0.010108321574334387,79,ccc_garch
0.17763816447223413,0.9134767528599066,0.04142011834319527,-0.04883184375409652,64,ccc_garch
0.1544235646199917,0.7535109974144905,0.0035502958579881655,-0.06728012010199218,50,ccc_garch
0.18803089125741185,1.1091061688026957,0.04142011834319527,-0.09813915173453015,57,ccc_garch
0.18037845941006544,1.0085538070672904,0.033136094674556214,-0.25815028359912184,34,ccc_garch
0.17546157690185066,0.9483350244048918,0.02603550295857988,-0.02359598177819514,61,ccc_garch
0.1866110146755706,0.8879818222324547,0.02603550295857988,-0.14639334928915865,40,ccc_garch
0.16588442560620775,1.0127073541329488,0.014201183431952662,-0.03681326271742705,69,ccc_garch
0.18795325739514146,1.005423959229443,0.047337278106508875,-0.2892461047781647,51,ccc_garch
0.18255562814254986,0.9734636865981227,0.05562130177514793,-0.19663887869943902,51,ccc_garch
0.22792795263421853,1.2297119962627012,0.06863905325443787,-0.11629673137438208,37,ccc_garch
0.16997050793180046,1.0262745550890326,0.021301775147928994,-0.1848374602707817,52,ccc_garch
0.16834557970082611,0.7813616899628066,0.05325443786982249,-0.11168004333666126,58,ccc_garch
0.1832314295607681,1.019720310398309,0.029585798816568046,0.032856895486293065,50,ccc_garch
0.16473453428611315,0.8054691610095501,0.002366863905325444,-0.01204026420727022,48,ccc_garch
0.17916345096998995,0.9519770772814431,0.023668639053254437,0.014372560423034995,51,ccc_garch
0.20418259710985828,0.9495769800561735,0.04497041420118343,0.009986539102592317,39,ccc_garch
0.18882416549045303,0.8976814493103509,0.02485207100591716,-0.09825299632018576,57,ccc_garch
0.19103078539131907,0.9896980082443462,0.033136094674556214,-0.07552979865147784,63,ccc_garch
0.14326409481890612,0.8281886707666082,0.002366863905325444,-0.18901490238506935,44,ccc_garch
0.205362307421629,1.0692943516131062,0.09112426035502959,0.11690477617721702,63,ccc_garch
0.2230094602271213,1.1212122182425657,0.11479289940828402,0.006476080582805479,34,ccc_garch
0.17817034207996577,0.9558098782822728,0.029585798816568046,-0.05748389906537993,50,ccc_garch
0.15132345066806346,0.8911739463645696,0.011834319526627219,0.05160193057954203,76,ccc_garch
0.22988871711789136,1.0126333614180498,0.14792899408284024,0.17920319456334496,45,ccc_garch
0.19998773273615297,1.0275555057675778,0.06272189349112427,-0.21089456835667597,57,ccc_garch
0.14726508311734499,0.7650078075646478,0.014201183431952662,-0.19626636404097342,77,ccc_garch
0.21138168827152629,1.1176714919836523,0.06272189349112427,-0.009110862226454982,37,ccc_garch
0.1547843484802079,0.8338096068288572,0.001183431952662722,-0.22883972443353853,82,ccc_garch
0.18410285186415115,0.879745858048545,0.05680473372781065,-0.36249295131947096,63,ccc_garch
0.21009749984342138,1.0459653166167056,0.06982248520710059,0.17489559020630455,42,ccc_garch
0.18152038903151152,0.9186066668200923,0.05088757396449704,-0.11794118541785494,48,ccc_garch
0.16889212997862765,0.7772549435545608,0.0,-0.03779990264154044,41,ccc_garch
0.19872786848554708,1.078419969335877,0.04970414201183432,0.20094971368764933,66,ccc_garch
0.19363076618297198,1.093733466290773,0.0485207100591716,-0.11226340060458048,49,ccc_garch
0.18552825843505313,1.0403357034324747,0.04142011834319527,-0.001444871984938395,50,ccc_garch
0.20226176962044512,1.0591319150440155,0.046153846153846156,0.1539410037377158,36,ccc_garch
0.1802371271999884,0.9011760266294951,0.03195266272189349,-0.1472748568364551,52,ccc_garch
0.15319650115300457,0.8010850610789211,0.001183431952662722,-0.20721045692013534,44,ccc_garch
0.21755921568203082,1.018287582351652,0.05798816568047337,-0.0693714963951933,47,ccc_garch
0.18987112477451873,1.0227779219584887,0.0485207100591716,-0.0479958128747119,69,ccc_garch
0.16908262403482924,0.8838752788649107,0.033136094674556214,0.14683406904385427,61,ccc_garch
0.20157191761655574,0.9956873420867075,0.02603550295857988,-0.23591892338944093,44,ccc_garch
0.22396696510526554,1.1018916135718149,0.06035502958579882,0.28035328089085365,50,ccc_garch
0.15725988292739873,0.7752387894882924,0.0035502958579881655,-0.10620171704292693,60,ccc_garch
0.2270116770131083,1.1869414731626593,0.08047337278106509,-0.16142585673322282,47,ccc_garch
0.15839762686769948,0.8225369771591274,0.007100591715976331,-0.11499605940214244,58,ccc_garch
0.18677340168690493,1.0346536686113277,0.029585798816568046,-0.16024430411274365,46,ccc_garch
0.17886915143673118,0.9894985594696732,0.011834319526627219,0.11539925569882956,61,ccc_garch
0.15927401426080967,0.8612025417097724,0.010650887573964497,-0.27694269187697856,66,ccc_garch
0.16575906271095,0.803809771212785,0.002366863905325444,-0.03868707672046105,74,ccc_garch
0.15689995185452446,0.7815293267862838,0.020118343195266272,-0.26188667521103953,62,ccc_garch
0.19462551780948376,0.9267462102932511,0.05917159763313609,0.30393748544031046,62,ccc_garch
0.21219629552907548,1.018196847563977,0.05917159763313609,-0.01466518386315091,33,ccc_garch
0.1806843345859441,0.9875485499673875,0.04497041420118343,-0.21253389132744768,57,ccc_garch
0.176819086180526,0.9403381281275445,0.02485207100591716,0.019456664610135267,53,ccc_garch
0.22562829133843793,1.1996934960200258,0.08047337278106509,-0.03677467591629167,43,ccc_garch
0.1805349259745345,0.8718814954301264,0.010650887573964497,-0.0454946370058134,57,ccc_garch
0.15246817126273204,0.7834388660378907,0.005917159763313609,-0.16880150123004614,80,ccc_garch
0.15334014982587105,0.8173651416067296,0.007100591715976331,0.08815157977083896,60,ccc_garch
0.1875326898427103,0.9352396784064235,0.03905325443786982,-0.04221261075889915,51,ccc_garch
0.18848682224177138,0.9184175193783443,0.01893491124260355,-0.1310323742647008,57,ccc_garch
0.18596401801835516,1.1517086264822685,0.05088757396449704,0.04281772667874703,51,ccc_garch
0.17683553149145584,0.9027446274932605,0.03550295857988166,-0.2196266801500412,64,ccc_garch
0.1880246572815696,0.8749825544750651,0.02485207100591716,0.22774908054748635,40,ccc_garch
0.16412639671390203,0.9993651178003173,0.023668639053254437,-0.26875209883811074,61,ccc_garch
0.14914684597482605,0.8065873508047003,0.021301775147928994,-0.1615973509477288,43,ccc_garch
0.18030584386377121,0.8678568473915538,0.01301775147928994,-0.033511269670860086,56,ccc_garch
0.1925041046653377,0.942942292512547,0.040236686390532544,-0.12050071723314597,55,ccc_garch
0.19051981398928566,1.0166755006631671,0.04260355029585799,-0.002953315665210598,47,ccc_garch
0.21882876400936468,1.0284382292570764,0.06982248520710059,-0.03343171702893484,54,ccc_garch
0.188443418811693,0.9077146095548028,0.05088757396449704,-0.019631204443785355,53,ccc_garch
0.20120216971434396,0.9193428704628989,0.01893491124260355,-0.08181452868722361,56,ccc_garch
0.17146806538127793,0.9253237507152874,0.02603550295857988,0.043271823463364396,64,ccc_garch
0.19649448001990685,0.9043297900179856,0.016568047337278107,0.0009472741537311852,45,ccc_garch
0.21280649586909733,1.023504129044011,0.05917159763313609,0.015286808582690874,46,ccc_garch
0.19652253235938322,0.9321365985624461,0.029585798816568046,-0.034347781550791594,36,ccc_garch
0.16974824373636538,0.8582135845434222,0.023668639053254437,-0.09942474924251002,46,ccc_garch
0.20859655459931942,0.9911019984015603,0.04142011834319527,0.06817451398891002,42,ccc_garch
0.1940251547767193,1.115145566214173,0.04378698224852071,-0.017119658035247322,58,ccc_garch
0.20685762665097654,1.128058851131068,0.06745562130177515,-0.03923770137410411,36,ccc_garch
0.19484171212649595,0.8932225757309641,0.01301775147928994,-0.23876696676391537,48,ccc_garch
0.16865646341179247,0.9152346228555915,0.01775147928994083,0.08945418632060476,58,ccc_garch
0.21305963664959046,1.1409028094143008,0.06153846153846154,-0.24358394031438008,53,ccc_garch
0.15076355630344862,0.8463119934088186,0.010650887573964497,-0.23940238816844506,73,ccc_garch
0.16686066232394237,0.9609080088332982,0.033136094674556214,-0.15409078471699172,49,ccc_garch
0.18583281066428875,1.052326297509218,0.03431952662721893,-0.2856956689451968,40,ccc_garch
0.18660367594875493,0.9875934631749295,0.029585798816568046,0.09415815833789494,42,ccc_garch
0.17131851037858586,1.0131331918361215,0.021301775147928994,0.008915716910437188,54,ccc_garch
0.1848298559057444,1.0164750383171937,0.06745562130177515,0.18105631977537917,44,ccc_garch
0.22801239196222936,1.0799328709414264,0.07100591715976332,0.1181847965052074,34,ccc_garch
0.15976643213071615,0.8232599086987866,0.015384615384615385,0.10800767908607267,61,ccc_garch
0.20153729090257097,1.1567320090948219,0.04970414201183432,0.058096197710356526,53,ccc_garch
0.18925726101045054,0.9851155592737413,0.03076923076923077,-0.21018904657574997,70,ccc_garch
0.21278398694071468,1.077023555685736,0.07218934911242604,0.2802161825590622,48,ccc_garch
0.18533334267296694,0.9089237862711592,0.029585798816568046,-0.06130423796826342,51,ccc_garch
0.22478323269964026,0.9886150358089264,0.04970414201183432,0.08683736222670005,32,ccc_garch
0.1899618159004749,0.926970386181659,0.020118343195266272,-0.2805633436292812,40,ccc_garch
0.1984381816013146,0.967915857589372,0.0650887573964497,0.2904931079203345,32,ccc_garch
0.1901668949783794,0.9630313646716595,0.03905325443786982,-0.09105518761323038,43,ccc_garch
0.1932957809475957,1.0425037366922505,0.047337278106508875,-0.0856374742352199,58,ccc_garch
0.16724401536959974,0.7693834116376342,0.005917159763313609,0.019540861846706708,54,ccc_garch
0.1558066801144764,0.7542872040028479,0.007100591715976331,0.07768288901912887,57,ccc_garch
0.2000468540260055,1.084121282310225,0.046153846153846156,-0.10849777397118084,56,ccc_garch
0.1928177316744249,1.0425715125171646,0.06982248520710059,-0.05091737152893519,53,ccc_garch
0.23046030450360458,1.0152335099270775,0.03905325443786982,0.28935148112867043,32,ccc_garch
0.2590892174191254,1.2118623181001178,0.13727810650887573,0.10975662168749145,56,ccc_garch
0.1895961570952803,0.9887336844588308,0.06035502958579882,0.07219362213535901,63,ccc_garch
0.23152797281398702,1.161170163574909,0.09349112426035502,-0.06795178268205174,36,ccc_garch
0.15978342548167343,0.9453993378550611,0.02603550295857988,0.16998981774757765,58,ccc_garch
0.19779027622839984,0.946387880855677,0.023668639053254437,-0.23337873002186474,47,ccc_garch
0.20605219908948544,1.1026559104843903,0.05798816568047337,-0.4001458993811009,41,ccc_garch
0.18962237022146697,1.1922359941571439,0.033136094674556214,-0.0004808683859111892,57,ccc_garch
0.22202831897010075,1.125957751811073,0.06745562130177515,0.005161017302405742,56,ccc_garch
0.1941866835903676,1.080346704988324,0.04260355029585799,0.2098541734716219,50,ccc_garch
0.18973716233022403,0.9755444199665185,0.03550295857988166,-0.03923494316158754,38,ccc_garch
0.18294850599774495,0.8657208562851999,0.011834319526627219,-0.1266009453772439,43,ccc_garch
0.20290577880062993,0.8905671924098983,0.029585798816568046,0.009894764075301387,62,ccc_garch
0.20956669478529705,1.0424799113085665,0.06035502958579882,0.056161147821976475,58,ccc_garch
0.1626083260958192,0.8684816753085445,0.03195266272189349,-0.16633193032298807,88,ccc_garch
0.15335696964683793,0.8494307154787704,0.05680473372781065,-0.19956543943139315,25,ccc_garch
0.17950460680996655,0.9157341441207533,0.05088757396449704,0.07707406132012301,25,ccc_garch
0.18878331091199782,0.9207654351005632,0.014201183431952662,-0.1612658400181889,65,ccc_garch
0.18174390673527946,0.9662108319851901,0.020118343195266272,0.04481762357076741,44,ccc_garch
0.16270730051076052,0.8483660482285098,0.015384615384615385,-0.01384393375391529,46,ccc_garch
0.17856342797524147,0.9241285218347352,0.05798816568047337,-0.13624958512380864,47,ccc_garch
0.2108692036427823,1.0749573414739122,0.02603550295857988,-0.267565381347999,42,ccc_garch
0.17343742169835605,0.9092115578015001,0.029585798816568046,0.008770602793826767,65,ccc_garch
0.17628212891384934,0.9745823442527594,0.03550295857988166,-0.18963169605465893,57,ccc_garch
0.1813515027151959,1.0592227913114975,0.029585798816568046,-0.19742480966789863,63,ccc_garch
0.18134892811433984,0.9483242180862508,0.04378698224852071,-0.20084866139836427,86,ccc_garch
0.1947033920821127,0.9700474368657392,0.06035502958579882,0.061560267173194204,64,ccc_garch
0.1546337265222837,0.9206443532344013,0.007100591715976331,-0.14410766587244253,78,ccc_garch
0.17354754922088206,0.8437487658836202,0.008284023668639054,-0.17616927342707722,72,ccc_garch
0.25131056348411734,1.214095976340728,0.11005917159763313,0.004787314989030503,28,ccc_garch
0.19603616701659562,1.016525929698024,0.011834319526627219,-0.042287332145144046,60,ccc_garch
0.1941865412501636,0.976207951925664,0.06627218934911243,-0.018148685629503364,48,ccc_garch
0.1635208390531431,0.8824480206178187,0.02485207100591716,-0.2382094301137176,64,ccc_garch
0.20626532827547622,1.024982754429634,0.0485207100591716,0.2167183577937127,46,ccc_garch
0.15007389377364608,0.7350418565299486,0.0,-0.28902792653074727,67,ccc_garch
0.22080564216632623,0.9171729608299694,0.05680473372781065,0.09616151691610816,36,ccc_garch
0.20888078691733902,1.0110085029846965,0.040236686390532544,0.053120613235724125,53,ccc_garch
0.14870858759838268,0.8121954459348724,0.005917159763313609,-0.184876702188766,64,ccc_garch
0.14638168285158754,0.9076687779255834,0.011834319526627219,-0.30166810041957853,68,ccc_garch
0.16569334090163784,0.9213055371028785,0.014201183431952662,-0.2652658087096597,51,ccc_garch
0.16795512396280302,0.9437782618535916,0.023668639053254437,-0.116938033242273,58,ccc_garch
0.18573706884547614,0.945905823863801,0.020118343195266272,-0.40496309409467957,45,ccc_garch
0.16929968762668177,0.8337795441620288,0.016568047337278107,-0.01240437324409416,54,ccc_garch
0.17784511818780663,1.0906352146948874,0.054437869822485205,-0.02530791725494931,57,ccc_garch
0.18504055653311616,0.9190571634736113,0.036686390532544376,0.16008768480273555,49,ccc_garch
0.21105596520772882,0.9512999440934775,0.020118343195266272,-0.3194369720475234,28,ccc_garch
0.1916084206138631,1.0464486687162353,0.047337278106508875,-0.04627717186548682,49,ccc_garch
0.1626553783887195,0.917043882139595,0.008284023668639054,-0.006788160829150129,71,ccc_garch
0.18761115902555908,1.0192611330346744,0.036686390532544376,0.1720095393712021,67,ccc_garch
0.23992865525823046,1.2115236565371912,0.1136094674556213,-0.07479134559579688,37,ccc_garch
0.24193081608042222,1.2336664609514314,0.09467455621301775,-0.18126182785088893,52,ccc_garch
0.14080135478832884,0.8595553560978533,0.01301775147928994,-0.1959287226475345,86,ccc_garch
0.18524250908376527,0.8866292725641387,0.023668639053254437,-0.1047378275154785,56,ccc_garch
0.17034377718474947,0.9324121245711108,0.047337278106508875,-0.17460391816210136,63,ccc_garch
0.20707195724409724,0.9675539879961563,0.03550295857988166,0.273777499501396,39,ccc_garch
0.18919371291510642,1.017451185553041,0.040236686390532544,-0.006524123010851522,71,ccc_garch
0.1320557313549074,0.7314049773940406,0.001183431952662722,-0.19158714665153437,75,ccc_garch
0.20282149323993537,1.0431092038344099,0.08402366863905325,-0.0526841654079676,51,ccc_garch
0.18418882824362542,1.0557185823141577,0.03905325443786982,-0.13807340254851483,52,ccc_garch
0.18045594383863023,1.033253798328658,0.022485207100591716,0.0020425285302424143,55,ccc_garch
0.224409675489812,1.0248382927039847,0.054437869822485205,-0.0841703720761881,44,ccc_garch
0.15772004774499845,0.7985795044164785,0.021301775147928994,-0.0603946015413065,71,ccc_garch
0.21344686413831768,1.028559842729842,0.05207100591715976,-0.0480708410495746,46,ccc_garch
0.19200809795190948,0.9863655840006724,0.040236686390532544,-0.26769165701918335,37,ccc_garch
0.23898918973855515,1.1797708189006064,0.12189349112426036,0.15795415287743642,42,ccc_garch
0.21915958932120688,1.270224679206319,0.06982248520710059,-0.10747643054136682,32,ccc_garch
0.16264143447417687,0.9117773808412232,0.011834319526627219,0.007073942114122088,57,ccc_garch
0.21982056048172213,1.1466439608751147,0.08165680473372781,0.09014739930472487,48,ccc_garch
0.20338099084499178,1.1584799561468904,0.05680473372781065,-0.03803657108124203,42,ccc_garch
0.14473814756808184,0.9352120611304804,0.022485207100591716,-0.09823700750835536,90,ccc_garch
0.1368302334121458,0.7518173957704998,0.014201183431952662,0.029439280249406508,59,ccc_garch
0.19832648633407343,1.073483680231419,0.07455621301775148,-0.014700202302676579,65,ccc_garch
0.15340151600646293,0.8913468699575078,0.009467455621301775,-0.2650211716242315,64,ccc_garch
0.173073998542863,0.8205515538930723,0.036686390532544376,-0.11444027686459741,46,ccc_garch
0.16907320051557057,0.812020563593304,0.0035502958579881655,0.023531820318851607,50,ccc_garch
0.18036397740693466,0.825163720831694,0.022485207100591716,-0.20924306760087077,58,ccc_garch
0.19594479781238527,0.8847693559909069,0.028402366863905324,-0.23331798219460365,51,ccc_garch
0.23972965305941943,1.259698951875341,0.12544378698224853,0.1791271762323524,42,ccc_garch
0.1688467218780269,0.9663581272810813,0.016568047337278107,-0.08093653270440525,45,ccc_garch
0.17813932324461448,0.9342344370464502,0.04260355029585799,-0.12937734859727257,56,ccc_garch
0.15200949645215955,0.765739323582541,0.005917159763313609,-0.14956278870041675,51,ccc_garch
0.15261628843647834,0.8662386679651737,0.009467455621301775,-0.22379843041444772,61,ccc_garch
0.21092123726615788,1.0102807357073054,0.05798816568047337,-0.17759836494297127,63,ccc_garch
0.21058646789229105,1.1593900156473775,0.05798816568047337,0.279717993937924,68,ccc_garch
0.22583105594449698,0.99519015580624,0.06272189349112427,0.11725103874164675,42,ccc_garch
0.20613788238697528,1.1188794771557442,0.06745562130177515,-0.03703240535347121,59,ccc_garch
0.17771882223346083,0.8819138568648722,0.008284023668639054,0.08013603601426125,55,ccc_garch
0.156186666830123,0.8469437812551887,0.005917159763313609,-0.06650340836558272,67,ccc_garch
0.1838693454335897,1.0465245181825091,0.05088757396449704,-0.05666992633068483,69,ccc_garch
0.2139495075345945,1.0381546676203166,0.03076923076923077,-0.02324104687644777,54,ccc_garch
0.1914117016816916,0.9962496503146429,0.03431952662721893,-0.10022856619464492,52,ccc_garch
0.1788024849155876,0.9631999677747688,0.04497041420118343,-0.27901216555747355,55,ccc_garch
0.18278452845867316,1.0771229555435606,0.023668639053254437,0.0918336970237347,43,ccc_garch
0.18840838294981557,0.9287378003557398,0.02485207100591716,-0.05558596028272933,54,ccc_garch
0.18148216908826906,1.083759319863522,0.0485207100591716,-0.06998817237012724,69,ccc_garch
0.22757402058540577,1.1485269980686421,0.09467455621301775,0.22024173618594733,45,ccc_garch
0.1946621290780978,1.08158931031346,0.06035502958579882,0.061507154939612424,73,ccc_garch
0.16655457515262898,0.9950996515912409,0.008284023668639054,-0.16644821017487096,66,ccc_garch
0.21473964470541929,1.0109139446267743,0.05917159763313609,-0.03390293107712419,39,ccc_garch
0.19889223361210565,0.9695299384167295,0.047337278106508875,-0.07143967623941222,47,ccc_garch
0.15949564260872237,0.8432729294481636,0.036686390532544376,-0.09218778401429427,50,ccc_garch
0.2331386975972554,1.1339387084338501,0.11005917159763313,-0.1507987583396547,35,ccc_garch
0.1901550880717116,1.065131287765041,0.040236686390532544,-0.15551132837520473,55,ccc_garch
0.18319110567699448,1.0627400382548124,0.05917159763313609,0.19709431790221812,53,ccc_garch
0.19566724574612557,0.934264159636891,0.03431952662721893,0.18174120561303253,62,ccc_garch
0.2070547151478105,1.0756394886233998,0.09467455621301775,-0.17529990808594687,50,ccc_garch
0.2092681044531067,0.9163042794317798,0.10650887573964497,0.07830520754107836,46,ccc_garch
0.21224813957927324,1.1207376344044289,0.07692307692307693,-0.2915628569476518,47,ccc_garch
0.17559968115260072,0.9379444967297841,0.016568047337278107,-0.19964658709015892,56,ccc_garch
0.18611335886563765,0.9520862348181328,0.033136094674556214,0.16291094404636258,56,ccc_garch
0.19330755812336947,1.1881817183573853,0.05088757396449704,-0.33239049534867365,54,ccc_garch
0.1716290252737542,0.8800539103298769,0.03550295857988166,-0.07393347943481003,72,ccc_garch
0.1816224278781917,1.04854063443433,0.0378698224852071,-0.060852285261042395,44,ccc_garch
0.17084813245765004,0.9439765860850489,0.021301775147928994,-0.24809905404686766,58,ccc_garch
0.19395407285414784,0.9174301549690299,0.03076923076923077,0.14813653461108017,41,ccc_garch
0.21406670972322245,1.184550878234175,0.07928994082840236,-0.003393303228893151,67,ccc_garch
0.22238217192061535,1.0427346711515013,0.07100591715976332,-0.1123020406263157,54,ccc_garch
0.17905338404353133,0.9913627866801322,0.040236686390532544,-0.18909032019059377,63,ccc_garch
0.19880941817299264,1.0546951050471385,0.05680473372781065,-0.0056163537431818044,59,ccc_garch
0.19835219593148254,0.9230785849849765,0.029585798816568046,0.22342095607179538,49,ccc_garch
0.15835868782660978,0.9421475215228579,0.005917159763313609,-0.19795127191887488,68,ccc_garch
0.15989531447131805,0.976262714390822,0.016568047337278107,-0.2793543793977565,60,ccc_garch
0.1501434066089287,0.7080696533467596,0.0,-0.0045746782434895475,55,ccc_garch
0.15167223547767716,0.8282069689366467,0.0035502958579881655,-0.2668749125303032,61,ccc_garch
0.18272651609190144,0.9467301282557372,0.03076923076923077,0.013328912444593695,69,ccc_garch
0.19447718927807262,1.190921736058396,0.04378698224852071,-0.15056029957851638,56,ccc_garch
0.22099619883085578,1.3433387538934598,0.06982248520710059,0.0009653010446062898,54,ccc_garch
0.24177831615650835,1.0469553788077355,0.1349112426035503,-0.15604934030744105,53,ccc_garch
0.20003329970482253,0.9523821324782054,0.027218934911242602,0.1438008511801226,70,ccc_garch
0.16326415595745056,0.7412993966679932,0.0,0.14247812363929602,41,ccc_garch
0.19346154213845884,1.2102611612798095,0.04970414201183432,0.04230591990166185,63,ccc_garch
0.17756880803057834,0.9840727787103987,0.03550295857988166,-0.12879351507943623,51,ccc_garch
0.1700585641487173,0.7831184760438369,0.010650887573964497,-0.08344896658624,61,ccc_garch
0.18162613947208783,1.0128925267253344,0.033136094674556214,-0.05831009965235729,55,ccc_garch
0.1840635038199168,0.88433768604071,0.01775147928994083,-0.3444774083527744,48,ccc_garch
0.20184345840210255,1.0726123008367108,0.04970414201183432,-0.23845266044800015,50,ccc_garch
0.15398363984297148,0.7679816180201053,0.0,-0.19876474372169525,45,ccc_garch
0.2065283645797235,1.0005270435808167,0.08994082840236686,-0.10347915939814122,59,ccc_garch
0.17769934015137664,0.9808485186821618,0.021301775147928994,0.12029787576662741,69,ccc_garch
0.20026951226440895,1.0364564880700673,0.046153846153846156,-0.19819243329585423,51,ccc_garch
0.21570091970848446,1.0915916951752402,0.0378698224852071,0.1974995158257812,42,ccc_garch
0.16800980310235844,0.8914279701051808,0.05088757396449704,0.013547948030223744,51,ccc_garch
0.1631021717575424,0.8757153104418571,0.020118343195266272,0.035470558708655696,67,ccc_garch
0.19622855347851312,1.0248992978599143,0.04260355029585799,-0.08031489074626211,49,ccc_garch
0.16601420851101292,0.8222178411240149,0.004733727810650888,-0.07246937875555066,56,ccc_garch
0.15993994654144192,0.8527928822628398,0.008284023668639054,-0.1558095099532268,67,ccc_garch
0.21321097172453102,0.8747518753397607,0.023668639053254437,0.10699356277888233,56,ccc_garch
0.17105813353480157,0.8368168290215213,0.007100591715976331,-0.16846902717247003,57,ccc_garch
0.1557065303952685,0.839964826134458,0.023668639053254437,-0.1535346670562686,58,ccc_garch
0.1861406092936848,0.8686606544655544,0.008284023668639054,0.26951966971210845,38,ccc_garch
0.2449586365340518,1.1261785145787613,0.11597633136094675,-0.002054686714467058,32,ccc_garch
0.22846292754022962,1.1991226042409977,0.10887573964497041,0.022333152764116477,53,ccc_garch
0.17995813653626028,0.882137899652667,0.015384615384615385,-0.050337414920039514,42,ccc_garch
0.20999584341891045,0.9315204946046611,0.027218934911242602,0.14948816523365663,43,ccc_garch
0.15804557206067862,0.8141654222281685,0.015384615384615385,-0.07745856360984818,59,ccc_garch
0.20441598856006246,1.134115605974962,0.07218934911242604,-0.18846131541582475,50,ccc_garch
0.1911891228985743,1.0495997932150996,0.03431952662721893,0.04375053931717555,71,ccc_garch
0.19100878069908842,0.9489919870680377,0.02603550295857988,-0.03811131551473472,64,ccc_garch
0.16551113466945,0.8547159448643076,0.01301775147928994,-0.2434012580302562,45,ccc_garch
0.14806766839164137,0.7929890769284347,0.014201183431952662,-0.3919113608566822,65,ccc_garch
0.19317866221522395,0.9020237310382551,0.03431952662721893,-0.0483641440680446,39,ccc_garch
0.18124077362150406,0.887934536577939,0.022485207100591716,-0.30272080663244166,71,ccc_garch
0.18198562653769076,1.0256075857087694,0.016568047337278107,0.08168937737075935,43,ccc_garch
0.2110764317896315,0.9964765732138752,0.05680473372781065,-0.028126730092761044,43,ccc_garch
0.1879427524202914,1.094472777792944,0.022485207100591716,-0.06693586809392968,36,ccc_garch
0.20876070739837904,1.0655372872577547,0.06272189349112427,-0.027988417881036485,59,ccc_garch
0.20668259561558527,1.0913759705465633,0.08520710059171598,-0.10995091480611714,78,ccc_garch
0.21703502333510472,1.0580916308558006,0.04260355029585799,-0.1321958545097568,33,ccc_garch
0.1600976819729325,0.97823897932913,0.021301775147928994,-0.1889777011975539,47,ccc_garch
0.22052659925853277,1.1767761232373828,0.07810650887573964,0.054350664905129756,63,ccc_garch
0.1548161153236842,0.8801051123810204,0.008284023668639054,-0.18508067666292233,66,ccc_garch
0.21917789880155475,1.0938454075688782,0.0970414201183432,0.15413322418029055,56,ccc_garch
0.17447522183911354,0.9995613441660083,0.01893491124260355,0.16071307271065785,61,ccc_garch
0.16954131747732568,0.8701098218410523,0.047337278106508875,0.05035812238081297,64,ccc_garch
0.17742587008358252,0.8637076079642965,0.0035502958579881655,-0.2228228201998512,66,ccc_garch
0.15195190373439452,0.9240182618583359,0.010650887573964497,-0.32237973469118686,59,ccc_garch
0.20328712993328119,0.9775754530050433,0.0378698224852071,0.35772579697419365,36,ccc_garch
0.20567826629632857,1.2377096379831014,0.06153846153846154,-0.03496878782751114,51,ccc_garch
0.15656315771832682,0.821865681213394,0.008284023668639054,-0.05848342089257736,50,ccc_garch
0.19194943548030372,0.9896736274236525,0.04378698224852071,-0.006340273869742401,62,ccc_garch
0.17745976634236207,0.9229907044481964,0.015384615384615385,-0.18668979080256268,56,ccc_garch
0.20509566596170467,1.087479458832363,0.08047337278106509,-0.22703405196861193,63,ccc_garch
0.17972954445832995,1.0431648438312306,0.07692307692307693,-0.07116148236529453,52,ccc_garch
0.1861709610355811,0.8927484131679563,0.016568047337278107,0.024182173682126298,41,ccc_garch
0.1689363622911986,0.8766316887665022,0.023668639053254437,-0.0862451911862329,39,ccc_garch
0.18485711737237423,1.1787657054623433,0.02603550295857988,-0.03698948238812363,54,ccc_garch
0.19015799741817874,0.9277045466094854,0.027218934911242602,-0.21200369231789287,50,ccc_garch
0.19659910386586274,1.1259236152456065,0.05917159763313609,-0.21092294326462535,81,ccc_garch
0.19956497996677405,1.1164452117126609,0.011834319526627219,-0.18348844905130696,30,ccc_garch
0.18445925034966176,0.788230085653931,0.05798816568047337,-0.010797075924487603,67,ccc_garch
0.15307356166225564,1.0168451627719457,0.022485207100591716,-0.04536723047083281,55,ccc_garch
0.18239309649683771,0.8906326853672879,0.01301775147928994,-0.1133073310590596,66,ccc_garch
0.19065271328236483,1.0281393905391982,0.0485207100591716,0.14018656591986767,55,ccc_garch
0.15386758686903992,0.9045110176133396,0.015384615384615385,-0.03477348430451874,69,ccc_garch
0.16973463665774227,0.8488741668303759,0.0035502958579881655,0.024524895682645726,46,ccc_garch
0.17205106603847156,0.8881242257313027,0.011834319526627219,0.020815367366494555,81,ccc_garch
0.21974467412056656,1.103757405280202,0.06982248520710059,0.06508319203924609,49,ccc_garch
0.16999508746070738,0.909854948062887,0.029585798816568046,-0.23922140014187115,46,ccc_garch
0.2672941214103729,1.3004833555885793,0.14911242603550295,0.07336518391189148,38,ccc_garch
0.1491715038592235,1.0990416236367335,0.015384615384615385,0.2207646596113461,54,ccc_garch
0.20577459302065465,0.9937905515012937,0.05798816568047337,-0.11760416568950305,51,ccc_garch
0.15625488440009994,0.8545571904957487,0.010650887573964497,0.06627708105204533,77,ccc_garch
0.15146819769418549,0.8110565494461304,0.0035502958579881655,-0.1206258659317978,63,ccc_garch
0.19397664116295074,0.8965458328675389,0.03076923076923077,-0.14120100280880873,49,ccc_garch
0.20648446877432505,1.0255594574318059,0.05680473372781065,-0.24619718024992684,64,ccc_garch
0.277531861438874,1.24548035384415,0.17514792899408285,0.15383530449045899,48,ccc_garch
0.2112210621536038,1.0340528818524692,0.06745562130177515,-0.3120774164505876,38,ccc_garch
0.1689098372632932,0.9703063782989512,0.022485207100591716,0.01703587447159458,58,ccc_garch
0.18825821910522128,1.0449014953657776,0.040236686390532544,0.056856651465146964,40,ccc_garch
0.17040862824501066,0.8480970802132116,0.004733727810650888,0.1877592627223937,44,ccc_garch
0.24561486985914,1.2799082854743393,0.08520710059171598,0.1487521488076361,41,ccc_garch
0.21069829738627385,1.0758859749993253,0.08047337278106509,-0.20307191757818394,61,ccc_garch
0.20505938453695358,1.0765606975936792,0.10059171597633136,-0.29606750021693107,54,ccc_garch
0.19235905696289252,1.028445046490171,0.02603550295857988,-0.28572468678284296,69,ccc_garch
0.18244346776071838,0.9314515373636614,0.021301775147928994,-0.2013596940586423,49,ccc_garch
0.20621913949852747,1.1381356321775025,0.05207100591715976,-0.16829582124723905,46,ccc_garch
0.20258708956922278,0.9648528848637539,0.05798816568047337,-0.07333066804892435,37,ccc_garch
0.15878432397732659,0.7799306429720543,0.0,0.03037750944072807,52,ccc_garch
0.18395450164657334,1.0326595902406988,0.020118343195266272,0.0910546304532633,55,ccc_garch
0.16593296464748666,0.8177558761025485,0.004733727810650888,-0.04453981032683124,63,ccc_garch
0.12302521251264255,0.7939201611862214,0.001183431952662722,-0.19415614288757346,82,ccc_garch
0.14689383738963932,0.838479253431869,0.002366863905325444,-0.30291551635666353,69,ccc_garch
0.20516848690875117,1.1182008607378187,0.08875739644970414,0.022869265718712853,82,ccc_garch
0.18755430507580276,0.8542664946771736,0.05088757396449704,0.19502916423088132,57,ccc_garch
0.20745600010748064,1.3306629450511713,0.06863905325443787,-0.20219067855126271,43,ccc_garch
0.1540428115188342,0.8728068024364635,0.01301775147928994,-0.2438996403090268,63,ccc_garch
0.20511855348121222,1.026471670849862,0.06863905325443787,0.014033149375170318,41,ccc_garch
0.1743539339869151,0.8918608035680442,0.015384615384615385,-0.10988658421742299,49,ccc_garch
0.18664647655137495,1.0309583436128633,0.05088757396449704,-0.18783519123386402,53,ccc_garch
0.16923595706418038,0.9288480527669474,0.05088757396449704,-0.0792439904609133,39,ccc_garch
0.20797398340604775,1.1253182626886185,0.06153846153846154,-0.025740462490416605,43,ccc_garch
0.260719629161832,1.187776100512886,0.12781065088757396,0.06787064476793939,37,ccc_garch
0.17065667620397693,0.9749525027194885,0.023668639053254437,-0.0967244279965065,62,ccc_garch
0.17683234479817725,0.9266170668545777,0.007100591715976331,-0.3450687203360598,72,ccc_garch
0.2121600365786539,1.0550134137266804,0.05562130177514793,-0.09212642383025972,42,ccc_garch
0.22231153981974838,1.011833922537951,0.09940828402366864,0.308610411423081,56,ccc_garch
0.20604464701610334,1.096629256442492,0.04260355029585799,-0.1766301916734846,58,ccc_garch
0.1932174670994842,0.9205998906012116,0.022485207100591716,0.14388136006112742,63,ccc_garch
0.17203326861798585,0.9520864081296948,0.010650887573964497,-0.005620980711891555,77,ccc_garch
0.21464080736579427,0.9258659335059032,0.05562130177514793,-0.030486571782223203,55,ccc_garch
0.22907438517237658,1.2575866913318177,0.06272189349112427,0.06784065306943937,36,ccc_garch
0.16835368158076694,0.8949534969850863,0.009467455621301775,-0.08896648110575568,65,ccc_garch
0.21386547732770608,0.9505761159966404,0.040236686390532544,0.07739783848737428,47,ccc_garch
0.2077352990383488,1.0365270853634503,0.06035502958579882,0.12884557640269986,42,ccc_garch
0.12596747347835727,0.6979296247736252,0.0,-0.22295433739591855,91,ccc_garch
0.16321552177845822,1.0021205656720984,0.03905325443786982,-0.1481248183994418,58,ccc_garch
0.2005506611462478,1.0527308123446883,0.05325443786982249,-0.15708026226786223,40,ccc_garch
0.13429103427668534,0.707511180854566,0.0,-0.19089958450491892,75,ccc_garch
0.1692787968583004,0.8239162477443155,0.007100591715976331,-0.04884397421440337,68,ccc_garch
0.15192897070524047,0.8510343034092653,0.028402366863905324,-0.16143838564158977,44,ccc_garch
0.20510187669731142,1.132029745316886,0.03431952662721893,-0.11736019995256554,53,ccc_garch
0.17141341484455702,0.9764842243225749,0.01893491124260355,-0.2820032801580359,61,ccc_garch
0.19088637653377197,1.1687909206164673,0.05562130177514793,-0.11851093967116788,49,ccc_garch
0.21264458816170756,1.0664710722941833,0.08520710059171598,0.08498885071084984,51,ccc_garch
0.1866686959556911,0.932568529110833,0.028402366863905324,0.2676172916105616,44,ccc_garch
0.138001589505176,0.7458092036025654,0.008284023668639054,-0.19617917081735667,50,ccc_garch
0.21874417514836494,0.9763707731065066,0.08165680473372781,0.18235403162085093,39,ccc_garch
0.18638511206737524,0.9964867988569202,0.03431952662721893,0.06838800182958393,55,ccc_garch
0.17498412325484647,0.8174237866559952,0.0035502958579881655,-0.24620606333371578,63,ccc_garch
0.17971411717198646,0.9162747939614133,0.03076923076923077,-0.10137764343403212,54,ccc_garch
0.20067302487603572,1.0144212134111759,0.04378698224852071,0.19086704403255497,49,ccc_garch
0.1730615889477284,0.9603870036755178,0.010650887573964497,-0.16132552482901313,66,ccc_garch
0.22672415328469542,1.147196694705397,0.07692307692307693,-0.0977976615262428,52,ccc_garch
0.14620074707430336,0.8737913830408937,0.007100591715976331,0.09186019662527171,57,ccc_garch
0.18112384536973405,0.9680623910898615,0.06390532544378698,0.17396917790032185,40,ccc_garch
0.16363392101926752,0.8891634173376709,0.014201183431952662,-0.15870697678671233,38,ccc_garch
0.22622644362665678,1.063525452485099,0.1136094674556213,0.1179466952459011,40,ccc_garch
0.17294423808823733,0.9418677135472329,0.03550295857988166,-0.0430203747065877,46,ccc_garch
0.2157358837997239,1.139863367552614,0.07218934911242604,0.17049191616781692,43,ccc_garch
0.17563675202431175,1.0072870241469714,0.033136094674556214,-0.10325576455073553,56,ccc_garch
0.2276536330320098,1.116259439397437,0.09467455621301775,-0.1002246229071954,53,ccc_garch
0.19836215104599692,0.9305701781085856,0.06153846153846154,-0.0749120481644613,51,ccc_garch
0.15864552823271116,0.7943560029483188,0.009467455621301775,-0.1625168502483851,50,ccc_garch
0.14794244487117778,0.7780959070452799,0.007100591715976331,-0.05269791604593732,58,ccc_garch
0.2038741264030574,0.9975429077125177,0.07810650887573964,0.10619226227798131,75,ccc_garch
0.2146123012167446,1.0646500797895833,0.07810650887573964,-0.05495885935976467,55,ccc_garch
0.18353337806243028,0.9906393148617704,0.04497041420118343,-0.2396817528852524,54,ccc_garch
0.17416808845560738,1.1644147731522918,0.03905325443786982,-0.09644560526406316,86,ccc_garch
0.19862343504351154,0.9237091450744488,0.04142011834319527,0.08502600773813852,41,ccc_garch
0.15796952609781337,1.0169558215068464,0.009467455621301775,-0.13530119503605087,72,ccc_garch
0.19465382012215135,0.9869147623199925,0.05325443786982249,-0.13879213322023398,61,ccc_garch
0.21882418991918196,0.9647885132992442,0.04142011834319527,0.12978133111138815,49,ccc_garch
0.2149596906712332,1.0199783738150634,0.08994082840236686,0.09005115676806678,41,ccc_garch
0.21704137383006228,1.16884632911794,0.0970414201183432,0.13432439606888702,68,ccc_garch
0.1882161291182409,1.0000733891147284,0.06035502958579882,-0.32182888923547864,57,ccc_garch
0.1580762106959595,0.9431343923344122,0.01775147928994083,-0.03346239237602976,48,ccc_garch
0.212311057901048,1.2403154291388705,0.07100591715976332,0.1487511497898602,46,ccc_garch
0.16952656100294228,0.9189234695489557,0.011834319526627219,-0.1697783191082273,60,ccc_garch
0.13901935917506952,0.6742155743939788,0.0,0.15867107952529796,64,ccc_garch
0.17285079871655162,0.9787364366774749,0.040236686390532544,0.1083215855480322,41,ccc_garch
0.17991294784458703,0.8805404497174725,0.01775147928994083,-0.10513336839744891,60,ccc_garch
0.18379501909520188,0.8738548024035293,0.015384615384615385,-0.025545059758807248,47,ccc_garch
0.21886568414691834,1.1932794473473562,0.07337278106508875,0.03799540248263357,43,ccc_garch
0.19518169422826612,0.8667774363948557,0.015384615384615385,0.09871479125728957,52,ccc_garch
0.17271381415364878,0.8611285078163144,0.014201183431952662,-0.2562818110437056,71,ccc_garch
0.20911057084345394,1.1056964211967144,0.06272189349112427,-0.018809657455543895,63,ccc_garch
0.17232182476340727,0.9390306270285502,0.01775147928994083,-0.08484919028871309,51,ccc_garch
0.17216597201868597,1.0940464821537828,0.023668639053254437,-0.110569117066235,53,ccc_garch
0.15838886055040383,0.9538240761635657,0.008284023668639054,-0.26751782108509325,49,ccc_garch
0.16533758880943278,1.0318877275371365,0.021301775147928994,-0.12399388639886591,49,ccc_garch
0.15550274175088863,0.7902921054256271,0.005917159763313609,0.04518987294036389,76,ccc_garch
0.21799233421168315,1.1229853531572962,0.07337278106508875,-0.022031919417342744,35,ccc_garch
0.15565087664990163,0.7738933706620414,0.020118343195266272,0.058195283424517026,43,ccc_garch
0.21415686215404311,1.0043145119533514,0.03195266272189349,-0.040451741317378095,40,ccc_garch
0.2081457955841468,1.0151737421801623,0.05207100591715976,0.10252563436315429,39,ccc_garch
0.1899501794735767,1.1949188317306598,0.05562130177514793,-0.01264049830752856,68,ccc_garch
0.20065752259914488,1.0288808996509764,0.04260355029585799,0.10295750842673158,44,ccc_garch
0.20352732592918202,0.9939071376828632,0.03550295857988166,-0.04741365005490041,52,ccc_garch
0.18432726154268905,0.9443622905033384,0.046153846153846156,-0.1528740100058291,52,ccc_garch
0.22542445044942375,1.0829131918029562,0.06153846153846154,0.08929648731601836,41,ccc_garch
0.16344953175434082,0.8572311657642642,0.0378698224852071,-0.11952714249685312,47,ccc_garch
0.18758597353716078,1.0384066291892804,0.027218934911242602,-0.22826006643978378,50,ccc_garch
0.19123740083271962,1.0101442175746713,0.06745562130177515,-0.0678293212595857,56,ccc_garch
0.1555132770044283,0.8753266455551179,0.014201183431952662,0.05325160783160137,82,ccc_garch
0.17129368257186015,1.0370133706576992,0.022485207100591716,-0.11363230918535897,68,ccc_garch
0.19869337662156583,1.045752376258573,0.04378698224852071,-0.030404144588350022,45,ccc_garch
0.1556519208680331,0.8766271660791358,0.008284023668639054,-0.15860020347082823,56,ccc_garch
0.1477582777869795,0.972904532478972,0.020118343195266272,-0.17193127861920027,76,ccc_garch
0.15543561068223355,0.6864774249124469,0.0,-0.11212018868479437,50,ccc_garch
0.14776958093026712,0.7874768947682981,0.06153846153846154,-0.06042649156350473,64,ccc_garch
0.17139610418496654,0.8912147797983099,0.021301775147928994,-0.056623435339468633,52,ccc_garch
0.22139302828937943,1.114340718059287,0.07218934911242604,-0.034461777025639684,34,ccc_garch
0.17810836760914311,0.8491586391795636,0.007100591715976331,0.049073600572898946,60,ccc_garch
0.20524622623077307,1.0121432122082767,0.047337278106508875,-0.13371296240536193,45,ccc_garch
0.17093354166656818,0.9780398137658952,0.020118343195266272,-0.3100126447103042,53,ccc_garch
0.24587546862453705,1.126641710695555,0.09112426035502959,0.07071390797682116,34,ccc_garch
0.20371978565959478,1.0919601786348754,0.05088757396449704,-0.20769927749491107,57,ccc_garch
0.19575104339927255,0.9711011127056899,0.016568047337278107,0.14012212918539652,46,ccc_garch
0.21483024864488384,1.0491265048787048,0.09112426035502959,-0.11178243544247954,65,ccc_garch
0.17542023303153761,0.9149503015273686,0.016568047337278107,-0.027220681467732977,66,ccc_garch
0.16186168150853625,0.849391028335528,0.021301775147928994,-0.1461552778809485,78,ccc_garch
0.19785712129391114,1.1089932510163667,0.047337278106508875,-0.1283274471028275,45,ccc_garch
0.1608110961713467,0.9820762790512811,0.036686390532544376,0.289018960426617,40,ccc_garch
0.20606218160756345,0.9257104369161213,0.03905325443786982,-0.07420422750891403,28,ccc_garch
0.12740884281691084,0.6584664812959437,0.002366863905325444,0.044589394836815684,54,ccc_garch
0.17248553758758053,0.9479198014193564,0.015384615384615385,-0.27897752810864895,64,ccc_garch
0.20364950333845275,1.0955111010632321,0.06390532544378698,0.3307383960861323,45,ccc_garch
0.17148131169241243,0.8930066120427282,0.004733727810650888,-0.10703101306163,51,ccc_garch
0.16328368215594588,0.9853951179903325,0.01893491124260355,-0.387850956682632,57,ccc_garch
0.175804692173887,0.7795121218588921,0.07810650887573964,0.16805946313885192,54,ccc_garch
0.2097817129461525,0.9752324585146137,0.03195266272189349,-0.113145396872161,51,ccc_garch
0.19637775596350004,1.0367174906720849,0.06153846153846154,0.1160157046643667,38,ccc_garch
0.21394778432923944,1.0078369115481203,0.06390532544378698,0.048141048425709036,64,ccc_garch
0.18546573924387993,0.934357376728735,0.02603550295857988,-0.021401552659879235,57,ccc_garch
0.1943381530229639,1.0893167716549188,0.022485207100591716,-0.426246475878587,50,ccc_garch
0.20304567870445145,1.1381114968000288,0.06745562130177515,-0.1763003638244173,63,ccc_garch
0.1889549346941003,0.8827976897606238,0.015384615384615385,-0.05523246347188377,40,ccc_garch
0.20603078205716102,0.9916385994358398,0.06153846153846154,0.19824077193890832,43,ccc_garch
0.18495551833028986,0.9460743227633476,0.02485207100591716,-0.1251751031673405,43,ccc_garch
0.19999222989115348,0.9441773662762708,0.04497041420118343,-0.08547186946659874,58,ccc_garch
0.16100579082719005,0.8207908530939548,0.021301775147928994,0.062410445300126426,52,ccc_garch
0.18359201207612288,0.9197750776380063,0.04260355029585799,-0.11837666448302177,38,ccc_garch
0.1810404776610991,0.931300584868625,0.01775147928994083,-0.13481673615921988,69,ccc_garch
0.18489196120056664,1.0081287773374252,0.03076923076923077,0.010382792562461109,50,ccc_garch
0.17597554527965703,1.0094427816941822,0.028402366863905324,-0.02373695801396524,57,ccc_garch
0.18653412663822708,0.9899142638254627,0.027218934911242602,-0.023786824648282884,52,ccc_garch
0.22864467640003913,1.1041195079158022,0.08994082840236686,0.04219432686805948,45,ccc_garch
0.17989857134732684,1.021291526862797,0.02603550295857988,-0.10162740104819212,49,ccc_garch
0.20424743192506223,0.9610629443864518,0.05917159763313609,-0.03680550131307648,33,ccc_garch
0.17346679183212244,1.025909557663535,0.022485207100591716,0.04497188872464437,52,ccc_garch
0.18075835886824557,0.890389845494456,0.05562130177514793,-0.19042339913626002,54,ccc_garch
0.20313400417263083,1.0487355213022815,0.06745562130177515,0.0800874933582619,49,ccc_garch
0.18863040531734324,0.9156203221423594,0.01893491124260355,0.003310092084514511,46,ccc_garch
0.1728812997479255,0.8907520888254483,0.01893491124260355,0.01968150948410819,63,ccc_garch
0.14804410458500006,0.9544454279804726,0.002366863905325444,0.15468650003636866,61,ccc_garch
0.21059852589179393,1.0938234357427072,0.07692307692307693,0.12783917085326268,56,ccc_garch
0.18914394526862197,0.9290628314911762,0.014201183431952662,0.1977394625466855,51,ccc_garch
0.19387187359498828,1.0325538766843654,0.05325443786982249,0.022022695858911492,55,ccc_garch
0.2027896216993387,1.0537591823493426,0.08875739644970414,-0.273211823857706,27,ccc_garch
0.20878312606963376,1.0921225658983031,0.054437869822485205,-0.21986472935367046,56,ccc_garch
0.1826777903924744,1.0047066675863812,0.04260355029585799,-0.21336986786221934,68,ccc_garch
0.17114807757620204,0.9192204904047263,0.011834319526627219,0.016495237980698817,44,ccc_garch
0.15453212790002394,0.8783179798843446,0.005917159763313609,-0.09773297361126854,54,ccc_garch
0.2074994062860167,1.0792325502970346,0.06745562130177515,0.1102670631126744,54,ccc_garch
0.17722204568829328,0.8955580622058887,0.02485207100591716,-0.11349163901441303,43,ccc_garch
0.1734895724974672,0.8463505421573996,0.015384615384615385,-0.016957443656467484,44,ccc_garch
0.17518494833477877,0.8012520480596835,0.07928994082840236,-0.029350925184718483,43,ccc_garch
0.19405781893419127,1.1476207156751332,0.054437869822485205,-0.12312363188254305,49,ccc_garch
0.18159294949436008,1.0618262407960355,0.02485207100591716,0.14870309630503462,61,ccc_garch
0.19421090750735276,0.9783036098092774,0.046153846153846156,0.041254634555626835,59,ccc_garch
0.19568147213517248,0.9846807343206334,0.05207100591715976,0.08840846559778108,67,ccc_garch
0.13294205585842722,0.6556454211024058,0.0035502958579881655,-0.24475188316309496,66,ccc_garch
0.1791488050389396,1.047572512808169,0.036686390532544376,-0.3163345729548253,60,ccc_garch
0.15936837844050505,0.9134308015951971,0.005917159763313609,0.1265890369118235,46,ccc_garch
0.15717220750339986,0.7668568643482052,0.005917159763313609,-0.08169141745579124,61,ccc_garch
0.16939090927812447,0.8593655748883717,0.004733727810650888,-0.1258483377777483,71,ccc_garch
0.20536799484301313,1.109288436390238,0.03431952662721893,-0.03063771311625321,75,ccc_garch
0.16842484768043214,0.8294661748653489,0.014201183431952662,-0.28348309986679027,58,ccc_garch
0.20720636061238623,1.1171160197324261,0.08165680473372781,-0.0535545066279691,56,ccc_garch
0.2102097505344353,1.1170106863937757,0.05917159763313609,-0.202782777468814,62,ccc_garch
0.14715870153005334,0.8230072500948159,0.004733727810650888,0.08449030702749136,37,ccc_garch
0.15819026865671554,0.7519380704860804,0.001183431952662722,-0.1666535021853102,56,ccc_garch
0.1730621012453209,1.0176074165131923,0.029585798816568046,0.09595518646269155,71,ccc_garch
0.1868051647873551,1.129866733227629,0.05325443786982249,0.08841487722545427,50,ccc_garch
0.18138591520715716,1.2403793555291345,0.05917159763313609,-0.29623509624402006,61,ccc_garch
0.18494849297033514,1.0010502124758558,0.023668639053254437,0.10071424946901711,54,ccc_garch
0.2059542725517966,1.039809342553177,0.08402366863905325,-0.40311906663372327,57,ccc_garch
0.17332816039272125,0.9518084744558009,0.01893491124260355,-0.15139854350263665,56,ccc_garch
0.16641762069751037,0.9997549470667504,0.03431952662721893,-0.08850152793726862,54,ccc_garch
0.1750297419532823,0.8898225540783308,0.011834319526627219,-0.16005067553635827,50,ccc_garch
0.1827304709133258,0.8610186143898,0.03431952662721893,0.019544621608729495,64,ccc_garch
0.22108186380558698,1.0818172861203355,0.10414201183431952,-0.042779788815550654,49,ccc_garch
0.16819555834251165,0.8562996731869539,0.011834319526627219,-0.13702838987821533,59,ccc_garch
0.22041418369325175,1.0116286525915426,0.04260355029585799,0.08053657019453461,37,ccc_garch
0.17842161445943316,0.9219977218179607,0.028402366863905324,0.15335788536316758,63,ccc_garch
0.19541596025576868,0.8121979844276425,0.01893491124260355,0.0882455044935555,36,ccc_garch
0.19064964820656677,0.9808849678508282,0.02485207100591716,-0.17979938184594604,42,ccc_garch
0.2067389502875417,1.1140748630403192,0.09349112426035502,0.09570664986949394,35,ccc_garch
0.22691993283469497,1.2075895998849524,0.054437869822485205,0.033072547445181344,32,ccc_garch
0.19426359727578882,0.903156583412174,0.04970414201183432,0.05308691512763772,51,ccc_garch
0.17836088477861942,1.0109600352049046,0.04378698224852071,-0.061934212355669385,48,ccc_garch
0.16888923686809434,0.9802028004351105,0.04142011834319527,0.10036391783652754,46,ccc_garch
0.13233606540903864,0.8405475241604851,0.005917159763313609,0.08250446436893287,76,ccc_garch
0.20244990791945092,0.9742343922859773,0.047337278106508875,0.1084304341107916,53,ccc_garch
0.18661636869659431,1.1199963478169792,0.040236686390532544,0.04141577449962125,61,ccc_garch
0.19863082105211521,1.0698518297727808,0.05917159763313609,0.08408535228333874,52,ccc_garch
0.1737776145277799,0.9419808231053218,0.014201183431952662,-0.22868610001735767,45,ccc_garch
0.17943339732661767,0.9330565595537008,0.015384615384615385,-0.2129113433398672,45,ccc_garch
0.19747633774893283,0.9765645516412662,0.03076923076923077,-0.05486235237664564,45,ccc_garch
0.17742533458862855,0.9515603729888334,0.011834319526627219,0.19141312853511927,38,ccc_garch
0.20085955193262026,0.9434223968818432,0.03195266272189349,0.19270976318269306,41,ccc_garch
0.1784832919699077,1.0836743978277052,0.01893491124260355,-0.10309955517411873,55,ccc_garch
0.18685007181385957,0.9089640760494162,0.06153846153846154,0.11148832172052257,49,ccc_garch
0.19141207756475906,0.8725606608869354,0.06153846153846154,0.014597771786717253,48,ccc_garch
0.20773274272762213,1.0112644065355012,0.04260355029585799,0.07785451810690622,52,ccc_garch
0.18948994833104907,0.9745989726118108,0.03905325443786982,0.19450656270575373,45,ccc_garch
0.19424612739774083,1.0718515100117756,0.04970414201183432,-0.04093549726094963,61,ccc_garch
0.15436040858780298,0.7908668970330353,0.005917159763313609,-0.10482182949674287,74,ccc_garch
0.19892304264532132,0.9738455739133774,0.07218934911242604,0.23865885459572841,37,ccc_garch
0.20503114128357156,0.9948857772734951,0.027218934911242602,0.09453590820368281,48,ccc_garch
0.17211383740254937,1.0178955818261435,0.0378698224852071,-0.15082872778102283,46,ccc_garch
0.23909738505529674,1.2431679909483409,0.09230769230769231,0.041556624459371694,46,ccc_garch
0.2069847822934591,1.0508077293672633,0.0485207100591716,-0.364947488180262,45,ccc_garch
0.19716952894825,1.2503561342983671,0.04497041420118343,0.09838924286204918,41,ccc_garch
0.2178753377801585,1.146741237338991,0.06272189349112427,0.09032416767797576,68,ccc_garch
0.19228418528247757,1.1965416002693166,0.03195266272189349,-0.19553189293615725,68,ccc_garch
0.21311247713071213,0.927043515203443,0.047337278106508875,-0.14163165704281763,51,ccc_garch
0.2195590854451596,1.1822120561185714,0.0650887573964497,0.14182409924034292,47,ccc_garch
0.15874013950987667,0.946030744759359,0.03905325443786982,0.004933564329197434,46,ccc_garch
0.19765944405146182,0.9615358316510791,0.054437869822485205,-0.003675638442705569,42,ccc_garch
0.18357238766391695,0.9837033376980849,0.04378698224852071,-0.1345885842752107,49,ccc_garch
0.22065129262608363,0.9989309846979482,0.06863905325443787,0.05863837870757815,51,ccc_garch
0.17242664827531318,0.9918146746460457,0.040236686390532544,-0.23623673529452904,62,ccc_garch
0.15548402661554875,0.75620622119701,0.014201183431952662,-0.06808465170384977,46,ccc_garch
0.16319849675030373,0.9378061213099369,0.020118343195266272,-0.35762831658408445,63,ccc_garch
0.1969385615809431,1.1934501967386228,0.047337278106508875,0.1086122756330865,58,ccc_garch
0.19678129154394944,0.943809619410384,0.040236686390532544,-0.04776562006409963,51,ccc_garch
0.17337907660909263,0.8291162522129742,0.007100591715976331,-0.14603602357734238,56,ccc_garch
0.1994268404277863,1.117696652386931,0.036686390532544376,-0.07626335538057422,57,ccc_garch
0.17406863237916312,1.0355331985973601,0.022485207100591716,-0.03342090672923076,43,ccc_garch
0.2277656526590994,1.1068637675977397,0.08994082840236686,-0.11054018246747482,50,ccc_garch
0.1940602742093956,1.140475683631243,0.036686390532544376,-0.06716248196923512,42,ccc_garch
0.1663678315765874,0.9235546038133728,0.04142011834319527,-0.024012718103892022,56,ccc_garch
0.15572162571474682,0.8549541763591608,0.005917159763313609,-0.07944009911309927,62,ccc_garch
0.17066228741223657,0.8656517068819969,0.008284023668639054,0.12828884928514744,57,ccc_garch
0.19064917404480541,1.0605627811515965,0.027218934911242602,0.1376079926532529,62,ccc_garch
0.22081524095761224,1.0066510259938852,0.07100591715976332,0.2991093242730928,42,ccc_garch
0.1667522615293235,0.8042213181865252,0.002366863905325444,-0.3402140621285442,57,ccc_garch
0.22319310569702286,1.0655315534370609,0.07100591715976332,-0.20166192483084291,30,ccc_garch
0.17620524722778502,0.8964840825612168,0.022485207100591716,-0.1490495192088023,52,ccc_garch
0.21184301330142094,0.9081720414246164,0.04497041420118343,0.08748436168302129,46,ccc_garch
0.20883404216611265,0.994550118909865,0.04497041420118343,-0.17868460309429474,48,ccc_garch
0.17458586371514612,0.9049735835572271,0.011834319526627219,-0.021130369902361387,61,ccc_garch
0.1749938271555173,0.9601038649080715,0.03431952662721893,0.19300894696785,57,ccc_garch
0.18537100465182668,0.9895212179605153,0.03905325443786982,0.07754011930241879,58,ccc_garch
0.19168442557159607,1.1457444540092934,0.0757396449704142,-0.21440327418259317,68,ccc_garch
0.1940240342285199,1.0364018102341945,0.04497041420118343,-0.24130607348424601,59,ccc_garch
0.20997075395229048,1.085158979128469,0.07337278106508875,-0.18190695642911595,40,ccc_garch
0.15728047830948683,0.8273754555948598,0.009467455621301775,0.10393878980852408,83,ccc_garch
0.18600001064539048,0.8509505150963446,0.0378698224852071,0.0783621632142747,45,ccc_garch
0.19144346429464934,1.1230292225374485,0.05088757396449704,-0.09818399609329957,44,ccc_garch
0.15720989701273244,0.7414671345215338,0.02603550295857988,-0.006850881149549134,54,ccc_garch
0.18087385408061954,0.9756728911867552,0.0485207100591716,-0.17239169640133173,39,ccc_garch
0.1752593618907131,0.9556399522384147,0.01301775147928994,-0.013657326826142381,45,ccc_garch
0.18218731296060153,0.8864907725907588,0.028402366863905324,-0.13267547265274718,53,ccc_garch
0.2210487247353568,1.1204203793892509,0.05917159763313609,0.35603615932278737,53,ccc_garch
0.19361828099391012,0.9724190256301559,0.05562130177514793,-0.04583897796544226,42,ccc_garch
0.16850382478012213,0.870617538464747,0.010650887573964497,-0.011135930535123444,60,ccc_garch
0.23420737780101436,1.0656939807952757,0.0970414201183432,0.11277409435004968,44,ccc_garch
0.1464971832384532,0.7299331381991242,0.004733727810650888,-0.14986281079414143,62,ccc_garch
0.18291511064261445,0.9334327338323938,0.016568047337278107,-0.25483606753268645,61,ccc_garch
0.21473943354122102,1.0361853549311646,0.05680473372781065,-0.020266173307013257,57,ccc_garch
0.15894214625827185,0.8289790959791041,0.023668639053254437,-0.21248062200112897,72,ccc_garch
0.24228004192540223,1.3535461669376074,0.11479289940828402,-0.03786441410179881,45,ccc_garch
0.1646637298423699,0.9840446402636465,0.021301775147928994,-0.20213560339206946,66,ccc_garch
0.21740031106915064,1.0451679233634779,0.08520710059171598,-0.13820089999848933,60,ccc_garch
0.21042098671267478,1.170789878155511,0.05680473372781065,-0.13824777697340343,44,ccc_garch
0.18638815536472939,0.978825680905734,0.05680473372781065,-0.24644038583390712,61,ccc_garch
0.176271614210214,0.9148147225764995,0.009467455621301775,-0.06661150054806468,56,ccc_garch
0.20390967047037298,1.1151028163239534,0.04142011834319527,0.18755242783601178,49,ccc_garch
0.1600514553280301,0.8816638366217373,0.01301775147928994,0.001080374935795594,60,ccc_garch
0.19182163816121833,0.9793352485615112,0.03195266272189349,-0.08788048779259597,54,ccc_garch
0.19907590105837028,1.1569321859451864,0.05562130177514793,-0.04621399574266751,67,ccc_garch
0.1811979846344523,1.063159618922878,0.03905325443786982,-0.18114227712719738,80,ccc_garch
0.17985283842303823,1.0776407810902144,0.036686390532544376,-0.1638822511527069,51,ccc_garch
0.23068102144495026,1.0885725070744798,0.10177514792899409,-0.2180969047794359,48,ccc_garch
0.14425457483713663,0.837441590566178,0.01893491124260355,-0.17714598467127501,70,ccc_garch
0.18005208685474108,0.9829391020143543,0.0970414201183432,0.09987066137671037,52,ccc_garch
0.1839199701748982,0.8865629666488215,0.011834319526627219,0.269888816454951,60,ccc_garch
0.19722360375661274,1.178764620623157,0.046153846153846156,-0.006493459102468549,34,ccc_garch
0.15792612147677482,0.842919921455701,0.004733727810650888,-0.07656185789155699,41,ccc_garch
0.2322334905536234,1.1255056280270046,0.06745562130177515,-0.04472616048199771,47,ccc_garch
0.16795809860610322,0.8166032298189052,0.004733727810650888,-0.1346510406873833,40,ccc_garch
0.17318397241957523,0.7703652369860298,0.001183431952662722,-0.009801988545036505,54,ccc_garch
0.2044065612191741,1.2437202331905786,0.04970414201183432,0.027931955264762186,50,ccc_garch
0.1732417902228034,0.8740597339203535,0.015384615384615385,-0.13058493431382404,42,ccc_garch
0.2022116622227225,0.9185569649918923,0.0378698224852071,0.03999754209533555,46,ccc_garch
0.20450375321702335,1.1048485713354679,0.046153846153846156,0.05863243394455183,49,ccc_garch
0.23739211732402765,1.1143668207758815,0.11479289940828402,0.10132236198436845,28,ccc_garch
0.16213516759450095,0.9257694198787628,0.027218934911242602,0.027890224497403197,57,ccc_garch
0.18676106170799894,0.892206692317228,0.011834319526627219,0.15968464592749101,48,ccc_garch
0.1653892304312431,0.8565067640743822,0.0035502958579881655,0.012510604988953511,63,ccc_garch
0.2067581484951268,1.0597932185862229,0.06035502958579882,-0.10559645531308141,59,ccc_garch
0.1829566262088886,0.9129100755434428,0.01301775147928994,-0.05611329814585768,48,ccc_garch
0.1831135677856133,1.0261062310923412,0.02485207100591716,-0.1916923046372413,51,ccc_garch
0.15751867512158613,0.9393278694818622,0.02485207100591716,-0.3769446729431837,54,ccc_garch
0.18521918988334982,0.9308039925431129,0.020118343195266272,0.01137108852959902,64,ccc_garch
0.16703208470649433,0.8728880206091536,0.016568047337278107,-0.22455776519787593,73,ccc_garch
0.19536762632739788,1.2228634222002137,0.047337278106508875,0.09266833302660085,63,ccc_garch
0.20750107450266678,1.0014028440542513,0.07455621301775148,0.14861632603800093,38,ccc_garch
0.17978945674829078,0.9230829450089719,0.01775147928994083,0.033552707890043075,65,ccc_garch
0.19349471815646926,0.9585370296659331,0.028402366863905324,0.08283114446081843,39,ccc_garch
0.1708638940252126,0.9347883863890278,0.022485207100591716,0.17766653990228062,69,ccc_garch
0.20106031363277102,1.1624843155981752,0.05562130177514793,-0.06551559494042833,54,ccc_garch
0.19089881820740975,1.0211418729858206,0.06035502958579882,0.26548348697489976,42,ccc_garch
0.16976676596228998,0.9478163421045054,0.04260355029585799,-0.12026903993440757,36,ccc_garch
0.19197893692906667,1.0382797493663634,0.03076923076923077,-0.025769405087260888,62,ccc_garch
0.22096657481761198,0.9587437868162898,0.04970414201183432,-0.2502024212835582,28,ccc_garch
0.13616599760853826,0.6737612255833537,0.0035502958579881655,-0.03587908489551403,64,ccc_garch
0.19118988757473596,1.0114399131798921,0.05207100591715976,-0.04592323960351733,68,ccc_garch
0.18168349103056114,0.9374608140663507,0.008284023668639054,0.084885443607582,62,ccc_garch
0.18808246456026612,0.9569716105563852,0.022485207100591716,-0.15974125889108745,55,ccc_garch
0.19732461213221658,1.030154464845086,0.03195266272189349,-0.1898259085575564,45,ccc_garch
0.19147925103666907,0.8828468017596371,0.02485207100591716,-0.09526140167789453,48,ccc_garch
0.16516583364126572,0.9665056334748547,0.020118343195266272,-0.15517817336736192,54,ccc_garch
0.20092691113578304,0.8422382417764176,0.005917159763313609,0.25029003491293517,37,ccc_garch
0.19440774217365694,0.8806198634704769,0.010650887573964497,0.05834912557049242,39,ccc_garch
0.21035032375525625,1.1170811494418507,0.046153846153846156,-0.1260218245560252,43,ccc_garch
0.14148353405012468,0.8352182777021713,0.016568047337278107,0.059485310530653444,66,ccc_garch
0.20296415290139552,1.101603366557796,0.04378698224852071,0.10612856936555938,41,ccc_garch
0.15953214187520204,0.8524723957298674,0.014201183431952662,-0.11206631226719119,53,ccc_garch
0.21349441319335805,0.9975758956168437,0.0650887573964497,0.11363044250431015,32,ccc_garch
0.1687813816144894,1.0842451753939675,0.016568047337278107,-0.08959181880755973,68,ccc_garch
0.1584392036946257,0.9015417445704228,0.005917159763313609,-0.25064148368270406,49,ccc_garch
0.16342334809591458,0.9112004253680148,0.016568047337278107,-0.2412840660260352,34,ccc_garch
0.16448927605263325,0.7876485563335587,0.002366863905325444,-0.2157659401189474,66,ccc_garch
0.22525493480062764,1.0418161615120256,0.06390532544378698,0.09064001032466269,47,ccc_garch
0.1748044078213971,1.1191753595412357,0.033136094674556214,0.2954196754440648,37,ccc_garch
0.1522331638843937,0.7284367670154686,0.01893491124260355,0.0870742993670536,43,ccc_garch
0.20953099521323154,1.1005039015684355,0.06035502958579882,-0.3133221632541761,56,ccc_garch
0.16667150897838298,0.8599938233789746,0.009467455621301775,-0.1820528774422872,51,ccc_garch
0.2090749367481458,0.9638076275438587,0.03550295857988166,0.13919124954221285,51,ccc_garch
0.14295428369925203,0.8469273669742032,0.010650887573964497,0.04856153524729551,73,ccc_garch
0.17699180966940783,0.8879921529496645,0.03905325443786982,-0.22521320130471417,64,ccc_garch
0.20144176197416833,1.0250139171715649,0.047337278106508875,0.11151324423675633,62,ccc_garch
0.21303896945325035,1.0578222190890496,0.05680473372781065,0.03801401388941325,53,ccc_garch
0.16541013262228743,0.9782645936516903,0.023668639053254437,-0.19465657402785402,63,ccc_garch
0.17067429200133297,0.9192834335441655,0.021301775147928994,-0.2557869005102285,54,ccc_garch
0.17055204500845328,0.8494047146258015,0.0485207100591716,-0.09737429032918414,48,ccc_garch
0.1839547022126565,0.8811751720443645,0.03076923076923077,-0.06894424050492119,75,ccc_garch
0.17189371618907434,0.9145047740250574,0.022485207100591716,-0.09784795764266038,53,ccc_garch
0.18881900191005832,1.097069975021512,0.04378698224852071,0.0737819347891211,42,ccc_garch
0.2076754085224802,1.0551811438600878,0.05917159763313609,-0.04477449532188863,72,ccc_garch
0.19105656668817877,0.859722327067756,0.06272189349112427,0.35729608411106467,50,ccc_garch
0.219832163933135,1.1458662131573685,0.05917159763313609,-0.23526072333104975,41,ccc_garch
0.19991661597576965,0.8863859763234039,0.01893491124260355,-0.04808701676476359,38,ccc_garch
0.21390559520519148,1.1301779888996553,0.040236686390532544,-0.3394464261182485,47,ccc_garch
0.18838016331033408,0.9984384417595127,0.03076923076923077,-0.07761923359921778,69,ccc_garch
0.21000795677425738,1.2369850060121037,0.0757396449704142,0.15787474188673087,34,ccc_garch
0.23264083169301458,1.0237463825625306,0.06035502958579882,-0.04364236996646985,31,ccc_garch
0.19602607733934016,1.0050511189851887,0.04260355029585799,-0.15578585944140516,57,ccc_garch
0.19115281702845507,1.005900409252685,0.0650887573964497,0.11214416591285839,39,ccc_garch
0.1646130998320275,0.9707178536440293,0.02603550295857988,-0.16358603199841085,80,ccc_garch
0.14477042297670106,0.6785438454864816,0.0,0.04747208101991299,53,ccc_garch
0.2225184824273858,1.0421561140259232,0.07455621301775148,-0.028314598579885664,46,ccc_garch
0.18078530922053757,0.9426890727706378,0.016568047337278107,0.030466143235973124,52,ccc_garch
0.18712152439571247,0.9207314195311715,0.04497041420118343,0.012276037279708767,55,ccc_garch
0.16557159312767056,0.8365898079731469,0.007100591715976331,-0.09856060029914283,43,ccc_garch
0.21295789525143102,1.0411303101693095,0.040236686390532544,0.016370052310226157,49,ccc_garch
0.18381133578025685,0.9810048327132179,0.016568047337278107,-0.06646162005604338,46,ccc_garch
0.20904626903924792,1.1129206027523004,0.054437869822485205,-0.12578914486749068,50,ccc_garch
0.21965166163072636,1.078946585870121,0.06272189349112427,0.13609617977508653,44,ccc_garch
0.1901075988720511,0.9953520978123085,0.05917159763313609,-0.020271384060703383,50,ccc_garch
0.1675404497079841,0.8144743138218411,0.004733727810650888,-0.17050995856736068,46,ccc_garch
0.17959555954957124,0.8671258129806305,0.008284023668639054,-0.09280936670233213,50,ccc_garch
0.19737711789447035,1.1972682418990988,0.05680473372781065,0.1804500425241479,38,ccc_garch
0.16288705724125158,1.0396130163775772,0.021301775147928994,-0.0056543662120070795,73,ccc_garch
0.1820877054115586,0.9178624765868632,0.03550295857988166,-0.2566535518949138,41,ccc_garch
0.20864863158220298,0.9053100444437114,0.05798816568047337,0.11817956194434903,41,ccc_garch
0.19032044855822783,0.9914665675542453,0.028402366863905324,0.05048948236173498,57,ccc_garch
0.19156048312532328,0.9992347846610643,0.05680473372781065,-0.27856619259716947,60,ccc_garch
0.21241542890300752,1.0758049874024764,0.03905325443786982,0.002636737183062907,57,ccc_garch
0.19186299449082,1.0406763249305357,0.022485207100591716,0.17708738072171848,52,ccc_garch
0.17263938195629402,0.8004501182215908,0.004733727810650888,-0.02510329312106265,33,ccc_garch
0.16281097574307227,0.846532838311909,0.004733727810650888,-0.23059558803469857,63,ccc_garch
0.16888714067936675,0.7697638366953374,0.022485207100591716,-0.16304783875963844,44,ccc_garch
0.16093291415057864,0.999985183761279,0.033136094674556214,-0.04244624034088002,36,ccc_garch
0.1911901348821139,1.1657894686633807,0.047337278106508875,-0.02911855590883202,65,ccc_garch
0.20979385989924312,1.0647510322327651,0.05680473372781065,0.06733004132422932,43,ccc_garch
0.20855655636454026,1.0304727072093716,0.05207100591715976,-0.07749951671338119,39,ccc_garch
0.21572979989229357,1.0800549757038247,0.05325443786982249,-0.10903576670013679,43,ccc_garch
0.21424117380628777,1.0714757313225043,0.0757396449704142,0.20429307433481422,47,ccc_garch
0.17840420102842122,0.961161828005934,0.06982248520710059,0.005008547148038747,42,ccc_garch
0.17276626052879612,0.9414717891357851,0.016568047337278107,-0.13845192524161204,78,ccc_garch
0.18722081368120408,0.9878461295518022,0.03195266272189349,0.020810904951923767,56,ccc_garch
0.1942525256101068,0.992205069771837,0.03431952662721893,-0.0458840210639518,60,ccc_garch
0.189968154383933,1.117419861852232,0.06863905325443787,-0.13454565483869504,32,ccc_garch
0.1842297945911297,1.1881848864987208,0.03550295857988166,-0.08286389758389469,43,ccc_garch
0.20082489066492978,1.1329186393928743,0.07100591715976332,-0.12145586937904719,46,ccc_garch
0.17356039790053443,1.022552492057902,0.028402366863905324,-0.04988346050424384,63,ccc_garch
0.16127365301925217,0.7905484464670982,0.0,-0.018740150956513126,60,ccc_garch
0.1820796996335554,0.9540067890914589,0.05917159763313609,-0.2563177076583499,61,ccc_garch
0.1838063882985706,1.2892550996594276,0.023668639053254437,-0.16569892085131688,66,ccc_garch
0.1672891589030349,0.8087744317258111,0.007100591715976331,-0.17150448870889068,31,ccc_garch
0.21120371809386762,1.035608291969648,0.06627218934911243,-0.12203507466855823,57,ccc_garch
0.1952995692990736,1.0051027605007885,0.03431952662721893,-0.30285740587420673,77,ccc_garch
0.18619269268917543,1.0458202686128897,0.036686390532544376,-0.0907616320426841,38,ccc_garch
0.17439669735033775,1.0202589775820496,0.05325443786982249,0.08511048979399279,46,ccc_garch
0.1699954830899154,0.8545576689366412,0.014201183431952662,-0.45596315677029836,69,ccc_garch
0.16333969137320625,1.0043896316164957,0.023668639053254437,-0.10634905829402133,76,ccc_garch
0.20344901461673856,1.062195211457354,0.036686390532544376,0.09910970751658053,49,ccc_garch
0.19051862608565595,0.8659883209043588,0.005917159763313609,0.12300174335413429,38,ccc_garch
0.18493912306972377,1.1335451425766752,0.06153846153846154,-0.25440386880367116,54,ccc_garch
0.2083022200420605,1.0773913985824435,0.054437869822485205,0.06397023574699683,58,ccc_garch
0.19549141306988838,0.9227920025160732,0.046153846153846156,-0.10031313480068388,40,ccc_garch
0.1825564236570612,0.9621053199738383,0.0378698224852071,0.09116351294024706,41,ccc_garch
0.21587686048127672,0.9246357254406778,0.029585798816568046,-0.15621210772166316,51,ccc_garch
0.15217943735529035,0.889282781059884,0.011834319526627219,0.06628215101692948,62,ccc_garch
0.19862776192422857,0.907439613739187,0.015384615384615385,0.3612858521567525,34,ccc_garch
0.18450096458142753,1.0595995693361533,0.04497041420118343,-0.010573728539257287,54,ccc_garch
0.1626282208035282,0.7981698594031642,0.021301775147928994,-0.2616672586795379,59,ccc_garch
0.1983106163218829,1.0801109903814714,0.08757396449704143,-0.09270901621393089,44,ccc_garch
0.21427622659282447,0.9992999520697836,0.04970414201183432,0.3396915087336602,52,ccc_garch
0.20269076946663228,1.0800561619475328,0.05917159763313609,0.29406126890524187,45,ccc_garch
0.19351615342974918,1.1974579884064211,0.06627218934911243,-0.1685154491173552,36,ccc_garch
0.1485492377354611,0.8193825852016727,0.005917159763313609,-0.2750640272597524,77,ccc_garch
0.18548639326977473,1.0385168483659262,0.027218934911242602,-0.08375850528688122,61,ccc_garch
0.21196243970708303,1.232716554711684,0.09822485207100591,0.06225644908891241,49,ccc_garch
0.16758510390630993,0.9365442056162482,0.028402366863905324,-0.08315689484849932,66,ccc_garch
0.20568655943165065,1.0706809428916755,0.05088757396449704,0.20351757480346985,57,ccc_garch
0.17617082699475026,0.8527127027814672,0.01301775147928994,-0.2269956082954396,53,ccc_garch
0.11994769012856606,0.7124973447793626,0.008284023668639054,0.1730288089164376,58,ccc_garch
0.16262000212107772,1.1054434540613172,0.029585798816568046,-0.13388128679337574,51,ccc_garch
0.1968031198818164,0.9678229670906284,0.07810650887573964,-0.1391070053093456,46,ccc_garch
0.17118474817889986,0.7850917429703145,0.01301775147928994,-0.0833922729694299,52,ccc_garch
0.2073741582915021,1.1200928449801653,0.06035502958579882,-0.0428103664455153,70,ccc_garch
0.17517056323524202,1.049407038412089,0.028402366863905324,-0.09506517148666514,65,ccc_garch
0.21777218561716355,1.0526891464306871,0.047337278106508875,0.20009935343482632,40,ccc_garch
0.15806499835926735,0.8956801981475985,0.03195266272189349,-0.06483215532678473,49,ccc_garch
0.18744069604485092,0.9356730244963285,0.05562130177514793,-0.05277262747076449,48,ccc_garch
0.1969629446908334,1.0038095234827695,0.05917159763313609,0.11060033564381153,57,ccc_garch
0.19027008349530172,1.1499558309180493,0.04970414201183432,0.012340350495017485,54,ccc_garch
0.18392321390166724,0.9071159220130157,0.03195266272189349,0.08467156193956275,34,ccc_garch
0.19624925351421146,1.0631845133615576,0.03905325443786982,-0.14592819613388916,42,ccc_garch
0.2029739448000738,0.9742828376309602,0.04497041420118343,-0.018901004992176496,43,ccc_garch
0.1841216359334197,0.988197595448334,0.04970414201183432,-0.005128439563918186,55,ccc_garch
0.18811987912809486,1.0701696440391744,0.04260355029585799,-0.1524393933353383,65,ccc_garch
0.17420708882851074,0.8583146529264948,0.020118343195266272,-0.040220812378893,30,ccc_garch
0.17461663086350987,0.9115431716537783,0.01893491124260355,-0.1823851805967774,45,ccc_garch
0.25417343518447383,1.105999027495531,0.08402366863905325,0.10388523137810489,33,ccc_garch
0.17635438499021722,0.9952706565376797,0.03076923076923077,0.015271642869836021,40,ccc_garch
0.18825899319963432,0.9100555169798041,0.0378698224852071,-0.22996219057629771,36,ccc_garch
0.21504758337769614,1.172075825881083,0.05798816568047337,-0.04380275377673173,42,ccc_garch
0.18627778181537752,1.047853473915096,0.04970414201183432,-0.09153484855714619,49,ccc_garch
0.21005868727949525,1.0911160751923925,0.05680473372781065,-0.3463619607800699,50,ccc_garch
0.16870913732952175,0.7919646714067132,0.0035502958579881655,-0.2744912283973529,42,ccc_garch
0.14998332592989658,0.8020597295697593,0.004733727810650888,-0.26063605956175695,59,ccc_garch
0.14468693710839892,0.8544829733698193,0.011834319526627219,-0.15876341419153583,96,ccc_garch
0.21254523361440886,1.0780375331899137,0.0863905325443787,-0.1578876610814894,56,ccc_garch
0.21408835808056098,1.098113474986556,0.09585798816568047,0.0416443619425963,56,ccc_garch
0.17813712099576734,1.0297715217501455,0.020118343195266272,0.06933429106193952,23,ccc_garch
0.1495195648270604,0.7233036853863706,0.002366863905325444,0.18686034451061553,47,ccc_garch
0.17599397132173564,0.9470108008084283,0.01301775147928994,-0.20414948777873568,61,ccc_garch
0.18687992975961226,1.0367536666099433,0.029585798816568046,-0.006750773646626534,55,ccc_garch
0.16734464782936903,0.775339475251276,0.0,-0.10218740780609235,53,ccc_garch
0.18550013004576096,1.025817232391089,0.07100591715976332,-0.02330162540159321,64,ccc_garch
0.19542880328000345,1.0939535771656277,0.0485207100591716,-0.27121168349858615,57,ccc_garch
0.17119582710266737,0.930780746211118,0.01893491124260355,0.10830706505802497,46,ccc_garch
0.17119321912826524,0.8358424402837199,0.05562130177514793,-0.13384738415669925,68,ccc_garch
0.19174580482398046,1.080921056133962,0.04378698224852071,-0.08737270365289958,43,ccc_garch
0.21614985205481974,1.1183934696412505,0.047337278106508875,0.0019669655732515922,40,ccc_garch
0.17023451540884388,0.873434011960746,0.008284023668639054,-0.24738805836941535,55,ccc_garch
0.23298408266490603,1.0353047613872484,0.09585798816568047,0.15484074684310628,37,ccc_garch
0.20854188195861678,1.0967882256335435,0.06035502958579882,-0.013742510578945986,46,ccc_garch
0.19311247221030148,1.008436668883343,0.05325443786982249,-0.012563748136624172,40,ccc_garch
0.1369803427499976,0.7267918193846086,0.0,-0.16930175299970704,54,ccc_garch
0.17157959279912197,0.8780932655024518,0.016568047337278107,-0.06496326236231487,51,ccc_garch
0.17110292239042468,0.9364665972900014,0.009467455621301775,-0.5775207397165221,64,ccc_garch
0.18551350587850746,0.961023687566557,0.06153846153846154,-0.14048256097709605,42,ccc_garch
0.2348624931871958,1.1906207200026233,0.08757396449704143,-0.3809801745901829,52,ccc_garch
0.13381247116344505,0.9010280786319349,0.007100591715976331,-0.07391585178483956,44,ccc_garch
0.17625145548990484,0.8934303916838068,0.04378698224852071,0.25716343998087116,67,ccc_garch
0.19851377354459585,0.946665948677486,0.028402366863905324,0.19813382605256877,63,ccc_garch
0.15557379717467185,0.7465227776959242,0.0035502958579881655,-0.22635648807404524,75,ccc_garch
0.1927806760193311,1.1005883607433673,0.040236686390532544,-0.04813883891854722,43,ccc_garch
0.17997239487085417,0.9396261388827309,0.028402366863905324,-0.020490456013019274,53,ccc_garch
0.20721754897549874,1.055816919048848,0.040236686390532544,0.14445383990241598,57,ccc_garch
0.16852694668285972,0.8789286834610746,0.023668639053254437,-0.11917593984085763,76,ccc_garch
0.17370133016324074,0.9507446879033271,0.01301775147928994,-0.003120194238999498,63,ccc_garch
0.1800439108946347,0.9716308847115486,0.029585798816568046,0.06552081202138271,57,ccc_garch
0.14539318502496817,0.7112879932307504,0.0,-0.23918497822899773,59,ccc_garch
0.19214928323877978,1.0417704199937812,0.020118343195266272,0.14855574924980638,53,ccc_garch
0.20809331196530745,1.0915471884023735,0.06982248520710059,-0.09721578455858172,42,ccc_garch
0.14060829066753716,0.7601609545358843,0.010650887573964497,-0.2003611359680667,63,ccc_garch
0.23058617210793947,1.195748634666252,0.07455621301775148,0.049724612371364635,37,ccc_garch
0.17772398636433023,1.0651945819297752,0.023668639053254437,-0.1340489529044413,63,ccc_garch
0.1558833225427854,0.8539139487538189,0.009467455621301775,-0.009417249225107654,56,ccc_garch
0.21680588483094979,1.1053913614260427,0.08284023668639054,-0.10011863190968585,47,ccc_garch
0.20112017650215142,1.0037306267143637,0.04970414201183432,0.07046908861927882,54,ccc_garch
0.20876887062640334,0.9563459414466284,0.03431952662721893,0.04800060688099396,42,ccc_garch
0.22542537843313504,1.3843051195929126,0.09940828402366864,-0.015976179194338073,39,ccc_garch
0.194775703059188,1.042919830406849,0.016568047337278107,-0.034207096001520554,37,ccc_garch
0.24061116715230751,1.2494151151333073,0.11005917159763313,0.24205780998672807,40,ccc_garch
0.19010797236455995,0.9370120480807589,0.01893491124260355,0.026630684002084536,51,ccc_garch
0.18206638168924913,1.0710191694580773,0.04497041420118343,-0.042948590004601966,48,ccc_garch
0.20413427577851462,0.9521961804127637,0.02603550295857988,0.003379054615349405,26,ccc_garch
0.171792835146481,0.9496734222816237,0.014201183431952662,-0.08156963147946335,57,ccc_garch
0.2557370339988427,1.0864800734869635,0.16331360946745563,-0.040713738449791925,42,ccc_garch
0.18099802297185827,0.966866290553617,0.04970414201183432,-0.000871771161040277,51,ccc_garch
0.18982513419846836,0.9099933764712096,0.010650887573964497,0.19436383257150852,47,ccc_garch
0.201098078208907,0.9598509553188221,0.06035502958579882,-0.007670818622256363,38,ccc_garch
0.20173032257655257,1.0493178935921628,0.07337278106508875,-0.09837794600816546,40,ccc_garch
0.2076091745969892,0.9871346646461596,0.040236686390532544,0.010773154362994216,41,ccc_garch
0.18844984777265703,0.9945169622205821,0.01775147928994083,0.0007876570827057122,79,ccc_garch
0.1319417281681553,0.6880037336994276,0.009467455621301775,-0.27863632032937496,64,ccc_garch
0.16114898759364243,0.8087996984180756,0.002366863905325444,-0.04644467086337793,62,ccc_garch
0.21768171908192802,1.015462083417411,0.05562130177514793,0.14504297962611726,29,ccc_garch
0.19850276431434793,1.1169718374528494,0.05088757396449704,-0.10579134862628504,69,ccc_garch
0.19547318747558454,0.935267350618223,0.03905325443786982,-0.01792723011101638,46,ccc_garch
0.1631115336489221,1.033766170088084,0.01775147928994083,-0.15245980706420548,77,ccc_garch
0.21335034750681997,1.0775740031124164,0.0757396449704142,-0.17208760217024352,40,ccc_garch
0.14646329036077613,0.8524154681162185,0.008284023668639054,0.05800047715398551,78,ccc_garch
0.19202894294179335,0.9645113148233418,0.05562130177514793,-0.21496029279970302,64,ccc_garch
0.17586472966040917,0.8114584329123271,0.047337278106508875,0.15522144516592118,34,ccc_garch
0.21193810806699268,1.0894639097995695,0.07692307692307693,-0.07318359740770258,71,ccc_garch
0.1993500326377087,1.0583422940921063,0.04970414201183432,-0.10109386639949874,59,ccc_garch
0.222526651943422,1.0970044442831686,0.07692307692307693,0.004439169162029807,53,ccc_garch
0.16147518374100864,0.7860014517210667,0.01301775147928994,0.031299328230228914,66,ccc_garch
0.18072620834274328,0.9246709494997554,0.022485207100591716,-0.132747423962836,56,ccc_garch
0.18259322709618864,1.0139518298855497,0.05917159763313609,-0.06064026398316027,39,ccc_garch
0.22173792301544917,1.086942147973876,0.08165680473372781,0.2213399321903654,51,ccc_garch
0.18120793640003705,0.9322656165466294,0.02603550295857988,-0.2909023937730943,49,ccc_garch
0.18578624028914348,1.004404171157413,0.023668639053254437,0.13667309325448473,55,ccc_garch
0.1970256358891803,1.09826204038837,0.05088757396449704,0.17499354682050802,41,ccc_garch
0.1428719987476849,0.797971559643969,0.016568047337278107,-0.38429230919415824,50,ccc_garch
0.16223761069962805,0.8833091899884069,0.004733727810650888,0.08559020896459041,59,ccc_garch
0.170719544805809,0.8263180906561868,0.029585798816568046,0.15882736573457568,48,ccc_garch
0.226735978364019,1.1381969415437339,0.07337278106508875,-0.4356698569072933,37,ccc_garch
0.18335749948521915,1.0194969970005368,0.04260355029585799,-0.13189657897134524,57,ccc_garch
0.2294946786588756,1.102431328509518,0.08520710059171598,-0.07537897818301795,49,ccc_garch
0.19163584228144395,1.1286747219403281,0.04142011834319527,0.09443194616928698,55,ccc_garch
0.19214152004046428,1.0187543922020872,0.02603550295857988,-0.14477699566994762,59,ccc_garch
0.2402264561320684,1.1637429505712258,0.08994082840236686,0.048050545929233246,36,ccc_garch
0.224748715731204,1.2703365863926734,0.06627218934911243,-0.38836942089373583,54,ccc_garch
0.20726353035340275,1.0039605375796667,0.03550295857988166,0.2275036321870307,35,ccc_garch
0.1739399988931506,0.8819817630974405,0.015384615384615385,-0.12546467623357654,53,ccc_garch
0.1979736282724244,1.0910724534423355,0.06272189349112427,-0.12324284580771039,55,ccc_garch
0.2167374021574172,1.1188694724876536,0.09112426035502959,0.10250786025315892,44,ccc_garch
0.21834038170781558,1.0424964725558645,0.1076923076923077,0.030022356463836844,56,ccc_garch
0.1987091739463317,1.1068215776361954,0.05680473372781065,0.07696766478855824,64,ccc_garch
0.17313751329244242,0.9305344739572599,0.022485207100591716,-0.35697965256126785,73,ccc_garch
0.16244552741614712,0.901092511285388,0.010650887573964497,-0.17594573336525415,62,ccc_garch
0.2520721854863073,1.2504297572794794,0.11952662721893491,0.18495979580992852,39,ccc_garch
0.1891295715165863,1.0089798960676482,0.05680473372781065,0.08335064601384568,72,ccc_garch
0.24714427486578805,1.0952045579034428,0.1289940828402367,0.09981395070662612,53,ccc_garch
0.21416510553359025,1.2998895124395142,0.05207100591715976,-0.3127751091718625,36,ccc_garch
0.1942391887598828,1.0129174491973039,0.03905325443786982,0.04768163392662219,51,ccc_garch
0.18882989697373426,0.9735148854977245,0.03195266272189349,-0.133670488069999,53,ccc_garch
0.18310728818514,0.8862625004756681,0.0485207100591716,-0.03262313614144032,56,ccc_garch
0.18593889872900615,1.066829530985423,0.03550295857988166,-0.12853623352314109,42,ccc_garch
0.19056497394677677,1.0327816653475057,0.03905325443786982,-0.14565835075264927,53,ccc_garch
0.21530147248926296,1.006970383907558,0.05798816568047337,-0.10495012768992214,33,ccc_garch
0.21184032245312584,0.9754754752254967,0.05325443786982249,0.09857700586640787,42,ccc_garch
0.16916473992662112,0.877520903110725,0.004733727810650888,0.10870479396410625,42,ccc_garch
0.19491928352646065,1.0053088151968352,0.02603550295857988,-0.05892736327972155,64,ccc_garch
0.17833776740751095,1.0177224184639113,0.046153846153846156,-0.18843400569556043,80,ccc_garch
0.18385859613102898,1.0166100221516459,0.047337278106508875,-0.08968841288123267,57,ccc_garch
0.18562045089023413,1.0463749802397888,0.023668639053254437,-0.21324781880045424,38,ccc_garch
0.16780073921831498,1.007310490082073,0.05325443786982249,-0.0854964193619882,50,ccc_garch
0.14796946919252962,0.8639755010519556,0.001183431952662722,-0.007958138720963187,59,ccc_garch
0.1840896145370801,0.8819306217749306,0.016568047337278107,0.15783596671224592,40,ccc_garch
0.22326080981334562,1.0516305573203302,0.04970414201183432,0.1489288880835204,51,ccc_garch
0.1619424626339493,0.8225286765708697,0.005917159763313609,-0.250272056722675,72,ccc_garch
0.19675596234514894,1.0589238171789743,0.040236686390532544,-0.10853306364446579,52,ccc_garch
0.19681842099079547,1.0615561236266673,0.09349112426035502,-0.06045442495652856,41,ccc_garch
0.18726099767459703,0.9442844634208525,0.033136094674556214,-0.136118107947632,31,ccc_garch
0.19990861063825877,1.0285519731392352,0.05798816568047337,-0.2179675603416373,50,ccc_garch
0.20282718143696657,1.150100941854873,0.0378698224852071,-0.05917195532687311,47,ccc_garch
0.19906754564507598,0.9452606876586341,0.03550295857988166,-0.27989774026445163,47,ccc_garch
0.18778165648713152,1.0480957126579038,0.046153846153846156,0.10769792366188807,54,ccc_garch
0.1920773352781891,0.929010779426541,0.01893491124260355,-0.3523616468742615,55,ccc_garch
0.1963845732109209,0.9529502413513958,0.027218934911242602,0.0878423767745992,49,ccc_garch
0.17902743944976188,0.9729858853422323,0.05207100591715976,-0.13286135378912725,69,ccc_garch
0.1899624472505738,1.1403939117967052,0.07100591715976332,-0.0476610852506692,46,ccc_garch
0.22410483373679843,1.0506840349792106,0.06863905325443787,-0.2409655805397972,44,ccc_garch
0.19455208534681773,0.9384649195045246,0.036686390532544376,-0.14250317023662726,55,ccc_garch
0.21075184479057166,1.0321635836470042,0.07692307692307693,-0.11669017298845785,45,ccc_garch
0.19008361532660312,0.9253442893797392,0.027218934911242602,-0.17903430145947186,45,ccc_garch
0.16469184961358743,0.7898106318968319,0.002366863905325444,0.01083011196385341,41,ccc_garch
0.1641376221301469,0.8725444738556305,0.007100591715976331,0.125357421682394,61,ccc_garch
0.20571706003573814,0.8991668322537781,0.046153846153846156,-0.0791359474110812,52,ccc_garch
0.14832837618883257,0.728018846749658,0.010650887573964497,-0.30886805823681807,60,ccc_garch
0.19917528590616373,0.9058927666015395,0.040236686390532544,-0.1822275583760715,58,ccc_garch
0.18143612945587817,1.0938931768377582,0.054437869822485205,-0.045611368149440196,57,ccc_garch
0.15788097043707844,0.8553185663716626,0.005917159763313609,-0.13001529380641294,53,ccc_garch
0.15828062938070825,0.8051073135349716,0.002366863905325444,-0.029730252728883747,41,ccc_garch
0.19984924378562233,1.0537137317194856,0.08402366863905325,0.16066658099566936,53,ccc_garch
0.1714431856355194,0.9911939444647835,0.029585798816568046,-0.05122733220603431,64,ccc_garch
0.16505465743503836,1.0436745579895752,0.023668639053254437,0.16649034840520738,55,ccc_garch
0.214172010397524,1.0364839950029776,0.08165680473372781,0.2378957618667128,50,ccc_garch
0.1622256880832535,0.7603356860838102,0.015384615384615385,-0.03374974189880301,77,ccc_garch
0.1795915169718822,0.8568149589947407,0.09349112426035502,0.3614503182913085,47,ccc_garch
0.16754073186603227,0.9624607486758803,0.01893491124260355,-0.03969879475954339,57,ccc_garch
0.17321071648672096,0.9944160490547813,0.009467455621301775,-0.24997566926987017,44,ccc_garch
0.20827087007466366,1.1492916133070081,0.05680473372781065,0.29901315144232227,24,ccc_garch
0.17528232349440054,0.9522877682245503,0.01301775147928994,-0.2741436057216679,55,ccc_garch
0.1644106565183518,0.8611680932973839,0.03076923076923077,0.04915908151820357,51,ccc_garch
0.1686633456620515,1.0598178469070716,0.016568047337278107,-0.2838593379917874,52,ccc_garch
0.20519717161912643,1.2584995389967806,0.06272189349112427,-0.11535758777273943,46,ccc_garch
0.2009647905646067,1.0410550472914677,0.05088757396449704,-0.27488475125234424,48,ccc_garch
0.20161601006924032,1.0218511088949938,0.0378698224852071,-0.05702854217000653,53,ccc_garch
0.18535554471741106,0.971098569317435,0.04260355029585799,-0.27114241178297194,68,ccc_garch
0.17628598788639221,0.95425203068657,0.04378698224852071,0.056084819232924306,43,ccc_garch
0.19269167555211003,1.1206422004865484,0.046153846153846156,-0.14622391742202073,62,ccc_garch
0.15503613215932424,0.8654397940454536,0.004733727810650888,-0.09962945964577584,57,ccc_garch
0.1860989721017899,0.8933991828451663,0.03905325443786982,0.011493538427919186,63,ccc_garch
0.20596897425465857,1.046838107513934,0.06627218934911243,0.04479907756903911,37,ccc_garch
0.2039082210476115,1.0499081831131658,0.05088757396449704,-0.052688728818813556,43,ccc_garch
0.1764317727515067,1.0105198706602798,0.02485207100591716,0.11807507546971692,52,ccc_garch
0.20277998074049294,0.9648655070423915,0.05088757396449704,0.33541308555399435,61,ccc_garch
0.18447139167534704,0.9039254447690586,0.04260355029585799,-0.2576855360594247,54,ccc_garch
0.21821234630977873,1.1395002657528184,0.10414201183431952,0.0692956417547804,34,ccc_garch
0.19212465834644185,1.1220829966037658,0.0378698224852071,0.22063381098438822,44,ccc_garch
0.17521981891021607,0.9053247357192655,0.020118343195266272,0.09767231104223165,59,ccc_garch
0.22562288532087024,1.075432024846561,0.10650887573964497,-0.037988126187552235,51,ccc_garch
0.22447038299365682,1.11968002187474,0.07810650887573964,0.10702814354445706,47,ccc_garch
0.2016260721509811,0.990419174100329,0.02485207100591716,0.06257749278665894,59,ccc_garch
0.16521973797093115,0.8116568239124522,0.0035502958579881655,-0.11547258834576712,54,ccc_garch
0.16494325966657897,0.8339052721208275,0.015384615384615385,-0.1422425188174618,62,ccc_garch
0.18911122239800557,0.9524366806554841,0.04497041420118343,0.033889678861780764,30,ccc_garch
0.19439274674113013,1.1128446668715148,0.047337278106508875,-0.019440940284617316,70,ccc_garch
0.18542648415555826,0.9267488989470754,0.016568047337278107,-0.15465159616740023,66,ccc_garch
0.2118661282156192,1.05593264648545,0.04260355029585799,-0.059272835947932256,42,ccc_garch
0.17104157416727023,0.9693010239745443,0.010650887573964497,-0.23669742633493535,53,ccc_garch
0.19966220268674184,1.046581968442816,0.04497041420118343,-0.34748801995689327,63,ccc_garch
0.16133651212306413,0.7415551920418635,0.054437869822485205,-0.2616141752782284,38,ccc_garch
0.1807071179643409,0.9234275441872173,0.029585798816568046,-0.060815258056513076,56,ccc_garch
0.1703546114281054,0.807342304936151,0.028402366863905324,0.03704256776644927,43,ccc_garch
0.20000019510258052,1.146382342705601,0.08284023668639054,-0.06386997236574275,40,ccc_garch
0.16423376542335213,0.9987809478501921,0.020118343195266272,-0.1022560463126412,61,ccc_garch
0.16539232145642546,0.9129680151022064,0.01893491124260355,0.06012025112810536,45,ccc_garch
0.1505661875281161,0.8513099459101166,0.008284023668639054,0.024026721297225665,38,ccc_garch
0.1770464095079391,0.9671565281462369,0.05088757396449704,-0.15661902704172823,33,ccc_garch
0.13637949933529725,0.6877064868076627,0.002366863905325444,-0.15067362478815796,43,ccc_garch
0.2156531924829787,1.1694696590346463,0.0485207100591716,-0.2104223600473042,41,ccc_garch
0.2080014721004733,0.9631138980720225,0.047337278106508875,0.08463681665473716,34,ccc_garch
0.2229287856374029,1.0782071965049564,0.05680473372781065,0.2647173193536193,32,ccc_garch
0.19212813088042577,1.050821613822991,0.046153846153846156,-0.08131894687444631,51,ccc_garch
0.19755205293304384,1.1613924739773445,0.05562130177514793,-0.041994631661799356,54,ccc_garch
0.19304289938432106,1.0045386730176413,0.04497041420118343,-0.09871069945315417,48,ccc_garch
0.20159700255657742,0.9726596180614939,0.02603550295857988,0.13623397819503166,47,ccc_garch
0.20240024326604344,1.0558753655159732,0.033136094674556214,-0.26109902519956746,44,ccc_garch
0.18666426112418547,0.8446700036245578,0.008284023668639054,0.0028798592036772875,40,ccc_garch
0.18504955832348113,0.9381052438804727,0.03550295857988166,-0.09969866932323404,58,ccc_garch
0.1991704127948909,1.081578246437224,0.047337278106508875,-0.021199033717392887,58,ccc_garch
0.19886885770403606,1.0470482640875964,0.03550295857988166,0.08428012279699808,41,ccc_garch
0.23197481342974807,1.0088111542407705,0.06982248520710059,0.11100509348148498,53,ccc_garch
0.2091386847558091,1.0804627132467368,0.05798816568047337,0.33314544607339525,58,ccc_garch
0.2262248258151839,1.2820117806648967,0.07810650887573964,-0.11593701400207077,56,ccc_garch
0.19257812277009392,0.8461547246737289,0.008284023668639054,-0.14293069036301198,50,ccc_garch
0.15309272183753816,0.9037896796090528,0.015384615384615385,-0.1245514173182989,62,ccc_garch
0.17904806669530127,0.8173739411519902,0.028402366863905324,-0.20630305519835748,76,ccc_garch
0.16040164994873424,0.9199073984206769,0.015384615384615385,0.008675832360254852,75,ccc_garch
0.19206933028153583,0.9166989205743947,0.047337278106508875,0.0867271961213774,62,ccc_garch
0.16718371724499215,1.0823021812222224,0.03905325443786982,-0.2574169618925649,60,ccc_garch
0.1597700658414258,0.8126859010127425,0.01301775147928994,-0.3318103336391279,67,ccc_garch
0.15599110503641084,0.9372893365529049,0.02603550295857988,0.0863130108884245,60,ccc_garch
0.16911528726107725,0.9447532535858848,0.04497041420118343,-0.035573246569647485,47,ccc_garch
0.19023417490851216,0.8954698834792543,0.022485207100591716,-0.007689626274276577,38,ccc_garch
0.16053874243731353,0.9148464003384278,0.015384615384615385,-0.20959002527117493,31,ccc_garch
0.16139976065895978,1.0137734589328484,0.04260355029585799,-0.02452461324621149,80,ccc_garch
0.1875922333895171,0.9163804825761201,0.023668639053254437,-0.16294137723391933,47,ccc_garch
0.16117932048052988,0.8765005159547352,0.014201183431952662,-0.1403739749080734,54,ccc_garch
0.1665772171667383,0.9729853651924059,0.02485207100591716,-0.13205619085731085,46,ccc_garch
0.16040141444993253,0.7949277857500883,0.005917159763313609,-0.09617301269775105,61,ccc_garch
0.23031203386459184,1.035677491348232,0.047337278106508875,0.20794598584290355,33,ccc_garch
0.1770023316393356,0.9234355800332217,0.015384615384615385,0.004887532042908691,49,ccc_garch
0.18249631225122764,0.9465293928961585,0.05562130177514793,-0.23732029610247932,39,ccc_garch
0.19876371314357882,1.0038690988005807,0.036686390532544376,-0.05097175213091713,69,ccc_garch
0.15550871149865084,0.8331482226088116,0.020118343195266272,-0.1302105305715089,53,ccc_garch
0.19259984705372898,0.9152701375827674,0.06035502958579882,-0.14011612061186726,43,ccc_garch
0.14139042060324686,0.7891097791966499,0.002366863905325444,-0.143358376276692,69,ccc_garch
0.20387236007040727,0.8971674834327203,0.016568047337278107,0.23446190048663973,42,ccc_garch
0.14499926848409944,0.7273265363640777,0.0,-0.05260695188902294,64,ccc_garch
0.16990862844899088,0.9006315588184928,0.020118343195266272,-0.14680742010744366,68,ccc_garch
0.16576063859704543,0.8293007138518393,0.004733727810650888,-0.24290911566600934,35,ccc_garch
0.18462020445024577,1.0640019965521694,0.040236686390532544,0.016061554096269318,50,ccc_garch
0.2027018533407964,1.0135759713259678,0.05325443786982249,-0.13249983657422498,56,ccc_garch
0.20606342025668345,1.1824061479852221,0.06390532544378698,-0.06424933892142218,52,ccc_garch
0.18547738668167646,0.9375374163754575,0.016568047337278107,-0.3963767327759521,46,ccc_garch
0.1567391933062139,0.9415797513675686,0.0378698224852071,-0.006186265166382256,68,ccc_garch
0.19583671446666684,1.0224966653706171,0.08402366863905325,0.09453867491205649,60,ccc_garch
0.1692476449636172,0.9678877922760021,0.015384615384615385,-0.009842039349944588,51,ccc_garch
0.1664341219418616,0.81251141816103,0.020118343195266272,-0.13091046528577271,47,ccc_garch
0.19658497746692644,1.0259008370539755,0.07692307692307693,0.06168359895933305,65,ccc_garch
0.21352776548398733,1.08626820442542,0.06982248520710059,-0.21392275545862688,60,ccc_garch
0.19737994795293254,0.9729368823633873,0.03076923076923077,0.13580816946776764,47,ccc_garch
0.1913575613207992,0.8374564888340345,0.06390532544378698,0.002462843212185206,41,ccc_garch
0.18724474721366938,0.9755207772926273,0.0378698224852071,-0.006085886729212643,45,ccc_garch
0.15886065649565478,0.8979286287478487,0.01301775147928994,-0.22403369982426907,56,ccc_garch
0.20296128630022414,1.0109670902346435,0.05562130177514793,0.21893676563675257,57,ccc_garch
0.17555546906141714,0.9597331067119714,0.028402366863905324,0.10826348760308441,37,ccc_garch
0.18087426149413874,0.9759717708167122,0.028402366863905324,-0.15349185713608832,46,ccc_garch
0.17591926340379305,0.8423236065519457,0.016568047337278107,-0.15999168263233535,46,ccc_garch
0.21038080398228312,1.081735696162395,0.06153846153846154,-0.14263507864467498,39,ccc_garch
0.26887700932653746,1.2353237313717442,0.15857988165680473,0.23050588435017696,43,ccc_garch
0.21498803958245885,1.066145801602996,0.06272189349112427,-0.187467549299409,36,ccc_garch
0.2033990152471689,1.2000732898717494,0.036686390532544376,-0.1683137384543102,62,ccc_garch
0.16796842650007643,0.8915688935886656,0.02485207100591716,0.01716764820526335,53,ccc_garch
0.19485909767194803,0.9340188177653204,0.046153846153846156,0.10833343464455085,39,ccc_garch
0.20773263018313204,1.1175126289911899,0.06390532544378698,0.0025319382410374297,58,ccc_garch
0.1751757794534267,0.9533108005084778,0.027218934911242602,0.022243055291684473,63,ccc_garch
0.17822557346019546,0.9160521931046817,0.05088757396449704,-0.1520593115629618,59,ccc_garch
0.16977724145518128,0.8603668717914399,0.015384615384615385,-0.19799447030462036,44,ccc_garch
0.1813323276448703,0.8887980521922791,0.027218934911242602,-0.2740811610808837,60,ccc_garch
0.17130199880593416,0.9614844454447915,0.0485207100591716,0.009814284984377092,63,ccc_garch
0.1683557595642911,0.9664936141470384,0.02485207100591716,-0.26555692978505746,50,ccc_garch
0.19274136693293975,0.9123890099342815,0.022485207100591716,-0.18344978951773588,51,ccc_garch
0.16409579984124062,0.8472107696124673,0.011834319526627219,-0.11454235696092556,57,ccc_garch
0.18101762633867685,0.9580069272488307,0.009467455621301775,-0.019524414501490325,42,ccc_garch
0.18135441081105294,0.97784827613205,0.02485207100591716,-0.2933624805627326,66,ccc_garch
0.20227620287126155,0.9993698027953613,0.04497041420118343,0.14940228585833173,50,ccc_garch
0.18684076968681707,1.077805358160849,0.04260355029585799,0.06975257777621299,50,ccc_garch
0.1744975723767589,0.829244071650338,0.021301775147928994,-0.20721823900814815,53,ccc_garch
0.18575871013914586,0.9093234171400231,0.04260355029585799,0.18397450884965855,39,ccc_garch
0.20573730467804996,1.1845011664796075,0.06272189349112427,0.1402400796345901,54,ccc_garch
0.16228482007947814,0.8156711414991324,0.0035502958579881655,0.1772684034548622,51,ccc_garch
0.18828689172086732,0.8826594359928901,0.015384615384615385,0.21976221262961101,50,ccc_garch
0.16897934405189408,0.8257681157367847,0.002366863905325444,0.15384909709289862,66,ccc_garch
0.19661673291681683,1.0756386847526433,0.036686390532544376,-0.08253422091992778,66,ccc_garch
0.18580164612818345,0.9167678948948422,0.036686390532544376,-0.29919616075812044,59,ccc_garch
0.19706873061021196,1.0006917994660294,0.06745562130177515,0.10272662151909678,47,ccc_garch
0.19100325986280545,0.9421845400663335,0.03550295857988166,-0.075067935385286,40,ccc_garch
0.14976573567946597,0.8922282417371353,0.007100591715976331,0.054332599309663034,71,ccc_garch
0.23291792346976417,1.1895050838938879,0.08757396449704143,0.02213124354768362,56,ccc_garch
0.1738828273241389,0.8754226993195678,0.011834319526627219,-0.08608809067633745,58,ccc_garch
0.17310203250137693,0.9344306972977023,0.023668639053254437,-0.11259402121705106,55,ccc_garch
0.23103984791856677,1.1058669392700295,0.05917159763313609,0.12691399422718022,37,ccc_garch
0.18860414534280334,1.0549410943792288,0.03431952662721893,0.013968012281392068,61,ccc_garch
0.1673444169668273,0.9121121344036107,0.011834319526627219,-0.023576660303941382,60,ccc_garch
0.16388094244755952,0.8124061531917512,0.05088757396449704,-0.28272507536447977,67,ccc_garch
0.18061581583696928,0.9267104061187436,0.020118343195266272,-0.1509322698143789,68,ccc_garch
0.14736908584916963,0.803075819312665,0.001183431952662722,-0.15131276969010296,62,ccc_garch
0.19269960574411935,1.0811700120811143,0.0485207100591716,0.19637008966593528,59,ccc_garch
0.19949050339145397,1.1357461033112688,0.07455621301775148,0.13035450297095144,53,ccc_garch
0.20175441577309444,1.1018118352739192,0.06982248520710059,-0.07610580369461711,52,ccc_garch
0.20469557760534995,1.0042245209939809,0.0650887573964497,0.196964135252255,46,ccc_garch
0.1658042791992317,0.8767022293015247,0.015384615384615385,-0.19641100500874895,46,ccc_garch
0.18723677847560194,0.9610196849257623,0.01893491124260355,-0.22280629459208467,57,ccc_garch
0.17734146323756522,0.7934117714989624,0.022485207100591716,-0.1370273083424321,58,ccc_garch
0.17684796990903606,1.269626641522018,0.040236686390532544,-0.03237739454726438,70,ccc_garch
0.20051786620770412,1.0113767179026651,0.04970414201183432,-0.08041888607993848,45,ccc_garch
0.16844412137709888,0.8971575264539068,0.014201183431952662,0.11636178330419455,50,ccc_garch
0.20712575257073743,1.2000277027133706,0.06035502958579882,0.2441881127388941,58,ccc_garch
0.20854642802654236,1.006468013128651,0.04497041420118343,0.0847559323524666,45,ccc_garch
0.21441888752012317,1.2648828690395284,0.07928994082840236,0.03557765472418866,51,ccc_garch
0.2084450224136821,1.1456265641738355,0.0650887573964497,-0.19915986273282957,61,ccc_garch
0.16311816649878302,0.9077799957083676,0.014201183431952662,-0.09111541021339194,65,ccc_garch
0.14721498823113774,0.7307167929914999,0.0,-0.27665285173682347,64,ccc_garch
0.20528137834270446,1.3123768751131228,0.07455621301775148,-0.07804097978963895,50,ccc_garch
0.20660355067781916,0.9940052026760392,0.03550295857988166,-0.11993562911714532,47,ccc_garch
0.19146446114192467,1.088407621417196,0.036686390532544376,0.016372328411868847,53,ccc_garch
0.22748425612358683,1.0670200723072727,0.05917159763313609,0.040832942751620485,44,ccc_garch
0.15115383097548815,0.9818625355843704,0.016568047337278107,-0.2159679840551285,44,ccc_garch
0.16808475561609504,0.8960039062595899,0.022485207100591716,-0.3770549660211742,55,ccc_garch
0.19358746572004915,1.0598701887464779,0.047337278106508875,-0.053237907246993996,61,ccc_garch
0.15648213014655724,0.8042126350855745,0.001183431952662722,-0.06635787410097888,49,ccc_garch
0.17823892536388766,0.8209614241648588,0.02603550295857988,-0.020601506330131268,63,ccc_garch
0.17892135821038746,1.0400269378910494,0.028402366863905324,-0.03924519505285845,58,ccc_garch
0.17848682167973062,0.8740924591555423,0.008284023668639054,0.18576323188727215,44,ccc_garch
0.21749778505191053,1.1136315141586735,0.05207100591715976,0.19334382872097716,42,ccc_garch
0.24464862211233201,1.202305566143508,0.10414201183431952,-0.17982487649629303,46,ccc_garch
0.18577517259968807,0.9434234266179364,0.03076923076923077,-0.5112010115781396,46,ccc_garch
0.1818138686686638,1.1101483378494377,0.0485207100591716,-0.1095007976160459,69,ccc_garch
0.15649035594047914,0.9871485775999564,0.014201183431952662,-0.1390731493840721,63,ccc_garch
0.18597299569328843,0.9154100648708838,0.011834319526627219,-0.07047772117866179,59,ccc_garch
0.1537862199228407,1.0442471042929906,0.023668639053254437,-0.1410828624898835,56,ccc_garch
0.17257605379670893,1.0837560072163384,0.022485207100591716,-0.3855734974981668,68,ccc_garch
0.1900829725789,0.8994718648760873,0.04260355029585799,-0.20435611609378018,50,ccc_garch
0.17339328122426914,0.9932093443622729,0.04378698224852071,-0.13366710568994097,70,ccc_garch
0.2197975182328224,1.1480645261528433,0.09822485207100591,0.058729341248089914,43,ccc_garch
0.1906424629273577,1.0018421620924365,0.05088757396449704,-0.12347837110198212,63,ccc_garch
0.14787746173583363,0.8842298068139274,0.010650887573964497,-0.15426512413748178,64,ccc_garch
0.17748102925232184,0.9809691768855002,0.010650887573964497,0.12575805794407297,55,ccc_garch
0.19522617059438388,0.9441374007865759,0.036686390532544376,-0.11232772457730125,60,ccc_garch
0.16780977537351283,0.9743033704857404,0.016568047337278107,0.11785491667900629,75,ccc_garch
0.19432482813798294,1.0682384830594414,0.07455621301775148,-0.1770032678170364,54,ccc_garch
0.21897447197727712,1.0326793923718374,0.05207100591715976,-0.2163193640966563,42,ccc_garch
0.17858902283016362,0.8980752271501244,0.027218934911242602,-0.23508685960482997,58,ccc_garch
0.19209099485916445,1.0065932812441425,0.03076923076923077,0.004519330281507565,39,ccc_garch
0.1487100657245927,0.7230430221237261,0.001183431952662722,0.11940671682233202,77,ccc_garch
0.2089003462249614,1.0749719759576168,0.046153846153846156,0.1627449456271414,53,ccc_garch
0.18381659963796948,1.0135018855624185,0.03195266272189349,0.03978093535964516,43,ccc_garch
0.18752239116418087,1.026603885603348,0.040236686390532544,-0.029956622152327528,57,ccc_garch
0.19213878851149616,0.9695061483691847,0.033136094674556214,0.028562200872917477,57,ccc_garch
0.16722296895782696,0.8594017585231659,0.015384615384615385,-0.011377543363309612,63,ccc_garch
0.16356786901396456,0.8967809553578564,0.047337278106508875,-0.05135229152405062,50,ccc_garch
0.20221152892576177,1.043351963384753,0.04497041420118343,-0.058930998201505574,54,ccc_garch
0.2044270675494518,1.0894597435091447,0.033136094674556214,-0.25135014811199335,52,ccc_garch
0.20812201407767147,0.9934226779036841,0.05798816568047337,0.026617166401288948,58,ccc_garch
0.16016609255612405,0.8529250883472644,0.009467455621301775,-0.10798700733940844,58,ccc_garch
0.16790528833806406,0.8771056406963329,0.014201183431952662,-0.3693640376241237,68,ccc_garch
0.16057028317719718,1.018442124677756,0.0378698224852071,0.040890905367517,62,ccc_garch
0.18260636174036257,0.997468878247887,0.06272189349112427,-0.19127975738274464,47,ccc_garch
0.17412411678854436,1.1636257220303388,0.033136094674556214,-0.36776239219772916,41,ccc_garch
0.21301672359429832,0.9788684222681798,0.05562130177514793,0.11496377038245045,47,ccc_garch
0.19666793219759454,1.0690792370567244,0.05088757396449704,0.0672684633866382,44,ccc_garch
0.16777013425784673,0.8479361050363546,0.014201183431952662,-0.02468714276515965,59,ccc_garch
0.17999465916437718,0.968444122051229,0.023668639053254437,-0.1871348514566185,40,ccc_garch
0.1546951006020696,0.8837743025494531,0.015384615384615385,-0.04485934559213917,53,ccc_garch
0.22431802929647593,0.9606805731368946,0.06272189349112427,0.07915376108507796,46,ccc_garch
0.1783583606072395,1.0700883668441223,0.033136094674556214,0.12355873136567262,76,ccc_garch
0.2084398199765705,1.1115456070070406,0.07337278106508875,0.03349546221530901,56,ccc_garch
0.17239175431860854,0.9239055592610079,0.011834319526627219,-0.12922618077334946,51,ccc_garch
0.16149022521387787,0.7947409805460768,0.0,-0.12027033149299361,55,ccc_garch
0.19372920502858434,1.1361863567983588,0.0757396449704142,-0.2583044656455265,55,ccc_garch
0.22458484194802092,1.1084566900023327,0.05917159763313609,-0.2110385636404883,49,ccc_garch
0.15494175558162343,0.7871928713633374,0.001183431952662722,-0.4102509069346035,71,ccc_garch
0.19859356662843297,1.0063378782846188,0.07810650887573964,0.12053173549921684,48,ccc_garch
0.15694840016875344,0.8970054737735453,0.03076923076923077,-0.14267415387864216,75,ccc_garch
0.1892695704662707,0.9020178297478614,0.008284023668639054,0.0641442354728655,51,ccc_garch
0.1858114619561252,1.0339497619891522,0.05325443786982249,-0.007716578986834835,45,ccc_garch
0.221681710161418,1.0395914484530437,0.07100591715976332,-0.14762004647819657,33,ccc_garch
0.17657830660931675,0.9234457634139601,0.01301775147928994,0.08153482846007694,42,ccc_garch
0.205957934061418,1.1105868881204861,0.040236686390532544,0.15226431499655957,45,ccc_garch
0.18344299630356073,0.9077914117945258,0.01775147928994083,-0.34998784070339944,47,ccc_garch
0.14574994152616888,0.9245686601926371,0.01301775147928994,-0.21508522511499104,88,ccc_garch
0.2128900912653575,1.210171664480476,0.07100591715976332,0.25331654820044175,57,ccc_garch
0.22306949955512484,1.1920142259700088,0.06390532544378698,-0.30198131961481595,53,ccc_garch
0.15731847178167382,0.7620756468255666,0.010650887573964497,0.11647638118365251,50,ccc_garch
0.18820056544046723,0.9441769391388389,0.040236686390532544,-0.0309577948371172,55,ccc_garch
0.1518501081203131,0.7211661421004076,0.01893491124260355,-0.1865704474794758,48,ccc_garch
0.18770000808371748,0.959246112567349,0.03905325443786982,-0.3425697916981722,52,ccc_garch
0.16784640366456405,0.8280690942245841,0.002366863905325444,-0.2189323642796721,54,ccc_garch
0.1419553310948577,0.7102177123646329,0.002366863905325444,-0.1291490249045342,88,ccc_garch
0.18248628117867474,1.010098766920167,0.029585798816568046,0.15533376810012017,55,ccc_garch
0.15986382397863244,1.0359533721413139,0.036686390532544376,-0.028143298704440482,71,ccc_garch
0.17130142104308388,0.9614474594876807,0.008284023668639054,0.08809942245903003,60,ccc_garch
0.20379984474170512,0.907661226293879,0.020118343195266272,0.036183655111915417,44,ccc_garch
0.1958703842704071,1.023940278132272,0.05562130177514793,-0.08527242857865365,63,ccc_garch
0.13575844861199143,0.7277867906546298,0.005917159763313609,-0.005422888547434557,44,ccc_garch
0.16367665137346693,0.9086256306129654,0.010650887573964497,-0.08380669087764207,59,ccc_garch
0.19801682968445472,1.0651566360208093,0.04142011834319527,0.3082582395305313,62,ccc_garch
0.2049913925787129,1.0341131903005956,0.05325443786982249,0.11843043634576764,72,ccc_garch
0.204527801949489,1.149481629956917,0.06153846153846154,0.21075989529277148,43,ccc_garch
0.16561462042604522,0.8536704431182409,0.011834319526627219,-0.032053002088517975,77,ccc_garch
0.17335483602615673,0.8061627998786227,0.011834319526627219,0.11679397060047687,52,ccc_garch
0.1979509608831393,0.9916615625504945,0.0378698224852071,0.15071341201763294,35,ccc_garch
0.18395851662482493,0.9799487692192792,0.03550295857988166,-0.12046093926233065,55,ccc_garch
0.17801986458362914,0.9698401202869474,0.029585798816568046,-0.3265168638488104,66,ccc_garch
0.13965671043177041,0.9508017317813209,0.008284023668639054,-0.10384623352338138,77,ccc_garch
0.21873913078104848,1.147150966932699,0.08875739644970414,-0.039491371564104094,42,ccc_garch
0.20693644396897276,0.9756785624324398,0.005917159763313609,0.004224813715022457,46,ccc_garch
0.2044952851975639,1.0552805834861005,0.054437869822485205,-0.12752090487118195,42,ccc_garch
0.18598605515821268,0.9946150788884249,0.09112426035502959,-0.1981319520306769,48,ccc_garch
0.22659484866962618,1.0802059453908186,0.07928994082840236,0.03721474095458198,58,ccc_garch
0.21177553086561052,1.1250639297022467,0.10059171597633136,0.0670972090704165,57,ccc_garch
0.20069767699925245,1.0206883222986671,0.08994082840236686,-0.06026942854757948,52,ccc_garch
0.1638955274950868,0.9848154701074538,0.01893491124260355,-0.19115379860312132,75,ccc_garch
0.20542440283158053,0.9425825526310186,0.06863905325443787,-0.18739878217245748,54,ccc_garch
0.19873134374662044,0.9646787897948077,0.06153846153846154,-0.014242344466760157,48,ccc_garch
0.1957818260853934,1.0939414361189548,0.07692307692307693,-0.04923730682003637,60,ccc_garch
0.1619595355339764,0.828778233247436,0.015384615384615385,0.056345345332383945,43,ccc_garch
0.21489777262877952,0.9876317833975348,0.04970414201183432,0.04751675352909644,46,ccc_garch
0.20306986901318003,1.1909854907270012,0.05562130177514793,0.004269780546384298,53,ccc_garch
0.16341570419650328,0.8129439912262078,0.01775147928994083,-0.22727305428665703,69,ccc_garch
0.17568087781772299,0.8857403361314911,0.02603550295857988,-0.06726245371822637,52,ccc_garch
0.20705718737476403,0.9746210336961021,0.0650887573964497,0.14333479937031757,54,ccc_garch
0.18751657409900424,0.8920829871407876,0.04378698224852071,0.08898744059389942,36,ccc_garch
0.17784348920746812,0.8753722979572212,0.04497041420118343,-0.16983863400403132,52,ccc_garch
0.20644953160019278,0.9287085621718665,0.027218934911242602,0.16714823936464168,44,ccc_garch
0.1828486236733464,0.979587507638463,0.04142011834319527,0.015628021275031833,54,ccc_garch
0.2359994888264183,1.0477244721576455,0.1136094674556213,0.2626604270862949,59,ccc_garch
0.16858239133406808,0.9649125700949823,0.004733727810650888,0.20322062001094818,56,ccc_garch
0.24503372468974205,1.1544509670977376,0.09112426035502959,0.11585321647894477,39,ccc_garch
0.1725562436287825,0.9404592379098855,0.01301775147928994,-0.03153346542354732,63,ccc_garch
0.22064576130124444,1.1333350010985477,0.08402366863905325,-0.2137411851889959,46,ccc_garch
0.22282540490481811,1.0858970594524022,0.08994082840236686,0.31243038553426966,40,ccc_garch
0.25386361448305966,1.1745016467939944,0.10414201183431952,-0.14464256223916058,39,ccc_garch
0.18820842021973835,0.9510254220861766,0.04970414201183432,-0.16543016757522583,29,ccc_garch
0.19027912291844765,1.11115214286435,0.05680473372781065,0.131421312477755,42,ccc_garch
0.15450019834742207,0.7758580478832389,0.009467455621301775,-0.17340779828988293,58,ccc_garch
0.19350912340067886,1.188398186682175,0.05207100591715976,-0.13726183527801863,38,ccc_garch
0.19955262675966082,1.0644997614768816,0.06627218934911243,-0.0955713905437014,51,ccc_garch
0.18727325913786536,1.1183278130987409,0.028402366863905324,-0.21719216130532107,59,ccc_garch
0.14600728387769157,0.7814577846528064,0.001183431952662722,-0.06964490821671417,63,ccc_garch
0.17040302485594802,0.7423792364288004,0.001183431952662722,-0.2179727227806568,47,ccc_garch
0.20259489219073915,1.0472455687026125,0.05917159763313609,0.23180339493164617,54,ccc_garch
0.19143987575563018,1.0359164120378457,0.04970414201183432,-0.226818683566341,44,ccc_garch
0.1542402252882521,0.7284412107195171,0.028402366863905324,-0.23248687691219225,57,ccc_garch
0.19317287727989907,0.9014810194068812,0.03195266272189349,-0.17379226129543904,43,ccc_garch
0.18256524014259434,0.8278409165439702,0.007100591715976331,-0.2820249590395105,59,ccc_garch
0.1690626224810368,0.8852286635139837,0.01775147928994083,-0.07203121986408459,47,ccc_garch
0.17325567417688909,0.8748450197772277,0.016568047337278107,-0.1238492033767445,54,ccc_garch
0.25222177971652754,1.2857865485163784,0.12189349112426036,0.12304457963753014,58,ccc_garch
0.17647729536927334,0.8930574291226746,0.029585798816568046,0.17710425289703954,35,ccc_garch
0.1736295215846104,0.9431097582815015,0.015384615384615385,0.014081412826402807,39,ccc_garch
0.19800691117102767,1.0816863816916449,0.07218934911242604,0.08083358003232152,40,ccc_garch
0.17848993506708716,1.0926459434262918,0.04260355029585799,0.14466575169966833,92,ccc_garch
0.18162102833708801,0.8516255464580624,0.009467455621301775,0.0006326354991225257,44,ccc_garch
0.16990133039371627,0.9402577427947365,0.015384615384615385,-0.07184985423304296,66,ccc_garch
0.18584184461615344,0.9679210876458406,0.01893491124260355,-0.12441789089913298,64,ccc_garch
0.21403968986287603,0.9833645397747419,0.06035502958579882,0.13380062864922468,55,ccc_garch
0.16969866427571925,0.7896446132367663,0.016568047337278107,-0.06590291455820989,68,ccc_garch
0.1850169812271804,0.8562316143884737,0.011834319526627219,0.19610373723893723,46,ccc_garch
0.2209347478821034,1.1015852094883103,0.06035502958579882,0.17498619122671571,43,ccc_garch
0.14530159815755808,0.7836554761884965,0.01301775147928994,0.12262752662421209,56,ccc_garch
0.18282485034768012,0.9941337505496379,0.05562130177514793,0.0681203277049881,65,ccc_garch
0.1710465342469335,0.8782643241633814,0.020118343195266272,-0.20918388566018115,63,ccc_garch
0.18247886712359643,0.8798667907045623,0.0485207100591716,0.01554663886324923,61,ccc_garch
0.1957596086001615,0.9021223811203893,0.008284023668639054,0.5383129773206973,31,ccc_garch
0.17106926379843812,0.9311097702331392,0.04260355029585799,-0.14867765646921344,42,ccc_garch
0.17578610337229544,0.8866226262928127,0.020118343195266272,-0.13526807241125033,50,ccc_garch
0.19952752757674505,1.059626624092699,0.07218934911242604,0.08885479859051804,73,ccc_garch
0.15007757652226528,0.8086546121598808,0.002366863905325444,-0.007447845070568026,52,ccc_garch
0.15984879007630495,0.8106252427387086,0.007100591715976331,-0.20644960306928906,55,ccc_garch
0.18231382086249825,1.0744423556752745,0.016568047337278107,-0.11351420090600721,62,ccc_garch
0.169151162421389,1.0144827839617871,0.027218934911242602,-0.1597449334614486,48,ccc_garch
0.1919023103126039,0.9976727119884438,0.06153846153846154,0.3121194840109598,60,ccc_garch
0.2131859251409301,1.1708936356647086,0.07455621301775148,0.06836234960882005,54,ccc_garch
0.1900439538144248,1.1526923925296382,0.04497041420118343,0.09319399351471125,56,ccc_garch
0.1578741864353377,1.1721985724019701,0.01893491124260355,-0.08964832279183693,52,ccc_garch
0.17604866101901484,0.9740222513875795,0.07337278106508875,0.07892115173128886,40,ccc_garch
0.190545493805461,0.9787069100133534,0.0378698224852071,-0.2713617588861917,65,ccc_garch
0.15781203653823667,0.8645970751454354,0.01301775147928994,-0.03514032304776537,49,ccc_garch
0.17823200328316557,0.898186511946709,0.014201183431952662,-0.08250661170855307,47,ccc_garch
0.1710148725970628,0.9091241084487112,0.028402366863905324,-0.08389641982183778,54,ccc_garch
0.15968031956086304,0.7291302411493004,0.03076923076923077,-0.010786461501322994,66,ccc_garch
0.16859602091816558,0.8279854701719543,0.011834319526627219,0.02563981392625629,53,ccc_garch
0.17901387180420505,0.8672734125524301,0.029585798816568046,-0.03015400610629434,56,ccc_garch
0.20208581689833022,1.0930988445614769,0.07100591715976332,0.04312527068557028,70,ccc_garch
0.20897854373259245,1.1731102399103315,0.07455621301775148,0.2768396786154403,55,ccc_garch
0.21550345000761478,1.047146991395766,0.07218934911242604,0.18408859781108644,51,ccc_garch
0.1977150904778704,1.0443945598298423,0.05088757396449704,0.028893730563265833,56,ccc_garch
0.1690267484698764,0.9173397197541371,0.020118343195266272,-0.3219036875910607,79,ccc_garch
0.20218706178217674,0.9432778859369239,0.023668639053254437,0.18808676834579136,48,ccc_garch
0.1558400297111236,0.8455073453065479,0.001183431952662722,-0.21877052295110064,65,ccc_garch
0.2052175491833942,1.0391062797709893,0.06982248520710059,-0.1715817205294542,59,ccc_garch
0.18009313987672212,1.0477980203834814,0.05325443786982249,-0.379569135624628,52,ccc_garch
0.19673567853578633,0.9018614967082852,0.03905325443786982,-0.2530076625473951,52,ccc_garch
0.19838568786738447,0.9648540056684817,0.029585798816568046,-0.12966703736132945,46,ccc_garch
0.16306432137431637,1.0685217789854484,0.03431952662721893,-0.34228107580610806,53,ccc_garch
0.23918842188460518,1.1417139610261766,0.10650887573964497,0.17843668898928744,47,ccc_garch
0.18517564170401607,1.0021133877631392,0.03195266272189349,-0.3071712563371262,65,ccc_garch
0.19034875714685076,0.9496375312845857,0.04970414201183432,-0.036477452632327774,50,ccc_garch
0.25036379267462044,1.2032598156931873,0.11952662721893491,0.012914391291756745,43,ccc_garch
0.1751873570073491,0.7947879113988648,0.0,0.06772529339199042,52,ccc_garch
0.19085172551839685,1.0182868308907767,0.03195266272189349,-0.4175667857632264,52,ccc_garch
0.20471815004704413,0.9518211594538131,0.06272189349112427,0.1775635232799966,71,ccc_garch
0.15612193995453008,0.8945490030122877,0.05562130177514793,0.06388909098282634,59,ccc_garch
0.165866192345228,0.9556174503843162,0.03195266272189349,0.12785049323093156,68,ccc_garch
0.22164558330647538,1.089385828250525,0.06627218934911243,0.1295816229017087,51,ccc_garch
0.21988522668056754,1.10913698030419,0.09112426035502959,0.05905942195081215,48,ccc_garch
0.13659961886035982,0.9103542343899141,0.011834319526627219,-0.32850008922964474,97,ccc_garch
0.16772494482367695,0.9996507188868499,0.005917159763313609,-0.01398744784487233,54,ccc_garch
0.20367554670861746,1.1316349122678808,0.06745562130177515,0.14179531589668898,49,ccc_garch
0.16138187832727638,0.7947633712063631,0.0035502958579881655,-0.04311482611134058,49,ccc_garch
0.17874006120433716,0.8351266645820361,0.020118343195266272,-0.07109116879672141,39,ccc_garch
0.2185583479228512,0.942493527439064,0.03550295857988166,-0.004191129519109665,34,ccc_garch
0.171408128061151,0.8512961855480419,0.023668639053254437,0.026558654790825677,55,ccc_garch
0.1559059044361693,0.8311642188098254,0.007100591715976331,0.03323758187537491,45,ccc_garch
0.18885471241531168,1.1542039538690698,0.036686390532544376,-0.29012174380243133,51,ccc_garch
0.15937648931586273,0.9564824542688877,0.022485207100591716,-0.18577055151469243,61,ccc_garch
0.16146186830635464,0.8791804501009233,0.027218934911242602,-0.17572726917469028,79,ccc_garch
0.19685356951385963,0.8703788272664487,0.04970414201183432,0.021178211217326857,46,ccc_garch
0.23914098001195624,0.984922846898544,0.08757396449704143,0.032970062019911844,35,ccc_garch
0.21119510595283145,1.1868958126412523,0.05088757396449704,-0.21531662563334483,50,ccc_garch
0.15905301815800316,0.8507889120662161,0.01775147928994083,-0.02170515050363836,79,ccc_garch
0.14209115922817012,0.7699517310943421,0.0035502958579881655,0.09601555754650366,46,ccc_garch
0.16469499194012577,1.0052696222975017,0.027218934911242602,-0.13389074500630352,55,ccc_garch
0.15326371811177902,0.7976473230158918,0.009467455621301775,-0.020933171812533593,68,ccc_garch
0.19383571267221694,0.9804440741867578,0.03905325443786982,-0.07921357952030844,59,ccc_garch
0.20163139444877337,1.0217543833977745,0.04260355029585799,-0.16894159890180044,45,ccc_garch
0.20669008467595198,1.0990820546765305,0.08402366863905325,-0.019226313270123863,77,ccc_garch
0.18170957952584882,0.967171417757601,0.046153846153846156,-0.07709058945874583,56,ccc_garch
0.16791464692525937,0.9214702018666646,0.016568047337278107,-0.026389706720521367,47,ccc_garch
0.17888798253320798,1.106951155357182,0.015384615384615385,-0.06625802197757621,73,ccc_garch
0.16445972205004314,0.8545038480037185,0.04970414201183432,-0.26510152277617227,58,ccc_garch
0.17179821329872816,0.8133456739985183,0.021301775147928994,-0.010032855694995407,43,ccc_garch
0.17991306148504682,0.8409614730300428,0.036686390532544376,-0.11927102246822047,40,ccc_garch
0.17593189303475248,0.9916053640300311,0.029585798816568046,0.10798303038599848,54,ccc_garch
0.16690283255429428,0.9948099226163257,0.021301775147928994,-0.13977768704343935,68,ccc_garch
0.17930888374264634,1.183789875009209,0.03550295857988166,-0.023542045118513353,54,ccc_garch
0.22473233894320369,1.1612262023218398,0.0863905325443787,0.03451476220655497,40,ccc_garch
0.2042361455345656,1.0083214152012419,0.06390532544378698,0.34266123321151365,55,ccc_garch
0.17378801322757917,0.8477973097273308,0.005917159763313609,-0.2152858297430022,60,ccc_garch
0.2494524500735868,1.072210559533414,0.11597633136094675,0.07151988384626266,50,ccc_garch
0.20809839341100966,1.0024337374194368,0.06035502958579882,-0.07426109893055159,43,ccc_garch
0.17719773320690618,0.9388749316901246,0.0757396449704142,-0.03975879329955856,45,ccc_garch
0.16133406886562568,0.8802338593974495,0.007100591715976331,-0.12812129771836261,69,ccc_garch
0.190314781800547,0.9427627818432283,0.02603550295857988,-0.1931942132247392,50,ccc_garch
0.20288963099026106,0.9105213550978366,0.021301775147928994,0.10940687023907451,41,ccc_garch
0.17517745571616003,0.9853387659777644,0.033136094674556214,-0.11787834174048319,51,ccc_garch
0.17316772619251672,0.8583516955511611,0.004733727810650888,-0.2977648008271082,43,ccc_garch
0.18233615258972458,0.8839091895029902,0.016568047337278107,-0.1572613861593362,48,ccc_garch
0.1767303085617802,0.8660847896646493,0.009467455621301775,-0.17804604472422617,40,ccc_garch
0.17426592387769257,0.8195754468869744,0.03195266272189349,-0.07561472013004628,52,ccc_garch
0.19045840922869575,1.0178818297733645,0.029585798816568046,-0.2629072904168058,57,ccc_garch
0.21802361803760772,1.0710033526973,0.07218934911242604,-0.1833384488371186,52,ccc_garch
0.19921608853680406,0.9523318626004016,0.08284023668639054,-0.3398676240389929,48,ccc_garch
0.18302529089477232,0.9811812364748964,0.0378698224852071,0.12094620903818885,70,ccc_garch
0.18803538183924406,0.9522669298880571,0.05325443786982249,-0.03331097072127009,36,ccc_garch
0.20033917073279522,1.1649454314152798,0.05798816568047337,0.0008667208519690982,48,ccc_garch
0.16547808316212417,0.9233752551183892,0.014201183431952662,0.15723655945838852,47,ccc_garch
0.17254064834401242,0.789296191998649,0.007100591715976331,-0.16449470418349277,55,ccc_garch
0.13461957548220815,0.6898636806591071,0.015384615384615385,-0.16438685938463585,54,ccc_garch
0.16157815694717376,0.7178014941025446,0.02603550295857988,-0.08708294653205714,39,ccc_garch
0.18926355118823623,0.9190982671837358,0.03195266272189349,0.08439438252548324,44,ccc_garch
0.16141367321262637,0.7762437545478118,0.01301775147928994,-0.04989072163708015,55,ccc_garch
0.21030764917485636,0.984051338984893,0.04970414201183432,-0.31231740899531774,39,ccc_garch
0.1671211937972066,0.9482582917698967,0.014201183431952662,-0.1455463742678359,48,ccc_garch
0.23264913717259,1.1374527061438309,0.06745562130177515,-0.014867046648706816,52,ccc_garch
0.21645082119601086,1.1989783633931186,0.05798816568047337,0.032319556556960574,34,ccc_garch
0.20073791948640457,1.1161509902256541,0.08520710059171598,0.07103882680633662,58,ccc_garch
0.1966076592815134,1.0894035027762243,0.033136094674556214,-0.22890103054523447,54,ccc_garch
0.1725474318555553,0.8410076640944508,0.005917159763313609,0.06212354895677234,66,ccc_garch
0.18112026361269576,0.9611825055649872,0.033136094674556214,-0.16927415991075478,30,ccc_garch
0.1923384605529277,1.0357445537057417,0.046153846153846156,-0.13754825422317674,52,ccc_garch
0.20418160727716922,1.1089416836614208,0.027218934911242602,-0.1413717445523329,44,ccc_garch
0.23176454735894542,1.1485129166352193,0.0863905325443787,0.042670079356154036,62,ccc_garch
0.19930192439611102,0.9391542286752865,0.04378698224852071,0.10325847877808181,31,ccc_garch
0.17323559243501835,0.9292945855507009,0.027218934911242602,-0.07739282620413752,42,ccc_garch
0.1663406120368433,0.8788796007915713,0.021301775147928994,0.11056634900479997,76,ccc_garch
0.19918260292707668,1.1423883729527067,0.06627218934911243,0.22378056294627408,45,ccc_garch
0.1655714046595339,0.8867956443713632,0.04260355029585799,-0.10251402308162368,64,ccc_garch
0.18336951755073416,0.8999095406943742,0.008284023668639054,0.18048948077901034,59,ccc_garch
0.19283159751822948,1.0464268859005394,0.07455621301775148,-0.22673109959116092,59,ccc_garch
0.16394542703175002,0.841779605960453,0.0035502958579881655,0.036928336024743706,52,ccc_garch
0.1871057169793753,1.1133804406131889,0.04497041420118343,0.0804415700541697,51,ccc_garch
0.20800274325387083,1.135720512072334,0.04970414201183432,-0.12580026864966803,45,ccc_garch
0.19638416996363886,0.9708798721034908,0.03195266272189349,-0.008887919582391188,51,ccc_garch
0.18022317829572104,0.9370837016868288,0.011834319526627219,-0.15277781213658778,40,ccc_garch
0.175035383420178,0.9387488099407932,0.03076923076923077,0.09173005002672861,62,ccc_garch
0.1986174169513459,1.1438662520801643,0.0650887573964497,0.2047220694319573,59,ccc_garch
0.17781527839143765,0.9610974360507225,0.036686390532544376,-0.14195608988710837,56,ccc_garch
0.1819380519236673,0.941631409835614,0.02485207100591716,0.08496439809677529,31,ccc_garch
0.17852229870826256,1.1090172169360053,0.036686390532544376,-0.30687942675082974,60,ccc_garch
0.13464036814794195,0.8646243606122637,0.004733727810650888,-0.055196460017571426,89,ccc_garch
0.26067715747738046,1.1198343758617624,0.18224852071005918,0.013199257666133968,35,ccc_garch
0.21153185621580547,0.9933204024703398,0.06745562130177515,-0.3403757422408195,34,ccc_garch
0.2001625555633254,1.1160763515625578,0.05088757396449704,-0.14805451572780112,35,ccc_garch
0.16871372903057683,0.9217772669199793,0.02485207100591716,-0.2691938501812898,65,ccc_garch
0.15926535760646263,1.2480615397571109,0.011834319526627219,-0.1313765361830453,78,ccc_garch
0.1865606395539961,1.060833686134952,0.03550295857988166,0.1522386420110825,48,ccc_garch
0.1827917423223745,0.8757627822361638,0.010650887573964497,0.20736351173441217,54,ccc_garch
0.18202578615444798,0.9535548238610716,0.04378698224852071,-0.005744818704783324,66,ccc_garch
0.17099941334672303,0.8692830428799854,0.03905325443786982,-0.1315297262194899,58,ccc_garch
0.13855093815254887,0.7987311496173384,0.004733727810650888,-0.22294330154104583,56,ccc_garch
0.19048973777972195,0.8461354030584847,0.005917159763313609,0.02225742546446964,48,ccc_garch
0.1641176830954616,1.1693639199239652,0.029585798816568046,-0.031157022084571915,57,ccc_garch
0.16850768919818282,0.8834591701256149,0.011834319526627219,0.04860931094176558,68,ccc_garch
0.15611964531922584,0.8895624136485565,0.005917159763313609,-0.002239636323020305,46,ccc_garch
0.18506569263807404,0.9367360356890797,0.022485207100591716,-0.1462676380483219,42,ccc_garch
0.15173131344431418,0.8326602011646932,0.009467455621301775,-0.10805145805713134,52,ccc_garch
0.1688108109447938,0.8616409902549851,0.011834319526627219,-0.2767117595800694,61,ccc_garch
0.16927920467731486,0.8213203754858747,0.016568047337278107,-0.091299604565256,30,ccc_garch
0.20564928205487445,1.0958282107499746,0.05088757396449704,-0.1808655727049134,57,ccc_garch
0.20325435008204015,1.0759928267538816,0.03550295857988166,-0.12154084724753512,46,ccc_garch
0.16716515259855755,0.9886031306282076,0.027218934911242602,-0.26460641903471155,62,ccc_garch
0.14576235358972617,0.6904642028515433,0.0,-0.29736977819253174,48,ccc_garch
0.1471249906448297,0.8889313515586019,0.009467455621301775,-0.13578859557218273,79,ccc_garch
0.1903465997388542,1.0880809610445283,0.023668639053254437,-0.17937248100630218,56,ccc_garch
0.21136230952867502,1.13929277039849,0.05798816568047337,-0.20556320715512175,68,ccc_garch
0.15795214669587151,0.9734393318334786,0.014201183431952662,-0.15988559343301514,55,ccc_garch
0.18152168942389316,1.0444348083417818,0.02485207100591716,-0.34702755303801924,56,ccc_garch
0.188035790269323,0.924811261732309,0.01301775147928994,-0.009831348189979898,44,ccc_garch
0.2089033172294963,1.1060405488202563,0.0757396449704142,0.0007266157309445692,50,ccc_garch
0.18736635973050947,0.790329677957097,0.007100591715976331,-0.12372480923958032,39,ccc_garch
0.19158330289805559,0.9299094543948057,0.03076923076923077,-0.3907556367539679,44,ccc_garch
0.19473875042184782,0.9801641567915977,0.028402366863905324,0.0056031233046392095,47,ccc_garch
0.1509566531981918,0.8457058011426541,0.004733727810650888,-0.2240345888225177,64,ccc_garch
0.19084052349467975,0.9908491260903567,0.03905325443786982,0.017885404092051055,47,ccc_garch
0.20509660672218794,0.9791331158559136,0.0485207100591716,0.10981743494822405,50,ccc_garch
0.2447501311775644,1.127657815317471,0.1136094674556213,0.21606492157145218,38,ccc_garch
0.17413198005419375,0.841997553664872,0.047337278106508875,0.014843556205398865,41,ccc_garch
0.18536921042517385,1.1419520595843435,0.04970414201183432,0.08343852853687361,62,ccc_garch
0.19113725428915504,1.062935188952416,0.036686390532544376,0.03468164730535899,63,ccc_garch
0.20436177827078988,0.996187803993217,0.047337278106508875,-0.09793839855627924,38,ccc_garch
0.15674243966893966,0.9349186211472043,0.016568047337278107,-0.09146129341669147,75,ccc_garch
0.15254061555792828,0.7846022690890013,0.005917159763313609,-0.2499645356249163,77,ccc_garch
0.15972019151681832,1.0330610781707537,0.01301775147928994,-0.11002982554836513,61,ccc_garch
0.17477879942306518,0.9821203489869202,0.05917159763313609,-0.11708006034736682,33,ccc_garch
0.22043046662918944,1.1225776992466208,0.09230769230769231,0.061642352362114114,50,ccc_garch
0.1935836652716357,1.0048434947640432,0.03550295857988166,0.08971389851186949,58,ccc_garch
0.15206678410884847,0.8318428311435002,0.009467455621301775,-0.11406524313522938,65,ccc_garch
0.18580553158384475,1.077805748766998,0.04378698224852071,-0.21889612686325546,72,ccc_garch
0.18032877890726462,0.9909770313289487,0.029585798816568046,-0.15247981142929326,57,ccc_garch
0.17537888346558364,0.9157442694935136,0.06153846153846154,0.0010361432411030633,28,ccc_garch
0.20494372886577333,1.1468670461835895,0.09349112426035502,-0.22836330095960725,40,ccc_garch
0.2089368758416534,1.008449350179656,0.03076923076923077,0.008690075662574594,47,ccc_garch
0.14451227726758015,0.8374252831722306,0.010650887573964497,-0.16549664342057654,71,ccc_garch
0.1774314995385163,0.9274055133441683,0.027218934911242602,-0.12641144802515827,66,ccc_garch
0.22862140534161915,1.221967270278964,0.06745562130177515,0.2561575114848286,42,ccc_garch
0.19725349552785326,0.9870529215827654,0.04142011834319527,0.10548637026947953,50,ccc_garch
0.21155359518077374,0.9385922866707437,0.04970414201183432,-0.1367905979880412,46,ccc_garch
0.18009775940281375,1.0897670255448586,0.03550295857988166,-0.010741225360409733,52,ccc_garch
0.23345385092491544,1.2097398767403056,0.06272189349112427,0.2487562962219789,36,ccc_garch
0.19405775840434797,1.0461830090661661,0.046153846153846156,0.3564066218151224,48,ccc_garch
0.18998452733086724,0.88803668350814,0.033136094674556214,0.053568473149639875,53,ccc_garch
0.21078664595003932,1.0529931000567065,0.05088757396449704,-0.21364798827303594,44,ccc_garch
0.1943583659922167,0.9630662484566326,0.05680473372781065,-0.16758375707058804,60,ccc_garch
0.1654849694558726,0.9160196958288952,0.0378698224852071,-0.017506543263030448,36,ccc_garch
0.18589250185217787,0.9793502514521512,0.05325443786982249,0.10062079132433865,67,ccc_garch
0.216392655063975,1.0273249777114057,0.07928994082840236,-0.053612732280874334,59,ccc_garch
0.2038129735462498,1.004547249895237,0.04378698224852071,-0.26757155289137036,63,ccc_garch
0.18442080129376856,0.976020613081042,0.033136094674556214,-0.01630231533538031,53,ccc_garch
0.2089488451888767,1.0923817827860811,0.05798816568047337,0.08118921785830666,56,ccc_garch
0.24916398009876398,1.2663130430787226,0.12781065088757396,-0.09224061366681308,41,ccc_garch
0.1646553370051542,0.9511841833802471,0.047337278106508875,-0.41959889580721876,60,ccc_garch
0.19287825641398307,1.0297926724224444,0.01893491124260355,-0.37520199971695123,45,ccc_garch
0.200741622621859,1.1084136287999677,0.06272189349112427,0.07429574716617682,44,ccc_garch
0.21043630476491026,1.2251723807533819,0.08047337278106509,0.0067475676740513055,48,ccc_garch
0.2134402707636096,1.0402994803325654,0.09349112426035502,0.26592689206168074,62,ccc_garch
0.19493197687615815,0.9976797837399117,0.040236686390532544,0.062033011238745724,53,ccc_garch
0.20467957654849384,1.1606296477816942,0.054437869822485205,-0.11672248646475603,36,ccc_garch
0.14460371274654335,0.7369821316372847,0.011834319526627219,-0.1626987184289011,74,ccc_garch
0.19706484926054044,1.1202903661302472,0.054437869822485205,-0.13503361201466776,40,ccc_garch
0.1984451790497386,0.9527135551298878,0.04497041420118343,0.23494340039542297,41,ccc_garch
0.19083445227482745,1.2375967112441502,0.028402366863905324,0.004431451156343461,60,ccc_garch
0.18948519503248348,1.004770859293453,0.016568047337278107,0.03779739414778161,47,ccc_garch
0.19163166251442446,0.9898571132592642,0.028402366863905324,0.10134039602739221,50,ccc_garch
0.17993286898678065,0.9701841015739706,0.022485207100591716,0.056658734690763886,51,ccc_garch
0.18368556258006594,1.0312730078637014,0.046153846153846156,0.13164942835723875,69,ccc_garch
0.1771873801763519,0.8069651390067047,0.06982248520710059,-0.2121663350224763,56,ccc_garch
0.17246353389731575,0.9145274299927318,0.028402366863905324,-0.04740575012391021,40,ccc_garch
0.1728531186457579,0.9526667814527752,0.05917159763313609,0.020686586865702603,48,ccc_garch
0.22587486899402187,1.1615529798204323,0.09940828402366864,0.150916408986008,49,ccc_garch
0.2146454883278296,1.0919166645244744,0.06982248520710059,-0.06015319429625957,60,ccc_garch
0.18198342552703228,0.9798667852686278,0.0485207100591716,0.2322193879143245,57,ccc_garch
0.19128534633949187,0.9994437073380626,0.021301775147928994,0.06615904703006098,55,ccc_garch
0.17717820385098149,0.9368594510776316,0.021301775147928994,-0.16371571336724178,69,ccc_garch
0.15170134211966488,0.7091972648052894,0.014201183431952662,-0.2489027680903478,50,ccc_garch
0.21941767641318882,1.1571991413256206,0.10414201183431952,-0.10214937328879535,57,ccc_garch
0.20953025814755435,1.0659268249310678,0.05680473372781065,0.10610662473825445,45,ccc_garch
0.21418473937083615,1.115746410763847,0.05917159763313609,-0.043238061890655405,61,ccc_garch
0.14446343138541967,0.8150681140843368,0.001183431952662722,-0.18349635004850376,74,ccc_garch
0.17135029155244136,0.8611860105454305,0.009467455621301775,0.0453868023862663,67,ccc_garch
0.18581339663132854,0.9518787122748289,0.02603550295857988,-0.22226099657551845,50,ccc_garch
0.20341877811749134,1.1391748966157442,0.08402366863905325,0.056937411091944806,34,ccc_garch
0.1697267342358899,0.9747525116842602,0.014201183431952662,-0.10144516424701519,41,ccc_garch
0.17409907970091829,0.9422127876452993,0.027218934911242602,-0.1557081615481777,40,ccc_garch
0.20988975274580818,1.0163268678916901,0.08047337278106509,-0.24812671259862798,51,ccc_garch
0.19325527040131976,1.0789584877909886,0.047337278106508875,0.0460399497568914,71,ccc_garch
0.16901327085179646,1.099462995582101,0.040236686390532544,-0.19736646036262578,91,ccc_garch
0.18923779324755297,0.9525444018997267,0.02603550295857988,-0.16915429695750983,51,ccc_garch
0.18982882746751356,0.9986243608618883,0.0378698224852071,0.13444666868192234,42,ccc_garch
0.17526359002304318,0.9759866891013744,0.036686390532544376,-0.1966807341355524,74,ccc_garch
0.19526227266046886,0.897489371733113,0.04142011834319527,0.005692954567136022,59,ccc_garch
0.1821342728079495,1.0030123322837419,0.008284023668639054,-0.12199624082954712,44,ccc_garch
0.2173996899448358,1.2019999629871172,0.06745562130177515,0.04616032005228778,49,ccc_garch
0.177864311058247,0.9487313979556086,0.015384615384615385,-0.24535066658208118,39,ccc_garch
0.18759560721068239,0.9871040078039832,0.0485207100591716,-0.07998091989097324,65,ccc_garch
0.19283206217345206,1.0743580944991236,0.03431952662721893,-0.2421588454547916,51,ccc_garch
0.16375190791441244,0.8194454620662082,0.01775147928994083,-0.33298612847766174,43,ccc_garch
0.1665021960529771,0.8514140542916254,0.009467455621301775,-0.34091790452663445,68,ccc_garch
0.18901851587385468,0.9016607624040762,0.04970414201183432,-0.14471890879201332,54,ccc_garch
0.21343745093405025,1.2171303896402716,0.09585798816568047,0.0009747829491788665,22,ccc_garch
0.19247495111971977,1.0740607706795173,0.08165680473372781,0.11336782598896131,52,ccc_garch
0.15951135209996137,0.9382568261744308,0.014201183431952662,-0.1022307835928534,73,ccc_garch
0.2152402046136469,0.9714624216010721,0.04142011834319527,0.13372808795891927,55,ccc_garch
0.21305036269485325,1.341675346389849,0.05917159763313609,-0.25636364710552895,50,ccc_garch
0.19922605834087861,0.9853532024202241,0.02485207100591716,0.11982876263943222,37,ccc_garch
0.17867908621258954,0.9941846507231946,0.022485207100591716,-0.35107384121582386,41,ccc_garch
0.19210806784733891,1.0549622321766616,0.06390532544378698,0.1780725438378471,62,ccc_garch
0.18705631679947954,0.9339632592591272,0.033136094674556214,-0.02180903439412511,61,ccc_garch
0.17953258465221447,0.9469858575716819,0.023668639053254437,-0.21784818868559283,70,ccc_garch
0.1646797942849164,0.8846792154370731,0.027218934911242602,-0.0619196972029672,44,ccc_garch
0.18078747884278715,0.9492626942138364,0.015384615384615385,0.18957206090402895,63,ccc_garch
0.21906094979670587,1.1138223983303523,0.06982248520710059,-0.12100305522578353,60,ccc_garch
0.18392692533598004,0.9593544634728265,0.028402366863905324,-0.0793288821498478,60,ccc_garch
0.18595567238804947,0.9330149428271183,0.036686390532544376,-0.03111640860652176,54,ccc_garch
0.153997051013375,0.7630048154693416,0.0,-0.09305153352315683,72,ccc_garch
0.21062489426849906,1.2101020641157947,0.06153846153846154,0.0779749037796732,54,ccc_garch
0.1875820482294816,0.9425606546966379,0.02603550295857988,-0.15769029979802346,56,ccc_garch
0.15389885464032693,0.9543035845573586,0.009467455621301775,-0.02985630948860636,45,ccc_garch
0.1752617193788459,0.9148050846816143,0.023668639053254437,-0.21538097915632298,56,ccc_garch
0.15843585073412783,0.824291927293461,0.001183431952662722,-0.06747280251728072,54,ccc_garch
0.18494804973128676,1.0316032147713203,0.046153846153846156,-0.1539069761451603,58,ccc_garch
0.19933607290926889,1.0499405790031227,0.05207100591715976,-0.017908068100917742,58,ccc_garch
0.1594492066502319,0.8806799316349312,0.033136094674556214,-0.28548150842412207,52,ccc_garch
0.2095134981588057,0.9901063617985657,0.04260355029585799,-0.02463404885158835,48,ccc_garch
0.20199486378620993,1.1471798821982633,0.04970414201183432,-0.30557945348163834,51,ccc_garch
0.20470371261489334,0.9026982248798645,0.04260355029585799,-0.12752842015602592,50,ccc_garch
0.19853450777580342,1.2616136575254322,0.08284023668639054,-0.16790874696194746,56,ccc_garch
0.2283659292997155,1.121760447038854,0.07810650887573964,-0.20077386138892905,57,ccc_garch
0.16112399893803803,0.8731792403838768,0.008284023668639054,-0.12186565791307412,59,ccc_garch
0.17564316723691673,1.0367281211793875,0.023668639053254437,-0.12798858401219057,55,ccc_garch
0.17417800545797318,0.9203111046768797,0.03195266272189349,-0.04606687955501931,51,ccc_garch
0.16641791165653125,0.8535201499528818,0.020118343195266272,0.17401219543261673,44,ccc_garch
0.19581643660696463,0.9897715900439077,0.05325443786982249,-0.22661559173707685,67,ccc_garch
0.17821211128077138,0.9447672962780098,0.033136094674556214,-0.052492431405865035,60,ccc_garch
0.15961258492789274,1.0501381586586227,0.05207100591715976,-0.24979707022663303,52,ccc_garch
0.16705531283001962,0.9561271609043227,0.016568047337278107,-0.29120540067181433,63,ccc_garch
0.17967605019071778,1.0080655041542754,0.02603550295857988,-0.2999216550193259,44,ccc_garch
0.16407084292303176,0.8645672016151439,0.028402366863905324,0.07866116766231604,58,ccc_garch
0.19577476168593103,0.9216573778906172,0.023668639053254437,0.10834358144342036,35,ccc_garch
0.24726668862229956,1.0930072819960628,0.10887573964497041,-0.056223352129351936,42,ccc_garch
0.17309367049829255,0.9032929491290933,0.027218934911242602,-0.16524277099278736,56,ccc_garch
0.17377217577572582,0.8744763700946036,0.01775147928994083,-0.15955146063700043,58,ccc_garch
0.16815466399140852,0.9797737828579285,0.08284023668639054,-0.11531856422677005,52,ccc_garch
0.2000794283960166,0.9988229109968187,0.036686390532544376,0.15242994449074254,41,ccc_garch
0.1974661855952529,0.9333566369661286,0.04260355029585799,0.3156087083431405,53,ccc_garch
0.17585083997246687,0.8927341656844366,0.008284023668639054,-0.15343969745352987,54,ccc_garch
0.1652188764823044,1.0086988245173094,0.029585798816568046,0.03345512933918166,74,ccc_garch
0.15482757787420248,0.9899346928577726,0.0035502958579881655,-0.2445918101197272,53,ccc_garch
0.1912696750745186,1.0163100155106157,0.029585798816568046,-0.4179047513996579,51,ccc_garch
0.14500605634038521,0.772319657279068,0.0,0.09878463552974506,54,ccc_garch
0.14913788551012652,0.9564637898952979,0.029585798816568046,-0.29938018954716605,58,ccc_garch
0.19060431736199418,0.9838167268095783,0.04260355029585799,-0.24280632068225838,44,ccc_garch
0.17176412737567023,0.8377237756234525,0.008284023668639054,-0.0267668127481698,48,ccc_garch
0.18781307426877808,0.9853419018400358,0.027218934911242602,-0.009475008119608684,36,ccc_garch
0.148852828363163,1.0340676746635151,0.014201183431952662,-0.18039955115384115,54,ccc_garch
0.18873530708433206,0.9000282883334154,0.01893491124260355,-0.11448273799888556,47,ccc_garch
0.20932158677950496,1.171051113291732,0.07455621301775148,-0.04002743886792549,58,ccc_garch
0.1970870223470448,1.1492974660272615,0.054437869822485205,-0.3021832895229895,36,ccc_garch
0.15208076262030726,0.8625580595032574,0.014201183431952662,-0.23760605967524143,66,ccc_garch
0.19880060512961228,0.9550077640020407,0.046153846153846156,-0.1413853353917913,55,ccc_garch
0.23709971664900756,1.1900546015837605,0.09467455621301775,-0.10451723081273355,52,ccc_garch
0.19435824876421284,0.9584737706448999,0.03431952662721893,-0.06804786519904876,54,ccc_garch
0.18565920555829915,0.8885593272558058,0.020118343195266272,-0.19698217484594163,48,ccc_garch
0.15038317850698268,0.7154246148114662,0.0,-0.3210745396617515,47,ccc_garch
0.17962664218873553,0.9594531337983194,0.040236686390532544,0.042399534124651174,41,ccc_garch
0.15980687449800682,0.9226858140855854,0.009467455621301775,-0.15061321368077954,52,ccc_garch
0.20810545829524454,1.043118550272116,0.054437869822485205,-0.044363115419961074,56,ccc_garch
0.1728535285140885,0.9297998601439006,0.036686390532544376,-0.014912851828653852,62,ccc_garch
0.177874141049705,0.8533452940560955,0.004733727810650888,0.12463681632844437,37,ccc_garch
0.17180999178409903,0.9287101256070862,0.01301775147928994,-0.29049376755546286,62,ccc_garch
0.2056547547481804,1.1008796600634558,0.036686390532544376,-0.17118118222284104,47,ccc_garch
0.21992650099612035,1.1235524799924723,0.08875739644970414,0.14093072925332778,44,ccc_garch
0.22539072790701234,1.0284784254183426,0.07810650887573964,-0.11987392896177486,51,ccc_garch
0.20689003208774848,1.0729221302051533,0.06627218934911243,-0.20289334274691723,47,ccc_garch
0.17929549450076107,0.849186429915889,0.03905325443786982,-0.18516961469335355,44,ccc_garch
0.22657665215043957,1.1574942312881165,0.0863905325443787,-0.11673323633817745,50,ccc_garch
0.21054649597121658,1.1000816476996784,0.05917159763313609,-0.09499531761080206,48,ccc_garch
0.19901909612879112,0.9754258839157284,0.06035502958579882,-0.1724788507837116,43,ccc_garch
0.20397831061085717,0.9277358469789346,0.04142011834319527,0.10033524049319392,43,ccc_garch
0.21578171893559878,1.0367302903269187,0.05325443786982249,-0.19191466882454444,55,ccc_garch
0.1850561474395064,0.9706023107110469,0.01893491124260355,0.19497905762216824,46,ccc_garch
0.16662314354622182,1.0092270424126109,0.06390532544378698,-0.2426417603909781,30,ccc_garch
0.20232706726080635,1.1142611743486657,0.06863905325443787,-0.04321429036468859,50,ccc_garch
0.21023052927846528,1.0017996030195147,0.0485207100591716,-0.18582445525593091,33,ccc_garch
0.249758420524307,1.2613954805938028,0.10532544378698225,-0.24903221459561944,38,ccc_garch
0.17947930503184029,1.0540679864136342,0.05325443786982249,-0.08640934573173538,51,ccc_garch
0.22171509112572807,1.171891639585648,0.1076923076923077,-0.09856049132527994,39,ccc_garch
0.17076309518668786,1.0158681035204713,0.05680473372781065,0.17082519542066096,64,ccc_garch
0.19200992187634344,1.103443953175553,0.040236686390532544,-0.03191360016357268,52,ccc_garch
0.19399188377887178,0.9712669562485723,0.02485207100591716,-0.056943950696380294,50,ccc_garch
0.21648555098687836,1.2035855609220079,0.05088757396449704,-0.09265652998554738,42,ccc_garch
0.1842088539310811,0.9257707590305531,0.027218934911242602,-0.30335163713751345,51,ccc_garch
0.18386300665588182,0.9228880220137445,0.02485207100591716,0.04203199054061755,51,ccc_garch
0.1954515063990507,1.0664749532156779,0.03905325443786982,-0.23376252053423466,56,ccc_garch
0.16043536832248884,0.9407153081585202,0.008284023668639054,-0.07682566402870374,66,ccc_garch
0.1621813011885339,0.9638043407954445,0.022485207100591716,-0.13317593122727117,56,ccc_garch
0.21644108543842291,1.0599294646569941,0.09822485207100591,-0.1080127855446258,61,ccc_garch
0.21933316599977096,1.0781265077134274,0.0757396449704142,0.2729359483682954,33,ccc_garch
0.2274025759863474,0.9801822845770576,0.06863905325443787,0.0996039060317757,38,ccc_garch
0.1900606582041102,0.9278744469805154,0.022485207100591716,-0.028331689135063672,65,ccc_garch
0.2160571373417837,1.174938206193063,0.08165680473372781,0.019559253517551466,63,ccc_garch
0.21633485716335038,1.1605435103261632,0.10295857988165681,0.15944422657149862,74,ccc_garch
0.19645712394322756,0.9598734210804916,0.033136094674556214,0.16157674217474635,55,ccc_garch
0.18723240660650428,0.9031968893916271,0.015384615384615385,-0.12021791219437156,53,ccc_garch
0.20666398470072203,1.1325508635521926,0.09822485207100591,-0.22905928890652077,60,ccc_garch
0.16370595072091496,0.8472471772440997,0.01775147928994083,-0.19762896255902732,60,ccc_garch
0.16964551067448821,0.9148382944322435,0.04497041420118343,-0.05433990211964966,56,ccc_garch
0.18128907854371304,0.8745517981812654,0.022485207100591716,-0.31107405516354936,58,ccc_garch
0.22752372130347823,1.1370546746208747,0.08284023668639054,-0.13499243519559648,61,ccc_garch
0.21899433318334885,1.0983079164682517,0.07218934911242604,-0.3861820041612557,51,ccc_garch
0.15824590816499087,0.8742641783861764,0.004733727810650888,-0.29018874124650346,70,ccc_garch
0.16525015704836,0.9037516338688927,0.01775147928994083,0.23858187344221085,53,ccc_garch
0.16613166452472067,1.0495939735977278,0.022485207100591716,-0.11432746359389416,48,ccc_garch
0.1918158107702837,0.9649258696958838,0.03076923076923077,-0.0664027290531739,56,ccc_garch
0.1842185948598652,0.9313559025679845,0.01893491124260355,0.03426590753030894,38,ccc_garch
0.21445924247141204,1.2363746321254974,0.08047337278106509,0.16815703126723433,44,ccc_garch
0.16441505164171338,0.8409715590799118,0.040236686390532544,0.09198670045339932,34,ccc_garch
0.1692189277712051,0.879412550695632,0.009467455621301775,-0.322718213825104,60,ccc_garch
0.18676223812021284,1.138114443831129,0.03431952662721893,-0.15802399071584836,49,ccc_garch
0.15115404835140986,0.9736722375061881,0.004733727810650888,-0.2069993636433846,83,ccc_garch
0.15015441191351625,0.8155877389014515,0.023668639053254437,-0.2865583697110793,51,ccc_garch
0.17831776699500534,0.9337632117326593,0.01893491124260355,-0.12081516603470217,57,ccc_garch
0.16780362695239912,0.923462875743001,0.02485207100591716,-0.3076508459168387,41,ccc_garch
0.178126832628766,0.8825387248318701,0.008284023668639054,-0.35582439410372674,54,ccc_garch
0.21076529236565517,1.012884173200256,0.08520710059171598,0.04786056863335346,41,ccc_garch
0.1848553519295406,0.9687040770075054,0.028402366863905324,-0.050033395883318635,48,ccc_garch
0.1431438705082022,1.0241436103118815,0.014201183431952662,-0.2561652030486765,68,ccc_garch
0.171103146108919,0.982165587704257,0.03195266272189349,-0.15209084123542593,66,ccc_garch
0.19468146224225777,1.0974775939510528,0.08165680473372781,-0.018619997971679854,51,ccc_garch
0.20392198484418053,0.9883712195761791,0.08520710059171598,-0.2749711834604332,55,ccc_garch
0.16568849968514726,0.8976179218523931,0.01775147928994083,-0.30794003993238656,64,ccc_garch
0.16343166265590012,0.8788037909970763,0.010650887573964497,-0.14559122811372044,73,ccc_garch
0.20980822402345595,1.1474927459642577,0.05917159763313609,-0.0045437820741437065,46,ccc_garch
0.20193319975930554,0.9458193816682883,0.04497041420118343,0.1723206252985956,33,ccc_garch
0.16744094314647373,0.8408972731796376,0.03195266272189349,0.16347205865872041,45,ccc_garch
0.22334249054705463,1.031439415632481,0.040236686390532544,0.03011452454694121,35,ccc_garch
0.15655888960908457,0.7622961707650758,0.010650887573964497,-0.10860553155331676,53,ccc_garch
0.19242469340562574,0.9276634102399768,0.05207100591715976,-0.25421340439753604,54,ccc_garch
0.19507512193258228,1.0198955472825824,0.05562130177514793,0.33029567706496266,74,ccc_garch
0.19130186141773076,0.924254410760265,0.03550295857988166,0.0049884033194751015,54,ccc_garch
0.19772843178907207,0.9384235768720819,0.07337278106508875,-0.09806098580725052,36,ccc_garch
0.1822251438372075,1.0700571014116314,0.05680473372781065,-0.07293920826146648,74,ccc_garch
0.22337082918698659,1.137829169082687,0.07928994082840236,0.04786364045248021,57,ccc_garch
0.21508835704750542,1.0683397590365864,0.06035502958579882,0.09650676376333661,58,ccc_garch
0.22196969701199834,1.078545012176992,0.05917159763313609,-0.12678187469873814,44,ccc_garch
0.17510614219169252,0.7784789989696466,0.002366863905325444,0.0398882431773444,44,ccc_garch
0.17239170458584163,0.8209604315633874,0.005917159763313609,-0.033452058992228875,50,ccc_garch
0.18943790480716974,0.9818309952800002,0.04378698224852071,0.00858779336378089,68,ccc_garch
0.22625931508937958,1.0892106214019734,0.09467455621301775,-0.12996341988810733,39,ccc_garch
0.23149079376574472,1.192889934789328,0.08402366863905325,0.259422613373159,28,ccc_garch
0.17255527833124454,0.9277668688679876,0.029585798816568046,-0.22528235146531878,66,ccc_garch
0.1615940210590527,0.8600808405832872,0.016568047337278107,0.031885699041475715,72,ccc_garch
0.1822151469772408,1.21086885822805,0.040236686390532544,-0.019140980496872087,59,ccc_garch
0.2154968208045096,0.9576150529179626,0.036686390532544376,0.03985074156136989,47,ccc_garch
0.18417809373519176,0.9449028445243848,0.05207100591715976,-0.21269967480475618,56,ccc_garch
0.18191999800166203,0.9172674249800454,0.08402366863905325,0.139726270423268,56,ccc_garch
0.19622550506608252,0.9846686261287789,0.04378698224852071,0.1425080838237568,45,ccc_garch
0.18263477161097594,0.8929655805341634,0.0485207100591716,-0.2503069513335159,47,ccc_garch
0.1429840244134903,0.8027102160760756,0.01775147928994083,0.026557866653646414,72,ccc_garch
0.16577919444788156,0.7824703016065496,0.0485207100591716,0.008206774973284123,55,ccc_garch
0.20476563261798145,1.0178675437927418,0.04378698224852071,0.020831338541539592,50,ccc_garch
0.17603647537153494,0.9004724635334369,0.022485207100591716,-0.07055443818383518,52,ccc_garch
0.1805488405661519,1.0130937470151842,0.023668639053254437,-0.016297928601050345,61,ccc_garch
0.17247702987209326,0.9327227639362805,0.02603550295857988,0.040626449558333354,51,ccc_garch
0.21143646596926838,1.0554288000725707,0.040236686390532544,0.16760872595555948,55,ccc_garch
0.2079701077757619,1.0451724712823316,0.05680473372781065,0.22666416866125874,43,ccc_garch
0.18414521860206945,0.9662293973832401,0.023668639053254437,-0.18899946657476718,55,ccc_garch
0.17497797539373108,0.9913152401435252,0.03550295857988166,-0.17163405800012574,74,ccc_garch
0.13084912848632435,0.7886807503910398,0.009467455621301775,-0.14261816198656116,70,ccc_garch
0.1563659939815228,0.9111063198924687,0.023668639053254437,-0.19980292796669244,86,ccc_garch
0.16493947769893252,0.927397300315656,0.01775147928994083,0.11317340518565838,56,ccc_garch
0.15548750247453375,0.8568010343030288,0.011834319526627219,0.01269446451373148,77,ccc_garch
0.15913859342550488,0.8432432429451389,0.021301775147928994,-0.11033046360400123,44,ccc_garch
0.18292747654553604,0.9773310326120077,0.029585798816568046,-0.03774329381583732,41,ccc_garch
0.17596007887229395,0.860098902371248,0.033136094674556214,0.07794714642939703,65,ccc_garch
0.20559931054755587,1.0351877430770258,0.06390532544378698,0.2607471481489007,60,ccc_garch
0.2173497597530003,0.9639955801851541,0.08284023668639054,-0.0350417607667062,40,ccc_garch
0.22475681844291412,1.1179989473527492,0.07100591715976332,0.02280216800044667,58,ccc_garch
0.1929419081219922,1.0595028454746998,0.0650887573964497,-0.12472398068951562,43,ccc_garch
0.17844864600281812,0.974337921001688,0.020118343195266272,0.15032619599952474,53,ccc_garch
0.18446275682488478,0.8496398908341112,0.009467455621301775,0.0831273337626126,39,ccc_garch
0.18696174439886176,0.8953957220091376,0.047337278106508875,0.09403927164892636,50,ccc_garch
0.18077275091982972,0.8830908201411065,0.016568047337278107,-0.2649121454926089,55,ccc_garch
0.19280185527260002,1.0305732231549336,0.054437869822485205,0.1142482036252249,69,ccc_garch
0.16777084111183987,0.9327302932728605,0.011834319526627219,-0.32670181372768164,68,ccc_garch
0.13715170877459915,0.7752499481150463,0.005917159763313609,-0.23763589876382174,40,ccc_garch
0.20265997610716738,1.2197549811664539,0.07337278106508875,-0.16002734880033168,62,ccc_garch
0.18770142083728422,1.0877266047137475,0.046153846153846156,-0.1273461852661051,49,ccc_garch
0.1784639100390127,1.0297350015149997,0.047337278106508875,-0.06410208141608818,47,ccc_garch
0.17652100329458154,1.1151604976456135,0.047337278106508875,-0.07165862500967571,46,ccc_garch
0.18948581205434673,0.9526273183453916,0.020118343195266272,0.22881056075515224,47,ccc_garch
0.23746078172813834,0.9787778079888243,0.12307692307692308,0.2348816391102638,37,ccc_garch
0.188345839751643,0.9561564969479955,0.04497041420118343,-0.13802840598560775,58,ccc_garch
0.1479621670492191,0.7738025846611558,0.007100591715976331,-0.12052289322192651,59,ccc_garch
0.16767986952628394,0.9139226768631346,0.02603550295857988,0.02884902881619295,33,ccc_garch
0.21387090166255868,1.0731432302292165,0.06627218934911243,0.11939308827302701,29,ccc_garch
0.15720245792165574,1.0331142019523476,0.014201183431952662,-0.29395824364119405,59,ccc_garch
0.17165074466702418,0.8740661305098723,0.01893491124260355,-0.12640957967157426,56,ccc_garch
0.20331501857796702,1.0747699354592324,0.05562130177514793,-0.09412100363578114,74,ccc_garch
0.17778301539438446,0.8413929158444095,0.01775147928994083,-0.024725231785947908,52,ccc_garch
0.22453497380054957,1.1063449734755073,0.09112426035502959,-0.3540989368250827,41,ccc_garch
0.16374148747057685,0.9220617372799453,0.01301775147928994,-0.19580424346986472,53,ccc_garch
0.17890318653917284,0.837190888169796,0.011834319526627219,-0.1460429424837636,42,ccc_garch
0.1669007693101744,0.9370487398798346,0.011834319526627219,-0.10775541366923251,54,ccc_garch
0.18458064549227554,0.9852611720443145,0.011834319526627219,0.1984588799406814,65,ccc_garch
0.17341773741702785,0.8885754603212614,0.01893491124260355,-0.06216890948828991,38,ccc_garch
0.19590603966254388,1.1374245841857564,0.03195266272189349,-0.08992997852504168,42,ccc_garch
0.1812638017121435,0.8627566849231116,0.009467455621301775,-0.1277701458022521,42,ccc_garch
0.19866584205668208,1.0598697997411186,0.027218934911242602,-0.0633007513658799,54,ccc_garch
0.21069706544240088,0.996053028874573,0.05680473372781065,-0.1496897968364136,54,ccc_garch
0.2127418900622712,0.9938962199515967,0.06153846153846154,-0.05759047830129427,58,ccc_garch
0.22314161637432128,1.0254307727619436,0.11597633136094675,-0.170624375671691,55,ccc_garch
0.20265116830739738,1.1290411981015889,0.06390532544378698,-0.08947843204869295,47,ccc_garch
0.17422068739851848,0.8838098201599003,0.011834319526627219,-0.12655597958889778,57,ccc_garch
0.22209972020641874,1.0288873212459246,0.06627218934911243,-0.10791975252085216,31,ccc_garch
0.16298277723268514,0.734556142003274,0.01301775147928994,0.012900337454674884,46,ccc_garch
0.20294534629558839,1.0213983961095916,0.028402366863905324,-0.0884607651186381,52,ccc_garch
0.15856910196294716,0.9672316322926735,0.05207100591715976,-0.06727593559429612,42,ccc_garch
0.14620221426843233,0.9076514715579663,0.01301775147928994,-0.08566192344036502,65,ccc_garch
0.19316112597214932,1.1177961143714192,0.03431952662721893,-0.2529494785239206,47,ccc_garch
0.19373252824563147,1.0706485866919357,0.06627218934911243,-0.003968728009015404,46,ccc_garch
0.18215150075181435,0.8607242489887454,0.01301775147928994,-0.1696465425734004,52,ccc_garch
0.1853441751903334,0.9522861730938457,0.04970414201183432,-0.040553466066660174,64,ccc_garch
0.18075515571268963,0.9192603212209858,0.04142011834319527,-0.19246382669040302,42,ccc_garch
0.14123163154169993,0.6831663278301126,0.0,0.04597661396316887,68,ccc_garch
0.17321444842354522,0.8615168593923839,0.05562130177514793,0.004009137833184191,70,ccc_garch
0.18290910123625123,0.9495359438680007,0.0378698224852071,-0.12075166229103358,49,ccc_garch
0.20078729588666683,0.9630333335128749,0.0485207100591716,0.08379967781541278,79,ccc_garch
0.20790539085689724,1.0713109738805942,0.10650887573964497,-0.11942705307699326,47,ccc_garch
0.1507323793858491,0.7343202952495527,0.002366863905325444,-0.058636947179059644,63,ccc_garch
0.19601597652915317,1.1017003371271255,0.046153846153846156,-0.06781434504567593,54,ccc_garch
0.18683604223429903,0.935992903643031,0.028402366863905324,-0.1212534905370769,48,ccc_garch
0.1773850243861138,0.9232806308720996,0.022485207100591716,-0.1613171268014122,56,ccc_garch
0.15599302203099497,0.8069692551374202,0.002366863905325444,-0.3529346974112778,58,ccc_garch
0.2330653299179778,1.1478750153889066,0.07810650887573964,-0.1105355350346991,45,ccc_garch
0.19171164690724365,0.9108710711744886,0.022485207100591716,-0.3186776038430102,59,ccc_garch
0.18834171240156578,1.1467145113447679,0.04260355029585799,0.0028123496347238174,50,ccc_garch
0.19260344755624423,1.0129769300182083,0.0378698224852071,-0.16925293604795205,58,ccc_garch
0.13692722253258213,0.7138772192699994,0.015384615384615385,-0.08412715019632645,62,ccc_garch
0.21723090237381928,1.0568852187290068,0.05680473372781065,-0.12934338591508837,35,ccc_garch
0.14117184408020228,0.727548264448368,0.015384615384615385,0.08447107368438732,67,ccc_garch
0.19952010394285102,1.0377667139188014,0.04142011834319527,-0.19172514460761178,55,ccc_garch
0.1696834151500165,1.0456674645240267,0.01775147928994083,-0.35283926273973276,48,ccc_garch
0.21960721517611917,1.197320135829119,0.1136094674556213,0.2580965251824302,55,ccc_garch
0.1979472990717461,0.9253469719936621,0.03076923076923077,-0.32432595766201544,36,ccc_garch
0.2524933528061486,1.2056755540619872,0.1242603550295858,0.17083223737475814,31,ccc_garch
0.2040441907805359,1.154171274178914,0.05798816568047337,-0.01653212331369837,69,ccc_garch
0.21196119705183844,1.0899917249508964,0.07692307692307693,0.010093264343419119,43,ccc_garch
0.16696985943914208,0.8546009817386366,0.022485207100591716,-0.08316860784186612,58,ccc_garch
0.21587633231526288,1.1185097679136249,0.07337278106508875,0.101651503257883,53,ccc_garch
0.17623370490290033,0.9781868878118423,0.05325443786982249,-0.41593275043571704,57,ccc_garch
0.20202596064600747,1.1394758621430083,0.040236686390532544,0.06912509186778636,41,ccc_garch
0.1494495067805599,0.7593473617607729,0.015384615384615385,0.059041611890025325,40,ccc_garch
0.1999153919740292,1.0044462401786123,0.046153846153846156,0.06743858160566861,57,ccc_garch
0.20561135052398055,0.8909176434871169,0.03905325443786982,0.15789843256360012,33,ccc_garch
0.18694509053266106,1.1834254883134698,0.036686390532544376,-0.0078261235881076,56,ccc_garch
0.20128268711187347,1.0766440800800663,0.0757396449704142,0.020233609713834373,52,ccc_garch
0.18483094338202669,0.9980613602841473,0.036686390532544376,-0.06963386647421309,62,ccc_garch
0.18829516546436378,1.0425828632545102,0.03076923076923077,0.07775116758508203,48,ccc_garch
0.1966451640152174,0.9538901776578363,0.05562130177514793,-0.05780073499903761,46,ccc_garch
0.18651926262160828,0.9736589718740906,0.015384615384615385,-0.3256310893864164,48,ccc_garch
0.18519371582934296,0.7977787416967488,0.004733727810650888,-0.18072523164112755,39,ccc_garch
0.2233314587605262,0.9804196785135086,0.054437869822485205,-0.0818978117920782,43,ccc_garch
0.19534712089141926,1.1388139313917836,0.03195266272189349,0.024870103036853903,54,ccc_garch
0.20713852664020085,1.0457499915513735,0.036686390532544376,-0.15785028105767185,48,ccc_garch
0.1775643823007027,0.9547414534888046,0.07455621301775148,-0.05349140032521019,42,ccc_garch
0.24720562058329576,1.0662941271957376,0.0970414201183432,-0.12147857986025884,37,ccc_garch
0.20630419764318791,0.9772237214620065,0.08284023668639054,-0.027033980558875112,46,ccc_garch
0.19498048539067261,1.0358797516202167,0.04497041420118343,-0.09571252375915279,61,ccc_garch
0.20797358950128614,1.093104122557985,0.04970414201183432,-0.07686771780956167,55,ccc_garch
0.15848219961582322,0.8028039684715761,0.01893491124260355,0.2526770444694714,58,ccc_garch
0.18646652210619785,1.0375094168570063,0.046153846153846156,-0.4648565869223583,55,ccc_garch
0.17821757370575436,0.893648290772074,0.04142011834319527,0.08118344689630111,49,ccc_garch
0.20776897078476922,1.0219516655135263,0.05680473372781065,-0.054062077415050515,65,ccc_garch
0.1689243442408238,0.8928382053990873,0.009467455621301775,-0.059889006364248654,56,ccc_garch
0.2193362329983221,1.174089771512989,0.08757396449704143,0.09616034611293221,31,ccc_garch
0.17882625787649387,0.9894860749267445,0.0378698224852071,-0.10443710531934984,47,ccc_garch
0.20939171776335577,1.0090272302393226,0.06035502958579882,0.006412661377721862,50,ccc_garch
0.2077795771226686,1.15050922659914,0.04497041420118343,-0.04054595178231557,46,ccc_garch
0.17556429892230938,1.0505734040825794,0.036686390532544376,-0.11468645627780868,67,ccc_garch
0.18659782806342617,0.880510998087739,0.05917159763313609,-0.1386521770807621,55,ccc_garch
0.17683570472776994,0.8468039341571738,0.004733727810650888,0.03734405509427346,44,ccc_garch
0.20146669710563384,0.9720135857529586,0.06863905325443787,0.18890919601235817,61,ccc_garch
0.18044780681272335,0.8554608727953995,0.008284023668639054,-0.14900548398449548,66,ccc_garch
0.19979784351599972,1.1348617926595064,0.04497041420118343,-0.2448509668781923,58,ccc_garch
0.2110807723961325,0.9589655701899349,0.06035502958579882,0.024154524057144182,46,ccc_garch
0.1768589956039002,0.9490745674135821,0.03431952662721893,0.10614353481433052,52,ccc_garch
0.1956676882862361,0.9818073813463977,0.05562130177514793,-0.05501557540049249,58,ccc_garch
0.16535858252189023,0.8475481517226799,0.022485207100591716,-0.1433209265682521,57,ccc_garch
0.17263652477083122,0.978745566990074,0.029585798816568046,-0.07669309055221155,79,ccc_garch
0.2028356764111107,0.9151229385183195,0.029585798816568046,0.1341833075913042,44,ccc_garch
0.16074760699290347,0.9828177802431118,0.010650887573964497,-0.2717871161673038,66,ccc_garch
0.1803475735789018,0.9764048897931372,0.01301775147928994,0.16777666042775263,49,ccc_garch
0.19252253555641674,0.9578415361732968,0.02603550295857988,0.09979460159341662,51,ccc_garch
0.15033310541066955,0.9154423113367529,0.011834319526627219,-0.2596956762521839,51,ccc_garch
0.180503881267129,0.9721576863774783,0.016568047337278107,-0.22638043516428946,56,ccc_garch
0.19095358327535036,0.9973932436639288,0.014201183431952662,-0.017225985976011327,29,ccc_garch
0.1764920479588559,0.9940428388116713,0.05088757396449704,-0.10379217507229185,28,ccc_garch
0.16020580675063084,0.8495016617466207,0.008284023668639054,-0.29376485776690964,57,ccc_garch
0.19726705461890984,0.9637344757634012,0.03076923076923077,-0.1506939493870108,43,ccc_garch
0.196364764722782,0.9191863116177201,0.036686390532544376,-0.07655956203695118,74,ccc_garch
0.20387573546315502,1.1220736605726076,0.04142011834319527,-0.08093420074077964,43,ccc_garch
0.22306198418927117,1.1867184638170007,0.0485207100591716,0.2119627860628133,52,ccc_garch
0.2453171727747243,1.1243833905307543,0.10532544378698225,0.11773062261368028,37,ccc_garch
0.186250710359034,0.8691802773778725,0.005917159763313609,-0.011578167057465009,41,ccc_garch
0.1945738983483104,0.9724266718924728,0.047337278106508875,-0.00510106437181193,44,ccc_garch
0.16119458604938067,0.9036208311827394,0.02603550295857988,-0.23577967650137838,68,ccc_garch
0.1993266600229521,1.0401389297011097,0.04970414201183432,0.04937135206434444,57,ccc_garch
0.19445611155529335,1.0919901869526782,0.05207100591715976,0.21974459631712456,36,ccc_garch
0.18550957082385874,0.9586190485559727,0.04260355029585799,-0.08918057236056547,60,ccc_garch
0.18030653086516607,0.8227030673606004,0.007100591715976331,0.05207787132414722,37,ccc_garch
0.18044600376718714,1.0340620275890635,0.05088757396449704,-0.13702707660852714,55,ccc_garch
0.21193217300811482,1.1867290972521651,0.08520710059171598,-0.16686845182256552,66,ccc_garch
0.15399164702410148,0.9180435282988982,0.023668639053254437,-0.12879263340644154,58,ccc_garch
0.16540284552622425,0.7978836987754259,0.002366863905325444,-0.016396873256614593,53,ccc_garch
0.19494386787901763,0.958200634778021,0.0485207100591716,0.17773463478504495,43,ccc_garch
0.19076323902824968,0.9911106471450778,0.03195266272189349,-0.052474688060575134,54,ccc_garch
0.21133663412534096,0.9659536219397427,0.0650887573964497,-0.20829794774568203,38,ccc_garch
0.18950409224886733,0.9273855089653152,0.033136094674556214,-0.1443970503822246,65,ccc_garch
0.17908113086158864,0.8931071535448423,0.015384615384615385,-0.13995797850612351,43,ccc_garch
0.19176898458915434,0.9826026004968011,0.04260355029585799,-0.1531736194382811,53,ccc_garch
0.186438021820824,1.1283485166104266,0.04142011834319527,-0.08195642467590854,56,ccc_garch
0.17317978483645832,0.9116114190341627,0.03076923076923077,-0.11451758302435722,60,ccc_garch
0.16796657048675653,0.9212040846241096,0.010650887573964497,-0.0318578553539839,45,ccc_garch
0.22520416786489644,1.0251003083992907,0.05917159763313609,0.029721299968641854,43,ccc_garch
0.15916189078276247,0.8853390497542045,0.015384615384615385,0.15758052339939,63,ccc_garch
0.22464857555631654,1.0312533729412872,0.07337278106508875,0.1020077745838657,37,ccc_garch
0.16792864696557375,0.8558732675828761,0.010650887573964497,0.304259387624706,51,ccc_garch
0.17538421753316993,1.1235075067668772,0.04142011834319527,-0.046323965014798914,73,ccc_garch
0.1922756440381559,1.0010664261384694,0.03550295857988166,0.009849683234109351,46,ccc_garch
0.2655969320719628,1.1926148192357782,0.13964497041420118,-0.13676132023608684,41,ccc_garch
