,rho36,DCC,P_pos_regime_MS2t,EWMA λ=0.94 (HL 11m),EWMA λ=0.97 (HL 23m),EWMA λ=0.98 (HL 34m),EWMA λ=0.99 (HL 69m)
1953-05,,0.025374435624749773,0.6438601340884041,,,,
1953-06,,0.025727694624151087,0.6472821556493259,,,,
1953-07,,0.08033665403197196,0.6437521081050956,,,,
1953-08,,0.1017027236826052,0.6355612362925752,,,,
1953-09,,0.09866086124027344,0.6276323981347086,,,,
1953-10,,-0.007861510536605816,0.6270623584738296,,,,
1953-11,,0.09056505979567488,0.6138644218834824,,,,
1953-12,,0.07708936618189179,0.6030200964685951,,,,
1954-01,,0.0871887592701194,0.5892263484022069,,,,
1954-02,,0.13095917324922984,0.5613878566781288,,,,
1954-03,,0.12244570211029784,0.5340277756617153,,,,
1954-04,,0.15521155537825493,0.48803736113942986,,,,
1954-05,,0.20998832674368723,0.38545398801068415,,,,
1954-06,,0.08113809128317474,0.3426000664365645,,,,
1954-07,,0.07642938623325338,0.30162633377837444,,,,
1954-08,,0.1507355385627213,0.20622543331544937,,,,
1954-09,,0.10158755452357904,0.13970164689485814,,,,
1954-10,,0.07244249361080919,0.08709317317895955,,,,
1954-11,,0.020384042505687844,0.052875805115001145,,,,
1954-12,,-0.07073775659687967,0.036106393540074264,,,,
1955-01,,-0.12449155357099068,0.026097477827752538,,,,
1955-02,,-0.1499824337030134,0.019233367123504617,,,,
1955-03,,-0.18255212038604962,0.015170213243583754,,,,
1955-04,,-0.1381015674590779,0.00947330612247892,,,,
1955-05,,-0.21159786262965727,0.007072561605938562,-0.011248703914589613,0.014999907955453572,0.024765259054153565,0.03510031949234955
1955-06,,-0.18283836477094667,0.0042229677397150256,-0.02251409308893999,-0.0025165886666330232,0.006586756800622663,0.016791529808621253
1955-07,,-0.20666648774202587,0.0021966650611634176,-0.21028347533863384,-0.1449658121732188,-0.12224911164587672,-0.09920388707275604
1955-08,,-0.41108894832260273,0.002232465868960786,-0.1381084820653827,-0.09618119426766802,-0.08038256820750687,-0.06367513324581989
1955-09,,-0.3430930880270434,0.0017326196782382881,-0.11467450063965452,-0.0851524070613897,-0.07230178489792134,-0.0580282243499638
1955-10,,-0.3146692013309833,0.0010851024941794804,-0.3276458254879829,-0.2246667145709141,-0.1916346759328754,-0.15945248372101464
1955-11,,-0.39194177664382013,0.0010958671893275308,-0.29712108923085534,-0.211418545175073,-0.1827842148826257,-0.15428694208162191
1955-12,,-0.364657612150266,0.0010346873874151946,-0.26607469936115646,-0.1919025582218207,-0.16651486984927424,-0.14093784688552416
1956-01,,-0.32790244466061247,0.0007942710307683906,-0.3434697500139815,-0.24390158671387382,-0.21087723870839073,-0.17835558456114153
1956-02,,-0.34563270647480343,0.00071186460267463,-0.3570814813960479,-0.25607137950627457,-0.22171772260699363,-0.1877090099722972
1956-03,,-0.3168196715288381,0.0004557290940680577,-0.44839358082100844,-0.3292937430793516,-0.2884562265734061,-0.24792132664080457
1956-04,-0.175325139745898,-0.4621758570540415,0.0007814473348450886,-0.3218191528529121,-0.25785185147478196,-0.23197884185848885,-0.20433575512059593
1956-05,-0.26812611799531927,-0.35646548734444516,0.0009010902804558905,-0.42325173850299935,-0.332969363602031,-0.2980051381535711,-0.26146434565515414
1956-06,-0.3294206839772636,-0.3855753830709776,0.0014308455042249247,-0.4474522794850277,-0.35324175134770436,-0.3162823101567786,-0.27754385734910025
1956-07,-0.36828307581720343,-0.3765185932094208,0.00201148972393695,-0.4867930596393698,-0.3860315630955915,-0.3466809995956703,-0.30542528170687305
1956-08,-0.2861598385080833,-0.42415162070415086,0.004085571907529829,-0.33275073161052404,-0.2815809540172383,-0.25843680191708196,-0.2324727170878079
1956-09,-0.21378473402132106,-0.2949003197170658,0.004737071863580665,-0.2979888430396583,-0.25202187026619216,-0.2315504735712524,-0.2086071088553033
1956-10,-0.2847948646916888,-0.2233382871440238,0.004461555275564662,-0.3250117906457392,-0.27094702259397946,-0.2476725288330621,-0.2220348584461988
1956-11,-0.23519894958311008,-0.2215955667390241,0.00428965943037468,-0.2594808095800527,-0.22074897716231492,-0.20347716458340384,-0.18400495607042858
1956-12,-0.23272561916760015,-0.13733811455293637,0.0028348088273632385,-0.2612789124529652,-0.21974974166846722,-0.20207362860406347,-0.18245084569217213
1957-01,-0.3062832725355619,-0.14129490029993091,0.0015418229534531164,-0.3344744652617297,-0.27475823697233087,-0.2503178027509665,-0.22385097726999983
1957-02,-0.3692995792443124,-0.21082736691624346,0.001096110108527871,-0.42356635512609897,-0.3425968221647894,-0.3102325209467373,-0.2756788710226996
1957-03,-0.3881437962299507,-0.2957737747352353,0.0012286665376771365,-0.4265123775570979,-0.3427215878255646,-0.3098256606652645,-0.2749473326572406
1957-04,-0.4322603418154359,-0.28274764746163983,0.0012557733090989259,-0.43406256192486364,-0.3473703199804563,-0.31364902239608755,-0.27805684012198983
1957-05,-0.4346728188290533,-0.2852784009579889,0.0013317103514102872,-0.4629939977385803,-0.3672622522321733,-0.3307920346232137,-0.29265608053161196
1957-06,-0.4193870250987047,-0.3371124309436095,0.001955680763079401,-0.4510476232478438,-0.35801801422012963,-0.3229193751885756,-0.2862963366937483
1957-07,-0.46703568746445556,-0.32077851598477,0.0027144826900753777,-0.4575013071227554,-0.3611333669318851,-0.325240881178092,-0.2880342326192991
1957-08,-0.47017879448702593,-0.32450782723689897,0.00385232091925383,-0.4615652106033175,-0.3636684128581573,-0.32708660679199486,-0.28926659697049584
1957-09,-0.48395892115655254,-0.24638569948752295,0.004626066716340443,-0.4805973386564981,-0.3755108726606764,-0.3366248125300815,-0.2967001713944556
1957-10,-0.4583928384515913,-0.22858310642648666,0.00532380260141104,-0.4321765464489315,-0.34175618765538973,-0.3075623870168474,-0.2722056963474675
1957-11,-0.46079144887019036,-0.13126012246210245,0.004856750743955713,-0.42342312747653454,-0.3648200933096005,-0.33545494484194527,-0.30189271657591826
1957-12,-0.3642457951369368,-0.2010773520193229,0.005298155326013465,-0.2655183249834329,-0.2807452807224024,-0.27446506694620626,-0.26151037958026824
1958-01,-0.34194998851146496,-0.16875227423666658,0.005546281380530458,-0.23405651506100542,-0.26190112289152767,-0.25962458322309095,-0.2502798889215355
1958-02,-0.3390960046476778,-0.14957572753708337,0.005295698574249701,-0.23276334269876772,-0.26181991870173177,-0.2599789226809695,-0.2509628189249583
1958-03,-0.3315473605633485,-0.14365803277094868,0.004939663486060421,-0.21684569464620948,-0.25147048486060836,-0.251763483960937,-0.24473707382137672
1958-04,-0.3201379423377319,-0.124665174023939,0.004153745341332826,-0.21065479819997995,-0.24912168043968774,-0.2506110015214924,-0.24456936181136252
1958-05,-0.32423656735047035,-0.11905497461170322,0.003263402886356713,-0.23023256143663992,-0.2564287289827285,-0.25580526642421886,-0.24829830979525727
1958-06,-0.3324383555692496,-0.12579697893775746,0.00252347590823262,-0.2457591465297628,-0.2627236707505885,-0.26028986153463907,-0.25146288159533864
1958-07,-0.3242964392879199,-0.1322539434548362,0.001886671302529896,-0.29408652167614596,-0.2858945509692889,-0.27741181231799955,-0.2638734003623373
1958-08,-0.3645051223734154,-0.20154326730958613,0.0018218988502708123,-0.36969457231355235,-0.3286504230881375,-0.3110211536822705,-0.2898232738341945
1958-09,-0.38999453831023567,-0.31990436034914876,0.0027915721400994754,-0.39243337367115716,-0.3424545552897524,-0.32185898608165103,-0.298061412838528
1958-10,-0.36956918894504787,-0.3401759323030584,0.004696545890243094,-0.38072317212395745,-0.3389634498034242,-0.3200234080329052,-0.2973877847905828
1958-11,-0.37645138525170574,-0.3151403445873075,0.006834857983273708,-0.35009811232031274,-0.32183427397194947,-0.3068220110338669,-0.2876089614726668
1958-12,-0.3801895819186554,-0.26577832134735235,0.008106041766029885,-0.3537273885357409,-0.3245873112069928,-0.3089821262997868,-0.28918603702715684
1959-01,-0.3860061946164653,-0.26534185018519113,0.009839328315717804,-0.3800707879745514,-0.3425881934137538,-0.32402587851236236,-0.3013825264478751
1959-02,-0.3950210368718716,-0.31417345271920216,0.01453217219882609,-0.4035193368609669,-0.35525846863774885,-0.33417415292771757,-0.3093969386854632
1959-03,-0.3814072756336682,-0.31051510455433434,0.02097161293312872,-0.39939469603007,-0.35372977597603156,-0.3332681123903247,-0.3089518165895801
1959-04,-0.38615682000633594,-0.2933796138512154,0.028138401830045796,-0.399254425623246,-0.35440182092088307,-0.33378717006532127,-0.3092603246044995
1959-05,-0.3694626252894591,-0.28808566866725027,0.03746317059647088,-0.3917344769507558,-0.35127511909013986,-0.3312756591080569,-0.307187123417884
1959-06,-0.3644611559317425,-0.2794552368253637,0.04943161436504906,-0.39187167307158893,-0.35048831982721823,-0.3304194203585247,-0.3063347777184848
1959-07,-0.3511106801266142,-0.24166430057784954,0.060009598004914004,-0.3806342030271297,-0.3481636300896384,-0.32970162237059725,-0.30662039496035337
1959-08,-0.375793871869383,-0.24810801337732244,0.0754090333924425,-0.38213509021494785,-0.3480462393808026,-0.32937139009699784,-0.30617789269916157
1959-09,-0.31015691244206817,-0.21656869838132267,0.08945900237252812,-0.17700668834310737,-0.23834014304919068,-0.24453484091558628,-0.24246695413797462
1959-10,-0.30675898777784044,0.13679765780737752,0.08779042807008208,-0.19811663926358083,-0.24789025988340194,-0.2520214737216074,-0.24840675701550394
1959-11,-0.3249074649745282,0.09516699579390969,0.08754055362649282,-0.20127375829158015,-0.24950629686882564,-0.2532845885367884,-0.24937062630632506
1959-12,-0.33470588602279333,0.08993866668382362,0.08738697028734146,-0.2317029141857802,-0.264545061495014,-0.264615383763188,-0.2576404561007664
1960-01,-0.31279612910694293,-0.008804275748289509,0.09182171033782413,-0.23708280168456713,-0.26496954044398385,-0.2643826905377212,-0.25707488918571275
1960-02,-0.33609691138664527,0.0052917317847502405,0.0951251441656539,-0.37925216201070105,-0.33943611652534134,-0.3214948080347048,-0.2996985445976636
1960-03,-0.3535350251242289,-0.23981593281713035,0.12000973129854738,-0.40981088927193005,-0.3616184928403526,-0.34026398865135715,-0.3150821268528061
1960-04,-0.35023689403744107,-0.28657614305037427,0.17436484811330957,-0.4098064221638229,-0.36150133072936597,-0.3402041022775025,-0.315067932110122
1960-05,-0.3321290987389285,-0.2712118220363871,0.23206740793330277,-0.39491856897006505,-0.3536567673990497,-0.3341266626454042,-0.310469101232925
1960-06,-0.27040598395068827,-0.2257826656199228,0.27588837018951307,-0.2491256120928263,-0.28157842729259785,-0.2817501625104843,-0.274352801029468
1960-07,-0.29417763964521704,-0.05428622577864487,0.2871219863834183,-0.32782552797399095,-0.32615101818525105,-0.3167314532795766,-0.30099224332139907
1960-08,-0.310478775852084,-0.1937315827177389,0.3305517865168638,-0.31368317133315293,-0.3189846084730716,-0.31174359166700666,-0.2978535266585292
1960-09,-0.3129698269067509,-0.17164402721224872,0.37007454373916193,-0.2893715443358135,-0.31115758609485455,-0.307125091954403,-0.29538159927142954
1960-10,-0.3505628022770426,-0.1478003793044926,0.4078037226978433,-0.245085544072165,-0.28887176832989414,-0.2905741508110534,-0.283548625838631
1960-11,-0.31713266688068587,-0.08342308755314441,0.42839558608516476,-0.2567228444209063,-0.2910912817272817,-0.2917702241921912,-0.2842624466234944
1960-12,-0.31792156493067275,-0.09358793666242261,0.45445960933292917,-0.22177356359197678,-0.27278547429472116,-0.27856442280038807,-0.27540128494434707
1961-01,-0.3148545010824608,-0.04634154239498357,0.47085540416950233,-0.21022045999770145,-0.2601105872846046,-0.2684093247815415,-0.26815652210254987
1961-02,-0.2858830332850443,-0.034328206892104904,0.485297016697196,-0.1749385200608699,-0.23698486323224122,-0.2506453862265758,-0.25558226311495635
1961-03,-0.28206688483615483,0.022880221989659565,0.4917064173936202,-0.16242934052708718,-0.22688195105043574,-0.24255701008900038,-0.24971378314836257
1961-04,-0.2800746234618441,0.04883974487898785,0.49488883439388626,-0.1746759872568722,-0.23077217674332853,-0.24483074362843268,-0.25097921893444514
1961-05,-0.27810732607197436,0.024156089168651026,0.5006619063005932,-0.17527524632508998,-0.22992682515740517,-0.24407747682280526,-0.25048757954276973
1961-06,-0.2373682793503017,0.028277503804858807,0.5059409996623239,-0.08061050163900722,-0.18787160314955875,-0.21427173456111065,-0.2302433034712451
1961-07,-0.212465364014,0.14885705709014557,0.5004165833769453,-0.06964016491015036,-0.18346631242190106,-0.21130608918255123,-0.22831587010574747
1961-08,-0.17168774881324922,0.1522124731876109,0.49332977739185985,-0.1225591745968968,-0.20416507506162965,-0.2249696662931166,-0.23689114879396356
1961-09,-0.1552934635779637,0.01525314694987703,0.49562124495040294,-0.1433822106911898,-0.21312238359101984,-0.23142405659550644,-0.24140190994256927
1961-10,-0.14542502040948366,-0.021032407580236067,0.5019094377040227,-0.140885291992585,-0.21132416480262162,-0.2301188592224439,-0.2406123173835067
1961-11,-0.16186706435979295,-0.010686799816999243,0.5075273061385168,-0.14720726094557737,-0.20970904549510336,-0.22793391416485104,-0.23869303118719828
1961-12,-0.15120190734379457,-0.031515015894208985,0.5147243853478343,-0.13562439897920053,-0.205607971174734,-0.22509418260846353,-0.23671195707362663
1962-01,-0.09581387756560612,-0.029130294918650247,0.5218154301501888,-0.11073760322476624,-0.19210821239899933,-0.21570570859216362,-0.23076311930864515
1962-02,-0.08028776799168869,0.002979776458146776,0.5255966400505234,-0.10210986712163876,-0.18780633391076562,-0.21265213471727776,-0.22880869106453453
1962-03,-0.08077346616929451,0.017911680502130243,0.5280088786172544,-0.11901573165700777,-0.194316107175396,-0.21714062327284392,-0.23188417755128127
1962-04,-0.0952812162827599,-0.016226161991918283,0.5330272655472559,-0.18118213608675326,-0.22169464745142728,-0.23636787953175745,-0.2447891242043514
1962-05,-0.04027817241553207,-0.1484600084207022,0.5546788877141318,-0.09097753624477505,-0.1753679563366231,-0.20331555266549176,-0.22325208669940141
1962-06,0.010015126054373793,-0.04252331277125142,0.5655881214397931,0.0047118082024477865,-0.11074240236574966,-0.15157816635683888,-0.18552742788215063
1962-07,0.009246267806568701,0.05278794000196788,0.5678041875949841,-0.03706832405152658,-0.12455818626973048,-0.15990251717383283,-0.1901516027173994
1962-08,0.011122417944391998,0.026239198254703257,0.5728607061100663,-0.020963502677069777,-0.11637165359072567,-0.15388290953040643,-0.18611370835484903
1962-09,-0.06632656465154019,0.03670146749979345,0.5763105257128698,-0.021181082336399,-0.11675861030166872,-0.15430526016560162,-0.18651112672661393
1962-10,-0.07320463110320224,0.03438638949373739,0.5802846706129036,-0.04401842060631656,-0.12904230005501022,-0.16342658093943127,-0.19284588625778773
1962-11,-0.07325570359962133,-0.0214756061469109,0.5915229222240118,-0.030441916342902078,-0.11501101788576502,-0.15084875012755744,-0.18296076660948835
1962-12,-0.024142182336306984,0.005085718387987783,0.5987555368629423,0.009198320837090665,-0.09344632168228431,-0.13462184390986873,-0.1717492463184756
1963-01,-0.029815229318654227,0.06674569891652112,0.5985667942115591,0.02260322112182569,-0.0841105433605455,-0.1270219841044269,-0.16617172917050443
1963-02,0.03520437386143724,0.09244288099088284,0.5947853972021552,0.008702363850409732,-0.08832471153298475,-0.12928318651018264,-0.16716554166219894
1963-03,0.0794110256946345,0.06572951131341219,0.5921991378604562,0.01045413195745208,-0.08772551773130831,-0.12896317931601614,-0.1670347837370122
1963-04,0.062456818984926804,0.06563560851739379,0.5895687627457605,-0.01972426497086724,-0.09763011002379561,-0.13429252223377158,-0.1694272505003009
1963-05,0.055947347421006696,-0.0008841085532423044,0.5919091851149894,-0.009679617441234821,-0.09233690992162438,-0.13042882436884953,-0.16688384516089766
1963-06,0.008660099722519014,0.02377304385671525,0.5918813516181634,0.0006763137026030559,-0.08812804891995091,-0.12751183253470352,-0.16495704228865635
1963-07,0.10612508522496987,0.04638327452178032,0.5894557483841819,0.012613814539596438,-0.08299159632603945,-0.12404174790653402,-0.16277197544888217
1963-08,0.10867044715705279,0.07475996663247174,0.5836964082226447,0.023986500711622782,-0.07743582653233608,-0.11990393898368364,-0.15995551639888156
1963-09,0.09514465343591051,0.09660692293737602,0.5746682131432443,-0.0074649233559675844,-0.08894575099702845,-0.12689548911086063,-0.16375496229550932
1963-10,0.0711082564212473,0.00176063822447123,0.5727610026366702,-0.004403393908360905,-0.08782420905779915,-0.12616428914042221,-0.16330128699111798
1963-11,0.08217771776333008,0.012137318731173661,0.5702391744075017,-0.004682549946423276,-0.08761724918229924,-0.12605740682690297,-0.16328291768678616
1963-12,0.06523910595319524,0.017224366824804875,0.5675074923178927,-0.004326715056024992,-0.08734429771342293,-0.12567118914316716,-0.16290032759641931
1964-01,0.053583431948284334,0.013243211323858339,0.5653846141385368,-0.02144676110673622,-0.09325619267677378,-0.1289842875798504,-0.16448036113168002
1964-02,0.026824317719914455,-0.04719993657606927,0.567842552547861,-0.019016567662599737,-0.09185435245450492,-0.12801964134844,-0.1639156657902761
1964-03,0.002457237536442633,-0.03182504586655016,0.5697871361192774,-0.0326312631724057,-0.09706025800542718,-0.13113759741623193,-0.16553029435719713
1964-04,0.01099641643088392,-0.07709085043129349,0.5756835961442579,-0.03196849353708622,-0.09683421231424214,-0.13094458994572034,-0.16537849949861375
1964-05,0.008992550621866711,-0.06970365779889136,0.5821519452809487,-0.03301281411897584,-0.0961995784623099,-0.13044167011589758,-0.16510106750402365
1964-06,-0.04436488609292697,-0.05464308084753888,0.5883246691180614,-0.055887245282329745,-0.10250768751577176,-0.13426025114302256,-0.1673435079114478
1964-07,-0.053504667736407226,-0.09415267649973107,0.5994040420429666,-0.06452912733821883,-0.1043907049537096,-0.13471903792214898,-0.16708494977550462
1964-08,-0.007420019442656702,-0.11129958730761187,0.6139767091286942,-0.07216827280707475,-0.10623178508210973,-0.13579872005824717,-0.16772616984224656
1964-09,0.0067711498589070026,-0.10696932742963874,0.6301877536351245,-0.07216545960531688,-0.1060999429225688,-0.13559233863891634,-0.16751759704046323
1964-10,0.005547949676606735,-0.09729950837051395,0.6474754574337852,-0.06621221985895928,-0.10385394628087018,-0.13408347758443748,-0.16659843392786958
1964-11,0.015330921861183558,-0.06985600999275944,0.6629869422413808,-0.07229276722692497,-0.10477539812107711,-0.13450500363488518,-0.1668463656455733
1964-12,0.03368916635225835,-0.06396244106298944,0.6793329602883474,-0.03945816772465258,-0.09561295942084154,-0.12918019130991504,-0.16399786759729795
1965-01,0.019504159774802333,0.010314741624525219,0.6884470638672308,-0.04136216052850452,-0.09541770153477624,-0.12866875381727932,-0.1634465599010294
1965-02,0.01167176745417515,0.00498671837119377,0.6983813637657036,-0.039735822299176514,-0.09513058871333287,-0.1285323535324262,-0.16338288414478477
1965-03,0.025192753682256496,0.008307589682177216,0.708659159001464,-0.04310048246099632,-0.0960107742483311,-0.12909222102962342,-0.1637468360037642
1965-04,0.11547507544419301,0.004441165132196283,0.7200241040542643,-0.039131058207879106,-0.09467344541002531,-0.1282387822467969,-0.16326630913797258
1965-05,0.08176294777067614,0.016048936612615316,0.7308271655769921,-0.04017006356684297,-0.09475789873903043,-0.12817434214078105,-0.16315482337097137
1965-06,-0.05040338060732785,0.013957838498415798,0.7424637601396659,-0.05326996348314735,-0.09551250441980168,-0.12755966044747957,-0.1622926461267
1965-07,-0.020356158758469585,-0.02504929438506207,0.7545147600943047,-0.059623109334685835,-0.09759225607693355,-0.1288606159545861,-0.163082581905937
1965-08,-0.051991999943835104,-0.03343734858457955,0.7688801129860986,-0.08892492180880848,-0.1042995772984774,-0.13220500375260633,-0.16451242229668986
1965-09,-0.06938010737035563,-0.06470849064148475,0.7891807153694467,-0.13108977577721828,-0.11472894129882431,-0.13729763318295551,-0.16656896221858614
1965-10,0.007349745360033464,-0.12302318216049607,0.8247820631360706,-0.16405851640234187,-0.12435175944479522,-0.1423813718448879,-0.16887024425586497
1965-11,-0.023969034616094335,-0.16118481474256657,0.8819361845664587,-0.14436713598475848,-0.12131178388704508,-0.14071016932053582,-0.16788834618304932
1965-12,-0.026024858959071646,-0.12304924427063381,0.9342571537571853,-0.024256964335012805,-0.08370127548001446,-0.118968984490389,-0.15643290876845367
1966-01,-0.06926645022440821,0.02506362264189315,0.9567961976894446,-0.006415545818512479,-0.07869386854539279,-0.11621751892573735,-0.1550742089331942
1966-02,0.04476759772828064,0.033205397192043275,0.9776962901789815,0.1036392283038104,-0.0290872057101513,-0.08518866605234572,-0.13803657316236545
1966-03,0.05462691062900504,0.15122603813717758,0.9854633684894716,0.08533136536227831,-0.021229571230618603,-0.07733487706262226,-0.1324528347557245
1966-04,0.15599974331137692,0.15201641413601427,0.9903007722134106,0.20003151023951887,0.028944776697236677,-0.046573743190474345,-0.11632954656982654
1966-05,0.12491231536537943,0.20654060931021398,0.9919993162400493,0.1677400145499188,0.03048866052822255,-0.04143516126937554,-0.11145940423354903
1966-06,0.11941967903923807,0.18842488864349508,0.9930766402549105,0.16617997434952486,0.031119766303980535,-0.04065712549053584,-0.11085368750442037
1966-07,0.1341079550561786,0.1849662638746448,0.994196511284448,0.16433501243595094,0.045638632237346495,-0.02711801799502622,-0.10138335514909178
1966-08,0.2703003728104232,0.19850516322746958,0.994548756569059,0.33859017223548826,0.1598999902677158,0.05474183107611808,-0.051984792408726166
1966-09,0.23197847096874505,0.35850183168851574,0.9910411766172847,0.24516200529278867,0.12003745865043397,0.031928119857901255,-0.06288132603869909
1966-10,0.1768253598192041,0.2950521270215648,0.9892036710654238,0.18987935557037633,0.08922261232452522,0.013560074298050675,-0.07228185541536679
1966-11,0.0894243253432679,0.21584474898029518,0.9886694549549243,0.051099791989337555,0.02329594955598851,-0.025950829211471176,-0.09145639444204069
1966-12,0.07615349535712629,0.10788609555038454,0.9905255613023429,0.0671929374364565,0.025250911571071333,-0.02257193689692941,-0.08795170354129668
1967-01,0.1769271372676266,0.07006366910567584,0.9924783610897226,0.20217461261905653,0.10720143422111898,0.037063599737189354,-0.05138976143796219
1967-02,0.1595983429803374,0.15391908087015088,0.9922227680739238,0.17155395841986984,0.09476375088058672,0.029998377405422626,-0.054465632525303107
1967-03,0.1867460091700371,0.1324739816495156,0.992474411337083,0.19320818370197693,0.10967100644920627,0.04111270247005492,-0.04759442435297009
1967-04,0.18124607153500924,0.14546550828598373,0.9923563202086784,0.18136099069592965,0.10469629926017836,0.03827158718467569,-0.04883008266168536
1967-05,0.13691921028030982,0.13287683155977315,0.9926239051582518,0.11793495614877123,0.07209951788884393,0.019216658246536948,-0.05671857229627
1967-06,0.15948880783826727,0.07364799460759433,0.993742126976916,0.1534967223400923,0.0935024650673073,0.0355935506691365,-0.04585291978070608
1967-07,0.14752707300150042,0.12266187428190355,0.9938449886644553,0.13060890261813554,0.08084487055267865,0.027609654244218282,-0.049614656504140715
1967-08,0.14250028900571013,0.09321211622081543,0.9945630049580731,0.11641773903412389,0.07250354207772211,0.022251194450374275,-0.05216502236534383
1967-09,0.14246288409711666,0.07069890786731857,0.9958451906501998,0.1188774989666456,0.07345131457244579,0.022810004593085915,-0.05188611712179993
1967-10,0.14285639129171135,0.06732354737436193,0.997383331325656,0.13483719229294422,0.08219572899976485,0.02983780724685319,-0.046751960660078994
1967-11,0.1928843978819788,0.10321625485958244,0.9983843456086552,0.24282596873972745,0.14748374349304802,0.07897026667681127,-0.014942077425620915
1967-12,0.21251419016081066,0.29530270090805016,0.9979875033327367,0.2767495304652117,0.16465154550617842,0.09073508448762803,-0.008168776775536969
1968-01,0.19206042705586857,0.2981406500212732,0.9974246901147134,0.22586275244408752,0.14201218001995886,0.07687248522440801,-0.014957901528505334
1968-02,0.17767400393480978,0.21902993067675353,0.9974677937344743,0.19051273061381607,0.130768093335808,0.07218441813685214,-0.015562254271374558
1968-03,0.19300067163921014,0.17936642994644628,0.9975049938239644,0.22314090889105237,0.1526447429228261,0.08949320096787042,-0.0037328709592289898
1968-04,0.24261310999397845,0.2283202025676364,0.9968631132210481,0.32227102477033254,0.2148332025646134,0.1368183838984007,0.0267988598274217
1968-05,0.21247456632663186,0.30402998397627373,0.994133328113048,0.26381618975628063,0.1827152200966227,0.11589990755724457,0.016542223210846484
1968-06,0.25644833787854154,0.22550321611964375,0.9926546987406023,0.29928902802149016,0.20630527152464292,0.13399116374555953,0.028238891909582918
1968-07,0.23556222258998968,0.2484554007085812,0.9896737406713296,0.24191382242964224,0.17855940243599483,0.11665586175327647,0.019957411104470038
1968-08,0.21466975298407553,0.17716710730516377,0.9878867862023096,0.19313049815776362,0.1512376149636062,0.09794824085994835,0.009506333424697788
1968-09,0.2175965442688866,0.11260067338979483,0.9875947740753803,0.18048349460015292,0.14645585230252886,0.0953745734926486,0.008604547975961087
1968-10,0.2106877701726635,0.09643158171906348,0.9877097790165075,0.15247485744492517,0.1317012952117667,0.08562110560005119,0.0035978390767801107
1968-11,0.2068829459729613,0.05738334576012828,0.9888663023943975,0.14101729999399,0.1249600552017409,0.08112816098271228,0.0013914218489947039
1968-12,0.18321140970013053,0.03862340682097777,0.9906841534342425,0.11961456939924393,0.11032339839566607,0.07232443083301253,-0.0012052798117456957
1969-01,0.1641816586469278,0.0176505463791236,0.9926119518081743,0.07772155676715026,0.09127641304380021,0.06103252546770072,-0.006152947919178113
1969-02,0.1601579271700674,-0.00021677140617506801,0.9947840827859727,0.08984952212178422,0.09840170966308835,0.06657142148347417,-0.0022687400831834926
1969-03,0.1697977534186667,0.027587436377926326,0.9963324075854758,0.10461512087783469,0.10826348702677258,0.07450806526140907,0.0032664068203446914
1969-04,0.16240655836722048,0.07004554672903504,0.9971698578459903,0.14385476463729926,0.12654448941289648,0.08706084502568094,0.01065381119105832
1969-05,0.15309306422881508,0.10148494015793925,0.9976365900168537,0.0995915926767356,0.10303573771729443,0.0712188467975597,0.0022694559770716706
1969-06,0.20371787730206053,0.02959400990584087,0.9991491718099879,0.2203953233684798,0.17333751868571162,0.12431980879846881,0.03700146967151182
1969-07,0.21552858987452017,0.2516183539547917,0.9992169004023026,0.24631050409471192,0.19422757706183236,0.14227809172395292,0.05030690480762533
1969-08,0.16315312994652295,0.29661860461737144,0.9989253678700659,0.2349431282226935,0.18719136657368401,0.13728346877590555,0.047406099168037674
1969-09,0.17954057872841844,0.2664080226026388,0.9989534298958431,0.17912842176376736,0.1654712602033224,0.12699447848552123,0.04709621494299247
1969-10,0.20572580431966814,0.21303636629255004,0.9989361035819849,0.19509679629034646,0.17106563571620687,0.1303286617077675,0.048755644596679304
1969-11,0.24387847839757867,0.20573214569284545,0.9990896494497534,0.19887743400229804,0.17203474014612277,0.13076400551262665,0.04887179860088237
1969-12,0.35791106072662054,0.19649485674923414,0.9994574593819446,0.37366587945227764,0.28507328658805897,0.2201212458059539,0.11115272773803993
1970-01,0.31279734769597545,0.4491764209050305,0.9986446059784176,0.37402491810805094,0.2866924300886371,0.22203529716337184,0.11303164171389371
1970-02,0.14436860337986776,0.4377793205797552,0.9978036021923284,0.09484206724784763,0.11719541404657022,0.10025783734004527,0.043551377877654236
1970-03,0.14651831258873965,0.12416099754253851,0.9986240746658066,0.13619123778568792,0.1358818178585998,0.1124572783897542,0.050386703655486705
1970-04,0.1741611596761208,0.13065132522695844,0.999390240616734,0.18496418599824213,0.16916270855498897,0.13955176456353938,0.070094686824799
1970-05,0.33206259183689846,0.1899336250321097,0.9996165469104717,0.3957647296809378,0.3262000691402835,0.272354805378417,0.17028902109469088
1970-06,0.32685309452924977,0.3831620632764232,0.9991019826305096,0.3965926097978637,0.32249054987007325,0.2683832291695042,0.16710265899095597
1970-07,0.3302423248751379,0.36535199202288143,0.9988746038542672,0.396838015547525,0.3132492965701901,0.2590781870481659,0.1608751153915705
1970-08,0.3347047269307193,0.32332484967957015,0.9988884552647138,0.3820441254710514,0.30870711546861057,0.25666550389065695,0.15997191882857947
1970-09,0.3615260443515308,0.3081490156300218,0.9991354806938985,0.4209360042230803,0.34055751280544905,0.28348097402841466,0.17965609484074432
1970-10,0.37116019329150063,0.3300174498304388,0.9990765328557769,0.4305470736990089,0.3478752838432216,0.28922879501395266,0.183448159154579
1970-11,0.33252590151447925,0.32338733562077976,0.9991238717746783,0.3851201560162249,0.31699749263787896,0.2651074733812786,0.16902597433593042
1970-12,0.3977205939684766,0.23523023556818953,0.9994854975925967,0.48770237148702467,0.3969165787824896,0.3326646878958714,0.21975385847703174
1971-01,0.4131670724822354,0.35865330057782224,0.9990919063162118,0.4971063794338852,0.40919112209155417,0.3442830592888966,0.2291573498925211
1971-02,0.4271015830133309,0.3630723621919561,0.9985100813108865,0.5025057566383576,0.4187170319888019,0.3538337571473598,0.2372552717862056
1971-03,0.42954597019897994,0.3666846976224369,0.9976021425114272,0.5107373033594362,0.4288360160862766,0.36357780722661154,0.24613507184321182
1971-04,0.4137812924035303,0.3730315733816214,0.9956694559361496,0.46486923499902716,0.40663340990537383,0.34889138691747607,0.2384103221369463
1971-05,0.4341395439516537,0.3268264914995755,0.994510887320418,0.47335727566135793,0.41045157252181147,0.35420597234908474,0.2463508854282461
1971-06,0.4309972733800354,0.36079449398739655,0.9908202117698135,0.4830611339153526,0.4155356175539637,0.3581901760918401,0.24937007389764956
1971-07,0.43899640881251106,0.35155884028607776,0.9859726142089821,0.4895212364539449,0.418882052824109,0.36107255658186377,0.25193673341933404
1971-08,0.4349792076799088,0.34987207921379826,0.979356699737745,0.4568559111701224,0.399650558530137,0.3461823315168589,0.24201655905637415
1971-09,0.4522626525823839,0.26859371026850803,0.9759645970891816,0.46899464754624487,0.4084694662381602,0.3537488966226728,0.24848237097904874
1971-10,0.4464522179567294,0.29196318210146077,0.9682394542875818,0.4265069318144905,0.38181005236798293,0.3327973674470884,0.23435705589665426
1971-11,0.43000415650147056,0.18935823081534295,0.9652100554955183,0.37605104207763823,0.3484439134107127,0.30680048675850885,0.21737034996314608
1971-12,0.40207624014796606,0.08135006151143498,0.9646107530444027,0.2680364045143561,0.2970979244458601,0.2734229578663384,0.20048344267096838
1972-01,0.39608564430726223,0.02403005996606509,0.9654730774757219,0.24750554363128904,0.28840725847264326,0.268686695610904,0.19907804590335787
1972-02,0.38626699037280604,0.02510329742973436,0.9663837315357707,0.23245664399112081,0.279967078861642,0.26295471487819566,0.19605682268509583
1972-03,0.3796940417364283,0.014936078770155747,0.9680590969360813,0.22974046215662447,0.2794415207702286,0.2631921254046385,0.19675936518447296
1972-04,0.37236617670967714,0.022322799705979078,0.9696493759017786,0.2260779335001618,0.27640546855606785,0.2610744447109482,0.19572054059189778
1972-05,0.3881977914017355,0.01988601773359856,0.9716184935463931,0.21725937166282697,0.2711344987656889,0.25687047652924533,0.19274683933753356
1972-06,0.36483348431550194,-0.008803482715174797,0.9750535278097356,0.21695828233116496,0.27082435775536545,0.25656546782883194,0.19244267029457135
1972-07,0.3530902137906201,-0.011824621850639237,0.9790984382092295,0.21750317323950055,0.27013479931550693,0.25574072749497895,0.191681320659347
1972-08,0.33838591795310263,-0.019437957957831844,0.9839383908578266,0.18289511250064774,0.25360137834566243,0.24502497466418013,0.18631606767685732
1972-09,0.3617390091110204,-0.06399793584059331,0.9915598766466241,0.2308371816527817,0.27147848013889864,0.25733895782573013,0.19475991919428556
1972-10,0.36054063527973573,0.10815900089605505,0.9937314655874178,0.2259366401198788,0.2694800719316561,0.25587154399057555,0.19371679915585466
1972-11,0.37384033658292565,0.08687242177164875,0.9965772146497311,0.28375406583439483,0.29764819383997965,0.27730745209934027,0.2087374823551563
1972-12,0.3087219895472028,0.2546313507261609,0.9968560379658978,0.27287199236336473,0.2919810408274346,0.27361137788986367,0.20694176405995088
1973-01,0.302296341287921,0.2266035537270218,0.9975038903997024,0.2732757688763776,0.29109014158006574,0.2728935863215563,0.2066145361791268
1973-02,0.4193874540311165,0.21269069540609525,0.9983552687691728,0.31933992403230943,0.31081114952063005,0.2864880429353763,0.21535881620992534
1973-03,0.42030513670920683,0.304203690357954,0.9983308732931544,0.3237188910706593,0.3129693618500545,0.28788843996552743,0.21619509136442774
1973-04,0.3917486702421135,0.29376856439882393,0.9983453152913535,0.3011101525284501,0.3031908201547443,0.28101837313266415,0.21195666667911098
1973-05,0.2663080991295785,0.21532812923373523,0.9989212569889062,0.3349228087515157,0.3186399545989351,0.2917947535442453,0.21889037386483634
1973-06,0.27598408769152954,0.29436330847595193,0.998918251446768,0.3323684650967091,0.31788698817061917,0.2912420580152202,0.21859909067885175
1973-07,0.2932087139711908,0.27231492522921313,0.9990376792095315,0.3039079731197932,0.307116029270196,0.2846616551361818,0.21563274899240267
1973-08,0.32253934051930233,0.2238571445668421,0.9993427597058689,0.33387380416956847,0.32207990750806703,0.29550379933623144,0.22295384203226626
1973-09,0.3114756111588867,0.3090728875030058,0.9992081041604329,0.3631043863680241,0.33253653208038914,0.3023454366534497,0.2271527302149041
1973-10,0.33647772491513545,0.2949818248028482,0.9989169142518269,0.4406887185136406,0.3687890596080603,0.3280153430432627,0.24355171801430253
1973-11,0.3232807459900841,0.3879398916963669,0.9971984017642505,0.3223583573182304,0.31307455826983493,0.2904214688128921,0.2229395972543367
1973-12,0.21275156359652195,0.19798942118431295,0.9963866107340787,0.28581148795834277,0.29002445898158696,0.2736113043310684,0.2135880339595727
1974-01,0.17585708540422013,0.15404174293976222,0.9958419206425453,0.23494906024272524,0.2699276395034413,0.26129795175255066,0.20777784940968128
1974-02,0.14647995201484262,0.13183250341063182,0.9956383603276435,0.22048524250108997,0.2607915249071977,0.25419830753003175,0.2030741671785096
1974-03,0.05827684050765755,0.10157761557973329,0.9960362899995906,0.1138486033809624,0.21004694242818653,0.2207411438255827,0.18544217498499949
1974-04,0.122837547974281,0.01791084644718445,0.9980802660393551,0.1967084789098129,0.25104174392967954,0.2497755587360101,0.20412825744353352
1974-05,0.11020357905575004,0.1581124721162065,0.9982602422942828,0.19597462980020705,0.25107343848584734,0.24975113940649923,0.20416180275712204
1974-06,0.10462458363027582,0.15524238706702684,0.9985179951462295,0.20168211218185902,0.25188316901195384,0.24985413710933707,0.20386988088881006
1974-07,0.18930306309675535,0.1412192059226937,0.9990590807639785,0.3095849178607026,0.3035648732306332,0.28690815138537223,0.2299101184403982
1974-08,0.2211801747226033,0.34053948248965815,0.9986611937726817,0.32952024409259806,0.31824379069863834,0.29863466972324604,0.23832787689640153
1974-09,0.1417708181742156,0.35943256062153267,0.9976191843260882,0.24333696575875824,0.27107684869814347,0.26426080303904137,0.21823718700413997
1974-10,0.18364175281722792,0.2721065459655349,0.9971035508938427,0.2866852261297573,0.2860212094526135,0.27338138453053296,0.22307020554452517
1974-11,0.25550007715969447,0.26081426762614723,0.9964440483647569,0.3519799312751758,0.31416993946164895,0.29208233039884957,0.23407742104654725
1974-12,0.2107356862365584,0.27218851473814204,0.9947955131705088,0.231787165767555,0.2426733141931675,0.2380208520904238,0.19910628370919475
1975-01,0.19119206643628783,0.0814812422640399,0.995637368883003,0.17633835004099194,0.2146648216071716,0.2193444521326644,0.19009069520765728
1975-02,0.24600100001683717,0.06343761845843539,0.9967895450639679,0.23366387825809398,0.24240625882981723,0.23924333429403372,0.20447695656076206
1975-03,0.17934649437254843,0.14943510433905013,0.9966495450238793,0.12997336706477544,0.18591960497169485,0.1995333361376862,0.18170304336675805
1975-04,0.14828241995204333,0.06515086246801098,0.9976304187116533,0.08671913776653443,0.15760286313716615,0.17943442730732634,0.1709579730516745
1975-05,0.19159084836571197,0.04444308340379264,0.9987577736942003,0.1517448194074727,0.1918227540961374,0.20371836990706615,0.18644878253383732
1975-06,0.2074119560448027,0.1073419901674963,0.9990708168583774,0.17259437826009566,0.20505383910382954,0.21342247132516382,0.1925805121130718
1975-07,0.20514614540493123,0.12620169899078978,0.999279402671481,0.17262097854784197,0.20366263697469444,0.21244460608783639,0.1923173776488711
1975-08,0.2526189718567236,0.1266679976310751,0.9996200696235661,0.2554315350276331,0.24928596783081772,0.24589029678868515,0.2143764028212812
1975-09,0.2520130621950147,0.26096527421489113,0.9994568994042878,0.25243694691857665,0.2480372418549533,0.24494783359794361,0.21365545301666589
1975-10,0.2858136950171722,0.2454172808443549,0.9995242368269602,0.30976822203071797,0.28158067581618224,0.26954120860394903,0.2295137654544869
1975-11,0.2652325183860838,0.30832269034141035,0.9992128709334528,0.31623394922261666,0.2860771202796297,0.2729017357102788,0.23162513291994197
1975-12,0.2664898137439452,0.3013411278056785,0.9989928395148485,0.30575751050394545,0.28071398101641654,0.26885541356580894,0.22879002983818242
1976-01,0.3245553807123091,0.2578506159590193,0.9991634205483242,0.3926369580056329,0.33353821032480013,0.30870029538429705,0.2559504503440797
1976-02,0.3106467469607392,0.41592767164431793,0.9981420502191297,0.38147288609380764,0.3282711689781186,0.30532257560737663,0.2544833451857126
1976-03,0.30991387873995774,0.39239423913287974,0.9973129221954719,0.3785142228283542,0.3277006530671451,0.3050934302703309,0.25434733764946127
1976-04,0.31406774348982236,0.3672555825488774,0.9967465171582134,0.36970962044112177,0.3259224942869958,0.30440532475140936,0.2541359641437965
1976-05,0.30206345265994344,0.33136336306555825,0.9963218412526733,0.3716991557139518,0.32597026548909896,0.3048146171316392,0.25530913047692244
1976-06,0.3015799497582765,0.33550093748646637,0.995227646972046,0.37021873424821305,0.3258963773372994,0.3048959203573259,0.25536520448026734
1976-07,0.3126449045078662,0.314026986795741,0.9944086380107723,0.37284202347414663,0.32809425423399036,0.30676530759663123,0.256798573269792
1976-08,0.3032963064935117,0.3107037754602192,0.9933618494708069,0.36152014207325356,0.32325224961353366,0.3034124568759882,0.25462517615923386
1976-09,0.30667346369367393,0.2510480082008371,0.993127736510927,0.3688205507935349,0.3294173765129366,0.30844872623014347,0.2581130138156796
1976-10,0.2620983391910494,0.2755813520845716,0.9919739508327562,0.2981420230672961,0.29634140849240553,0.28538989544710963,0.24401745874511427
1976-11,0.27914098219713124,0.05207722338103915,0.9933466330005197,0.2855363910924412,0.29007347599986133,0.28092370315947945,0.24110671750520965
1976-12,0.3042541666355705,0.010838413136461939,0.9959586076289805,0.33116058859008307,0.31474780329659396,0.29945926101596176,0.25353552749586633
1977-01,0.31773703158290983,0.18545832296183015,0.9962151705144503,0.33836692606048674,0.3165313485345893,0.3009472145150176,0.2553358884919384
1977-02,0.33172409074410264,0.2195751132781596,0.9958087552481227,0.3680947688501125,0.3289505234543456,0.3090589926523161,0.2600583189707777
1977-03,0.3689101635627741,0.2444350261287457,0.9945684320832048,0.3705473670377952,0.3298062121908505,0.3095701732600085,0.2603341510859627
1977-04,0.3340449732041756,0.23414276913229665,0.9934752863817325,0.3548449439932783,0.32189392541217354,0.3038184892937665,0.2565523115625307
1977-05,0.33034283585189944,0.16791836517166922,0.9934063692774343,0.3560089568432064,0.32243881840918076,0.30421038845539633,0.2568499827592894
1977-06,0.32848481909780525,0.16506706954164793,0.9934199112381397,0.3537660616671782,0.3212920094877026,0.3034608862278662,0.25634345915589984
1977-07,0.26378548996522366,0.14013796576198959,0.9936751854025923,0.34770247107463137,0.3193891674338145,0.3024651266312897,0.25602639675106487
1977-08,0.24227722275325136,0.13212853649526035,0.994180794712718,0.35927144074342066,0.3233827690265864,0.3046395747998317,0.2569163741537424
1977-09,0.26010789180416305,0.130647753304457,0.994548397028714,0.34808648902905165,0.3178477136460229,0.30056606011399256,0.2541682881995207
1977-10,0.27552232284253564,0.06437108315078786,0.9959350120507838,0.3775378074491061,0.3301405620080653,0.308510340747286,0.2586906939857842
1977-11,0.2619960644024308,0.1513665067777647,0.9961653664813946,0.3710636156687589,0.3283639279396707,0.3076319483416803,0.2584321355745661
1977-12,0.3598057307382191,0.14290055886455028,0.9966263847768856,0.3708028591502257,0.32887487610844357,0.30813070946592,0.258872186416795
1978-01,0.4319738247692056,0.15079011724953806,0.9970581689593403,0.42848682857773357,0.3542704741318079,0.32491345130215527,0.2686546658494671
1978-02,0.442094737842505,0.340262572615603,0.9955724968769614,0.4304850378466027,0.355558498917111,0.3257379911652377,0.2690310266405866
1978-03,0.5423511975433265,0.319663732627255,0.9941330538053614,0.4310167254672021,0.35556587473234763,0.3256859257658408,0.26891021494195516
1978-04,0.5765247162484594,0.28821688996352524,0.9931187946101543,0.3551027052683409,0.3296100926976212,0.31057228942402987,0.2622227977599026
1978-05,0.4840921381444314,0.18961643867637,0.9929854531440763,0.23201298863285458,0.28010672859601254,0.28013335783823956,0.24749311098395552
1978-06,0.46947363704388934,0.0035279538487510637,0.9951732203165536,0.2305797775574521,0.2790416690688725,0.2794572702689909,0.24726153033016326
1978-07,0.4750709449020378,0.009532651540366047,0.9974760284827582,0.235551338608319,0.2802368725449121,0.2801881444500775,0.2478556067923088
1978-08,0.44858140451858364,0.0453040804104269,0.9991528158205738,0.3840326328923658,0.3363098929079888,0.31577125503516507,0.26807978566047597
1978-09,0.44882212420715784,0.38324471962255774,0.9990131993872218,0.3812098169593722,0.3358132916137093,0.31551549595102857,0.2679102810145942
1978-10,0.4328284484073354,0.35832709282877984,0.9991254090254208,0.4214793137211194,0.35337570402646057,0.326673701361101,0.2740218900152397
1978-11,0.4438710414678093,0.40432865461154743,0.9987441418234323,0.44301916275325504,0.36748807170537384,0.3363224792247404,0.2795492174040381
1978-12,0.4372737918855067,0.42652003734926813,0.9974748395784826,0.4117002356821942,0.3541329247510673,0.3281394263538384,0.2757796135014602
1979-01,0.33576593215917333,0.37575853059304637,0.9966698777551165,0.39265784602586223,0.3437362514860875,0.3214489185678798,0.27273894662090636
1979-02,0.3427102303521865,0.33603536237180176,0.9962048528398573,0.37253271776163077,0.3377981918885698,0.31801949482827957,0.2708899911488338
1979-03,0.3428424072513119,0.28154638489145606,0.9963462434793964,0.37908998254943943,0.339548678932438,0.3190226930042029,0.271530107136106
1979-04,0.3383689574967938,0.2760195693884446,0.9964929783376436,0.3782686645090703,0.3381139667147526,0.3180213646699196,0.27117423440733684
1979-05,0.3384748666530894,0.2610697963976663,0.9968012804903575,0.369591305715607,0.3365266548726018,0.31727557078767216,0.2707623953860216
1979-06,0.35763626492550205,0.2310024758280762,0.9972899449329493,0.38128004883733563,0.34642147576026794,0.3248420111111172,0.2755992527426597
1979-07,0.3529807592276153,0.2415028669393236,0.9971254033140448,0.3809501466488456,0.3463053512806346,0.32481328290588457,0.27567926376435364
1979-08,0.33722967529781694,0.23177634096131983,0.9971612400314508,0.3416695239581926,0.33055617047908903,0.31545547903878635,0.27173849083294516
1979-09,0.29755965490902014,0.19087648783965308,0.9974017814966892,0.3047207077348518,0.31257854772039473,0.30415500235673837,0.2664853229933526
1979-10,0.4280500943968652,0.15338085178139008,0.9979725433957124,0.4448340187578627,0.3693639653407839,0.34056056542682656,0.2890183514714692
1979-11,0.4443017668284397,0.4416892194051426,0.9968945844209001,0.4516216715847145,0.37207753272530925,0.342145460984999,0.2901267602015971
1979-12,0.44614456350121934,0.4351245692665582,0.9953964428884577,0.506501003116497,0.4020355521495627,0.36268769450776633,0.3019833838254109
1980-01,0.39432751858901094,0.44868116435661015,0.990715760247886,0.4389605369855778,0.36331842917678037,0.33588678026501445,0.2876438063304836
1980-02,0.11084361239804569,0.3771846151150552,0.9886123106185125,0.07595861160277492,0.13624857657948125,0.1679570506727989,0.18884169684547816
1980-03,0.12748836143259476,0.05639723927045413,0.9890790237847507,0.08058852437450349,0.15124284367145865,0.18178361230001736,0.19912650441113683
1980-04,0.056202932787744755,0.07695911530225945,0.988387912745721,-0.01941050558050686,0.07282691818912958,0.11706180677496122,0.1542069470164109
1980-05,0.1625774331510767,0.023785081490392844,0.9889642349840843,0.1446439303624981,0.1685584222079648,0.1838871870356043,0.19200695291480102
1980-06,0.20605251741280922,0.09657755658935033,0.9865535065120062,0.19830626166272375,0.20762838678397852,0.21457152499663235,0.21256945663033863
1980-07,0.17390917400454184,0.1244447900281139,0.9804448866288575,0.14752435517994147,0.17297292599795228,0.1873518101893926,0.1948850263342366
1980-08,0.1397181978741373,0.09707649293410832,0.9770146383117523,0.09968560362453087,0.13478005564330622,0.15531770467668235,0.17245137884139258
1980-09,0.13889454902969373,0.06257109369562294,0.9758767610046621,0.08918436387844104,0.12515368742839797,0.14691609134184577,0.16644533470208017
1980-10,0.130901210446411,0.05052097181409597,0.9756376610094378,0.08400089266564485,0.1202068076857692,0.14253000699690435,0.163321731364529
1980-11,0.09123705432043204,0.04202521660345895,0.9759980478820187,0.023099166788758282,0.07322311288973192,0.10333067048327789,0.13566397406231534
1980-12,0.08886496277474756,-0.03675834865480291,0.9803037574329418,0.01826859869046649,0.07223601339164998,0.10305396311430841,0.13570241009353798
1981-01,0.06450401076292041,-0.03190563678737718,0.9846688455395068,-0.004085754325992493,0.06270146020906708,0.09695649708680418,0.1322394552593306
1981-02,0.09222497444271568,-0.043638780662064,0.99059195854614,0.04960169201547561,0.09132037226362419,0.11710398663502532,0.1442269087600006
1981-03,0.10326295389432955,0.0378294329857598,0.9926721693780491,0.07029325502777946,0.10221399261074426,0.12477788853082288,0.1488588253477136
1981-04,0.10580455182672041,0.06064032989983368,0.9940468362329749,0.0715820473755078,0.10061347955021921,0.1224850504941646,0.1466366258774931
1981-05,0.12129310352355833,0.053886489106536116,0.9957353581942106,0.08578219565584053,0.10917240851466808,0.1287192850056489,0.15042965126438146
1981-06,0.11236032910781717,0.08464491538241894,0.9967734884970616,0.06916403799307654,0.10200261849394114,0.1240985149061843,0.14756382902112272
1981-07,0.13393549422394455,0.06514008418606192,0.998032676687323,0.12255503101151095,0.1293046945210067,0.142682631765035,0.15810175964855108
1981-08,0.10569460191533177,0.1586367877439351,0.9982298050082113,0.12421336436920909,0.12933555426596563,0.1419047496083815,0.1569859275685893
1981-09,0.10855672093013667,0.15386299810549636,0.998539693000108,0.12148497227193229,0.1347962231210756,0.1480820011415429,0.16237334147936502
1981-10,0.10820581162547128,0.16670750358556508,0.9985432802100006,0.13379153232718602,0.1398181299674485,0.15148049424482146,0.16429815330170466
1981-11,0.13776658394635535,0.16393952940969678,0.9986572500986363,0.2068309700611445,0.17659158678164472,0.17579590784279023,0.17635052743534588
1981-12,0.13911396117886807,0.1952708814742507,0.9983231180123112,0.2037593612527158,0.17530242184139397,0.1747605724902352,0.17562326173260823
1982-01,0.17704998125664373,0.1888635933864544,0.9982131460428384,0.2714715476390889,0.21734368947949848,0.20621446899513038,0.195599691939067
1982-02,0.1670553786212093,0.24594971866042428,0.996989615187084,0.24873257553840428,0.20314649833079634,0.19584816670036423,0.18916319929562966
1982-03,0.132404267142917,0.2115317154754823,0.9964557632946172,0.1858485813210751,0.16360312477661124,0.16616355584296263,0.17006346864918906
1982-04,0.13690367599073447,0.12356269553182925,0.9972156972194925,0.18559839143420373,0.1674908626988956,0.16963245126664078,0.17267158102462826
1982-05,0.13595602194146705,0.12965727831863194,0.9977971277491821,0.18541888217459895,0.16620607874011853,0.16847013912296152,0.1717602052277239
1982-06,0.15451278741277347,0.1173748951391879,0.9986984474142603,0.24723520858687104,0.2011115344769488,0.19403110009887126,0.1877764982079623
1982-07,0.15067035321543149,0.19889686280742244,0.998779066257154,0.2453617085240407,0.19771063216302695,0.1909903728173417,0.18545963386197056
1982-08,0.15201973060373403,0.1728513091184885,0.9991869668873827,0.2460902537033115,0.19409208110052686,0.18699328046951275,0.1817345526312986
1982-09,0.2223311114328342,0.13730839669961561,0.9997889420549205,0.35687398035986495,0.2795996281029583,0.2556844344637199,0.22885554144866296
1982-10,0.2736949910466333,0.3273569475867358,0.9998383533450423,0.48436040067957875,0.37797884430234263,0.3360371986407395,0.2847271858113614
1982-11,0.27667735292941764,0.4272236439278703,0.9994492565270645,0.4895032843588825,0.3863196743486052,0.3441992260800334,0.2914677017819125
1982-12,0.27253629519685896,0.4256854859041191,0.9989827352748823,0.48920409116403396,0.38621386284852394,0.3442121815183222,0.2915931847097748
1983-01,0.28325448390638425,0.41179711137990976,0.9987244705293243,0.4811617135079937,0.385046202247842,0.3445895035745857,0.29287341546760765
1983-02,0.35444589901884316,0.4011681068769277,0.9985167038841957,0.4703435714017681,0.3796636333789742,0.3407537418607549,0.2906071210005375
1983-03,0.3464214757386932,0.3786554985738795,0.9985823762456977,0.47100220709633406,0.3830047803849082,0.34445580492253963,0.29400326391135895
1983-04,0.4042434281003519,0.3797629944975371,0.9985141928853777,0.4653598482907586,0.38286021123662506,0.3456116024475939,0.29585021313698157
1983-05,0.3789172373560721,0.37457435582807114,0.9983588905716738,0.45277558281319474,0.3787484573392154,0.3438086455526336,0.29583290483654984
1983-06,0.3601171663274725,0.3593936158517913,0.99819742271214,0.44320464157623796,0.37203882946545885,0.3383772065740544,0.29213286303957864
1983-07,0.39115552659871333,0.31775663442129765,0.9983649112558678,0.44912810368689027,0.3725548947178668,0.3378370700062671,0.2911924676264558
1983-08,0.4426119793955133,0.2986442760292788,0.9986231811763207,0.48049515337449805,0.3879251081825167,0.3483004221166912,0.29718341513847685
1983-09,0.45813082155424784,0.3357771182945034,0.9984470868382798,0.4849201167922764,0.39164605136424546,0.35173494717931825,0.3000131709185302
1983-10,0.4674462598832998,0.3482494122008522,0.9980154900991322,0.4797439416941045,0.3896257003965668,0.35047381880815015,0.29938046689720615
1983-11,0.5368239262910505,0.31559839005238066,0.9978687217726481,0.4845433934489106,0.3917868133095735,0.3517588677119774,0.29994869968919563
1983-12,0.5360897271470115,0.2935785610670788,0.997840579617769,0.48830292861951197,0.39328255621134,0.3525792610920586,0.30026334000067667
1984-01,0.5416228600090138,0.27451576471438877,0.9979958398267001,0.4873421831870499,0.39334910698164827,0.35291419503741067,0.30073182118263986
1984-02,0.5228788701305922,0.26226274379452436,0.9982039644013583,0.4761956465209601,0.3904474367424371,0.3515895813401101,0.3004179880273134
1984-03,0.5234424261049742,0.22222956485840334,0.9982927743407098,0.47299651024344214,0.3905283384253588,0.3515850513894925,0.3002349453255312
1984-04,0.5322793472000964,0.21343362526395912,0.9983865203319632,0.4735263824989703,0.3912989598320868,0.35201638299674326,0.3003557985334798
1984-05,0.5234789983570411,0.2067718205133532,0.9985955405485711,0.4751405206026522,0.394797383626382,0.354470030737281,0.30154946950672923
1984-06,0.5333626300058358,0.23603396478016153,0.9984506173093501,0.4685275456418359,0.39342275312987496,0.3538322047308709,0.30127724206739837
1984-07,0.5150837861977667,0.21161017605724158,0.9984757439701347,0.43980834554695564,0.3813616178901447,0.34589847087756764,0.2968166434974395
1984-08,0.5446875028636458,0.12239168429309488,0.9992227440595782,0.5376108344297591,0.4324965933570156,0.3847117306070485,0.3230827883561554
1984-09,0.5474854977146871,0.4662705693723928,0.9984922969585683,0.535428720368618,0.43200752704464596,0.38463185987884124,0.32327085105255443
1984-10,0.5365678212436807,0.4411401563866877,0.9978736223591329,0.5006783231424892,0.4168877334830889,0.3746765357205988,0.317724487092217
1984-11,0.568308180072072,0.36163863981851857,0.9978527900017702,0.4813768982071184,0.4093916305180653,0.3702114927064684,0.31562642350286235
1984-12,0.5697035270395758,0.31695261842928657,0.9978494543273234,0.47575959352510844,0.4057045672514817,0.36744613995177977,0.31386602627316335
1985-01,0.526781623792346,0.27954078832196533,0.9982913177747106,0.46874818199329427,0.4060589269593386,0.3691493044716224,0.3161447313719248
1985-02,0.5122261299270293,0.29907791331145744,0.9983446050654751,0.40885183505561845,0.383851948540289,0.35624019314382543,0.31057379205034846
1985-03,0.578256450072537,0.25424768889965266,0.9985757121422072,0.4257884661370317,0.39032975764293215,0.36011496545811106,0.3123860322749337
1985-04,0.579599076815961,0.2597066347001853,0.998749545537434,0.40750060804225663,0.38351323309248264,0.35608153598129244,0.3104994526411758
1985-05,0.5833992934115079,0.22068242017124143,0.999070747875112,0.4174966420884841,0.38959662797325245,0.3610578874244472,0.314122702288977
1985-06,0.5398542314825265,0.2622412822857959,0.9990400945765913,0.4189515168562765,0.39215329602936455,0.3638107732662349,0.3165628555387602
1985-07,0.5475701166934404,0.29057458395208763,0.9986809582419686,0.4033433843855613,0.38657037506037123,0.3604874860377412,0.3150098287531828
1985-08,0.5891086523471205,0.26935600106054414,0.9985788301990194,0.40810478228272073,0.385929343126885,0.35940865140577094,0.3139979261156813
1985-09,0.552039296950898,0.2253008477559086,0.9987723846978853,0.4152006873439588,0.3864603549412592,0.35907409206311736,0.31337066476568026
1985-10,0.4184693418197528,0.19055628881448275,0.9992351098438403,0.41557173406178,0.38676505113939985,0.35938803718331114,0.3137002266238978
1985-11,0.43750804925901376,0.18585330372161404,0.9998235578728961,0.4641505084827167,0.4117370844613511,0.3781445043226024,0.32638484558519437
1985-12,0.4679884638796429,0.3632019742046414,0.999883516244015,0.5043138387364774,0.4337624433239801,0.3946890063259876,0.337452898341708
1986-01,0.4703532282949228,0.4416051992802702,0.9997799946694559,0.5062390248829326,0.43376241804240534,0.39448093294314884,0.3372555339987227
1986-02,0.5097559749386217,0.4162648036572166,0.9998873263514207,0.5413583769909619,0.4546427940693767,0.41063570164833957,0.34841049184086686
1986-03,0.5530096387048353,0.49234752706703006,0.9998176741103462,0.6038182063580183,0.4957493346085079,0.44216707344101364,0.36934888468261995
1986-04,0.5601141488445307,0.582119276644683,0.9990986079381938,0.6016218788026887,0.4974811228907765,0.44452895612546545,0.3717340342252548
1986-05,0.569117086844687,0.5682580654973379,0.9979982647571392,0.5994231544852998,0.49741016375207203,0.44425716997149817,0.3712052107759447
1986-06,0.5743950665784474,0.5435646772287077,0.9968824479032702,0.5721904818657709,0.4865801215023032,0.4378994375665321,0.3684176906435617
1986-07,0.5313803664857696,0.5041893704827479,0.9960588701849089,0.46563902809797436,0.4411900735667669,0.4091465896349179,0.3533030499846401
1986-08,0.5034369922858004,0.34494779666083547,0.9966395370025669,0.463511220370625,0.4407891395885566,0.4092393136682353,0.35376975956397005
1986-09,0.5272971047111774,0.3367208384855845,0.9971970788368754,0.5211986680326081,0.46285100535326273,0.42223548777231634,0.35978999809012197
1986-10,0.53002614408693,0.349791049029558,0.9971961185796404,0.5274091670850323,0.4646524464143227,0.42290985651686824,0.3597852609811779
1986-11,0.5206251235512785,0.32313472543648447,0.9974904045500158,0.5229114596998345,0.4645830708563848,0.4238842537188398,0.36131076889963654
1986-12,0.515563769988889,0.33691447669010677,0.9974194526712908,0.5228276263083951,0.46461874364430783,0.4240156560694147,0.361575397379867
1987-01,0.4763544663705804,0.3238426055196844,0.9974201983034237,0.4385991358976369,0.43394143189584955,0.40777113464970943,0.3560710695373901
1987-02,0.40158194897790167,0.2884403647877565,0.9971794090255669,0.3169746262253018,0.3813784070508396,0.37642455362046234,0.3419812515331065
1987-03,0.37718359768462273,0.18754486665088474,0.9975945352666782,0.2942212130230018,0.3700911243836079,0.36977176922484956,0.33942733515090995
1987-04,0.3992451459505856,0.18427357970336475,0.9980338572142374,0.3782758410724538,0.39436360511319735,0.3822182610443278,0.344061473446993
1987-05,0.39243652732838136,0.22964000739093468,0.9978354440749886,0.4065902070824733,0.40204266409580297,0.3853783334785785,0.34448453286014136
1987-06,0.38371704365325493,0.23244818787033208,0.9974297094898944,0.41840013994631303,0.4065529233334071,0.3888480510509777,0.3473219894842437
1987-07,0.3918572618017373,0.265394900638384,0.9962389520401683,0.4127057996849365,0.40192674302203635,0.38560993655362114,0.34578021427994987
1987-08,0.27429481578035686,0.2494512826565528,0.9952180578642396,0.3096413812996505,0.34719529463252163,0.3499051956434204,0.32791955449074717
1987-09,0.3484184177669224,0.1077500672493351,0.9955284433589445,0.418956366913402,0.39599522694352424,0.37955118124637105,0.3419265514507553
1987-10,0.33303021237041674,0.23147822118161906,0.9937290058982681,0.3067190933252569,0.3461231269169325,0.34856942684370246,0.32802033094102917
1987-11,0.14571677845956643,0.1656004672801569,0.9913056089909689,-0.012869564324814077,0.14935479608199248,0.20553562328825134,0.24494943656460924
1987-12,0.15491515900867622,-0.10809853490637095,0.993348991837631,-0.006313605746659712,0.15457151553519322,0.20902326366782395,0.24650569364637184
1988-01,0.16218818805333785,-0.10049314488146009,0.9954829779369815,0.027729268046335066,0.16735045493006356,0.21738735074856524,0.2515856838486885
1988-02,0.18626473243611805,-0.06222340300970505,0.9966433997773445,0.05991000048510066,0.17949896753384273,0.22530269216418994,0.2563245157408361
1988-03,0.16818532632866282,-0.0211105104254581,0.9971773164926999,0.04409851500499093,0.1704620604796773,0.2189912275006409,0.2529271259321893
1988-04,0.18540617805255383,-0.026413873377416793,0.9980974310257078,0.06372141003253698,0.18147821316831367,0.2261709585328885,0.2563458729649976
1988-05,0.19830585884447788,0.00031415891382443207,0.9987616399283691,0.09563675499945959,0.19969780628488853,0.2383326656175895,0.26246093684500954
1988-06,0.20033706536219315,0.0500565660215152,0.9990329663674022,0.12253506266539149,0.20795653883301365,0.243205436491232,0.2655652020164796
1988-07,0.20689797237935462,0.10949346796380578,0.9989685681944522,0.1274147428779923,0.21133737733127989,0.24547114109628818,0.2665764173320303
1988-08,0.21562396457626418,0.11044770233903707,0.9990540211248133,0.14153351272372722,0.21989296973457315,0.25118122271945903,0.2693146414932609
1988-09,0.21566084244514966,0.12918591400558851,0.9991175097137664,0.1512013517857994,0.22238561542358307,0.25262248428443607,0.27020962811245264
1988-10,0.22013941936942727,0.1398869847438272,0.9991802758614213,0.16857791713204764,0.22834952642700124,0.25634769163901155,0.27252724792996436
1988-11,0.19973291028665274,0.1871700042422075,0.9990191848386341,0.184350572298448,0.2367696485754909,0.2617535477046129,0.2749871450159628
1988-12,0.16756967848355697,0.19775144457376792,0.9988269109812004,0.17391311580480548,0.23166075446007872,0.2583534307679238,0.2732218142674862
1989-01,0.16854419665316667,0.173219760866095,0.9989305411634396,0.175757114712418,0.2307139335580524,0.25748526993942694,0.2729383012225763
1989-02,0.13191298602324894,0.18611913238647954,0.9990193490432446,0.16736257605255866,0.22553484729224094,0.25385970307192574,0.2711114897193469
1989-03,0.05107547333974997,0.16692342308076935,0.9993180777106506,0.17611651538042955,0.2298831603229609,0.25662024091110014,0.2723188837776699
1989-04,0.045361927143517604,0.1768015797992477,0.9996642525263325,0.19666161994320658,0.236569762212777,0.260602766384284,0.27461344173875274
1989-05,0.0638143315984401,0.25610343296967486,0.9997854899570869,0.23401627827762414,0.25088989431839986,0.26951736895574496,0.2796142731053013
1989-06,0.09182393538385966,0.3682537919508673,0.9996605394432903,0.264187747090803,0.2652006150277875,0.2789455639661514,0.2851094495413132
1989-07,0.13771362265512757,0.41801398253956856,0.9991324823372805,0.2732686337874565,0.2698075407154475,0.28210184576414105,0.28712076455860397
1989-08,0.12862183346759298,0.4250742718834261,0.9982179053770917,0.24038548862764225,0.2554388370324628,0.27279527719609564,0.28261342735630024
1989-09,0.10933529276194781,0.3585651797901407,0.9975861096714279,0.2480048788109394,0.2579184906260405,0.274117556890312,0.28304079770915014
1989-10,0.10490536472406975,0.34092035881680527,0.9971570148843577,0.23383301566254042,0.25282027558773235,0.27104999184306605,0.2815333142321768
1989-11,0.08568961004790637,0.2890661773609272,0.9971811241378022,0.20844860763527293,0.24221842352009168,0.2641572011202019,0.27773322038351156
1989-12,0.08571478991725234,0.17923446512617142,0.9982056266255264,0.20473615210794013,0.24082264367412712,0.26332271522909223,0.2774959139711737
1990-01,0.10665447241659269,0.18405910176107154,0.9991491306275385,0.2809382336990873,0.26975672366215575,0.28034561514435774,0.2850583872678143
1990-02,0.14474056353109158,0.289598742969304,0.9992840521482251,0.32819704539581673,0.2902682944478739,0.29279135648884896,0.29066964867726647
1990-03,0.14080660181759297,0.3334340326880262,0.9991074186634691,0.3104617299697882,0.28315552309832054,0.2883547125656751,0.28854050154264055
1990-04,0.1261924792110338,0.2976316259010924,0.9992157904420111,0.3175034461752686,0.28684919409385873,0.29065563788635285,0.2894810366832819
1990-05,0.1261978985192591,0.291745579906958,0.9994056412637317,0.3181688948660051,0.2856333496832412,0.289594370456051,0.2891195418494455
1990-06,0.1233588397368124,0.3003554811256307,0.9995525227058295,0.34209010511376386,0.29479264649840337,0.29513288683213,0.2921234414142389
1990-07,0.12691282517784305,0.353315812900642,0.9994503373251349,0.3405642364549729,0.2947219647168037,0.29513626496561035,0.2920422220620102
1990-08,0.2245861140171489,0.3187467592017866,0.999604502400779,0.4198815156567677,0.3328375270517424,0.3181621774235848,0.3025270615508037
1990-09,0.20179958035101608,0.4148768288573487,0.9993371810475452,0.4328732203549095,0.3417350163199922,0.3239821832143986,0.3051120589001255
1990-10,0.17863630552267923,0.4071355738709602,0.998985066941733,0.38725476341624915,0.3233167114135627,0.3125839522234477,0.2992710149205939
1990-11,0.5884699842090585,0.2879944772750627,0.9993248276304221,0.4175635487397868,0.3345893980529239,0.3191375776381713,0.30258060389944147
1990-12,0.5990724214735991,0.29479226478802834,0.9994242114943389,0.4606013891541137,0.3531379700227084,0.3303718233354001,0.3084203219538857
1991-01,0.5842277564776903,0.3499432962651646,0.999086069958736,0.46251246046913685,0.3540812239391576,0.3309274561025255,0.3085135080866592
1991-02,0.575615301264549,0.32529743722764665,0.9990151526078752,0.4819177942767756,0.36755254373519936,0.3391156078076454,0.3137948906025789
1991-03,0.5633477383460814,0.44405255308226993,0.9975206425145167,0.4278062112611024,0.3469250582210635,0.3268008771681426,0.3079764046332995
1991-04,0.558384734652065,0.39255310144799294,0.9967362455194348,0.42894487139097814,0.34745180547965404,0.327123310728979,0.308238550344778
1991-05,0.5402603728460101,0.38103338511529355,0.9959325729893366,0.43225005384328513,0.3490051509332013,0.3280769589582997,0.30856517166907016
1991-06,0.531124497877689,0.3603989500849756,0.9954176545688415,0.4334106238375326,0.35106344325931804,0.32961504916777035,0.30925069620201245
1991-07,0.5270847173736936,0.3457797272931968,0.9948568554745361,0.4332673580344927,0.35114247305212,0.3296845217491761,0.30925517108706385
1991-08,0.5132636728304256,0.32378207837248674,0.9945786209486988,0.4358092467537243,0.35650700761085474,0.33368919229740585,0.311673072372317
1991-09,0.49456887100982955,0.33149319655232173,0.9930090296884365,0.3986239269549027,0.3426799694530058,0.32564648246289973,0.3079264481662824
1991-10,0.4823124260342852,0.24622137198425356,0.992583355144127,0.3913675939855583,0.33956498985527817,0.3237447068119911,0.3069612906664565
1991-11,0.464421234670035,0.21044694125685925,0.9927681399340386,0.38473337348207926,0.33654793857508314,0.32186322628178626,0.30597223428944154
1991-12,0.46245324106517993,0.17101400168923137,0.9936614092043006,0.36377650429329145,0.3289006203353736,0.31754616036866357,0.304117169360016
1992-01,0.44383786439133,0.1367501761223662,0.9946946779193433,0.3184943214393532,0.31367089806514525,0.30872108551044036,0.30074434849829035
1992-02,0.4637881724793618,0.1726490779611644,0.9947624784469615,0.3463843130962032,0.32551627312683956,0.316047909719779,0.30395640887350633
1992-03,0.4699103862876537,0.19841983617481387,0.9941420399178185,0.3735241306277442,0.3371284943332393,0.32308400534071835,0.3069964948609653
1992-04,0.4629402925210027,0.2171304080481273,0.9928669126107903,0.37088849890776565,0.3361578848567046,0.3225053758822303,0.30666021036987906
1992-05,0.4473286368149796,0.19346643643250722,0.9921010792198489,0.37330396485499884,0.3370590065952488,0.3230309142377581,0.30699305808289595
1992-06,0.42654826183673145,0.19924395545047272,0.9910420403639402,0.34544214726885164,0.3263770117470721,0.316737078065195,0.3039418485742099
1992-07,0.4112942798936721,0.10673560945595753,0.991477830259354,0.34199584159788177,0.3254548487945908,0.31661431910572174,0.304242358435243
1992-08,0.43605106018323164,0.13795747151966942,0.9910520584127497,0.33274663723581843,0.32124375378030223,0.3141288239408867,0.30315930833456733
1992-09,0.43206447884187615,0.1203557841933299,0.9908410413550566,0.3250031711710856,0.31736110261125083,0.31169590603283714,0.3019633933190389
1992-10,0.4472472630213916,0.09134664802834201,0.9912564212029447,0.3608805073109284,0.3312763104505034,0.3197818662662293,0.3053026035709662
1992-11,0.4207670685184076,0.12869570441699943,0.9908449956954739,0.26870784443899615,0.2991132654295118,0.30230726605911723,0.29808565009221294
1992-12,0.42482160330259944,0.05114073645209945,0.9917971712376927,0.27320666214057854,0.30065979811110866,0.3031874232665044,0.29868581269878036
1993-01,0.39170511166199673,0.09451013911715073,0.9919244286892954,0.2581995124315858,0.2946557116619575,0.29967059246835864,0.29706247752342
1993-02,0.36112278687423377,0.05332158675725317,0.9928345286928294,0.2627233916006239,0.29493572403159657,0.29977056050040896,0.2972529807485782
1993-03,0.3815352413841772,0.08666426651368801,0.9931493917504806,0.2762632746632815,0.2994536188529937,0.30233064859115727,0.29853631369713673
1993-04,0.3852988847755872,0.1296588373466692,0.9927188103623844,0.2919688406327183,0.30347080688763445,0.30412148481296536,0.29887318309860594
1993-05,0.3926697274775136,0.10103155432364559,0.9926973617326705,0.292254664893345,0.3040082056711945,0.304583258503367,0.29906353833078014
1993-06,0.38060631180962945,0.09832073941991964,0.9928651301029577,0.29227765168907605,0.30391026660787485,0.3044808717519412,0.29897585668528837
1993-07,0.37582842417501194,0.08726442931058133,0.9933364490242538,0.28144106567499405,0.29927017874644096,0.3016644751762549,0.29761077992844664
1993-08,0.2897701218872613,0.037918516111203115,0.9946600566382388,0.28466810750869537,0.3004625217101453,0.3023332486391239,0.29796970340307505
1993-09,0.24306306825646756,0.061207149176096314,0.9957126556859789,0.2825381451907165,0.2979559382902047,0.3007174338795005,0.2973109888632577
1993-10,0.2689035765444236,0.07284964294266691,0.9965327803079246,0.278323207772974,0.29715239155561163,0.3004163756189455,0.2972348743939449
1993-11,0.2683990979441053,0.07074498843590973,0.9975608317060296,0.29511119158331806,0.3009951233145517,0.30306396121687357,0.2984835936640157
1993-12,0.23681475886781542,0.14512879788852687,0.997924473007669,0.2936766742228955,0.30073940146519174,0.30306007801966517,0.2985009169757485
1994-01,0.23042293515218384,0.13663640288168885,0.998501977647799,0.28716294924351493,0.29867342138539893,0.30203656340607365,0.2981784614654933
1994-02,0.20119177037419583,0.13328596195875328,0.999227663801489,0.3132301626666971,0.30703208506893453,0.3067476189117216,0.3000620620052632
1994-03,0.33539174987939846,0.17310711982736532,0.9997304426444654,0.40958624037259167,0.34176531832174806,0.3265443551746986,0.30834807173547807
1994-04,0.4307850703235124,0.35320753585336784,0.9997903598608187,0.5298425447763591,0.40217679551128066,0.36330005713263963,0.3244341289892323
1994-05,0.4194084658592704,0.48287813989493,0.9993770018080805,0.5129780499912346,0.39596352605429236,0.36014771682421565,0.3233177438306178
1994-06,0.41917719832056227,0.45311223076472495,0.9991596148082501,0.5156668063569202,0.3962585927535711,0.3601917439913914,0.3233120279942863
1994-07,0.42959985351434127,0.4252503611854212,0.9991427750006603,0.5258190919228113,0.403317909895418,0.36503469196018157,0.3255942016047061
1994-08,0.4006995531176276,0.4194947897236349,0.9990860552722616,0.5298333116057036,0.40446652343056544,0.3653314133063813,0.3257196564141303
1994-09,0.4203656011608685,0.40736401251351667,0.9990104225243214,0.5195298645863137,0.4007678909804704,0.36359500074630313,0.32517689642595954
1994-10,0.4386482596555979,0.38002335747843785,0.999075835259479,0.5331743767492833,0.40883189276415693,0.36902804989385124,0.32774759255394176
1994-11,0.45511731889138046,0.39331584509647066,0.9989593076753579,0.5417595497872432,0.41482297835527626,0.37320337302267365,0.329760608851868
1994-12,0.43464845606928637,0.3943348294914729,0.9987394289971565,0.4683090516721555,0.39369478712500583,0.36255751309190953,0.3257477962150864
1995-01,0.5061304126586298,0.2590776874367844,0.9991974491556407,0.4757550413020068,0.39470898073652644,0.36264452538855296,0.32569593612525943
1995-02,0.5296945659200721,0.25752290739129047,0.9996908380733825,0.5504195389306152,0.42272827042431094,0.3776339825817143,0.33171926401292007
1995-03,0.5363865848216279,0.3748210147185235,0.9997595026995802,0.5775190313267372,0.4342450520882989,0.383910668091335,0.3342910624133802
1995-04,0.5440158488252329,0.3921693216340454,0.9997892548675922,0.5907138436704599,0.44157042518433665,0.387989771492182,0.33601009078604405
1995-05,0.5749062502757764,0.40483307020180537,0.9998203318596904,0.6317872084674484,0.46442125436854614,0.4017372935397659,0.3420595188360809
1995-06,0.6356612586115536,0.4617354132916499,0.9996912932464797,0.6585751942226924,0.4825684348225319,0.4133920120269148,0.347498397428709
1995-07,0.5897834193855195,0.4939339318917616,0.9992530266989877,0.5831649938829436,0.4545969872119001,0.3981900025186469,0.3417114141404502
1995-08,0.6003491408172004,0.42208542712551617,0.99915107334105,0.5896543197899261,0.4559775838801531,0.3989910691784843,0.3420524060632604
1995-09,0.6315318415096319,0.403628423018078,0.9991587094708192,0.6176950172253465,0.4733732118936797,0.409934024622817,0.34701934618869384
1995-10,0.6187488566619397,0.4446278194079173,0.9986681037538993,0.604101600827932,0.46946778361556624,0.40803358120018823,0.3463727871052617
1995-11,0.6722684998510347,0.40738441887721527,0.9984097874079303,0.6054166479357365,0.47107894896758806,0.40914131264083164,0.34695449461372724
1995-12,0.6839206785143347,0.3978598913878335,0.9981015611795797,0.6191822083159413,0.48091913121815183,0.4155803910607511,0.3499937953684804
1996-01,0.6958294534469094,0.42697634599674716,0.9970197438657116,0.6100961323522808,0.47881607063091197,0.41467235712342704,0.3496623187543217
1996-02,0.5747382466195833,0.3824602403390625,0.9963510923906758,0.3862107633176283,0.3940136642920549,0.36898385079808543,0.33258582486298954
1996-03,0.5800610796452277,0.1880274870739027,0.9966996070378173,0.44206852964363275,0.40833490487748675,0.37607076540589707,0.3351022800826336
1996-04,0.6046011251429768,0.21884242118209937,0.9964451423454417,0.4650659488024893,0.41603343941225657,0.38010877181711383,0.3365282094117907
1996-05,0.5819306798001042,0.22316669799843858,0.9960476289900589,0.4326181905497979,0.39695419099951906,0.3681328892161319,0.331371534503488
1996-06,0.5845693006146422,0.1706781149376473,0.9962971491850143,0.43430517005781283,0.39515839008981324,0.3664682118102897,0.33042110707428357
1996-07,0.5342198631455771,0.15532895749325132,0.99681548328332,0.3282098407302018,0.3614882863616036,0.3509499215642584,0.3255723166168862
1996-08,0.5450746394256822,0.07034274382836218,0.9980027671981646,0.3589779978494058,0.3744149589060492,0.358367198058312,0.32867972369013515
1996-09,0.5493334216290278,0.13487019231370595,0.9984469927764807,0.3397339711449258,0.3628975367813986,0.3509592858375965,0.3254217120960662
1996-10,0.5724671087757571,0.10361508074782115,0.9993330555765909,0.3992908155588053,0.3891814437284424,0.3663336354718775,0.33188306993744754
1996-11,0.5928605043270485,0.23280086261837962,0.9994690359978767,0.4672054487412887,0.4232195833905385,0.3872639689134944,0.3410261827048811
1996-12,0.5925804209079163,0.3550979540721638,0.998980346946071,0.47108756009267727,0.42345788771833043,0.386986457870832,0.3406985949668851
1997-01,0.5557300523831478,0.3349555795542639,0.9987144771980904,0.3975260343482261,0.3840200204857653,0.36251364161499894,0.33033728591851336
1997-02,0.5553408494790655,0.22446307092435008,0.9991427642952684,0.420744898269072,0.3948187912286665,0.3689396471220183,0.33311438319304526
1997-03,0.5346586858405288,0.2759173722851878,0.9991894322223412,0.4663062287614048,0.41436629852701257,0.38017877861235777,0.3373903323659573
1997-04,0.47963605402570647,0.29792134670247855,0.9990808327139661,0.48912114379221966,0.4340743671033767,0.3950394366600856,0.3445832195286045
1997-05,0.4706381679341158,0.3381639854734857,0.9985019057531713,0.5022876198115607,0.43808035972484366,0.39844674007879277,0.34711570824179416
1997-06,0.49008338134448265,0.41736053495512476,0.9957778077536565,0.5318185039034764,0.4556977568853951,0.41001290366415727,0.35249141193636
1997-07,0.496603240369228,0.44679978564489614,0.9877954293409315,0.5658984864273883,0.478357785352099,0.42562178975885806,0.3600427449747718
1997-08,0.5006128167580801,0.4860311095715528,0.9586097920125574,0.5729744266258541,0.48201966537038277,0.42793349443184425,0.36092955747900285
1997-09,0.49088133914772064,0.4653492934003423,0.9290812443818068,0.5622488613891923,0.4790433651533233,0.42675755780343033,0.3607001551117366
1997-10,0.4658027697695363,0.4372889351652419,0.8995469176345526,0.5450427501833546,0.4745248227938065,0.42517119255777563,0.3606005635091354
1997-11,0.4216787898216418,0.40858970365546804,0.8632650979808143,0.48319059304726353,0.4478036244765161,0.4106553727149618,0.3554889655550806
1997-12,0.44919536656215436,0.30841129942000634,0.8438167750690866,0.4838904177258597,0.4483932664210188,0.4110096027334388,0.35565274585694884
1998-01,0.4187729612709972,0.30787701452251703,0.8179358444046018,0.4198251626428173,0.42135451690322484,0.39642527388738846,0.3506716756358746
1998-02,0.3741021083292694,0.2153592528239058,0.7991322222970587,0.3453865168118663,0.3844987931891366,0.3733174235905062,0.3410970650828876
1998-03,0.34907014135513714,0.16525028618207752,0.7791287807707052,0.2856962655941976,0.35263282542919266,0.3525032641419955,0.33195170224205517
1998-04,0.3438728277879544,0.11275058645308333,0.7650507998928283,0.2801416259711679,0.34885503583147837,0.3496285604100209,0.3304836019081073
1998-05,0.3431610317199068,0.11687981021018183,0.7486489279547559,0.2883985934950044,0.35085279273731235,0.3508817075101041,0.3310231100542774
1998-06,0.326620525210692,0.10734149592242992,0.7334385985565101,0.25327102714368793,0.33634429381613307,0.34321094733723256,0.3284964203196887
1998-07,0.3368596512350805,0.060091667975745895,0.7230533731949397,0.24520915237079294,0.3313930130687478,0.33958068828381843,0.32676529591282916
1998-08,0.24546866259743297,0.09884122446822272,0.7047346662116373,0.12275966959067611,0.25392632400586496,0.29007368447432336,0.30648229383785025
1998-09,0.05416416524862858,-0.13080818619413231,0.7011431241161182,-0.1582789158107104,0.07922203097603868,0.17414113250121394,0.25594277644131697
1998-10,0.052659100821050714,-0.34541906548264917,0.7128025012429526,-0.15447650472439245,0.07599910857518931,0.17130422607499626,0.2547278088913318
1998-11,-0.07366880935862678,-0.3166883700367524,0.7229435010992623,-0.36423582027624646,-0.07293985611109055,0.060789467301669155,0.1988555509878278
1998-12,-0.07218469715691762,-0.3900483244305329,0.7687461182939526,-0.34289020856761315,-0.061058851114430615,0.06837751831394234,0.20213918489700028
1999-01,-0.08180322739211203,-0.3417068392043826,0.795544452979283,-0.36393189808702336,-0.07737357231437313,0.05557645036466805,0.1950783149656461
1999-02,-0.030651600069868903,-0.3330130222408478,0.829234170179467,-0.2778595612129603,-0.047427979210088046,0.07049962743896002,0.19941996770434056
1999-03,-0.08083465617015277,-0.28578801253025016,0.8527461611084562,-0.2803996645847075,-0.05759086505037472,0.06055653179996383,0.19310002323006642
1999-04,-0.10141892591441823,-0.2918605287496028,0.889500606374082,-0.27494791936022805,-0.05609706898415998,0.06076298571952401,0.19262637861975906
1999-05,-0.062301024675600364,-0.2507848349737767,0.9167714959476605,-0.18638708252031522,-0.021403297562873284,0.07855238859984763,0.19776780203767408
1999-06,-0.027704641005477596,-0.1799355417010365,0.9327003918414127,-0.10692021061453372,0.015573030164690763,0.09947186559853681,0.20488371796699487
1999-07,-0.017738168266600244,-0.10431120573545297,0.9400663684158844,-0.08204325869766582,0.025661896184892025,0.10508390758793065,0.20678907116102024
1999-08,0.013030809603254494,-0.046693409477872636,0.9432362477103287,-0.021969153507799787,0.058672451529085595,0.12556217575630868,0.21481442485568278
1999-09,0.012627093201190109,0.020493485359814424,0.9429643256306798,-0.028303392709658017,0.05705742765320989,0.1248343885286158,0.21459019387996464
1999-10,0.015157276741784687,0.01255546847475255,0.9434745759117735,0.007206139989390827,0.07779713922089386,0.13816652728533588,0.2200354453719262
1999-11,-0.006439590015450988,0.059086541306273874,0.9413845428202738,0.049870094705918584,0.09138958522959581,0.14375348767884266,0.2204093471439803
1999-12,-0.015826904135774075,0.1272819462988207,0.9341229514543951,0.03201359877202614,0.07967233259026524,0.1342468349484357,0.2146853356226026
2000-01,0.021511830251158198,0.07186540869246501,0.9304634094855216,0.07528157246419173,0.10231246443332374,0.1476706064640152,0.2193007849291329
2000-02,-0.014002157513057837,0.10757923956000698,0.9226838649946894,0.011555348868400527,0.07401538843494587,0.12994772863094547,0.21168586459419575
2000-03,-0.016587486655815793,0.02652325505720068,0.9204564237058037,0.0636037903211419,0.09603975737046089,0.1432966628959661,0.21732646349670545
2000-04,-0.05781590407101334,0.11748480571224217,0.90968233277268,0.056387286571963624,0.09142192944047367,0.14026115145926077,0.21624454891172082
2000-05,-0.0277874651499408,0.116737948986647,0.8964760452238363,0.17484355642040125,0.15730344643610938,0.18304041912215693,0.23429725890825553
2000-06,-0.037199982495312665,0.2624791875225644,0.827189712155543,0.20686504283762314,0.17262292310982477,0.19283402204761865,0.23881517055923646
2000-07,-0.07837955395669766,0.29916059099965775,0.6611296222740732,0.20373626991594587,0.1710898914271852,0.19200905667340332,0.23858364679817873
2000-08,-0.08490859217820079,0.2825639332656887,0.5042357539909474,0.19083204155024017,0.1638379698872793,0.1873285365529195,0.2367480805912605
2000-09,-0.08527754295811109,0.2552051068241037,0.35176548106804895,0.18342468187392266,0.16043464074933086,0.1853273586495102,0.23597823529420256
2000-10,-0.09476898495858256,0.2175481922781275,0.22490461119569222,0.14062997712286848,0.138977801631246,0.17057205671616754,0.228604531505372
2000-11,-0.0847401779015957,0.09816760263124054,0.13529395348113804,0.13888128858163368,0.13785536579414348,0.16991937041317395,0.2283651557188049
2000-12,-0.1479077386878008,0.08433697372012813,0.05715659083307231,-0.014446713531542612,0.047655373791754656,0.10600445545435327,0.197073357162316
2001-01,-0.14459155963527073,-0.16377812332166386,0.040122506916421406,-0.014579049289593991,0.046531396687167756,0.10502282583160533,0.19657668891860772
2001-02,-0.14409069670496624,-0.1591456898965439,0.024707279980327276,-0.0164653834309403,0.042958720447023355,0.10187301772496478,0.19465088254298724
2001-03,-0.17551443118641658,-0.16799711930648217,0.013251792519497003,-0.11411645187858328,-0.024469424822937937,0.04895204862112073,0.16405804435681
2001-04,-0.17313480501324913,-0.3009689735443677,0.009487634438036772,-0.12154390317130867,-0.021717904380383415,0.05158244255697797,0.16517210687689776
2001-05,-0.2129989371047049,-0.2660803407917296,0.004731656073200144,-0.23017435433314276,-0.08074287019181135,0.008990349638424336,0.14223279374419895
2001-06,-0.21859905687713163,-0.31973176125246483,0.003157489796834091,-0.24110407694675273,-0.08943067064013147,0.0020533439635441195,0.138200139761932
2001-07,-0.22615452647618328,-0.3259142888286438,0.002169955362648249,-0.2398303493919397,-0.08991125912274961,0.0011275166278291748,0.1371433905118373
2001-08,-0.22794278949982025,-0.3183836207509748,0.0013080541157444807,-0.2622910003618913,-0.1111060541431382,-0.016316640763677073,0.12711675234186046
2001-09,-0.21745732864305728,-0.3513039799481571,0.001038329466910823,-0.3344442665109821,-0.17350753995611118,-0.0703042496763901,0.09091176447896451
2001-10,-0.21458034772480813,-0.459952148115399,0.001446821506969038,-0.29955049100364234,-0.16002880021560223,-0.06278831896081205,0.0936664196023153
2001-11,-0.14334831025875755,-0.4084056886090542,0.0014028474609542386,-0.3327450362208861,-0.1767647550273758,-0.07485970130754069,0.0868575784095128
2001-12,-0.17936847414376117,-0.3989664689795117,0.0013746352459783737,-0.3330496228678301,-0.18034077863517192,-0.07940365053419779,0.08254537163418509
2002-01,-0.17289711294075544,-0.3261240241071792,0.0011400463907144402,-0.3331098008607154,-0.1807757783375921,-0.0797954502881685,0.08228898581204212
2002-02,-0.18687770386026675,-0.31555377068401935,0.0008115735362929218,-0.3457654626503656,-0.19056087360159943,-0.08797361135884155,0.07697535211109571
2002-03,-0.21632818957307942,-0.3355552136243419,0.0006946064257042268,-0.4215204433885107,-0.23683444622056088,-0.12273436889982291,0.05705956915209744
2002-04,-0.23114114459997867,-0.3891042778954593,0.00100803971126755,-0.42546283297214227,-0.23992911845635312,-0.1256207115593153,0.054664956711397504
2002-05,-0.23806069545701586,-0.3818890397185343,0.001406479778038128,-0.42667914300488136,-0.24079945675268613,-0.12655614116558916,0.053629538960697144
2002-06,-0.27551667945540526,-0.37120837161982256,0.0018605380826923164,-0.4670472051905353,-0.2714077561569672,-0.15190584853319072,0.037286211321478684
2002-07,-0.3416001181240391,-0.4483695834965892,0.004102337220752162,-0.5260156452592541,-0.32360641884791197,-0.1980758637341944,0.004375782736526942
2002-08,-0.3280723400757213,-0.5445590281477829,0.014922393454483788,-0.4388597626817671,-0.2959781204088431,-0.18611291103665276,0.005976714800198943
2002-09,-0.3512539443433892,-0.4583978472096309,0.024228457133951595,-0.46845988610976275,-0.3276472651151267,-0.2157596876799778,-0.015226215355523246
2002-10,-0.35457152151494314,-0.49352012673036233,0.0571558863813622,-0.46177517179887856,-0.3212310826559879,-0.21045961222081117,-0.012294897680044442
2002-11,-0.39919909964465816,-0.4617018342703967,0.08574683452932065,-0.49654199346301076,-0.3428693411092778,-0.22752145756196593,-0.02310411109728326
2002-12,-0.38041684896570777,-0.45265289491347444,0.13043962840712067,-0.4954703402052489,-0.3415678015306492,-0.22634922729230203,-0.02246313839645861
2003-01,-0.38816446974483765,-0.4316878052137563,0.17874854602463713,-0.49645088679430177,-0.3408947198045618,-0.22537186013349036,-0.021708490519983633
2003-02,-0.38886658488312154,-0.40610499699818564,0.2269699494503118,-0.5025143344821379,-0.3490100751794917,-0.23390660199725002,-0.029391526136391736
2003-03,-0.4278926281979158,-0.43744378426533226,0.34491904950146457,-0.4939301155729095,-0.3461845336330251,-0.2326002635733733,-0.029076612515940882
2003-04,-0.47590434830252637,-0.4073840417658072,0.46159367407691937,-0.5371206407636742,-0.37084586058185065,-0.2508407733193953,-0.03965284804483775
2003-05,-0.44232643440735314,-0.42585584511631297,0.708006239337255,-0.3507532016322095,-0.2878189995120488,-0.20148937472827289,-0.020602718292646535
2003-06,-0.4387267178754897,-0.14520282776017376,0.7607540213400796,-0.2690923200753849,-0.2449862072666777,-0.17455884272973016,-0.00964093820635914
2003-07,-0.4016512161316426,-0.030276251172122078,0.7758613128178138,-0.22131384994810127,-0.21921539405046014,-0.16041106314604614,-0.007962306221662458
2003-08,-0.3967546238220572,0.0001958397484976448,0.7856232993286698,-0.1957757865293825,-0.20138967475031228,-0.14758203667607206,-0.0027456919120130243
2003-09,-0.37766754560448784,0.03368846181122489,0.7898436510245532,-0.16613894876895988,-0.18631028700716423,-0.1383105250914397,0.0009060247887842581
2003-10,-0.3821691027519203,0.056827576095181055,0.7907220666701219,-0.16859360054642492,-0.1882648626041242,-0.13980799012951078,5.731121053595432e-05
2003-11,-0.3835016062373209,0.05415963068119703,0.7920694092809272,-0.16951571978305416,-0.18909709813074693,-0.14037986021572116,-0.00018421758654638256
2003-12,-0.36822318007755056,0.05260803361219621,0.793822817602165,-0.1651926426505935,-0.1877752799214083,-0.14002079690813463,-0.0004572496553934956
2004-01,-0.35079259243318,0.058065626416316504,0.7948021328960094,-0.13344245720562006,-0.17177997544705387,-0.13023460493899328,0.003166057610914442
2004-02,-0.34839059852518295,0.1092817842843369,0.7902649388988092,-0.13254879496943547,-0.17106677643892182,-0.1298754878240729,0.003238309051851771
2004-03,-0.33257270734756517,0.1041147763001596,0.7860894261721754,-0.16090867265030023,-0.18274577590679045,-0.13870980348430015,-0.002485304512451127
2004-04,-0.3249765063145007,-0.006908701612032859,0.7893784623738366,-0.14862462794117093,-0.1764863907373504,-0.13542667386673685,-0.0032914835422818206
2004-05,-0.26090013105820364,0.0028194733705152438,0.791088579361427,-0.07158977386246913,-0.1344720420995229,-0.10559466403295263,0.011577888384268431
2004-06,-0.25691550687168435,0.13411547520356926,0.7798737521922094,-0.06913774445116236,-0.1348814391341511,-0.10651012171992214,0.010656573492414929
2004-07,-0.2649010313048858,0.12621886841618385,0.7688454866297443,-0.10866087381644497,-0.15069205435507682,-0.11775371701099593,0.0039072511948056304
2004-08,-0.260716040850746,0.023745573543766003,0.7669341256595847,-0.13109283198042282,-0.16009312855680832,-0.12477562169610502,-0.0005969300138705584
2004-09,-0.21087004112865973,-0.03877265110007923,0.7708219924244097,-0.10687635049335681,-0.14883956232312162,-0.11802704161666373,0.001955405824950876
2004-10,-0.2252126536407811,-0.0021516932277480375,0.7714032524197837,-0.10705858791441827,-0.14883669128860974,-0.1179794552664722,0.002035132097253942
2004-11,-0.2270105507663122,-0.005298567233455115,0.7728099825326884,-0.1345348870491579,-0.16223335481222606,-0.12779307254240324,-0.003913311096401855
2004-12,-0.22505560731081858,-0.05006618793736865,0.7777343623820584,-0.14079941741490704,-0.1659207261313272,-0.1306043767202411,-0.0056202744460240855
2005-01,-0.22323559281680835,-0.05324102129917901,0.7839003014535358,-0.13875001234631906,-0.16437359549240887,-0.12936583211463643,-0.0049215424538808185
2005-02,-0.21300068115801812,-0.05349926612088548,0.7908678376730974,-0.13533016206613543,-0.16299707955070705,-0.1287029888419627,-0.004789033946958367
2005-03,-0.1595832215438844,-0.040390373701239504,0.7974134001949212,-0.09813841466855415,-0.1470042290276813,-0.11820412689080055,-0.00017702276719415533
2005-04,-0.16544484636427,0.05876937289757157,0.7974733132278545,-0.13642935628989758,-0.16048588154893695,-0.1269987681842518,-0.005002139459418564
2005-05,-0.15776873954717807,-0.05600109892933462,0.8054807264873974,-0.11984314982479848,-0.15308017088154222,-0.12293802482112257,-0.003896303650183775
2005-06,-0.1167251693153664,-0.03857121119822719,0.8122080928042185,-0.10023791336236113,-0.1445891289274912,-0.11802838996560229,-0.002168136547065963
2005-07,-0.02902841694596033,-0.0018942128293285754,0.8158971280293185,-0.11819175114727326,-0.1523778728923829,-0.12309731937725449,-0.004804854383172594
2005-08,-0.029432464625861236,-0.027012491898040912,0.8219668615650816,-0.11369142196359179,-0.15080738407410563,-0.12195110975324323,-0.004103345696655475
2005-09,0.07068275556441896,-0.00983248818427831,0.8270418650036941,-0.11586695538972042,-0.15124181841921047,-0.12223657669059113,-0.0042696949595724945
2005-10,0.10211657707024863,-0.021296700751186847,0.8337805068618075,-0.018883259735568807,-0.11066885497962883,-0.09610175474910383,0.007887937838364766
2005-11,0.1239513609078601,0.20670550760990342,0.8277149978253562,-0.04173178051132535,-0.12067831820368821,-0.10327075178770694,0.003645158380029599
2005-12,0.13170375945550708,0.14163339792713903,0.8249967531693937,-0.02849450970993585,-0.11590931691001599,-0.10081270725850695,0.004336521578825405
2006-01,0.1322285255927726,0.14980119191466074,0.8208308049698324,-0.023965351402613314,-0.11420322336321795,-0.10000058130737016,0.004507877548134195
2006-02,0.22665808162127896,0.14558922422921902,0.816461487400509,-0.009525194362458366,-0.10864649034953305,-0.09634810703160467,0.006334013901370803
2006-03,0.225833053106162,0.17237368469860126,0.8080760450375533,-0.020587403598273536,-0.11334308945352929,-0.09935020888567793,0.00484663433652819
2006-04,0.2683449130009427,0.13676497024106415,0.8012991398989855,-0.018955618918796262,-0.11244185646901451,-0.09875973882645933,0.004871533562016619
2006-05,0.1943302650827879,0.13159619412694093,0.7918832505581339,-0.0033933068056961877,-0.10495229130245556,-0.09363289301382648,0.007546346240998728
2006-06,0.10644964232197164,0.16811030253459114,0.7748276030596247,-0.024085962472981854,-0.10596789793987324,-0.09308322445404518,0.008147749607594321
2006-07,0.11064711884132357,0.12108690381697965,0.758853093767409,-0.022246917373688058,-0.10555925520698692,-0.09297714924100786,0.008144868860015234
2006-08,0.1072398442515653,0.11062085293627386,0.7441663753290959,0.037380886499072286,-0.08445306817793556,-0.08160531822010798,0.011858160650343088
2006-09,0.0967682075471131,0.1649568371688114,0.7138827614609756,0.08228481431906795,-0.0674213236347797,-0.07228931749057381,0.01497334128867318
2006-10,0.09668515081309391,0.20813104898240553,0.6555662453412693,0.0792500317419144,-0.06764700909422187,-0.07315145884930088,0.01375954133488233
2006-11,0.1067630456733214,0.1852810342535175,0.5951293120929211,0.09894836606141966,-0.058671602969754995,-0.06812052654186955,0.015398215808864479
2006-12,0.10645274828337664,0.20085912917873666,0.5070675621571284,0.10524640499714298,-0.05586128122329554,-0.06673161888788305,0.015663944974760168
2007-01,0.07229417370445575,0.20118668240532347,0.4043088492383451,0.11217730692556115,-0.05375241972973321,-0.06556377229201596,0.0160516808781579
2007-02,0.07407365088506035,0.19361894937832205,0.2720210487528701,0.11639894034493278,-0.05183806294692837,-0.06462059624084725,0.016242278992074168
2007-03,0.07815980574609278,0.18797657108978563,0.1304790845589815,0.011700040843673511,-0.07885944828631196,-0.07912339351268592,0.00991511402479198
2007-04,0.05858344852776761,-0.04367674847955682,0.09000942690252889,-0.05560076293657205,-0.10143927194519137,-0.09293860945701785,0.002934708779322954
2007-05,-0.06809145323411,-0.1290305256491058,0.07218323450088757,-0.07298146876038139,-0.10832804558784771,-0.09765082596470137,0.00016619109342277607
2007-06,-0.04412632927155722,-0.1423809156870053,0.0589367244346151,-0.023372737554279443,-0.09312321535566798,-0.08949052539151281,0.0027756012789688714
2007-07,0.02331027748036823,-0.04583542727489098,0.03582145960677385,-0.034469986875264876,-0.09464559437157587,-0.0901104023562143,0.0024218297411861644
2007-08,-0.08381228579786937,-0.052284739073146694,0.015735237887193068,-0.2601069358322412,-0.1756699189611001,-0.13680067330363627,-0.019072846450620268
2007-09,-0.07929134680434492,-0.328874436872133,0.013132035810134958,-0.20509935661829917,-0.15422430417399502,-0.12493223825058462,-0.015047629030297287
2007-10,-0.07564570235757084,-0.26062805855896654,0.007798650363060928,-0.2062311799530156,-0.15488688713888155,-0.12581160638763803,-0.01599782395913415
2007-11,-0.20578447287470517,-0.24135807294649322,0.002332785958764316,-0.39384210372254796,-0.24468428780775953,-0.18161680096690147,-0.04321739158614792
2007-12,-0.19954320009468374,-0.4443546410007023,0.001707988822925548,-0.3923643431972025,-0.24369856715951035,-0.18107109735860374,-0.043094261195182136
2008-01,-0.3290262738805976,-0.42199490051193833,0.0009095102937306936,-0.5229691157033107,-0.3309304186957307,-0.2412901061167432,-0.0751290253152868
2008-02,-0.326097136475625,-0.5469007385160611,0.0012643708088252072,-0.5051159821527211,-0.32491952232834054,-0.23796997100334394,-0.0737565880185675
2008-03,-0.38902285194673203,-0.5178631474269437,0.001438676703095402,-0.5298595238765671,-0.34471792200743945,-0.25263452639131323,-0.08210903001148667
2008-04,-0.40358575158090493,-0.5298809223903407,0.002228436669464664,-0.5754927024657565,-0.37095675689525576,-0.27062419303629004,-0.09164494937531613
2008-05,-0.4319132070266758,-0.5285959965219383,0.003790972340555035,-0.593830691733707,-0.3845187114168108,-0.28037487883086776,-0.09697815458388079
2008-06,-0.35630494014746006,-0.5121765813150776,0.006029468472859517,-0.42320610653708357,-0.30865997615509094,-0.23499950654584933,-0.07822356141948877
2008-07,-0.3517653082827068,-0.3066891864721768,0.005657453426283851,-0.41808126946937574,-0.3111652572461298,-0.23889905276664725,-0.08220434532925927
2008-08,-0.3386485256376009,-0.3144290396483968,0.005860186275828977,-0.3885167459427429,-0.29950511097468024,-0.23256935132424658,-0.08023017921940946
2008-09,-0.36909294498158113,-0.2817616706021105,0.005610959816391917,-0.42986183122927757,-0.3264206292088506,-0.2522547691230669,-0.09152578506859062
2008-10,-0.17526465137593655,-0.35370277235124875,0.007107277789586472,-0.07168333566364649,-0.12351906105959608,-0.11993494199940413,-0.040198153880637987
2008-11,-0.22081429139110548,-0.04587094140663478,0.006773627519153039,-0.15614322822093507,-0.17941425503360703,-0.16137665987210892,-0.06463383688875776
2008-12,-0.14375012034657272,-0.11849119459661533,0.008443001852642079,-0.03019893692969603,-0.11493411977314877,-0.12629508419881244,-0.06438582206891133
2009-01,-0.14133238402581755,-0.0827705347111932,0.009628707411948653,-0.03575035418527257,-0.11262323437132893,-0.12320397374448225,-0.061841447910069895
2009-02,-0.0744011037310554,-0.07838541633160835,0.010467070283071936,0.0398880738410826,-0.04832831129924564,-0.07051273497839725,-0.03036446560056352
2009-03,-0.061961520132928036,-0.038697080205538845,0.008943732593740822,0.04274954330362003,-0.046949142888573304,-0.06958397388563543,-0.030161328628247247
2009-04,-0.0956272563029322,-0.04053018487604724,0.007438221608608244,-0.04679971059125943,-0.0897726006543886,-0.09887959515673761,-0.048362477069919536
2009-05,-0.15187419679974656,-0.057813512243079644,0.0064188877030862705,-0.13979709200233384,-0.14566993862438463,-0.1398488677410867,-0.0725502089919344
2009-06,-0.17682336230092346,-0.08829269155544978,0.00650119572013507,-0.17955067033703773,-0.16937213696707282,-0.15677541079132518,-0.08243405945056456
2009-07,-0.17226389009936205,-0.09773149093282148,0.006865543190205911,-0.16864420188939686,-0.16377725207751503,-0.1532249136463218,-0.08114871232312644
2009-08,-0.18729613452172422,-0.09287073550402619,0.0070452959768346896,-0.17057116259912672,-0.16662880120146817,-0.15608902699926364,-0.08451776886680615
2009-09,-0.18207985399135146,-0.09021233909317046,0.007096487856238746,-0.14671935821239407,-0.15162007728009877,-0.14520772804547258,-0.07920785738780169
2009-10,-0.18157697519643623,-0.06722968146222512,0.006361395669524918,-0.14722216646189368,-0.15208066645507431,-0.1456199996798512,-0.07961554716605627
2009-11,-0.18796528844938187,-0.06299123742073247,0.00547178296077022,-0.14891405702966584,-0.1533400808620268,-0.1466014316114255,-0.08027192294815104
2009-12,-0.19704737672997294,-0.059820633791277146,0.0044697570928150625,-0.16010197081102184,-0.16117200240764978,-0.15244071729801686,-0.08366811232344093
2010-01,-0.19870757113670975,-0.07138966616928853,0.0036777897475574225,-0.16355330340066945,-0.16413563360700828,-0.15464298041049165,-0.08485531885066014
2010-02,-0.19951008584268526,-0.06933861627336392,0.0027957337985894874,-0.16723690986627415,-0.16511392926352805,-0.15509466605461747,-0.08495841331077994
2010-03,-0.19929987468564125,-0.07761720480032717,0.0019277352312143583,-0.17102606414652238,-0.16892153988461014,-0.1585017540078077,-0.0879430640623208
2010-04,-0.1993567992916137,-0.08646757233141542,0.0010439542133521026,-0.18484003097895302,-0.1783817304525869,-0.16586349229431152,-0.09265761442329963
2010-05,-0.22558120423455125,-0.11751731718975768,0.00042925151466547323,-0.2803081919953744,-0.22892071425925162,-0.20332791176995543,-0.11621671636108923
2010-06,-0.2324690337054851,-0.3694428092600343,0.0005971138375127838,-0.3041343106469551,-0.24259610854798586,-0.21374060324459318,-0.12294576309308168
2010-07,-0.23203923817157646,-0.39768626983747746,0.0010832844723975754,-0.3033507083358224,-0.242335264580623,-0.21390814933826338,-0.12365706912350462
2010-08,-0.21003859979526052,-0.3853007455671646,0.0015923881290249035,-0.2851240643088839,-0.23288267879989663,-0.20780937621894066,-0.12167543100054518
2010-09,-0.21697514975802545,-0.34489310865135797,0.0019196092976416891,-0.28374094811304307,-0.23119677715951717,-0.20650756135886367,-0.12123283426713613
2010-10,-0.208170456331939,-0.30921732178762057,0.0019354526378727618,-0.2674525912589461,-0.2211969609190414,-0.1992593015465967,-0.11780915154332819
2010-11,-0.19818264169686442,-0.23104567476676774,0.0012547021372423437,-0.28154254280340724,-0.23121888727310472,-0.20679770249201282,-0.12235558603850942
2010-12,-0.22337641658411359,-0.2447386791261425,0.0007763705612553677,-0.3166628508360772,-0.25771093134593775,-0.2278124193403651,-0.13661048147234334
2011-01,-0.19855947319989903,-0.33173052700993794,0.0007205505030957304,-0.32522771386429,-0.26401175514457537,-0.2328243806507547,-0.13991094180125258
2011-02,-0.20668266371421842,-0.326021523328781,0.0006397940732475367,-0.33740714812308326,-0.27320758119926486,-0.24015388828674109,-0.14465607111002543
2011-03,-0.20081532394132465,-0.33596104585784936,0.0006272362915062354,-0.35149393940576495,-0.2785216370913298,-0.24370051405949297,-0.14682572675585748
2011-04,-0.19296859587921636,-0.34504247800788274,0.000678852600125316,-0.3534527728215076,-0.2803846755743035,-0.2452906622574397,-0.14793254535046865
2011-05,-0.18221768367108065,-0.3281343581538612,0.0006032783696392111,-0.34755931799102574,-0.27557457503604726,-0.24193012262638025,-0.14697758613488104
2011-06,-0.21131255443042984,-0.3033954639121998,0.0004006760522944362,-0.3714590599416347,-0.2877221160960254,-0.25050906899443814,-0.15209449156114874
2011-07,-0.20911589847011636,-0.34382978090030186,0.00035943350829236657,-0.37177525090216307,-0.2882789944629295,-0.25109631755581024,-0.1527526311828352
2011-08,-0.30250618003746654,-0.3178694382378977,0.0001373827498409952,-0.5821749404127516,-0.4176103795168612,-0.349165560937697,-0.21633365205727914
2011-09,-0.2954831498353238,-0.6948860210288123,0.0005208781077774541,-0.5793311414758312,-0.4178538308959862,-0.35022497296782557,-0.21841031313446124
2011-10,-0.44446203294181813,-0.6720193851494917,0.0009258512519853936,-0.591559613450513,-0.4266360434914232,-0.35708479496159445,-0.2228274508999309
2011-11,-0.4290630575326384,-0.6536263666607259,0.0013592147352925286,-0.5841910712476946,-0.42222420422180884,-0.3539275046337017,-0.22136875073173604
2011-12,-0.49320966699560914,-0.62105244196064,0.0015467574430693702,-0.5852589132110081,-0.42262769063580097,-0.35416467713973804,-0.2215237929968674
2012-01,-0.5021967606384202,-0.5946917944211394,0.0015631792537315885,-0.5824303011204817,-0.42218442693367975,-0.3541781910522245,-0.22219823765937152
2012-02,-0.6385449374751964,-0.5464882525980453,0.001377736657603394,-0.5839003513538528,-0.4234545334452058,-0.35526973646679155,-0.2232732335052384
2012-03,-0.6625076312168624,-0.5093178281416199,0.001037177887987691,-0.5887354103447794,-0.43056448414360865,-0.3614663603555802,-0.2276328545969884
2012-04,-0.6988331743070056,-0.49929779468328184,0.0008520573316761058,-0.590768029665919,-0.4314199787054983,-0.36201662491684977,-0.2280301064235284
2012-05,-0.6872207241410568,-0.4790494422671066,0.0006079296403238242,-0.6108487283895504,-0.4443059216264637,-0.37178538967891417,-0.23445181230399953
2012-06,-0.7073838604392905,-0.5203339190207297,0.000767565934102797,-0.6164639074821167,-0.4478930948109775,-0.3745176313579575,-0.23636016151637732
2012-07,-0.7058283304460726,-0.5140205610311399,0.0010620926641310795,-0.608049074010103,-0.4435990087833966,-0.371516792971401,-0.23499363204764456
2012-08,-0.7313331722015778,-0.45422122036183293,0.001006390394385167,-0.621781611468726,-0.45340827615874235,-0.37911348742105094,-0.23985163706860466
2012-09,-0.7567113972322465,-0.4611441898239148,0.001173119737318876,-0.627577504253947,-0.4572111496992344,-0.38199981718595893,-0.2417186695382358
2012-10,-0.7491743162408505,-0.44024280924925224,0.0013106137423611992,-0.6132669895062539,-0.45309395872038033,-0.37974665035734534,-0.24067305922696805
2012-11,-0.7415547779305187,-0.3919957928502346,0.001167154629742875,-0.6068208609866221,-0.4534802142220246,-0.380780571299727,-0.24170957422484177
2012-12,-0.7441184295571084,-0.3967344726126911,0.0012113183437224987,-0.611545639307595,-0.4567881544742663,-0.38336262497011403,-0.24333904516119637
2013-01,-0.7560203599927995,-0.3807722475527064,0.0012318642549456306,-0.6364285611818586,-0.47238389407185355,-0.3952034296434624,-0.25088694049959553
2013-02,-0.7716638624741222,-0.44521474219657264,0.001957569939705737,-0.6400457477549283,-0.47539500131153745,-0.39767611421167265,-0.25253944803634265
2013-03,-0.7812026834465168,-0.4279867906497265,0.002807713422071,-0.6365228562502835,-0.4747912299798754,-0.39753025150160276,-0.2527665373377903
2013-04,-0.7698597226629807,-0.3880212362139799,0.00345360792670706,-0.6166664633386012,-0.4669027405100001,-0.3924852943648335,-0.2506719513359396
2013-05,-0.7544777382330663,-0.3057791243242424,0.003631492244624723,-0.6413249298254544,-0.48212113581252297,-0.4040325291112505,-0.25807219881613525
2013-06,-0.6642219340225682,-0.39659944008470693,0.0054560226196349775,-0.47543133701506574,-0.4250770422285432,-0.371253788000212,-0.2443705280313377
2013-07,-0.6642298847243507,-0.13118662832770836,0.005109833822927662,-0.49348780737888504,-0.4355826630494497,-0.37982622450535114,-0.2504823128158166
2013-08,-0.6607119915371503,-0.19869957625631812,0.005794649934622931,-0.4715895457707182,-0.42716792370549844,-0.3750062744052809,-0.24847101987011808
2013-09,-0.6686720793280273,-0.16239545239968392,0.005884337611495818,-0.4706001631137353,-0.42699069810161133,-0.3751314433194967,-0.24870943087170566
2013-10,-0.6839097078481668,-0.1521317966382724,0.00585333475428233,-0.4363774554462446,-0.4139101110848583,-0.3671192995565644,-0.2453549158939543
2013-11,-0.6851667254196365,-0.09961511719622194,0.004982875144042892,-0.44448441730207827,-0.41990943916707496,-0.37200173629961014,-0.248784786045994
2013-12,-0.6870410789398184,-0.14181924757274492,0.004751482575658809,-0.4368682550235102,-0.41832033761010046,-0.3718378946837079,-0.2494075059036782
2014-01,-0.6845681904409702,-0.1417781190459357,0.0045316254171501105,-0.43913101554239303,-0.41835090041683076,-0.37174836045510007,-0.2493714446020954
2014-02,-0.6815380803211226,-0.13116760241240355,0.004180044546502876,-0.45660062295115994,-0.42218166107794564,-0.37366087239147255,-0.2502995183608371
2014-03,-0.6753399178519761,-0.15751849418259486,0.0041595296018646245,-0.4515284964987162,-0.421575697118214,-0.37375371954145054,-0.25079541702715685
2014-04,-0.6730798095297537,-0.14781841725423972,0.004061124997959872,-0.45248378357385033,-0.42136707074120033,-0.37353698520131395,-0.25062640244633516
2014-05,-0.677520800020735,-0.1339669815916015,0.0038136974724866596,-0.43828077193111414,-0.4153932694504203,-0.3698058530432607,-0.24910951933361627
2014-06,-0.6726674409437514,-0.09338122800287255,0.0031048310657859736,-0.43910982999086745,-0.4170522106542504,-0.3714355908262999,-0.25050033941321387
2014-07,-0.6749181229957272,-0.1147151779462956,0.0025813599619801276,-0.4372996613784119,-0.4158134280186331,-0.37060096481606175,-0.25018039380326984
2014-08,-0.44602742671408624,-0.09441680433432689,0.0018087397884927992,-0.457431606775217,-0.42084438374612687,-0.3731720215002929,-0.2512775137930719
2014-09,-0.40590583700995286,-0.14436362131675623,0.001370446791853939,-0.457429518229562,-0.4218491522622885,-0.37437017119440225,-0.2523243415295006
2014-10,-0.4487548060311169,-0.15667920700416477,0.000958252097205349,-0.5301677842693173,-0.44554918541701477,-0.3881458269772372,-0.259073184465863
2014-11,-0.44164420444854097,-0.36824337006029745,0.0013765543885419656,-0.5055414757569557,-0.4415927927829927,-0.3876462803569382,-0.2605899182472135
2014-12,-0.4469126215304918,-0.33965209986761374,0.0018645824802474027,-0.5101197959968763,-0.4423179886838405,-0.38776921096511857,-0.2606207365642668
2015-01,-0.4985178925506273,-0.3173540629781431,0.0022767833312449014,-0.5515386397796106,-0.4565767783989271,-0.39605563340628236,-0.2652865426981648
2015-02,-0.5158149299677287,-0.37187465960810634,0.0035534345622762757,-0.5649333471507578,-0.4626505523728251,-0.40035576566514935,-0.26794146271225944
2015-03,-0.49376410465411197,-0.37321176842299264,0.005526634600641732,-0.5381300492809767,-0.45528986845598995,-0.3966734318450059,-0.2665428584762163
2015-04,-0.48763881637517403,-0.3287651095724946,0.006893965911645225,-0.5388341108894251,-0.4551255484941272,-0.39637623674987543,-0.26639235350628676
2015-05,-0.40523971735288083,-0.30653575524137755,0.008204342433102668,-0.48119650052760454,-0.4374138907398918,-0.3879171291234028,-0.2641834798283376
2015-06,-0.33972332591305054,-0.2415057977484241,0.008976667993889702,-0.4170318231333874,-0.4156295284144083,-0.37622866723331244,-0.2596203153702949
2015-07,-0.36548685389329294,-0.15270779365605444,0.008349693923737767,-0.42044260256937926,-0.41638450757560774,-0.37654170104994794,-0.25966866324506604
2015-08,-0.3813971380489131,-0.14662995401687606,0.007748175253947197,-0.4610764648077113,-0.4305078065492313,-0.3847143816946188,-0.26348305082036794
2015-09,-0.34834202003099785,-0.23062808206021432,0.008641614549056688,-0.3881188492658223,-0.4043016413630677,-0.3708566737259228,-0.25825645473766967
2015-10,-0.3113244244762268,-0.16142065964759456,0.008872756256991271,-0.3131396423474667,-0.3785648401571809,-0.3571952747703784,-0.25346413558362374
2015-11,-0.30851381988300813,-0.09185206166647669,0.007716377034542782,-0.3540977423135434,-0.3917739829874118,-0.3653616528153126,-0.2580281381132053
2015-12,-0.3066279009269536,-0.14557697092777244,0.007529810908978346,-0.3525516129937989,-0.389985967043398,-0.3641808948370765,-0.25741592366517113
2016-01,-0.31651329281942575,-0.13604927192909166,0.007232156347396415,-0.4112472297013278,-0.4079877531438005,-0.3752327926902195,-0.2636795561836419
2016-02,-0.32451994845020227,-0.2776796008138574,0.008895337795169886,-0.4009033059144877,-0.4092652369890115,-0.3771710829549684,-0.2658606472982285
2016-03,-0.3486613075806002,-0.27598483457050144,0.011601058107766373,-0.44597702667143535,-0.4269412186067926,-0.38910411154231145,-0.2732778191415043
2016-04,-0.34964468564819795,-0.3140114243266671,0.018309784560004847,-0.42437490403284284,-0.4177894739917371,-0.38394912713659374,-0.2714414134089041
2016-05,-0.3189805699525714,-0.2805728617541901,0.023492750944137022,-0.41850305240412783,-0.4152060788326032,-0.38242771360350897,-0.27073557152316585
2016-06,-0.40067789498870343,-0.26011944083290417,0.028336283810241687,-0.4010283803652837,-0.4087895193130176,-0.3788555241647473,-0.26951768523208103
2016-07,-0.34489223491541193,-0.23221507718852927,0.03281753736702142,-0.3517934606730266,-0.38726149111200114,-0.3664343749110282,-0.2647375694236017
2016-08,-0.3633581185893184,-0.15046547620343026,0.03409563222113639,-0.350931114927035,-0.3869717939029579,-0.3664654421118518,-0.264952507000017
2016-09,-0.34693902933859483,-0.14026258777856893,0.03535100837998215,-0.3220780460935028,-0.37558538916124223,-0.3601418575507612,-0.2624183821792349
2016-10,-0.34474341839358197,-0.09028811187886836,0.034955955655522675,-0.2773245747488392,-0.3564737995949057,-0.34933043123820545,-0.2581362025836539
2016-11,-0.30539053974420516,-0.011748422372043928,0.03162112893887941,-0.25353419905670604,-0.33760710184202075,-0.33821389115494677,-0.25513652608683285
2016-12,-0.35175499413467126,-0.017390367936372438,0.027409525472581266,-0.34269770472246264,-0.372481346548059,-0.35921477556931247,-0.2662973636208642
2017-01,-0.3494329784278859,-0.1649741048978352,0.027797702858820467,-0.3347856884867061,-0.36982851806531725,-0.3578220364912812,-0.2658605937205623
2017-02,-0.3419067609989853,-0.15228050067158647,0.027983883003827814,-0.32367242654084355,-0.3667955273657377,-0.3565755367702632,-0.2657924746205383
2017-03,-0.3453952469175864,-0.1396595628261047,0.028042284381974345,-0.32588011990213184,-0.36831143492222373,-0.3577088633241111,-0.26653938306230035
2017-04,-0.35112340346696713,-0.13745910297926867,0.02836874070207745,-0.3460198638189075,-0.37429194973205776,-0.3607291551358095,-0.26789408579403984
2017-05,-0.3617989742817472,-0.1648937362571999,0.03004802425430271,-0.3441751806378752,-0.37399756591289995,-0.3607402529589037,-0.26807856428784266
2017-06,-0.3500801146550381,-0.1533644712940487,0.031742363919747066,-0.32538190385611604,-0.36634683299672427,-0.3564357401851897,-0.2665286711807668
2017-07,-0.3515823977167582,-0.11967432488138396,0.03256706906319403,-0.3168108843873679,-0.36277891454598116,-0.35454914127157877,-0.26604292826585874
2017-08,-0.34719926099394677,-0.10145458565530055,0.03303091124244446,-0.32767290017357187,-0.36566795926858614,-0.35587896382652157,-0.26653689069672826
2017-09,-0.3421268559371956,-0.11464322200249961,0.03422262585519625,-0.32555303341077224,-0.36511019403422457,-0.35570220925307694,-0.2666206312695154
2017-10,-0.31769017999126903,-0.10359820237903143,0.035376260302680686,-0.35585691315120577,-0.37651262111250067,-0.3625840044843875,-0.2702495790915628
2017-11,-0.3253025638632519,-0.1833393055663998,0.03956737371292081,-0.35356816892127874,-0.3758658375084015,-0.36234672043933075,-0.2702977585886156
2017-12,-0.3287769250383588,-0.16628960360842418,0.04378365359752854,-0.35816075368597194,-0.3787257694895895,-0.3645217600331626,-0.2717855210311222
2018-01,-0.3301916965362597,-0.18463078783535772,0.05021906989450361,-0.4224387458473467,-0.4055316125517156,-0.3810668805135339,-0.2804106202557905
2018-02,-0.23009766175985905,-0.35747505526406376,0.07882214111443299,-0.17123548017274537,-0.3048412702065715,-0.3249395194157458,-0.2588399369609386
2018-03,-0.23558176119939273,-0.00653861161124764,0.08213498463757357,-0.18172151950182389,-0.3066952610732039,-0.3255324821934685,-0.25887371523766
2018-04,-0.23417461853400307,-0.0070882831474091135,0.08567119428266406,-0.17819600738881203,-0.29956473682696344,-0.32050455298435837,-0.2564773064757042
2018-05,-0.2451401653248495,0.01640083253087292,0.0874482550298106,-0.18700441193538447,-0.30334211816903517,-0.3228910848239727,-0.2578200626150222
2018-06,-0.25376700286675036,-0.006564903515897637,0.09059841430739066,-0.16189479947460317,-0.29457466054074266,-0.31840993600604917,-0.25643792544779886
2018-07,-0.24812890558066839,0.01214168144056563,0.09253193723756674,-0.15608667215261707,-0.2926769619778584,-0.3175247498970406,-0.2562611837886335
2018-08,-0.20985580961395583,0.015157864761429392,0.09436462676359457,-0.1452868891587452,-0.28941596699671795,-0.3161905343210936,-0.2561913066014356
2018-09,-0.2204038524742045,0.012350879055346793,0.09633996191407405,-0.1508245169617475,-0.29158673259127976,-0.31759770581103497,-0.2570787075524831
2018-10,-0.19798408261049394,-0.014766134893165639,0.09952763034833198,-0.018974703391264162,-0.22611993965980978,-0.2792878377863334,-0.24194930422277403
2018-11,-0.18797542729550565,0.23006784275879996,0.09114287378875165,-0.06091683494768829,-0.23368204102135132,-0.2814737701692545,-0.2421135476223413
2018-12,-0.2980920423853842,0.18496876180630875,0.08439919318253981,-0.3386146347008448,-0.335230642782416,-0.33470945302994104,-0.26318796313874293
2019-01,-0.23208612239871332,-0.24452327777634925,0.09077576771594063,-0.3007747476924891,-0.3220732897902396,-0.3279096369556556,-0.26102069626733304
2019-02,-0.17027535640582175,-0.21704969093384552,0.09575761429556189,-0.24031913799244378,-0.29334870151521186,-0.31215406510386695,-0.25656193557311996
2019-03,-0.1281440787968869,-0.17458843298982638,0.09877654267233925,-0.21522020408821263,-0.2821098258679823,-0.3058252071922423,-0.2543839600105502
2019-04,-0.12799868026192296,-0.14534692826042725,0.10032152933322065,-0.19211049746236858,-0.2695761394955456,-0.29867849415073483,-0.2522298229133659
2019-05,-0.15611812848428092,-0.11614741811745283,0.10043191861570427,-0.23181627355440665,-0.28634945276514534,-0.30761671337743623,-0.25555278581670166
2019-06,-0.13776402184833536,-0.1697099837309252,0.10502718437349595,-0.17413599048762665,-0.25618220582021667,-0.28896051772113346,-0.24883552444897486
2019-07,-0.05949993731133196,-0.09945157565300558,0.10718577732281367,0.0008094848605213437,-0.15317387395513413,-0.22272408017777284,-0.22214717573910886
2019-08,-0.054763104365082034,0.0823315144966829,0.09948157783952145,0.03306749426810869,-0.13894298015022644,-0.21366858431740532,-0.21834837891491574
2019-09,-0.07361631540351471,0.08035883440949707,0.08973304159251214,-0.004197082480514818,-0.15129257088826262,-0.2202474677158022,-0.22123115057863538
2019-10,-0.08906974066818908,0.056237175007434095,0.08301455141863022,0.003546791764636507,-0.14837044280015624,-0.21858493276465807,-0.22053542146036628
2019-11,-0.1203788733617053,0.058269545199618814,0.07580546627224709,-0.06357857986598159,-0.1728090240529805,-0.23177669884983243,-0.22629760373515556
2019-12,-0.058610353557544764,-0.008446658912444406,0.07326551009839516,-0.07841145802796824,-0.17856846797120604,-0.23503576879777402,-0.22784632936027865
2020-01,-0.04515951163537464,-0.02189270350612257,0.07181359803839725,-0.05601616178733312,-0.16390286739543358,-0.22530367343169364,-0.22396847439936138
2020-02,-0.06160756110185813,0.01863530595757243,0.06744333793620522,-0.09069093402761631,-0.1750918510804619,-0.22989369445382893,-0.22532466928011097
2020-03,-0.49473075435899205,-0.030072315363166097,0.06501075705160902,-0.6399700976962728,-0.5314545340623968,-0.4740825263646795,-0.3513459454466632
2020-04,-0.46104319065180854,-0.6855364810968504,0.07972436701455007,-0.5936683184328836,-0.4976054083564249,-0.44931506134453164,-0.33955136365420935
2020-05,-0.46349498653912086,-0.6563425174779792,0.0896595379766636,-0.6035303957008492,-0.4999003053289141,-0.4500391426954144,-0.34035351019130894
2020-06,-0.47757896959704027,-0.6419854222185544,0.1008413356677157,-0.6218972030447151,-0.5097814568160415,-0.45666809753246357,-0.3445328792488085
2020-07,-0.4757883428236628,-0.6300461394503991,0.11670687790109169,-0.6135090769207313,-0.5012138944779697,-0.44970623103400226,-0.3409517237892814
2020-08,-0.48128796971645194,-0.6030551118583504,0.12957787610205582,-0.6250638909437313,-0.5067770845633561,-0.45309549245025604,-0.3431324239774686
2020-09,-0.4725824973545189,-0.5871013208460418,0.14636131319536647,-0.6012877882441235,-0.49741347085234083,-0.4475727606461712,-0.34083578002800713
2020-10,-0.4676466178134665,-0.5602938119637995,0.1612454099763917,-0.5878126938982031,-0.49452462432574723,-0.4468376188051742,-0.34130559439876224
2020-11,-0.4746729915839648,-0.5346377022237105,0.17817522433186134,-0.5968795558423001,-0.5018202975761549,-0.45245920677727525,-0.3447788695616902
2020-12,-0.47852988549441833,-0.5256023551755793,0.2054549695925209,-0.6054866375315899,-0.5081091494718089,-0.4571715718488339,-0.34771537900991106
2021-01,-0.4669368946259904,-0.5158073922228466,0.24785587828062786,-0.5985265181869619,-0.5095478951044494,-0.4598979030780579,-0.3503821752757473
2021-02,-0.5357829308453719,-0.49889884249531896,0.3164073685915067,-0.5852266044478113,-0.507600197734454,-0.46057604846420863,-0.35230253445744675
2021-03,-0.4953953619444944,-0.47835480165037986,0.42346142631421413,-0.4997189825030763,-0.46750343263200606,-0.4366475641365636,-0.34396670351869185
2021-04,-0.5067896948666623,-0.37261280627164717,0.505901151466637,-0.49179013378927394,-0.4654152649219461,-0.4357360544387931,-0.34456966991259996
2021-05,-0.5074257370263416,-0.3489138957401327,0.6084439286623303,-0.4928693107619677,-0.4654812410489229,-0.4357317871373738,-0.3445381640830604
2021-06,-0.5070680726321831,-0.33265853344631674,0.7148967883459096,-0.4886153142790201,-0.46248941822496464,-0.43344566748326424,-0.3433844147412758
2021-07,-0.4924166117260223,-0.303742261886688,0.809907310982113,-0.4510594210283566,-0.4410901039870702,-0.41841359111833554,-0.33627630377422074
2021-08,-0.49187113683987627,-0.209330571041706,0.854334263265872,-0.4502298273799449,-0.44027984121751246,-0.41772388569059316,-0.33594306359237347
2021-09,-0.48264219467433306,-0.19152267697029085,0.8974912612637352,-0.4221209504317433,-0.42788407492514924,-0.4102079771172073,-0.3329048274272497
2021-10,-0.506946257201085,-0.1466180096362046,0.9283391489024065,-0.3741739176479949,-0.4056697872262783,-0.39672217417779654,-0.327826711896739
2021-11,-0.5109792255188887,-0.09166112635637691,0.9493790780390273,-0.3593661297770369,-0.39927191335914336,-0.3925685362244333,-0.3263370666160912
2021-12,-0.48116416088236263,-0.07543193475477088,0.9688396260981637,-0.36919895398987507,-0.4022708551445206,-0.39418518173690525,-0.3269087507528399
2022-01,-0.4145569602818435,-0.08108602984122401,0.9922648750417273,-0.22437919392872943,-0.3295498635560635,-0.3469007903674796,-0.30623241454210354
2022-02,-0.38077709129975906,0.13471297094569543,0.9971519338260099,-0.14835894601060837,-0.2849048843786321,-0.31618623956761716,-0.29173675021447687
2022-03,-0.35917607112544664,0.22697027126363267,0.9985127879315194,-0.10821200660099826,-0.25930792601435537,-0.29827444351718335,-0.2833288782829751
2022-04,-0.3026247608660859,0.261901764274009,0.9991307033672882,-0.03894705551344126,-0.19868490234176653,-0.25239570445111,-0.26174137599507613
2022-05,-0.24388150391560084,0.2479772428221272,0.9994633210489843,0.006317628994451518,-0.1440350041271003,-0.2067086183356813,-0.23568031052402738
2022-06,-0.2254008176449988,0.251142374975471,0.9995159889738235,0.04513609245669479,-0.10919401391931999,-0.17824576088890565,-0.21932057191840842
2022-07,-0.28123904777696557,0.28041612452644454,0.999345473596159,0.04437612934823794,-0.10982690402153283,-0.17819392553083976,-0.21916733384165168
2022-08,-0.26745717541856234,0.257852707483055,0.9994306184559348,0.07195840243018048,-0.09800341319162022,-0.1707565285973213,-0.2164611363920466
2022-09,-0.1204182951830847,0.2310629477451032,0.9996868667725466,0.2818327270924013,0.06436253919861454,-0.04052782749315209,-0.1415953895424067
2022-10,-0.07971554559805821,0.4236414471577613,0.9990992812899149,0.3212119254632046,0.10555019305920213,-0.0036734524384615143,-0.11767266768534088
2022-11,-0.05762667220893598,0.4456208940891957,0.9973376899360854,0.36157300092913774,0.12657295334475263,0.010801099258997223,-0.11073357110988054
2022-12,-0.06291223529846206,0.43317490567808076,0.9950979232554924,0.33123231922334934,0.11504517103822812,0.0046620663449879396,-0.11275819198092717
2023-01,-0.07024603595830262,0.3947322326002781,0.9935649350950051,0.33611068532773625,0.11736064560136182,0.006271161802504798,-0.11196642032939484
2023-02,-0.07364155869743864,0.3798329878010049,0.9922227640690123,0.3089675433743742,0.1036499448365972,-0.003112411733793223,-0.11687154932043416
2023-03,0.4299186962730989,0.3196335610145669,0.9919522764404242,0.2650986276403086,0.085277275131752,-0.013764492277385269,-0.12077641986411247
2023-04,0.4268784968828305,0.26233404270868144,0.9924377835752798,0.3080122917930973,0.10997421825641387,0.00411093437513965,-0.1114933065012715
2023-05,0.427921424538276,0.2894754952149836,0.9918922485339711,0.30733211623998763,0.1100211144815885,0.004361211940895952,-0.11120296325393773
2023-06,0.42275167679712894,0.27698238510310214,0.9914743629492551,0.2647795257841207,0.09011455245733486,-0.009131167679569915,-0.11835260426123903
2023-07,0.4042306692436993,0.15889625194680598,0.9927021427544536,0.24563763347113657,0.0800178114229029,-0.016359236230099366,-0.12246675069553599
2023-08,0.41428759534479687,0.09529031283714433,0.995516040840183,0.2637628290366302,0.09279349445014316,-0.005705264358287331,-0.11572889526488116
2023-09,0.422364556996391,0.15156431226599218,0.9967212458445786,0.2739842133425211,0.100909512350621,0.0013317881254467931,-0.11106843582412054
2023-10,0.4464457919273941,0.18892980764242864,0.9972409013694177,0.329554908790152,0.14007384482731938,0.033439412478412665,-0.09107961720620533
2023-11,0.4796266145791292,0.337497406484138,0.9959647072243446,0.39753513435840104,0.18089747362407144,0.06357802265900409,-0.07488203536118135
2023-12,0.5194670620130725,0.3920844315718246,0.9914107090463314,0.47137562068733035,0.2378637596455032,0.10995316314449428,-0.04704679798801092
2024-01,0.5302942527651293,0.47589110251635064,0.968012490425312,0.47008078911279116,0.23784249004323957,0.10984304373319957,-0.04738827656281303
2024-02,0.5286078340284661,0.44300707513338367,0.9468759005120069,0.4426858777091067,0.22541293349681168,0.10142484223990803,-0.05194121564067591
2024-03,0.5426357446566921,0.3580696057271842,0.9342932368360353,0.4462345954012504,0.22823419214615268,0.1034204177674939,-0.051145279799119855
2024-04,0.560198700278594,0.3340591024773075,0.9216565323914234,0.46854245604641126,0.24286017842030372,0.11546404667636045,-0.04338571732287765
2024-05,0.5650168284909798,0.36341487920923415,0.8914545165669824,0.47398538225901593,0.24719354021944445,0.11877597838646552,-0.04167915191426516
2024-06,0.5733857424243031,0.35082402739676666,0.8567520206683226,0.49161107935282644,0.26092018055701777,0.12973102724944843,-0.035388034908326656
2024-07,0.5695102329988132,0.37090436512022346,0.7878289242490903,0.4946410905051328,0.2640962646074816,0.13234115835416632,-0.03395257842307188
2024-08,0.5135518968338791,0.3571380394900972,0.7084447887980402,0.36618340464924337,0.2156991898134333,0.10545890310878504,-0.043429800608716804
2024-09,0.5187969615760792,0.15780516422343602,0.6753979960536585,0.37580159684296477,0.22293398292362138,0.11142610752038408,-0.03981326072744672
2024-10,0.48669877857927285,0.1806545544291239,0.6241796554126486,0.3057151526583103,0.19244689866629688,0.09237864900539211,-0.04849825692087352
2024-11,0.4739991786366233,0.03605478497522086,0.6036410258285252,0.28366477334348617,0.18135187168858205,0.08499939209624145,-0.052208156670620905
2024-12,0.4801632563257885,-0.014084428455475795,0.5921263528934382,0.2832608419133445,0.18139669520501242,0.08506655207784328,-0.052220077649860176
2025-01,0.47063363014490295,-0.012847417488398722,0.5813783230505265,0.3060621993169858,0.19140511888655334,0.09225921377338273,-0.048068446648945835
2025-02,0.4597785053170838,0.04737493546379997,0.559598738756208,0.2885825036541422,0.18656752759694578,0.0905696880877759,-0.04785520682657119
2025-03,0.3772572566611335,0.04507593311843721,0.537553774745929,0.11892142169244693,0.11607539506394275,0.04985357598419084,-0.06322507429724339
2025-04,0.36720067296477893,-0.13775782572550818,0.5303336704917616,0.09146648401945127,0.10038797874970229,0.0421340199566012,-0.0640354308965708
2025-05,0.32035838936113664,-0.11943595011242944,0.5222649139136616,0.02549923348532438,0.06936935479005621,0.023074345162835037,-0.07279177704825067
2025-06,0.30206022128961674,-0.1849416438861763,0.5220876306424179,0.03942729854894051,0.07665155026079552,0.02819030265826302,-0.07028061734886729
2025-07,0.31685474975290706,-0.15894822565589925,0.5202384491696473,0.04375052927495574,0.07941714256064168,0.030299152683138316,-0.06932352529653986
2025-08,0.3219317284663999,-0.14578823860469042,0.5183852859824164,0.0477275366016817,0.08220631047620702,0.03277650673931693,-0.06764351289618058
2025-09,0.1775516718434289,-0.11541190036423049,0.5146079782848288,0.0630268440823139,0.09084200433875957,0.03928404277343568,-0.0639318915901026
2025-10,0.09863061555084796,-0.06115053366505637,0.505260561741328,0.06729898429277596,0.09390363621189532,0.04168396112501839,-0.06258733498734757
2025-11,0.08772437343442431,-0.039111792371181044,0.4934366728392912,0.07011586568872799,0.09398701250098435,0.041737279349286775,-0.0624134394648133
2025-12,0.1125655474329554,-0.02965205723426946,0.4811656807508295,0.06919033357584263,0.0935682404424622,0.041439822892584195,-0.06265687648366344
2026-01,0.11581360136939954,-0.033501382452882374,0.4705729960697505,0.07107979029684046,0.09383143911984095,0.04151823245114068,-0.0626923636151741
2026-02,0.12258588886339149,-0.031140752496179522,0.4606323357182816,0.05105063507801498,0.08486523074349951,0.03628366418520386,-0.06455567079353254
2026-03,0.16550904110653566,-0.07005206192292417,0.4555179154178141,0.10053153917042244,0.10091707182209775,0.0471188191009282,-0.05810274766295423
2026-04,0.13554432862360724,0.10940034298263804,0.42958714399575726,0.07745797218037884,0.09322943945699633,0.042861149580885737,-0.06006062516983791
2026-05,0.0966475076337561,0.03339705376577263,0.41486182373000363,-0.0015320215579254152,0.06069300250028117,0.023259696481786753,-0.06892540454120365
2026-06,0.1221237068978226,-0.17488851185622947,0.41617463867432075,-0.005893025538983794,0.05890070609853346,0.022313611458292297,-0.06916044286950306
2026-07,0.14319257933713414,-0.16396857446878635,0.4180307424798695,0.0061886551218264425,0.062425833485947206,0.024374219521423927,-0.06820066622558947
2026-08,0.11069116175741843,-0.12442908737668211,0.4178396755247347,-0.0020707228882628284,0.05893915828305301,0.022158592174668725,-0.06944460222051316
