entering_month,shapley_entry,rho,shapley_exit,rho_before_entry,rho_after_exit,exit_reverses_entry_%
1956-05,-0.04806977570877281,-0.26812611799531927,0.019461931022603962,,-0.3694626252894591,40.48683551284415
1956-06,-0.013297214365194626,-0.3294206839772636,0.00478902054906985,-0.26812611799531927,-0.3644611559317425,36.0152165524614
1956-07,-0.025528340570148828,-0.36828307581720343,0.009379191517688817,-0.3294206839772636,-0.3511106801266142,36.74031021294126
1956-08,0.08496564584985117,-0.28615983850808324,-0.02478805226191516,-0.36828307581720343,-0.375793871869383,29.174205661568077
1956-09,0.029782078304385326,-0.21378473402132103,-0.01581139517605648,-0.28615983850808324,-0.31015691244206817,53.09030153791617
1956-10,-0.01604997523718056,-0.28479486469168885,0.005750901404484032,-0.21378473402132103,-0.3067589877778404,35.83121668101883
1956-11,0.049670078639390686,-0.23519894958311008,-0.017772432586489834,-0.28479486469168885,-0.32490746497452816,35.78096325459704
1956-12,0.004503291523688696,-0.23272561916760015,0.0024513081685034466,-0.23519894958311008,-0.3347058860227933,-54.43369934211039
1957-01,-0.0493374535218053,-0.3062832725355619,0.0202493605275037,-0.23272561916760015,-0.31279612910694293,41.04257330296596
1957-02,-0.05963452647487699,-0.3692995792443124,0.030093813901094918,-0.3062832725355619,-0.33609691138664527,50.463742533065854
1957-03,0.0017224519775065894,-0.3881437962299507,0.0012105783093819544,-0.3692995792443124,-0.3535350251242289,-70.28226767369038
1957-04,-0.001581132019248671,-0.4322603418154358,0.00315901932764992,-0.3881437962299507,-0.35023689403744107,199.79478558349834
1957-05,-0.010699948628464906,-0.4346728188290534,0.012411039789951173,-0.4322603418154358,-0.3321290987389285,115.9915829589525
1957-06,0.01466683246500855,-0.4193870250987047,0.006907790171726991,-0.4346728188290534,-0.27040598395068827,-47.09803693610926
1957-07,0.00028775580709039517,-0.4670356874644556,0.00814172381328468,-0.4193870250987047,-0.29417763964521704,-2829.386449437335
1957-08,-0.004141563438763873,-0.47017879448702604,-0.02184475508357736,-0.4670356874644556,-0.310478775852084,-527.4519008719407
1957-09,-0.01067627878084082,-0.48395892115655254,-0.012394087785071672,-0.47017879448702604,-0.3129698269067509,-116.08996017707553
1957-10,0.02480863623378865,-0.45839283845159123,-0.06165270257282565,-0.48395892115655254,-0.3505628022770426,248.513066142896
1957-11,-0.0021279604610936476,-0.4607914488701903,0.03482442571305602,-0.45839283845159123,-0.31713266688068587,1636.5165777167824
1957-12,0.10143221853089188,-0.3642457951369368,-0.016236095452246968,-0.4607914488701903,-0.3179215649306728,16.006842487924242
1958-01,0.017941191319476968,-0.341949988511465,-0.016550683095892416,-0.3642457951369368,-0.3148545010824608,92.2496327093117
1958-02,0.000519052472790521,-0.33909600464767786,0.0021345768494395734,-0.341949988511465,-0.28588303328504433,-411.24490515644743
1958-03,0.010084608321121846,-0.33154736056334844,-0.008460364234815498,-0.33909600464767786,-0.28206688483615483,83.89383073109119
1958-04,0.0035112117752024996,-0.32013794233773185,0.002862019291643453,-0.33154736056334844,-0.2800746234618441,-81.51087074428581
1958-05,-0.0032678826472282707,-0.32423656735047035,0.0020785065851463003,-0.32013794233773185,-0.27810732607197436,63.604076691959335
1958-06,-0.003582695408247738,-0.33243835556924967,0.00286457940893399,-0.32423656735047035,-0.2373682793503017,79.95598515964906
1958-07,-0.018527281455682637,-0.32429643928791985,0.021814341272614265,-0.33243835556924967,-0.212465364014,117.74172765062319
1958-08,-0.0355060933061144,-0.3645051223734154,0.05933087199854753,-0.32429643928791985,-0.17168774881324925,167.10053535608304
1958-09,-0.01350427193116685,-0.38999453831023567,0.025731403181909737,-0.3645051223734154,-0.1552934635779637,190.54269132809435
1958-10,0.0043685631953327975,-0.3695691889450478,0.008077318716517873,-0.38999453831023567,-0.14542502040948369,-184.89646035445625
1958-11,0.017653053235522215,-0.37645138525170574,-0.015163168419125225,-0.3695691889450478,-0.16186706435979295,85.89544378993466
1958-12,-0.004356033353173444,-0.3801895819186553,0.009021628038801313,-0.37645138525170574,-0.15120190734379457,207.10649591856094
1959-01,-0.014311107896702424,-0.38600619461646524,0.04251220995404565,-0.3801895819186553,-0.09581387756560611,297.05743441317594
1959-02,-0.007480511561030384,-0.3950210368718716,0.01143330467355206,-0.38600619461646524,-0.08028776799168869,152.84121386983338
1959-03,0.0028964605996582016,-0.3814072756336682,0.004852494268142903,-0.3950210368718716,-0.08077346616929452,-167.53185832099786
1959-04,-0.00371965366246621,-0.38615682000633594,0.01192213617761173,-0.3814072756336682,-0.09528121628275991,320.51737230038503
1959-05,-0.0027677363057270754,-0.3694626252894591,0.016463873624137683,-0.38615682000633594,-0.04027817241553207,594.8497907864339
1959-06,0.00021244880864687565,-0.3644611559317425,-0.003249944950977841,-0.3694626252894591,0.010015126054373791,1529.7543778556915
1959-07,0.003971284287439397,-0.3511106801266142,0.01968629842758075,-0.3644611559317425,0.009246267806568701,-495.71617146235764
1959-08,0.00010486051914626593,-0.375793871869383,-0.0014858403491839279,-0.3511106801266142,0.011122417944391996,1416.968332105419
1959-09,0.08144835460337149,-0.31015691244206817,-0.07869198182976449,-0.375793871869383,-0.06632656465154019,96.61580299929975
1959-10,-0.0023529767402563073,-0.3067589877778404,1.646961255821755e-05,-0.31015691244206817,-0.07320463110320227,0.6999479542846451
1959-11,-0.00037604461019782875,-0.32490746497452816,0.00024398088398842194,-0.3067589877778404,-0.07325570359962133,64.88083524453894
1959-12,-0.012249729216768618,-0.3347058860227933,0.03583949052299541,-0.32490746497452816,-0.024142182336306984,292.57373684583035
1960-01,0.001660396388346752,-0.31279612910694293,-0.00740272956298927,-0.3347058860227933,-0.02981522931865423,445.84110245868027
1960-02,-0.05339459618079742,-0.33609691138664527,0.07269021013958368,-0.31279612910694293,0.035204373861437245,136.13776550243045
1960-03,-0.018648692046965593,-0.3535350251242289,0.04252532573803448,-0.33609691138664527,0.0794110256946345,228.03382473653943
1960-04,0.00013911175913808305,-0.35023689403744107,0.002421736905661255,-0.3535350251242289,0.062456818984926804,-1740.8570782700165
1960-05,0.005696755508561191,-0.3321290987389285,-0.009788092533533597,-0.35023689403744107,0.055947347421006696,171.8187224082878
1960-06,0.054815324616513394,-0.27040598395068827,-0.051556838977784604,-0.3321290987389285,0.008660099722519014,94.05552067505744
1960-07,-0.03191337950781345,-0.29417763964521704,0.09131577944925404,-0.27040598395068827,0.10612508522496987,286.1363505137302
1960-08,0.005543618876710343,-0.310478775852084,-0.0028277757629473557,-0.29417763964521704,0.10867044715705279,51.009562991916845
1960-09,0.009903036730404657,-0.3129698269067509,0.003911734686204121,-0.310478775852084,0.09514465343591051,-39.500355221284536
1960-10,0.02405972720253416,-0.3505628022770426,-0.0255304093320861,-0.3129698269067509,0.0711082564212473,106.11263011077297
1960-11,-0.0013942903166993814,-0.31713266688068587,0.010818532232363877,-0.3505628022770426,0.08217771776333008,775.916758711624
1960-12,0.015447197402259971,-0.3179215649306728,-0.01657118254665073,-0.31713266688068587,0.06523910595319525,107.27630465981044
1961-01,0.019617746944104508,-0.3148545010824608,-0.00278867840832063,-0.3179215649306728,0.05358343194828434,14.215079928730955
1961-02,0.02683689094797692,-0.28588303328504433,-0.02867224267057146,-0.3148545010824608,0.026824317719914455,106.83891336799167
1961-03,0.012276512683704999,-0.28206688483615483,-0.015884749705397456,-0.28588303328504433,0.002457237536442633,129.39138430151897
1961-04,-0.0008697579173326531,-0.2800746234618441,0.007967958932074144,-0.28206688483615483,0.010996416430883919,916.1122621924542
1961-05,-0.00011120919527668471,-0.27810732607197436,-0.004067072680897011,-0.2800746234618441,0.008992550621866711,-3657.137047685915
1961-06,0.03787446731273879,-0.2373682793503017,-0.046283349670794144,-0.27810732607197436,-0.04436488609292697,122.20198184867169
1961-07,0.00308857406368733,-0.212465364014,-0.0050631243686146375,-0.2373682793503017,-0.05350466773640721,163.93080639192988
1961-08,-0.018553256797796708,-0.17168774881324925,0.04832673894047549,-0.212465364014,-0.007420019442656701,260.47577235180904
1961-09,-0.009337117946624215,-0.1552934635779637,0.014721331460777247,-0.17168774881324925,0.006771149858907003,157.66461926401675
1961-10,0.001791124451962084,-0.14542502040948369,-0.004307270247662382,-0.1552934635779637,0.005547949676606735,240.47855764260217
1961-11,-0.0012788755311840122,-0.16186706435979295,0.009492669619801863,-0.14542502040948369,0.015330921861183558,742.2668890234637
1961-12,0.0016435289771970923,-0.15120190734379457,0.009187151686816027,-0.16186706435979295,0.03368916635225834,-558.9893341877051
1962-01,0.012875819824142785,-0.09581387756560611,-0.012155453596753315,-0.15120190734379457,0.01950415977480233,94.40527875328958
1962-02,0.004092804900365336,-0.08028776799168869,-0.007667331322842622,-0.09581387756560611,0.01167176745417515,187.33683890376042
1962-03,-0.0053381924457486865,-0.08077346616929452,0.014406754591317393,-0.08028776799168869,0.0251927536822565,269.88076465453906
1962-04,-0.026429886291077093,-0.09528121628275991,0.08809836028820535,-0.08077346616929452,0.115475075444193,333.3285634223403
1962-05,0.03853917024309008,-0.04027817241553207,-0.03381756050457124,-0.09528121628275991,0.08176294777067614,87.74854334243118
1962-06,0.05354324342088375,0.010015126054373791,-0.1153205623846579,-0.04027817241553207,-0.05040338060732785,215.37836525547277
1962-07,-0.020455156675385847,0.009246267806568701,0.037854351956874074,0.010015126054373791,-0.02035615875846958,185.06019072650307
1962-08,0.0033619904870072033,0.011122417944391996,-0.021469197175878984,0.009246267806568701,-0.051991999943835104,638.5858990038536
1962-09,0.0012429992338323127,-0.06632656465154019,0.004126987518449865,0.011122417944391996,-0.06938010737035563,-332.01850862979836
1962-10,-0.006894536064220302,-0.07320463110320227,0.09184588680858993,-0.06632656465154019,0.007349745360033464,1332.154708497804
1962-11,-0.00029505338040750756,-0.07325570359962133,-0.046953257371250834,-0.07320463110320227,-0.02396903461609434,-15913.478878432845
1962-12,0.013274030740318975,-0.024142182336306984,-0.09512478480946006,-0.07325570359962133,-0.026024858959071643,716.6232071508236
1963-01,0.0017296825806420273,-0.02981522931865423,-0.05265239970449204,-0.024142182336306984,-0.06926645022440821,3044.049832828195
1963-02,-0.0076706069594922165,0.035204373861437245,0.007375567201692499,-0.02981522931865423,0.04476759772828065,96.15363217855125
1963-03,0.001681326095162694,0.0794110256946345,0.004973976711159619,0.035204373861437245,0.054626910629005036,-295.8365260296701
1963-04,-0.019375943615368887,0.062456818984926804,0.02639471476823987,0.0794110256946345,0.1559997433113769,136.22415141270196
1963-05,0.003278620969613441,0.055947347421006696,-0.016144629161748483,0.062456818984926804,0.12491231536537944,492.4213354144435
1963-06,0.004269591279297014,0.008660099722519014,-0.00506014685222194,0.055947347421006696,0.11941967903923807,118.51595436683324
1963-07,0.006149206053196688,0.10612508522496987,-0.002279018818785304,0.008660099722519014,0.1341079550561786,37.06200116030504
1963-08,0.0053731376950302626,0.10867044715705279,-0.01634347610672119,0.10612508522496987,0.27030037281042313,304.17005917859956
1963-09,-0.01743752840734636,0.09514465343591051,0.026867233788307493,0.10867044715705279,0.23197847096874505,154.07707537834568
1963-10,0.0014940123174229103,0.0711082564212473,7.558986561237435e-05,0.09514465343591051,0.17682535981920414,-5.059520910962953
1963-11,0.00025092910971894616,0.08217771776333008,0.0018412953135903826,0.0711082564212473,0.08942432534326789,-733.7910359036185
1963-12,-0.00036742926348418137,0.06523910595319525,-0.0019654478841581516,0.08217771776333008,0.0761534953571263,-534.9187121136225
1964-01,-0.008866995596590266,0.05358343194828434,0.010653905612400587,0.06523910595319525,0.17692713726762657,120.15237287923615
1964-02,0.001913128442201652,0.026824317719914455,-0.002146670689402566,0.05358343194828434,0.15959834298033743,112.20734803002306
1964-03,-0.008482330478074347,0.002457237536442633,0.010549778072831265,0.026824317719914455,0.18674600917003709,124.37357987997501
1964-04,0.0005712199623671421,0.010996416430883919,0.0008034831519265623,0.002457237536442633,0.18124607153500924,-140.66090207998315
1964-05,0.002063206871879767,0.008992550621866711,-0.0017719689782827591,0.010996416430883919,0.1369192102803098,85.88421269983151
1964-06,-0.0070740870439994705,-0.04436488609292697,0.0050383388722636535,0.008992550621866711,0.1594888078382673,71.22246080555905
1964-07,-0.004076657274865548,-0.05350466773640721,0.0033370937610341517,-0.04436488609292697,0.1475270730015004,81.85858010701212
1964-08,-0.002242090646725046,-0.007420019442656701,0.0052232801733434475,-0.05350466773640721,0.14250028900571016,232.96471893199035
1964-09,-0.0005301621592136252,0.006771149858907003,-0.0012549995302994776,-0.007420019442656701,0.14246288409711666,-236.7199371907236
1964-10,0.003084070065362182,0.005547949676606735,-0.0037827723183135042,0.006771149858907003,0.14285639129171135,122.65520037299376
1964-11,0.0002903025647749396,0.015330921861183558,-0.0014474886722043445,0.005547949676606735,0.19288439788197878,498.61380774452573
1964-12,0.009171092804258723,0.03368916635225834,0.0028059601711800664,0.015330921861183558,0.2125141901608107,-30.595701418233173
1965-01,-0.002029552980702688,0.01950415977480233,-0.0020168429333333876,0.03368916635225834,0.19206042705586854,-99.37375138810617
1965-02,-0.0001650609977845094,0.01167176745417515,-0.00027414948557119567,0.01950415977480233,0.17767400393480978,-166.08980270984645
1965-03,-0.000885768363236155,0.0251927536822565,0.0003120566710796552,0.01167176745417515,0.19300067163921017,35.23005381898672
1965-04,0.002183961473730919,0.115475075444193,-0.0027431011488363716,0.0251927536822565,0.24261310999397845,125.60208510227332
1965-05,0.00010543283105449164,0.08176294777067614,-0.0013405014308869034,0.115475075444193,0.2124745663266319,1271.4269525723748
1965-06,-0.016845765993345592,-0.05040338060732785,0.022485267182105334,0.08176294777067614,0.25644833787854154,133.4772618293965
1965-07,-0.007807130108016061,-0.02035615875846958,0.0022246983278744054,-0.05040338060732785,0.23556222258998966,28.495725024361647
1965-08,-0.010166644009486296,-0.051991999943835104,0.00316638838696269,-0.02035615875846958,0.21466975298407553,31.144873214879908
1965-09,-0.021515094944970385,-0.06938010737035563,0.00636357205666134,-0.051991999943835104,0.21759654426888655,29.577243665145716
1965-10,-0.01511603407820096,0.007349745360033464,0.005664093252989236,-0.06938010737035563,0.21068777017266344,37.47076265961521
1965-11,0.01563447739512316,-0.02396903461609434,0.0027292287571494406,0.007349745360033464,0.20688294597296134,-17.45647576298754
1965-12,0.09306896046648262,-0.026024858959071643,-0.005452644400535903,-0.02396903461609434,0.18321140970013053,5.8587141977368375
1966-01,0.009410808439155644,-0.06926645022440821,-0.0026965926338447938,-0.026024858959071643,0.1641816586469278,28.654208097840502
1966-02,0.10665848075099599,0.04476759772828065,-0.007547335642809128,-0.06926645022440821,0.16015792717006744,7.076170211376885
1966-03,0.004885336189564781,0.054626910629005036,0.003044267092693509,0.04476759772828065,0.1697977534186667,-62.3143827685012
1966-04,0.07497811791413181,0.1559997433113769,-0.021313465948485807,0.054626910629005036,0.16240655836722048,28.4262482727226
1966-05,-0.014942798784248992,0.12491231536537944,0.00970641130389234,0.1559997433113769,0.15309306422881508,64.95711709725852
1966-06,-0.00043248947391944653,0.11941967903923807,0.0010779311731422409,0.12491231536537944,0.20371787730206053,249.23870710042095
1966-07,0.016967294835725892,0.1341079550561786,-0.0027386826205479387,0.11941967903923807,0.2155285898745202,16.14095026380658
1966-08,0.15253589386096558,0.27030037281042313,-0.04670930201745889,0.1341079550561786,0.16315312994652292,30.62184305291041
1966-09,-0.06518913562998552,0.23197847096874505,0.025126054972733736,0.27030037281042313,0.17954057872841844,38.543316658391646
1966-10,-0.05522870101515323,0.17682535981920414,0.024237040381283534,0.23197847096874505,0.20572580431966814,43.88486409382244
1966-11,-0.08924232978952651,0.08942432534326789,0.03796852762246736,0.17682535981920414,0.24387847839757867,42.545424029173375
1966-12,-0.011305382101983417,0.0761534953571263,0.022053214580949915,0.08942432534326789,0.35791106072662054,195.06828147879136
1967-01,0.09011973629809963,0.17692713726762657,-0.04599151330444648,0.0761534953571263,0.31279734769597545,51.03378593154661
1967-02,-0.015182123597886607,0.15959834298033743,0.0020195365827729433,0.17692713726762657,0.1443686033798678,13.302069172023263
1967-03,0.016597888116868423,0.18674600917003709,-0.0158332197469985,0.15959834298033743,0.14651831258873965,95.39297792293954
1967-04,-0.006303420786954436,0.18124607153500924,0.0005538365881670171,0.18674600917003709,0.1741611596761208,8.78628615930635
1967-05,-0.042554892276416637,0.1369192102803098,0.02524232634339421,0.18124607153500924,0.33206259183689857,59.317096091870916
1967-06,0.0175312586856938,0.1594888078382673,-0.0019211773059707726,0.1369192102803098,0.32685309452924977,10.958581699205254
1967-07,-0.01529882859780092,0.1475270730015004,0.010637927431500521,0.1594888078382673,0.3302423248751379,69.53426115924741
1967-08,-0.010250064169133793,0.14250028900571016,0.008316134137891229,0.1475270730015004,0.33470472693071923,81.1325080572057
1967-09,0.0012175946217059808,0.14246288409711666,-0.00031868886221805837,0.14250028900571016,0.36152604435153085,26.17364240419698
1967-10,0.004176279512908193,0.14285639129171135,0.002910551454484017,0.14246288409711666,0.3711601932915007,-69.69244863730938
1967-11,0.05147549526247178,0.19288439788197878,-0.015789932940001083,0.14285639129171135,0.33252590151447925,30.674659582173536
1967-12,0.016823832107651787,0.2125141901608107,-0.0025374225805434025,0.19288439788197878,0.3977205939684765,15.08231040530496
1968-01,-0.018436920171608764,0.19206042705586854,0.004617606223591003,0.2125141901608107,0.4131670724822354,25.045431561295747
1968-02,-0.014112273635487532,0.17767400393480978,0.005631875952562676,0.19206042705586854,0.4271015830133309,39.90764421120944
1968-03,0.015014611033320704,0.19300067163921017,-0.006792514666597055,0.17767400393480978,0.4295459701989799,45.239364852828885
1968-04,0.05235553950360462,0.24261310999397845,0.0033053569259984816,0.19300067163921017,0.4137812924035303,-6.313289782394299
1968-05,-0.028798042236459653,0.2124745663266319,0.02129645066558669,0.24261310999397845,0.43413954395165366,73.95103629171153
1968-06,0.021488504369804318,0.25644833787854154,-0.006757194262020039,0.2124745663266319,0.4309972733800354,31.4456238821128
1968-07,-0.02311081361642621,0.23556222258998966,0.006899137985322268,0.25644833787854154,0.43899640881251106,29.852423630895654
1968-08,-0.024058857992876728,0.21466975298407553,0.010058114806066915,0.23556222258998966,0.4349792076799087,41.80628527357736
1968-09,-0.003436780771850431,0.21759654426888655,0.008087478208707172,0.21466975298407553,0.45226265258238396,235.32132962768856
1968-10,-0.012572867349212272,0.21068777017266344,0.013181905622375145,0.21759654426888655,0.44645221795672946,104.84406823238322
1968-11,-0.0065340529568515965,0.20688294597296134,0.008999232315373473,0.21068777017266344,0.4300041565014705,137.72818149471675
1968-12,-0.018218891872294904,0.18321140970013053,0.021089295505344052,0.20688294597296134,0.40207624014796606,115.75509450942027
1969-01,-0.016333158419357827,0.1641816586469278,0.0046430337612456685,0.18321140970013053,0.39608564430726223,28.427041739476493
1969-02,0.003523604165948685,0.16015792717006744,-0.0008221069482904075,0.1641816586469278,0.3862669903728061,23.33142173672808
1969-03,0.006595559155905761,0.1697977534186667,-0.0046929012877170995,0.16015792717006744,0.3796940417364283,71.15244025239325
1969-04,0.013922270897039637,0.16240655836722048,-0.0034765879369059727,0.1697977534186667,0.3723661767096771,24.971414237063993
1969-05,-0.019019905442297827,0.15309306422881508,0.01834885146969059,0.16240655836722048,0.38819779140173555,96.47183328727334
1969-06,0.049546881900103215,0.20371787730206053,-0.023368601937533068,0.15309306422881508,0.364833484315502,47.16462679659441
1969-07,0.014549395193007547,0.2155285898745202,-0.011959982302949396,0.20371787730206053,0.35309021379062017,82.20260804172378
1969-08,-0.005666157910538247,0.16315312994652292,0.0008119632101750152,0.2155285898745202,0.33838591795310263,14.330049091375995
1969-09,-0.008738606190838244,0.17954057872841844,0.012818290686073985,0.16315312994652292,0.3617390091110204,146.68575750115593
1969-10,0.0019481852099660496,0.20572580431966814,-0.0005181018965225992,0.17954057872841844,0.3605406352797358,26.594078112913504
1969-11,0.00018414645544329034,0.24387847839757867,0.0005782894227061852,0.20572580431966814,0.37384033658292565,-314.03777027045464
1969-12,0.09197936774809182,0.35791106072662054,-0.058857069118153804,0.24387847839757867,0.30872198954720287,63.98942562787386
1970-01,0.0008778002738014934,0.31279734769597545,-0.005508657310338477,0.35791106072662054,0.302296341287921,627.5524711882479
1970-02,-0.17044828089888053,0.1443686033798678,0.09956843560278719,0.31279734769597545,0.4193874540311165,58.4156291150022
1970-03,0.017982928955870336,0.14651831258873965,-0.002101226198953726,0.1443686033798678,0.42030513670920694,11.684560418995613
1970-04,0.027089010499214194,0.1741611596761208,-0.023029731603863957,0.14651831258873965,0.3917486702421136,85.01503443446931
1970-05,0.13265910581738347,0.33206259183689857,-0.14498043925843623,0.1741611596761208,0.2663080991295785,109.28796660065998
1970-06,-0.00328832000167803,0.32685309452924977,0.0047517390719186425,0.33206259183689857,0.2759840876915295,144.50354799696592
1970-07,-0.007248697085612349,0.3302423248751379,0.021541286616596045,0.32685309452924977,0.2932087139711908,297.1746006513707
1970-08,-0.0038537320823098797,0.33470472693071923,0.008089944079946038,0.3302423248751379,0.3225393405193023,209.9249223131522
1970-09,0.02714000628302951,0.36152604435153085,-0.015142537130663714,0.33470472693071923,0.3114756111588868,55.794154845617165
1970-10,0.006723597485486038,0.3711601932915007,-0.0020745557268467274,0.36152604435153085,0.33647772491513533,30.854847145817224
1970-11,-0.022844358837020462,0.33252590151447925,0.03583688910279606,0.3711601932915007,0.3232807459900841,156.87412966355848
1970-12,0.06773211503454052,0.3977205939684765,-0.09091163617801659,0.33252590151447925,0.21275156359652195,134.22234951862274
1971-01,0.010828872290167907,0.4131670724822354,-0.020707934702901595,0.3977205939684765,0.17585708540422015,191.2289123744067
1971-02,0.008302634578532947,0.4271015830133309,-0.020638440800648708,0.4131670724822354,0.14647995201484262,248.5770101698907
1971-03,0.009236901852245988,0.4295459701989799,-0.04438144261422035,0.4271015830133309,0.058276840507657544,480.4797466092901
1971-04,-0.01907003472144808,0.4137812924035303,0.01764397310060008,0.4295459701989799,0.12283754797428098,92.521976799318
1971-05,-0.000938199117463373,0.43413954395165366,-0.013655671306113906,0.4137812924035303,0.11020357905575005,-1455.5195215952672
1971-06,0.003614923690401617,0.4309972733800354,-0.007061094812655516,0.43413954395165366,0.10462458363027584,195.3317806238679
1971-07,0.0010999974471535001,0.43899640881251106,-0.0007673672632364306,0.4309972733800354,0.18930306309675535,69.76082219301257
1971-08,-0.014075315938669036,0.4349792076799087,0.012629100705166277,0.43899640881251106,0.22118017472260332,89.72516681114361
1971-09,0.009195966693767682,0.45226265258238396,-0.03935149285962425,0.4349792076799087,0.14177081817421558,427.9212199223564
1971-10,-0.01899234024802926,0.44645221795672946,0.02053954213752511,0.45226265258238396,0.18364175281722792,108.1464520395605
1971-11,-0.025447293770632595,0.4300041565014705,0.034448014778159924,0.44645221795672946,0.25550007715969447,135.37005187527876
1971-12,-0.04901721185884855,0.40207624014796606,0.041686478154794676,0.4300041565014705,0.2107356862365584,85.04457225114379
1972-01,-0.010633629601949385,0.39608564430726223,0.0022612177961505303,0.40207624014796606,0.19119206643628783,21.264778639045296
1972-02,-0.008996546986165782,0.3862669903728061,0.012506852853662806,0.39608564430726223,0.24600100001683717,139.01836863515425
1972-03,-0.0018800473486606517,0.3796940417364283,-0.0028167542528716727,0.3862669903728061,0.17934649437254843,-149.82358050068964
1972-04,-0.0038512770898451176,0.3723661767096771,0.005072512642775917,0.3796940417364283,0.1482824199520433,131.70988543387077
1972-05,-0.0025172367776322424,0.38819779140173555,0.002701509535185345,0.3723661767096771,0.19159084836571194,107.32043799735172
1972-06,4.294851299352365e-06,0.364833484315502,-0.0007109860297633552,0.38819779140173555,0.20741195604480273,16554.380587532036
1972-07,0.00021671177806756314,0.35309021379062017,0.000708492577828429,0.364833484315502,0.20514614540493126,-326.92850575364014
1972-08,-0.015516259047692382,0.33838591795310263,0.009118506556819311,0.35309021379062017,0.2526189718567236,58.76742924175038
1972-09,0.010534800471843686,0.3617390091110204,0.0002331876316012671,0.33838591795310263,0.2520130621950147,-2.213498321344639
1972-10,-0.0006802719347621944,0.3605406352797358,-0.0007949720302078411,0.3617390091110204,0.28581369501717213,-116.8609183452119
1972-11,0.012721411880483952,0.37384033658292565,-0.02678830017055356,0.3605406352797358,0.2652325183860838,210.576470774048
1972-12,-0.006261277917569086,0.30872198954720287,0.004899446552400766,0.37384033658292565,0.2664898137439452,78.24994540895503
1973-01,-0.000916990948943236,0.302296341287921,0.0032962760426921978,0.30872198954720287,0.32455538071230916,359.4665843202609
1973-02,0.017522677140408033,0.4193874540311165,-0.009591084111765152,0.302296341287921,0.31064674696073913,54.735266962419274
1973-03,0.0030189088770441186,0.42030513670920694,-0.0014013456318005546,0.4193874540311165,0.3099138787399578,46.41894435623521
1973-04,-0.005526734863229132,0.3917486702421136,0.003587511292415413,0.42030513670920694,0.3140677434898224,64.91194857716262
1973-05,0.019539868145901043,0.2663080991295785,-0.008211485822977871,0.3917486702421136,0.30206345265994344,42.02426424612506
1973-06,0.0049242494900323674,0.2759840876915295,-0.0009730261845581067,0.2663080991295785,0.30157994975827657,19.75988800989267
1973-07,-0.0043166603369346745,0.2932087139711908,0.009064249350897918,0.2759840876915295,0.31264490450786614,209.98291835337173
1973-08,0.02124068246816549,0.3225393405193023,-0.0067110753098924,0.2932087139711908,0.30329630649351164,31.595384564270176
1973-09,0.00407880777024805,0.3114756111588868,-0.0023186117418869945,0.3225393405193023,0.30667346369367393,56.84533011826615
1973-10,0.027076669483095506,0.33647772491513533,-0.020984719215222852,0.3114756111588868,0.2620983391910494,77.50110931598888
1973-11,-0.0490338680278474,0.3232807459900841,0.021425629257345924,0.33647772491513533,0.2791409821971312,43.69557230357157
1973-12,-0.019617546215545567,0.21275156359652195,0.0066613423150693185,0.3232807459900841,0.3042541666355705,33.95604242181246
1974-01,-0.016186543489400115,0.17585708540422015,0.013611066271449063,0.21275156359652195,0.31773703158290983,84.08877584249149
1974-02,-0.008738692588728822,0.14647995201484262,0.00448635610179457,0.17585708540422015,0.33172409074410264,51.33898528003008
1974-03,-0.04382166889296464,0.058276840507657544,0.03657333687187933,0.14647995201484262,0.3689101635627741,83.45947974097126
1974-04,0.04691673436602334,0.12283754797428098,-0.02903777681725439,0.058276840507657544,0.33404497320417564,61.89215257548547
1974-05,0.0010217023875829928,0.11020357905575005,-0.004332340785601518,0.12283754797428098,0.33034283585189944,424.0315808452197
1974-06,0.0014820993871812876,0.10462458363027584,0.0003672516187957775,0.11020357905575005,0.3284848190978053,-24.77914922387428
1974-07,0.08544584672971595,0.18930306309675535,-0.0635535260219427,0.10462458363027584,0.26378548996522366,74.37871874917046
1974-08,0.019248010920681638,0.22118017472260332,-0.028207783817754337,0.18930306309675535,0.24227722275325136,146.5490846508487
1974-09,-0.04005786368876346,0.14177081817421558,0.02248198272338392,0.22118017472260332,0.26010789180416305,56.123768601495065
1974-10,0.021331392505487143,0.18364175281722792,-0.003087129081064982,0.14177081817421558,0.2755223228425357,14.47223419788872
1974-11,0.03741030956430663,0.25550007715969447,-0.013667062393081297,0.18364175281722792,0.26199606440243084,36.532877039117345
1974-12,-0.08645086907793068,0.2107356862365584,0.09416614541627469,0.25550007715969447,0.3598057307382192,108.9244635949109
1975-01,-0.021804837596421114,0.19119206643628783,0.044403325886071515,0.2107356862365584,0.4319738247692056,203.63979181096744
1975-02,0.04230208072688656,0.24600100001683717,0.008514783671272036,0.19119206643628783,0.44209473784250497,-20.1285221080394
1975-03,-0.06383775139141701,0.17934649437254843,0.10047556014238784,0.24600100001683717,0.5423511975433265,157.39207279769067
1975-04,-0.0361365870632811,0.1482824199520433,0.07392769045473108,0.17934649437254843,0.5765247162484595,204.5785074425306
1975-05,0.040606918878483264,0.19159084836571194,-0.017194702039853516,0.1482824199520433,0.4840921381444314,42.344266727817704
1975-06,0.016532093708854223,0.20741195604480273,-0.012617334555549309,0.19159084836571194,0.46947363704388934,76.32024580644462
1975-07,-0.0029743032176999806,0.20514614540493126,0.00565044586218999,0.20741195604480273,0.4750709449020378,189.97544798271986
1975-08,0.03835431989497298,0.2526189718567236,-0.06863104795846342,0.20514614540493126,0.44858140451858364,178.93955138925236
1975-09,-0.0008390972933101926,0.2520130621950147,0.00040569512261307006,0.2526189718567236,0.44882212420715784,48.34899669532066
1975-10,0.03459560485236546,0.28581369501717213,-0.0389687413611898,0.2520130621950147,0.4328284484073355,112.64072857661088
1975-11,0.006207123539465065,0.2652325183860838,-0.0046516036889175105,0.28581369501717213,0.44387104146780937,74.93976331133872
1975-12,-0.0036421511945394225,0.2664898137439452,0.010754448969834629,0.2652325183860838,0.4372737918855067,295.27738952623605
1976-01,0.05476929092567187,0.32455538071230916,-0.08379827630344777,0.2664898137439452,0.33576593215917333,153.00230272685386
1976-02,-0.004317549639804935,0.31064674696073913,0.013711948190130718,0.32455538071230916,0.3427102303521865,317.5863472122168
1976-03,0.0006684774110191083,0.3099138787399578,-0.001005241354728209,0.31064674696073913,0.3428424072513118,150.3777596905925
1976-04,0.0005663534574492646,0.3140677434898224,-0.001362754353071871,0.3099138787399578,0.33836895749679374,240.61905778935767
1976-05,-0.0037928050069010455,0.30206345265994344,0.0019353494437252816,0.3140677434898224,0.33847486665308935,51.02686376451978
1976-06,0.0004895232828911744,0.30157994975827657,-0.0012245367453958544,0.30206345265994344,0.357636264925502,250.14882605044147
1976-07,0.0020007053986916545,0.31264490450786614,-0.004015076668660744,0.30157994975827657,0.3529807592276153,200.68305265164835
1976-08,-0.002637522704461992,0.30329630649351164,0.007866729361214214,0.31264490450786614,0.3372296752978169,298.2620527931678
1976-09,0.005695768942049068,0.30667346369367393,-0.01590486507340405,0.30329630649351164,0.2975596549090202,279.2399978866108
1976-10,-0.0235904052874015,0.2620983391910494,0.06525443542486542,0.30667346369367393,0.4280500943968652,276.61430412013596
1976-11,-0.004382986251264209,0.2791409821971312,0.014333168845336253,0.2620983391910494,0.4443017668284397,327.0183391791853
1976-12,0.018451842123369977,0.3042541666355705,-0.03599182692844102,0.2791409821971312,0.4461445635012193,195.05817732342277
1977-01,-0.00012820132410965024,0.31773703158290983,-0.003303116421858876,0.3042541666355705,0.39432751858901094,-2576.507259030905
1977-02,0.009500703059398236,0.33172409074410264,-0.0071541002078588795,0.31773703158290983,0.11084361239804569,75.30074525149945
1977-03,0.0006127359467920368,0.3689101635627741,0.0012310482016115176,0.33172409074410264,0.1274883614325948,-200.91006706178064
1977-04,-0.00582741354134414,0.33404497320417564,0.010749173902131648,0.3689101635627741,0.05620293278774474,184.4587453055934
1977-05,0.0006302034333253714,0.33034283585189944,-0.00024354908971125494,0.33404497320417564,0.1625774331510767,38.646106452662174
1977-06,-0.0022252683728899714,0.3284848190978053,0.00031843512687072806,0.33034283585189944,0.20605251741280922,14.309965069838933
1977-07,-0.0011458031106387767,0.26378548996522366,5.9993251212267507e-05,0.3284848190978053,0.17390917400454184,5.235912754576283
1977-08,0.006699516605781955,0.24227722275325136,0.0011637889766260429,0.26378548996522366,0.1397181978741373,-17.371238032631275
1977-09,-0.004651313672472263,0.26010789180416305,0.007096199609219117,0.24227722275325136,0.13889454902969373,152.56334250722227
1977-10,0.018501560119437738,0.2755223228425357,-0.004627834379969609,0.26010789180416305,0.130901210446411,25.013211589154615
1977-11,0.00014080395297627613,0.26199606440243084,0.00030165867016509335,0.2755223228425357,0.09123705432043204,-214.2401997875155
1977-12,0.0036435209195135043,0.3598057307382192,-3.9824963907780786e-05,0.26199606440243084,0.08886496277474759,1.0930351379208865
1978-01,0.02776476814491488,0.4319738247692056,-0.013130048201354633,0.3598057307382192,0.06450401076292041,47.290321794959425
1978-02,0.0016061294020273953,0.44209473784250497,0.0016695095904205454,0.4319738247692056,0.09222497444271567,-103.94614458294245
1978-03,-0.00021910044156647768,0.5423511975433265,0.002254755842770316,0.44209473784250497,0.10326295389432956,1029.0968957660436
1978-04,-0.039754171749598444,0.5765247162484595,0.0017476248895531357,0.5423511975433265,0.10580455182672041,4.3960792355604505
1978-05,-0.07523787606417409,0.4840921381444314,0.008728497030591177,0.5765247162484595,0.12129310352355835,11.601200734515967
1978-06,-0.0020011665449928273,0.46947363704388934,-1.450160354436042e-05,0.4840921381444314,0.11236032910781714,-0.7246575044263693
1978-07,-5.313800404160851e-05,0.4750709449020378,-0.0014746228473881892,0.46947363704388934,0.13393549422394457,-2775.081364052589
1978-08,0.04214150757500923,0.44858140451858364,-0.029535853052822705,0.4750709449020378,0.10569460191533178,70.08731949195398
1978-09,-0.00016497543403876103,0.44882212420715784,0.0012326536612196973,0.44858140451858364,0.10855672093013667,747.174067703974
1978-10,0.02297506556136722,0.4328284484073355,-0.0038636156984834177,0.44882212420715784,0.10820581162547131,16.816560057961805
1978-11,0.015694196749391626,0.44387104146780937,-0.0008788031154709774,0.4328284484073355,0.13776658394635535,5.599541852978513
1978-12,-0.017351698552137362,0.4372737918855067,0.0014155793391066873,0.44387104146780937,0.13911396117886807,8.15816004901905
1979-01,-0.017709583422885533,0.33576593215917333,0.0018460799425002866,0.4372737918855067,0.17704998125664376,10.424186150616372
1979-02,-0.006767649997117431,0.3427102303521865,0.0033129013111231204,0.33576593215917333,0.16705537862120937,48.952018980505734
1979-03,0.0011374182538534672,0.3428424072513118,-0.00086000107802707,0.3427102303521865,0.132404267142917,75.60992406385834
1979-04,-0.0031106954014462618,0.33836895749679374,6.695930637722058e-05,0.3428424072513118,0.13690367599073447,2.1525510452128827
1979-05,-0.001829440287429679,0.33847486665308935,0.0010751723321424378,0.33836895749679374,0.13595602194146705,58.77056165921818
1979-06,0.020385935017808554,0.357636264925502,-0.007017079616951735,0.33847486665308935,0.15451278741277344,34.421181127192945
1979-07,-0.0006404290292258974,0.3529807592276153,-0.00025333105747672724,0.357636264925502,0.15067035321543149,-39.55646073428852
1979-08,-0.023617813291012618,0.3372296752978169,0.003914546250696482,0.3529807592276153,0.152019730603734,16.574549906303563
1979-09,-0.02376515531539264,0.2975596549090202,0.0030600912485870962,0.3372296752978169,0.22233111143283418,12.876378075278481
1979-10,0.06523600406297952,0.4280500943968652,-0.03086268502783933,0.2975596549090202,0.27369499104663336,47.30928184694477
1979-11,0.0019185035862382405,0.4443017668284397,-0.00399277935736031,0.4280500943968652,0.2766773529294177,208.119462793878
1979-12,0.037834623601220724,0.4461445635012193,-0.0041160555040997415,0.4443017668284397,0.272536295196859,10.879070841256997
1980-01,-0.04851392849034952,0.39432751858901094,0.011289258461547047,0.4461445635012193,0.28325448390638425,23.270138726845687
1980-02,-0.276329805983106,0.11084361239804569,0.07542109246774159,0.39432751858901094,0.35444589901884316,27.293867992058956
1980-03,0.015413700832937596,0.1274883614325948,-0.009288555448724506,0.11084361239804569,0.34642147573869314,60.261682443425634
1980-04,-0.08203460254698167,0.05620293278774474,0.05919984864232883,0.1274883614325948,0.4042434281003519,72.16448523466028
1980-05,0.10661804945304307,0.1625774331510767,-0.02175232213638817,0.05620293278774474,0.3789172373560721,20.40210100257778
1980-06,0.043156649134861794,0.20605251741280922,-0.014156670753416117,0.1625774331510767,0.3601171663274725,32.8029887333871
1980-07,-0.032203336659479595,0.17390917400454184,0.030435598844805983,0.20605251741280922,0.39115552659871344,94.51069982789113
1980-08,-0.03535476510703055,0.1397181978741373,0.03897744287839641,0.17390917400454184,0.4426119793955133,110.24664641498487
1980-09,-0.007919848453662698,0.13889454902969373,0.013031542843583821,0.1397181978741373,0.45813082155424795,164.54283083607635
1980-10,-0.00336550420331308,0.130901210446411,0.010269893227784821,0.13889454902969373,0.4674462598832998,305.1516981519411
1980-11,-0.03996581479614408,0.09123705432043204,0.06708285110747136,0.130901210446411,0.5368239262910504,167.85057792427028
1980-12,-0.0023322665817767096,0.08886496277474759,-0.0020931519547682798,0.09123705432043204,0.5360897271470115,-89.74754306061044
1981-01,-0.011230903810472481,0.06450401076292041,0.00523896731043777,0.08886496277474759,0.5416228600090138,46.64778007939655
1981-02,0.02605145408937473,0.09222497444271567,-0.01609770483337164,0.06450401076292041,0.5228788701305923,61.7919628522279
1981-03,0.008783223608843461,0.10326295389432956,0.0032970801871190503,0.09222497444271567,0.5234424261049742,-37.53838378655597
1981-04,0.0007939730428377853,0.10580455182672041,0.0097160224449363,0.10326295389432956,0.5322793472000963,-1223.721955371394
1981-05,0.006760054666246719,0.12129310352355835,-0.006337801265747789,0.10580455182672041,0.5234789983570411,93.7536984337233
1981-06,-0.008918272812196766,0.11236032910781714,0.009112379862509068,0.12129310352355835,0.5333626300058358,102.17650944751138
1981-07,0.023049787963515457,0.13393549422394457,-0.011243065366340455,0.11236032910781714,0.5150837861977667,48.777304954547226
1981-08,0.0012949607442099553,0.10569460191533178,0.0074887336724066,0.13393549422394457,0.5446875028636459,-578.2981226180268
1981-09,0.0016294653535852618,0.10855672093013667,0.0030546207093403166,0.10569460191533178,0.547485497714687,-187.46153163792835
1981-10,0.0035127063938180172,0.10820581162547131,-0.00012567165268256852,0.10855672093013667,0.536567821243681,3.577630424897937
1981-11,0.030439575436355032,0.13776658394635535,0.04089358358559486,0.10820581162547131,0.568308180072072,-134.3434755556881
1981-12,-6.820210659402859e-05,0.13911396117886807,0.0037486499339674517,0.13776658394635535,0.5697035270395758,5496.384380443263
1982-01,0.03608994013527532,0.17704998125664376,-0.038632878687216154,0.13911396117886807,0.526781623792346,107.04611463030744
1982-02,-0.013307503946557456,0.16705537862120937,0.012960613729009529,0.17704998125664376,0.5122261299270293,97.39327360757488
1982-03,-0.033791110400265265,0.132404267142917,0.059315396415381805,0.16705537862120937,0.578256450072537,175.5355053822563
1982-04,0.004432449541440328,0.13690367599073447,0.011900048441934374,0.132404267142917,0.5795990768159609,-268.47566634830645
1982-05,-0.0020228263814098812,0.13595602194146705,0.005920329789547429,0.13690367599073447,0.583399293411508,292.6761210925598
1982-06,0.025573845088258065,0.15451278741277344,-0.03585097148002253,0.13595602194146705,0.5398542314825265,140.1860821331208
1982-07,-0.0035891031398651713,0.15067035321543149,0.01229119366962722,0.15451278741277344,0.5475701166934404,342.4586363402461
1982-08,-0.002565168862393996,0.152019730603734,0.04319364688195054,0.15067035321543149,0.5891086523471206,1683.851987881967
1982-09,0.06725128958051309,0.22233111143283418,-0.035432373738963296,0.152019730603734,0.5520392969508979,52.68653428057129
1982-10,0.08222656464163845,0.27369499104663336,-0.13340691564208218,0.22233111143283418,0.41846934181975276,162.24308558128266
1982-11,0.006975141240144589,0.2766773529294177,-0.018226760557239124,0.27369499104663336,0.43750804925901376,261.31027214670854
1982-12,-2.5002228458775866e-05,0.272536295196859,-3.526741014353574e-05,0.2766773529294177,0.4679884638796429,-141.0570669797906
1983-01,-0.0005710697520218688,0.28325448390638425,0.002912827157645209,0.272536295196859,0.4703532282949228,510.065039749061
1983-02,-0.004229677355282846,0.35444589901884316,0.012190834768327052,0.28325448390638425,0.5097559749386217,288.2213876928641
1983-03,0.0012641321685745444,0.34642147573869314,-0.0024117721667074044,0.35444589901884316,0.5530096387048353,190.7848108498779
1983-04,-0.0013778962806700046,0.4042434281003519,0.005433407400936896,0.34642147573869314,0.5601141488445307,394.326298514638
1983-05,-0.003573868607891717,0.3789172373560721,0.013912825814712981,0.4042434281003519,0.569117086844687,389.29315375475943
1983-06,-0.004643400275183424,0.3601171663274725,0.020317135710327783,0.3789172373560721,0.5743950665784474,437.54866059926775
1983-07,0.0006027614264348113,0.39115552659871344,0.009298159231644565,0.3601171663274725,0.5313803664857696,-1542.5936073316664
1983-08,0.012479009918403366,0.4426119793955133,-0.02673527356721417,0.39115552659871344,0.5034369922858004,214.24194501028833
1983-09,0.0024872993151508482,0.45813082155424795,-0.0002922276513450117,0.4426119793955133,0.5272971047111774,11.748793141419286
1983-10,-0.0009544548987328594,0.4674462598832998,0.0003460899566069542,0.45813082155424795,0.53002614408693,36.26048303240158
1983-11,0.0022948153002792515,0.5368239262910504,-0.007544367585419154,0.4674462598832998,0.5206251235512787,328.7570718436946
1983-12,0.0013589528107293414,0.5360897271470115,-0.004925973322705446,0.5368239262910504,0.5155637699888891,362.4830298604487
1984-01,0.00029416555156452917,0.5416228600090138,9.139231378568757e-05,0.5360897271470115,0.47635446637058043,-31.06832642354434
1984-02,-0.0026462850450499897,0.5228788701305923,-0.011359406303089181,0.5416228600090138,0.40158194897790167,-429.2586062993299
1984-03,-0.002733524212737204,0.5234424261049742,-0.00905119542635291,0.5228788701305923,0.37718359768462273,-331.11817280336174
1984-04,-0.0008791013498139488,0.5322793472000963,-0.008124175080986396,0.5234424261049742,0.39924514595058563,-924.1454449712514
1984-05,-0.0024625475773075722,0.5234789983570411,-0.018303983600179596,0.5322793472000963,0.3924365273283814,-743.2946176898749
1984-06,0.0007712517862856205,0.5333626300058358,-0.009329565978887955,0.5234789983570411,0.38371704365325493,1209.665396539244
1984-07,-0.007035778441728424,0.5150837861977667,0.014157091624992874,0.5333626300058358,0.39185726180173724,201.21571112911585
1984-08,0.02211498299347231,0.5446875028636459,-0.052210085893329955,0.5150837861977667,0.2742948157803569,236.08467575462674
1984-09,-0.00025662585829905327,0.547485497714687,0.003471648836799762,0.5446875028636459,0.3484184177669224,1352.8055433736351
1984-10,-0.010792004818323597,0.536567821243681,0.02075594928922808,0.547485497714687,0.33303021237041674,192.32709435031794
1984-11,-0.00915322475720376,0.568308180072072,0.009172339473427465,0.536567821243681,0.14571677845956643,100.20883040382749
1984-12,-0.0023533029664635774,0.5697035270395758,0.0013609778563258568,0.568308180072072,0.15491515900867625,57.832666499845715
1985-01,-0.004289024560013621,0.526781623792346,-0.002310062015787359,0.5697035270395758,0.1621881880533379,-53.859845833571605
1985-02,-0.027516107594326378,0.5122261299270293,0.014815546504993643,0.526781623792346,0.1862647324361181,53.84317696173168
1985-03,0.006714923730125777,0.578256450072537,-0.008834177054738948,0.5122261299270293,0.16818532632866282,131.56034840880426
1985-04,-0.010557421698510261,0.5795990768159609,0.004202594610303326,0.578256450072537,0.1854061780525538,39.80701662126792
1985-05,-0.0021201131940006834,0.583399293411508,-0.006670047904665119,0.5795990768159609,0.19830585884447788,-314.6081031682391
1985-06,-0.007694090448958912,0.5398542314825265,-0.004628762095052044,0.583399293411508,0.20033706536219315,-60.1599646606489
1985-07,-0.004575308458713401,0.5475701166934404,0.0028829138603737037,0.5398542314825265,0.20689797237935462,63.010262289165816
1985-08,-0.0016551112282703895,0.5891086523471206,3.3539264753662534e-06,0.5475701166934404,0.21562396457626418,0.20264054874856632
1985-09,-0.0016369816572593954,0.5520392969508979,-0.0009272120774254378,0.5891086523471206,0.21566084244514966,-56.641567931662664
1985-10,-0.00016303948906282173,0.41846934181975276,0.000163724335455237,0.5520392969508979,0.22013941936942721,100.42004939806417
1985-11,0.03726546799650007,0.43750804925901376,-0.028424353546598294,0.41846934181975276,0.19973291028665274,76.27531619693566
1985-12,0.030515682030772373,0.4679884638796429,-0.02860910131052473,0.43750804925901376,0.16756967848355694,93.75212810801663
1986-01,-0.0005480627423651574,0.4703532282949228,0.0007142830071534684,0.4679884638796429,0.16854419665316667,130.32869267321286
1986-02,0.02721191187537164,0.5097559749386217,-0.03364602071061709,0.4703532282949228,0.13191298602324894,123.64445712125318
1986-03,0.04566543593292116,0.5530096387048353,-0.08403462149826735,0.5097559749386217,0.05107547333974996,184.0223788112029
1986-04,0.0016711027387582567,0.5601141488445307,-0.01765555825920572,0.5530096387048353,0.0453619271435176,1056.5214124611516
1986-05,-0.0049098878145567015,0.569117086844687,-0.0037381646118646826,0.5601141488445307,0.06381433159844009,-76.13543838581961
1986-06,-0.015039155976567353,0.5743950665784474,0.0036475487818771538,0.569117086844687,0.09182393538385966,24.253680110509077
1986-07,-0.05231285932432239,0.5313803664857696,0.038206411310837456,0.5743950665784474,0.13771362265512757,73.03445425143055
1986-08,-0.0012081006327548938,0.5034369922858004,-0.002472230900317632,0.5313803664857696,0.12862183346759296,-204.63782844646616
1986-09,0.024152340076722123,0.5272971047111774,-0.0203766032077098,0.5034369922858004,0.1093352927619478,84.36699360385641
1986-10,0.0023829494191455747,0.53002614408693,0.0009921424928914513,0.5272971047111774,0.10490536472406976,-41.63506304079219
1986-11,-0.0018566529502323514,0.5206251235512787,-0.00795900850237028,0.53002614408693,0.08568961004790639,-428.67507906495115
1986-12,-0.00013538023968390211,0.5155637699888891,-0.0010338740753784922,0.5206251235512787,0.08571478991725233,-763.6816700815967
1987-01,-0.03930069593209429,0.47635446637058043,-0.0021109704063313472,0.5155637699888891,0.10665447241659269,-5.371330853730396
1987-02,-0.06341311108958969,0.40158194897790167,0.023149737070758743,0.47635446637058043,0.1447405635310916,36.50623139756213
1987-03,-0.015347155866925921,0.37718359768462273,0.00023748100757359225,0.40158194897790167,0.14080660181759297,1.5473942509789624
1987-04,0.030185723346949467,0.39924514595058563,-0.016238893389866463,0.37718359768462273,0.1261924792110338,53.79660180151868
1987-05,0.011495364977975264,0.3924365273283814,-0.001995666747855687,0.39924514595058563,0.1261978985192591,17.360621012723982
1987-06,0.0006100823037615277,0.38371704365325493,-0.01647283439670471,0.3924365273283814,0.1233588397368124,2700.100346320437
1987-07,-0.006016873476510559,0.39185726180173724,0.0037108729221373843,0.38371704365325493,0.12691282517784308,61.67443833785711
1987-08,-0.06535236012805032,0.2742948157803569,0.052686806907925945,0.39185726180173724,0.2245861140171489,80.6195932399263
1987-09,0.07065195314976572,0.3484184177669224,-0.0353444461546657,0.2742948157803569,0.2017995803510161,50.02614164076071
1987-10,-0.036144154685733454,0.33303021237041674,-0.009216872057476871,0.3484184177669224,0.17863630552267923,-25.500311565219384
1987-11,-0.19648577338427758,0.14571677845956643,0.3985271910746966,0.33303021237041674,0.5884699842090585,202.82750461290445
1987-12,0.007837402692784073,0.15491515900867625,-0.005108021662182105,0.14571677845956643,0.599072421473599,65.17492927708156
1988-01,0.009583091060448981,0.1621881880533379,-0.01432617086288801,0.15491515900867625,0.5842277564776904,149.4942578810976
1988-02,0.009260997877786475,0.1862647324361181,-0.002951158529755027,0.1621881880533379,0.5756153012645491,31.866528517771354
1988-03,-0.009245229052716228,0.16818532632866282,0.01907446091748266,0.1862647324361181,0.5633477383460813,206.31680198208423
1988-04,0.013018257113587603,0.1854061780525538,-0.005678098617890037,0.16818532632866282,0.558384734652065,43.61642705584306
1988-05,0.019569728696589253,0.19830585884447788,-0.019517040955352616,0.1854061780525538,0.5402603728460101,99.73076917900339
1988-06,0.006659968612767228,0.20033706536219315,-0.008575662313995702,0.19830585884447788,0.5311244978776891,128.76430524846722
1988-07,0.0036779931567877677,0.20689797237935462,-0.004109716855687895,0.20033706536219315,0.5270847173736936,111.73802344094571
1988-08,0.008722638270434194,0.21562396457626418,-0.0124576427801667,0.20689797237935462,0.5132636728304256,142.8196652656397
1988-09,0.0009640899463109198,0.21566084244514966,0.0036974042176416144,0.21562396457626418,0.49456887100982966,-383.5123716194421
1988-10,0.0043148525888222905,0.22013941936942721,-0.00719112886035933,0.21566084244514966,0.48231242603428515,166.65989653941108
1988-11,0.00801784446382385,0.19973291028665274,-0.013104862406148832,0.22013941936942721,0.46442123467003504,163.44620384290783
1988-12,-0.00355413049257107,0.16756967848355694,0.01327558285823155,0.19973291028665274,0.46245324106517993,373.5254765119203
1989-01,0.0002602351624563376,0.16854419665316667,0.005491427911093749,0.16756967848355694,0.44383786439133005,-2110.1790623759784
1989-02,-0.002985189919300718,0.13191298602324894,0.013190614832238934,0.16854419665316667,0.4637881724793618,441.8685306068848
1989-03,0.003197108814768479,0.05107547333974996,-0.004265999020661604,0.13191298602324894,0.4699103862876538,133.43302551841762
1989-04,0.01194201206297335,0.0453619271435176,-0.006288791715671982,0.05107547333974996,0.4629402925210027,52.66107321370586
1989-05,0.022190569066787163,0.06381433159844009,-0.0163200890153877,0.0453619271435176,0.4473286368149796,73.54515770311693
1989-06,0.024362055003542375,0.09182393538385966,-0.007822080173941093,0.06381433159844009,0.42654826183673145,32.10763694936129
1989-07,0.0076832759604304815,0.13771362265512757,-0.00836760167240147,0.09182393538385966,0.4112942798936721,108.90669182644648
1989-08,-0.006619558287216984,0.12862183346759296,0.030371671389106403,0.13771362265512757,0.4360510601832317,458.81719098624876
1989-09,0.0010900625020645593,0.1093352927619478,0.0002509135385446726,0.12862183346759296,0.4320644788418761,-23.018270793596397
1989-10,-0.005422070530769443,0.10490536472406976,0.005671381549676141,0.1093352927619478,0.44724726302139156,104.59807775446474
1989-11,-0.011256746173793138,0.08568961004790639,0.017002896481902924,0.10490536472406976,0.4207670685184076,151.04628122012215
1989-12,0.0010590539447245598,0.08571478991725233,0.0018697429366787977,0.08568961004790639,0.42482160330259944,-176.54841342053479
1990-01,0.023050652905671626,0.10665447241659269,-0.02640107593951549,0.08571478991725233,0.39170511166199673,114.53504613320297
1990-02,0.014936354043740128,0.1447405635310916,-0.028136271105588806,0.10665447241659269,0.3611227868742338,188.3744253998907
1990-03,-0.004171442721072255,0.14080660181759297,0.01697161724428034,0.1447405635310916,0.3815352413841772,406.8524579888716
1990-04,0.0016247707833073471,0.1261924792110338,-0.001190977724783493,0.14080660181759297,0.3852988847755872,73.30127652585956
1990-05,0.002001086056081,0.1261978985192591,0.009028985610322116,0.1261924792110338,0.39266972747751366,-451.2042639487884
1990-06,0.013633775614257958,0.1233588397368124,-0.012079691790041897,0.1261978985192591,0.38060631180962945,88.60122193451072
1990-07,-0.0001568874811066906,0.12691282517784308,-0.0010724300769700545,0.1233588397368124,0.3758284241750119,-683.566381080944
1990-08,0.04498648193137979,0.2245861140171489,-0.08697288351178095,0.12691282517784308,0.2897701218872613,193.33115144332734
1990-09,0.01255791248853283,0.2017995803510161,-0.04234050441288706,0.2245861140171489,0.24306306825646756,337.1619642321126
1990-10,-0.013946402770859984,0.17863630552267923,0.025834002630148928,0.2017995803510161,0.26890357654442354,185.2377495086205
1990-11,0.011306487611681987,0.5884699842090585,-0.014915265767755342,0.17863630552267923,0.2683990979441053,131.91776509218238
1990-12,0.01571045892672268,0.599072421473599,-0.033096505972577364,0.5884699842090585,0.23681475886781542,210.6654307614268
1991-01,-0.0005184941330210746,0.5842277564776904,-0.004501025361297165,0.599072421473599,0.23042293515218387,-868.0957169315196
1991-02,-0.005661296683386108,0.5756153012645491,-0.047228836447016864,0.5842277564776904,0.20119177037419583,-834.240618154083
1991-03,-0.031342023835950195,0.5633477383460813,0.0608566054199335,0.5756153012645491,0.33539174987939846,194.16935466091132
1991-04,0.0007150949238737825,0.558384734652065,-0.00038077751253182135,0.5633477383460813,0.43078507032351243,53.24852684858805
1991-05,0.001392679149297582,0.5402603728460101,-0.0006939761795841659,0.558384734652065,0.41940846585927033,49.830298668159344
1991-06,-0.0005602126543252095,0.5311244978776891,-0.0009663996661868901,0.5402603728460101,0.41917719832056227,-172.50586160909614
1991-07,6.993635169233459e-05,0.5270847173736936,3.8065888473548526e-06,0.5311244978776891,0.4295998535143412,-5.442933117387757
1991-08,-0.0013634017631013462,0.5132636728304256,-0.025325661394844323,0.5270847173736936,0.4006995531176276,-1857.5347399607097
1991-09,-0.02239220603823741,0.49456887100982966,0.025462668822930246,0.5132636728304256,0.4203656011608686,113.71219423155381
1991-10,-0.005065316115185015,0.48231242603428515,0.00736946347397513,0.49456887100982966,0.43864825965559784,145.48871790810148
1991-11,-0.004786328958101549,0.46442123467003504,0.008970932450315355,0.48231242603428515,0.45511731889138046,187.42824675957058
1991-12,-0.015243576463086383,0.46245324106517993,0.008924644055991332,0.46442123467003504,0.43464845606928637,58.54691697583645
1992-01,-0.024106804584943742,0.44383786439133005,0.07268843295333172,0.46245324106517993,0.5061304126586298,301.5266195783175
1992-02,0.006759693255792842,0.4637881724793618,-0.012339809960011106,0.44383786439133005,0.5296945659200721,182.54985090390426
1992-03,0.010388212828953414,0.4699103862876538,-0.011120784147211793,0.4637881724793618,0.5363865848216279,107.05194753246295
1992-04,-0.000681302050978827,0.4629402925210027,0.0037807300549757006,0.4699103862876538,0.5440158488252329,554.9271500862097
1992-05,0.0007084333093644035,0.4473286368149796,-0.0017064506020645909,0.4629402925210027,0.5749062502757764,240.87667526469
1992-06,-0.012958294804307102,0.42654826183673145,0.03551844176549157,0.4473286368149796,0.6356612586115536,274.0981147742208
1992-07,-0.006886380270657633,0.4112942798936721,0.00048107212646414377,0.42654826183673145,0.5897834193855194,6.985848988240705
1992-08,-0.005614891099546937,0.4360510601832317,0.00997340356538201,0.4112942798936721,0.6003491408172004,177.62416738922613
1992-09,-0.004237494879900161,0.4320644788418761,0.013304816589517432,0.4360510601832317,0.631531841509632,313.9783519887322
1992-10,0.00951140262983921,0.44724726302139156,-0.006960295489158719,0.4320644788418761,0.6187488566619397,73.17843392858643
1992-11,-0.04348309098488687,0.4207670685184076,0.05229195258955788,0.44724726302139156,0.6722684998510347,120.25813116121998
1992-12,0.002184791847513079,0.42482160330259944,0.005123784481465665,0.4207670685184076,0.6839206785143349,-234.5204870339481
1993-01,-0.006715415701087163,0.39170511166199673,0.017369469410529637,0.42482160330259944,0.6958294534469092,258.65069540993096
1993-02,-0.002446053682174043,0.3611227868742338,0.006430947934833675,0.39170511166199673,0.5747382466195833,262.9111528377363
1993-03,0.003440837265662827,0.3815352413841772,-0.0026668771317651108,0.3611227868742338,0.5800610796452276,77.50663358533976
1993-04,0.004954621116193658,0.3852988847755872,0.01928661812585286,0.3815352413841772,0.6046011251429769,-389.2652469997469
1993-05,-0.0016581429083958321,0.39266972747751366,-0.0008367694325371877,0.3852988847755872,0.5819306798001042,-50.46425300860944
1993-06,1.6276122157959927e-05,0.38060631180962945,0.004627595274828922,0.39266972747751366,0.5845693006146422,-28431.804762326454
1993-07,-0.0037054575576476734,0.3758284241750119,0.019860223278999056,0.38060631180962945,0.5342198631455772,535.9722239432928
1993-08,0.0009145812240304307,0.2897701218872613,-0.0009882360505554244,0.3758284241750119,0.5450746394256822,108.05339368333053
1993-09,-0.004366549217906496,0.24306306825646756,0.014255510353987588,0.2897701218872613,0.5493334216290278,326.47085015160485
1993-10,6.50565780707657e-06,0.26890357654442354,0.0006766670838820321,0.24306306825646756,0.5724671087757571,-10401.209285031611
1993-11,0.014410787167437239,0.2683990979441053,-0.006631077541935815,0.26890357654442354,0.5928605043270485,46.01467959307223
1993-12,0.0015121668962873175,0.23681475886781542,-0.0005755341234761624,0.2683990979441053,0.5925804209079163,38.0602250247124
1994-01,-0.0018907983543344081,0.23042293515218387,-9.712837885927916e-05,0.23681475886781542,0.5557300523831479,-5.136897789054292
1994-02,0.017997671669028575,0.20119177037419583,-0.00838438042284978,0.23042293515218387,0.5553408494790655,46.58591720660235
1994-03,0.07334337408526866,0.33539174987939846,-0.035209459074335314,0.20119177037419583,0.5346586858405288,48.006325743073894
1994-04,0.09577409795664563,0.43078507032351243,-0.06458034977277086,0.33539174987939846,0.47963605402570647,67.42987002812039
1994-05,-0.010682628284657714,0.41940846585927033,-0.0023327088019584885,0.43078507032351243,0.4706381679341158,-21.836468889483893
1994-06,0.000735132127478666,0.41917719832056227,0.0042573258864376795,0.41940846585927033,0.4900833813444826,-579.1239053909027
1994-07,0.010418848604931752,0.4295998535143412,-0.013142614974354622,0.41917719832056227,0.49660324036922804,126.1426811416914
1994-08,-0.003574639001869162,0.4006995531176276,-0.0004660137033256073,0.4295998535143412,0.5006128167580801,-13.036664767601174
1994-09,-0.005796620779689565,0.4203656011608686,-0.005858448421027257,0.4006995531176276,0.49088133914772075,-101.0666152520159
1994-10,0.010913195020754135,0.43864825965559784,-0.018870843675125343,0.4203656011608686,0.46580276976953633,172.91768028737482
1994-11,0.007498126785467324,0.45511731889138046,-0.016898399762075078,0.43864825965559784,0.4216787898216419,225.36828524728497
1994-12,-0.029393506878085646,0.43464845606928637,0.02752085431509846,0.45511731889138046,0.44919536656215436,93.62902640112213
1995-01,-0.0012064763639889065,0.5061304126586298,0.00019210267878697063,0.43464845606928637,0.4187729612709972,15.922622648970272
1995-02,0.03590396322145334,0.5296945659200721,-0.00975159103675688,0.5061304126586298,0.37410210832926943,27.16020784839181
1995-03,0.01781280304876759,0.5363865848216279,0.002920346484671904,0.5296945659200721,0.3490701413551371,-16.394648706756758
1995-04,0.0038485339486293846,0.5440158488252329,-0.002476822521156885,0.5363865848216279,0.3438728277879544,64.3575593776165
1995-05,0.03259685205260826,0.5749062502757764,-0.0023609314526124303,0.5440158488252329,0.3431610317199068,7.242820407326783
1995-06,0.0252365665702855,0.6356612586115536,0.001629161700522408,0.5749062502757764,0.326620525210692,-6.455560014414343
1995-07,-0.04635891135249831,0.5897834193855194,0.01212110113915113,0.6356612586115536,0.3368596512350805,26.14621608990375
1995-08,0.0005923178662992079,0.6003491408172004,-0.011717895935691933,0.5897834193855194,0.245468662597433,1978.3120858577422
1995-09,0.0178778841029138,0.631531841509632,-0.01559385448648827,0.6003491408172004,0.05416416524862858,87.22427327933471
1995-10,-0.005822689358533417,0.6187488566619397,0.004568598034519034,0.631531841509632,0.05265910082105071,78.46199158510052
1995-11,0.0012276905995369791,0.6722684998510347,-0.0011727176846578688,0.6187488566619397,-0.0736688093586268,95.52225007670147
1995-12,0.006528394181834485,0.6839206785143349,-0.009793878386177075,0.6722684998510347,-0.07218469715691764,150.01971562055687
1996-01,-0.005460694477955275,0.6958294534469092,0.0015745609936427887,0.6839206785143349,-0.08180322739211204,28.834445874957172
1996-02,-0.1275221547621589,0.5747382466195833,0.02375369111345718,0.6958294534469092,-0.030651600069868903,18.627109271922283
1996-03,0.007989710157409513,0.5800610796452276,-0.04328476312263746,0.5747382466195833,-0.08083465617015277,541.7563624945261
1996-04,0.005253427371896158,0.6046011251429769,-0.02173078665715887,0.5800610796452276,-0.10141892591441823,413.6497017815518
1996-05,-0.02183367591033536,0.5819306798001042,-0.0002863772589729169,0.6046011251429769,-0.062301024675600364,-1.311630987603673
1996-06,-0.001988974460290782,0.5845693006146422,-0.006141992341352464,0.5819306798001042,-0.02770464100547759,-308.8019712658615
1996-07,-0.0702096607480639,0.5342198631455772,0.003275230526495705,0.5845693006146422,-0.017738168266600244,4.664928574784522
1996-08,0.01184301233066043,0.5450746394256822,-0.006054449585295409,0.5342198631455772,0.013030809603254498,51.12254734060368
1996-09,-0.009996728150642176,0.5493334216290278,-0.0004522497167261221,0.5450746394256822,0.012627093201190107,-4.523977344498161
1996-10,0.02245702006284722,0.5724671087757571,-0.02029663329158101,0.5493334216290278,0.01515727674178469,90.37990452330608
1996-11,0.02702447309322742,0.5928605043270485,-0.03484890989956497,0.5724671087757571,-0.006439590015450988,128.9531521275004
1996-12,0.00029545070434361387,0.5925804209079163,-0.0027485215561441536,0.5928605043270485,-0.015826904135774075,930.280928674849
1997-01,-0.036753240145908805,0.5557300523831479,0.01159770480776039,0.5925804209079163,0.0215118302511582,31.5555982594133
1997-02,0.007995177518767382,0.5553408494790655,-0.01405057830192856,0.5557300523831479,-0.014002157513057837,175.73816552474423
1997-03,0.014527295435798615,0.5346586858405288,-0.021365217557425705,0.5553408494790655,-0.016587486655815793,147.0694779482275
1997-04,0.009557717957948936,0.47963605402570647,-0.037497234050532756,0.5346586858405288,-0.05781590407101334,392.3241323452861
1997-05,-0.0066651772896323125,0.4706381679341158,-0.04508796120040092,0.47963605402570647,-0.0277874651499408,-676.4705459603493
1997-06,0.015187887523929189,0.4900833813444826,-0.027595070536609163,0.4706381679341158,-0.037199982495312665,181.6913016581925
1997-07,0.01966247399910029,0.49660324036922804,-0.040183253832970604,0.4900833813444826,-0.07837955395669766,204.36519755758763
1997-08,0.004475590092177573,0.5006128167580801,-0.0035051006863467057,0.49660324036922804,-0.08490859217820082,78.3159452531838
1997-09,-0.003873029189332272,0.49088133914772075,0.000598450731445363,0.5006128167580801,-0.0852775429581111,15.45174854591113
1997-10,-0.006207725703058969,0.46580276976953633,-0.0025243436329282914,0.49088133914772075,-0.09476898495858256,-40.664548558973465
1997-11,-0.027225580185819276,0.4216787898216419,0.010554293485418594,0.46580276976953633,-0.08474017790159573,38.76609208466348
1997-12,-4.277574586070143e-06,0.44919536656215436,-0.0032326340604750814,0.4216787898216419,-0.1479077386878008,-75571.65855160318
1998-01,-0.03061450796994411,0.4187729612709972,0.004357699934602763,0.44919536656215436,-0.14459155963527073,14.23410083507123
1998-02,-0.034919261904970855,0.37410210832926943,0.0032733461473433145,0.4187729612709972,-0.14409069670496624,9.374041628518341
1998-03,-0.02795231345880414,0.3490701413551371,0.010571753583134072,0.37410210832926943,-0.17551443118641658,37.820674838648415
1998-04,-0.0027204910460256193,0.3438728277879544,-0.0006546838728185289,0.3490701413551371,-0.17313480501324913,-24.064915551733215
1998-05,0.001649135384564543,0.3431610317199068,-0.0005194773769293809,0.3438728277879544,-0.21299893710470497,31.499983675782314
1998-06,-0.018169668209737144,0.326620525210692,0.0006117294236799437,0.3431610317199068,-0.2185990568771317,3.3667616635515514
1998-07,-0.0018819751147627628,0.3368596512350805,-0.006804297223190758,0.326620525210692,-0.2261545264761833,-361.5508605728026
1998-08,-0.0796730927019552,0.245468662597433,0.011645676821852885,0.3368596512350805,-0.22794278949982022,14.616825363385319
1998-09,-0.1757106428623156,0.05416416524862858,0.06075292027057187,0.245468662597433,-0.21745732864305728,34.57554948346356
1998-10,-0.006073662462096972,0.05265910082105071,-0.01264903670818257,0.05416416524862858,-0.2145803477248081,-208.2604488991541
1998-11,-0.12515519249501944,-0.0736688093586268,0.0815285776257206,0.05265910082105071,-0.14334831025875758,65.14198572221846
1998-12,0.01127799058788622,-0.07218469715691764,-0.02604294514800297,-0.0736688093586268,-0.17936847414376114,230.91830894038787
1999-01,-0.011193091228837153,-0.08180322739211204,0.006824927521746918,-0.07218469715691764,-0.17289711294075544,60.974465250168045
1999-02,0.02739793620878591,-0.030651600069868903,-0.003474974556487556,-0.08180322739211204,-0.1868777038602667,12.683344212522142
1999-03,-0.006898292977646365,-0.08083465617015277,0.018042135735458237,-0.030651600069868903,-0.21632818957307942,261.54493283951604
1999-04,0.0011465169128934416,-0.10141892591441823,-0.010562554713075656,-0.08083465617015277,-0.23114114459997864,921.2733448841282
1999-05,0.03940427849779074,-0.062301024675600364,-0.00525580585937549,-0.10141892591441823,-0.23806069545701591,13.338160371773244
1999-06,0.04073837601147516,-0.02770464100547759,-0.011428524090896022,-0.062301024675600364,-0.2755166794554052,28.05346017641165
1999-07,0.006691242212381487,-0.017738168266600244,-0.02062875992192484,-0.02770464100547759,-0.3416001181240391,308.2949214385535
1999-08,0.03682342745515037,0.013030809603254498,-0.02036473652552423,-0.017738168266600244,-0.3280723400757213,55.3037507177401
1999-09,4.8533314661558004e-05,0.012627093201190107,0.00014832620942745178,0.013030809603254498,-0.3512539443433892,-305.6173073316527
1999-10,0.022826816832175578,0.01515727674178469,-0.007138286393858662,0.012627093201190107,-0.3545715215149431,31.27149285132423
1999-11,0.013252043142329431,-0.006439590015450988,-0.0246106761943429,0.01515727674178469,-0.39919909964465816,185.71231567856833
1999-12,-0.006638792564178977,-0.015826904135774075,0.01849223398889166,-0.006439590015450988,-0.38041684896570777,278.5481517930001
2000-01,0.02574102957917182,0.0215118302511582,-0.006507561790431993,-0.015826904135774075,-0.38816446974483765,25.28089162252291
2000-02,-0.021463409462287406,-0.014002157513057837,0.0018062203494444706,0.0215118302511582,-0.38886658488312154,8.415346837687256
2000-03,0.01877988841466771,-0.016587486655815793,-0.04190649645407421,-0.014002157513057837,-0.4278926281979157,223.14560943473901
2000-04,-0.0037311833646646846,-0.05781590407101334,-0.024433798787469957,-0.016587486655815793,-0.47590434830252626,-654.8538734082232
2000-05,0.07511640012147341,-0.0277874651499408,-0.058722035677027024,-0.05781590407101334,-0.4423264344073531,78.1747202768843
2000-06,0.018182553191237318,-0.037199982495312665,-0.045758717310563246,-0.0277874651499408,-0.4387267178754896,251.66277161018095
2000-07,-0.0009963176284142963,-0.07837955395669766,-0.0004378720967926075,-0.037199982495312665,-0.40165121613164256,-43.949046398938975
2000-08,-0.0030239375351564443,-0.08490859217820082,-0.011445452000906992,-0.07837955395669766,-0.39675462382205723,-378.4949876722522
2000-09,-0.000967401511355645,-0.0852775429581111,-2.4489823826218116e-05,-0.08490859217820082,-0.37766754560448784,-2.5315056404966625
2000-10,-0.0069670983675431675,-0.09476898495858256,-0.0024070947124928133,-0.0852775429581111,-0.38216910275192023,-34.54945783034258
2000-11,-0.0005254864284317748,-0.08474017790159573,-7.557414958636599e-05,-0.09476898495858256,-0.3835016062373209,-14.381750982971004
2000-12,-0.059934926725729865,-0.1479077386878008,0.012751739838611442,-0.08474017790159573,-0.36822318007755056,21.27597468662152
2001-01,-0.0010415208820727523,-0.14459155963527073,-0.001427024412246708,-0.1479077386878008,-0.35079259243317995,-137.01351905751108
2001-02,-0.0027724832170388514,-0.14409069670496624,0.0007430969723498937,-0.14459155963527073,-0.3483905985251829,26.802577840076445
2001-03,-0.04199548806458432,-0.17551443118641658,0.020051880650621606,-0.14409069670496624,-0.33257270734756517,47.74770237170259
2001-04,0.0030343100459859773,-0.17313480501324913,-0.0027918446155731635,-0.17551443118641658,-0.3249765063145006,92.00920714303517
2001-05,-0.039344654714526375,-0.21299893710470497,0.029248257919671172,-0.17313480501324913,-0.26090013105820364,74.33858075992333
2001-06,-0.006211849196106664,-0.2185990568771317,0.004058661548413944,-0.21299893710470497,-0.25691550687168435,65.33741274591388
2001-07,-0.0007511723758608368,-0.2261545264761833,0.0004408912317836744,-0.2185990568771317,-0.2649010313048858,58.69374939119892
2001-08,-0.013433939845489878,-0.22794278949982022,0.008606783363392073,-0.2261545264761833,-0.260716040850746,64.0674549862719
2001-09,-0.05026745941380893,-0.21745732864305728,0.038718593960060374,-0.22794278949982022,-0.21087004112865979,77.0251658062194
2001-10,0.015526017626431715,-0.2145803477248081,-0.014281866835105309,-0.21745732864305728,-0.2252126536407811,91.98667152606895
2001-11,-0.010296540159670103,-0.14334831025875758,0.006963193326930864,-0.2145803477248081,-0.22701055076631224,67.62653492291105
2001-12,-0.009977218737000568,-0.17936847414376114,0.004797238621936498,-0.14334831025875758,-0.22505560731081858,48.08192291250379
2002-01,-0.0003535663187412136,-0.17289711294075544,0.0004538290380826787,-0.17936847414376114,-0.22323559281680835,128.3575425675234
2002-02,-0.010505616363023648,-0.1868777038602667,0.008804033070935274,-0.17289711294075544,-0.21300068115801812,83.80310842039317
2002-03,-0.047492621448270905,-0.21632818957307942,0.04143999285394406,-0.1868777038602667,-0.1595832215438844,87.25564433010003
2002-04,-0.0042504003138235935,-0.23114114459997864,0.0038133109358817474,-0.21632818957307942,-0.16544484636426998,89.71651266540005
2002-05,-0.001663744997661698,-0.23806069545701591,0.001300068537560345,-0.23114114459997864,-0.15776873954717807,78.14109370050816
2002-06,-0.026027459907493236,-0.2755166794554052,0.034462512358790685,-0.23806069545701591,-0.1167251693153664,132.40828141231339
2002-07,-0.045454678746709026,-0.3416001181240391,0.09375880026673478,-0.2755166794554052,-0.02902841694596033,206.26875571862453
2002-08,0.03389251457384196,-0.3280723400757213,-0.0029481805540864433,-0.3416001181240391,-0.02943246462586124,8.69861853319621
2002-09,-0.023329930477095084,-0.3512539443433892,0.1024408446170599,-0.3280723400757213,0.07068275556441897,439.0962275589913
2002-10,0.0038207092223045414,-0.3545715215149431,-0.0059598933264009,-0.3512539443433892,0.10211657707024864,155.9891889078663
2002-11,-0.02001690193537195,-0.39919909964465816,0.03199358432653754,-0.3545715215149431,0.1239513609078601,159.83284740982592
2002-12,0.0002900166900586254,-0.38041684896570777,0.004143340473092796,-0.39919909964465816,0.1317037594555071,-1428.6558722724685
2003-01,-0.0012400589886977786,-0.38816446974483765,-0.0002356546610162158,-0.38041684896570777,0.1322285255927726,-19.003504120693766
2003-02,-0.002508335487728358,-0.38886658488312154,0.08762402798736856,-0.38816446974483765,0.22665808162127896,3493.3137300036424
2003-03,0.002880453139279898,-0.4278926281979157,0.000955230991922712,-0.38886658488312154,0.22583305310616203,-33.16252498249341
2003-04,-0.0235779213171404,-0.47590434830252626,0.04005415685773732,-0.4278926281979157,0.26834491300094265,169.87993266658
2003-05,0.09229994957219992,-0.4423264344073531,-0.07914984276732387,-0.47590434830252626,0.19433026508278792,85.75285591614585
2003-06,0.04935843384242683,-0.4387267178754896,-0.06937587412921298,-0.4423264344073531,0.10644964232197164,140.5552581969889
2003-07,0.03751337384063949,-0.40165121613164256,0.004827534380346721,-0.4387267178754896,0.11064711884132358,-12.868835527442993
2003-08,0.016342044310492493,-0.39675462382205723,-0.024769069516284783,-0.40165121613164256,0.1072398442515653,151.566530145691
2003-09,0.019111568041395383,-0.37766754560448784,-0.030051310937846847,-0.39675462382205723,0.09676820754711313,157.24147214271554
2003-10,-0.0020944624349396868,-0.38216910275192023,0.0012733514737303248,-0.37766754560448784,0.09668515081309391,60.79609987213702
2003-11,-0.0012569293358141165,-0.3835016062373209,6.405282399529755e-05,-0.38216910275192023,0.1067630456733214,5.095976533462827
2003-12,0.0025266863211588775,-0.36822318007755056,-0.00411685494656331,-0.3835016062373209,0.10645274828337666,162.93494416335358
2004-01,0.018857612056617262,-0.35079259243317995,-0.03519758727066656,-0.36822318007755056,0.07229417370445572,186.64922772295282
2004-02,0.001658896935647164,-0.3483905985251829,-0.0016100238603332026,-0.35079259243317995,0.07407365088506035,97.05388115055531
2004-03,-0.004233989473003824,-0.33257270734756517,0.05471542585041103,-0.3483905985251829,0.07815980574609278,1292.2900776981128
2004-04,0.010388045648637684,-0.3249765063145006,0.014946866558416608,-0.33257270734756517,0.05858344852776761,-143.88526065417108
2004-05,0.034828117336625664,-0.26090013105820364,-0.11522450725908545,-0.3249765063145006,-0.06809145323411002,330.8375992460379
2004-06,-7.403736189454113e-05,-0.25691550687168435,-0.0001412820787260842,-0.26090013105820364,-0.04412632927155723,-190.82538209198552
2004-07,-0.008426415664985115,-0.2649010313048858,0.07208523778068984,-0.25691550687168435,0.023310277480368232,855.4673855009403
2004-08,-0.004421792909252181,-0.260716040850746,0.05018353649184129,-0.2649010313048858,-0.0838122857978694,1134.9137673733433
2004-09,0.011127405762025713,-0.21087004112865979,-0.026567498014931357,-0.260716040850746,-0.07929134680434494,238.75734005852246
2004-10,-6.074567701601363e-05,-0.2252126536407811,0.002601281604392894,-0.21087004112865979,-0.07564570235757084,4282.2497536856
2004-11,-0.008761090452461998,-0.22701055076631224,0.020968316315057786,-0.2252126536407811,-0.20578447287470514,239.33454892210793
2004-12,-0.0028422951664428403,-0.22505560731081858,0.004448146881549708,-0.22701055076631224,-0.19954320009468368,156.49841487492682
2005-01,0.0013661854559275793,-0.22323559281680835,-0.002982566737507894,-0.22505560731081858,-0.3290262738805976,218.3134599015961
2005-02,0.001430878587854928,-0.21300068115801812,-0.003377522046509679,-0.22323559281680835,-0.32609713647562494,236.04532733787158
2005-03,0.01197746676018957,-0.1595832215438844,-0.03672760235407191,-0.21300068115801812,-0.38902285194673203,306.6391507438474
2005-04,-0.00967493575626735,-0.16544484636426998,0.014312620327016468,-0.1595832215438844,-0.403585751580905,147.93504254273586
2005-05,0.006376038279531565,-0.15776873954717807,-0.014732796859652203,-0.16544484636426998,-0.43191320702667574,231.06506287685892
2005-06,0.006581057873020955,-0.1167251693153664,-0.01793439700492186,-0.15776873954717807,-0.35630494014746,272.5154124300276
2005-07,-0.00606204789732882,-0.02902841694596033,0.008119504927741217,-0.1167251693153664,-0.3517653082827068,133.93996657992417
2005-08,0.0025441328741855635,-0.02943246462586124,-0.0012426577926684945,-0.02902841694596033,-0.33864852563760095,48.84406020130919
2005-09,-0.0023256244267799743,0.07068275556441897,-0.00036172929008246313,-0.02943246462586124,-0.369092944981581,-15.554071668541434
2005-10,0.03739371483223061,0.10211657707024864,-0.044202311976287254,0.07068275556441897,-0.17526465137593655,118.20786507733683
2005-11,-0.010158800488926187,0.1239513609078601,0.01216298256455467,0.10211657707024864,-0.22081429139110553,119.72853072381118
2005-12,0.003609058074554153,0.1317037594555071,-0.003334831955878817,0.1239513609078601,-0.14375012034657275,92.40172607338239
2006-01,0.0007604207982817024,0.1322285255927726,-4.538194849725008e-05,0.1317037594555071,-0.14133238402581752,5.968004636353735
2006-02,0.006805528041137557,0.22665808162127896,0.002942988678420126,0.1322285255927726,-0.07440110373105539,-43.24409010778538
2006-03,-0.001780259507039722,0.22583305310616203,0.010134020496442069,0.22665808162127896,-0.061961520132928036,569.2440038302772
2006-04,0.0024577030370431935,0.26834491300094265,0.010334493734872961,0.22583305310616203,-0.09562725630293219,-420.49399700079937
2006-05,0.005135194849169272,0.19433026508278792,-0.0006688037339263042,0.26834491300094265,-0.1518741967997466,13.023921264341071
2006-06,-0.018504748631603084,0.10644964232197164,-0.0018045509925272846,0.19433026508278792,-0.17682336230092346,-9.751826563293093
2006-07,-0.000630057860994751,0.11064711884132358,0.0001393100456296148,0.10644964232197164,-0.17226389009936202,22.11067494811804
2006-08,0.021361794926526498,0.1072398442515653,-0.009750618266454264,0.11064711884132358,-0.18729613452172422,45.64512626392743
2006-09,0.01957967423339465,0.09676820754711313,-0.0074253372968171305,0.1072398442515653,-0.1820798539913514,37.923701938577935
2006-10,-0.001356408207749571,0.09668515081309391,0.0014898942416132627,0.09676820754711313,-0.18157697519643623,109.84114023352598
2006-11,0.010013842036232193,0.1067630456733214,-0.004725291353109173,0.09668515081309391,-0.18796528844938185,47.18759628933702
2006-12,0.003806557556618552,0.10645274828337666,-0.0011422693900821762,0.1067630456733214,-0.19704737672997294,30.00793691129365
2007-01,0.0010390126917457915,0.07229417370445572,0.0021266496898221243,0.10645274828337666,-0.19870757113670978,-204.67985682146391
2007-02,0.0033895010409378465,0.07407365088506035,-0.0009648367804913904,0.07229417370445572,-0.19951008584268523,28.465451664957396
2007-03,-0.05062927098937861,0.07815980574609278,0.004089431510450894,0.07407365088506035,-0.19929987468564125,8.077207967914067
2007-04,-0.03452322377674185,0.05858344852776761,0.00839299763049671,0.07815980574609278,-0.19935679929161368,24.31116423186133
2007-05,-0.01145039450279144,-0.06809145323411002,0.00353508799235909,0.05858344852776761,-0.22558120423455125,30.87306722486537
2007-06,0.02410640604127871,-0.04412632927155723,7.121384585043189e-05,-0.06809145323411002,-0.23246903370548508,-0.2954146119022825
2007-07,-0.004648631028764703,0.023310277480368232,-0.0012878699261366089,-0.04412632927155723,-0.23203923817157648,-27.70428365184404
2007-08,-0.15730609977007837,-0.0838122857978694,0.01307420435934456,0.023310277480368232,-0.21003859979526052,8.311314296428474
2007-09,0.031088437008455788,-0.07929134680434494,-0.0075114785812540885,-0.0838122857978694,-0.21697514975802543,24.16164755793619
2007-10,0.001044362842381158,-0.07564570235757084,0.00206299680646789,-0.07929134680434494,-0.20817045633193904,-197.53640427920973
2007-11,-0.15110708683219168,-0.20578447287470514,0.020122299648768882,-0.07564570235757084,-0.19818264169686442,13.316582346078325
2007-12,0.0017931258984717757,-0.19954320009468368,-0.0007303146305041031,-0.20578447287470514,-0.22337641658411359,40.728575228684555
2008-01,-0.12650050704840565,-0.3290262738805976,0.030077061349469025,-0.19954320009468368,-0.19855947319989906,23.77623778058058
2008-02,0.0063066594514822605,-0.32609713647562494,-0.0004437992570061333,-0.3290262738805976,-0.20668266371421842,7.036994155468895
2008-03,-0.02619811311703496,-0.38902285194673203,0.00877139717090035,-0.32609713647562494,-0.20081532394132465,33.48102640719141
2008-04,-0.028875519961189255,-0.403585751580905,0.009247996047072507,-0.38902285194673203,-0.19296859587921641,32.027115215596005
2008-05,-0.013594658586118663,-0.43191320702667574,0.006382854962409645,-0.403585751580905,-0.18221768367108063,46.95119720716708
2008-06,0.0935426638841372,-0.35630494014746,-0.021481427733487643,-0.43191320702667574,-0.21131255443042984,22.964310445653688
2008-07,-0.003579873062987904,-0.3517653082827068,0.0030654299353735787,-0.35630494014746,-0.20911589847011636,85.62957069810317
2008-08,0.014359440437774346,-0.33864852563760095,-0.003149978414180951,-0.3517653082827068,-0.30250618003746654,21.936637627567507
2008-09,-0.030082690053897715,-0.369092944981581,0.007844591731286432,-0.33864852563760095,-0.2954831498353238,26.076762806888787
2008-10,0.2380306055819312,-0.17526465137593655,-0.14308983553879515,-0.369092944981581,-0.44446203294181813,60.11404927907179
2008-11,-0.057712622579723566,-0.22081429139110553,0.013420700465555657,-0.17526465137593655,-0.4290630575326384,23.254359039075815
2008-12,0.08039900300041135,-0.14375012034657275,-0.06414461174266653,-0.22081429139110553,-0.49320966699560903,79.78284474788617
2009-01,0.002463118269252426,-0.14133238402581752,-0.012027496954853445,-0.14375012034657275,-0.5021967606384202,488.3036720158742
2009-02,0.06398829161634187,-0.07440110373105539,-0.13716564207473764,-0.14133238402581752,-0.6385449374751964,214.3605316065465
2009-03,0.0023055631016853026,-0.061961520132928036,-0.02656711541570761,-0.07440110373105539,-0.6625076312168625,1152.3048489233622
2009-04,-0.044000229904877085,-0.09562725630293219,-0.034698045496603214,-0.061961520132928036,-0.6988331743070055,-78.8587822645836
2009-05,-0.05557813676288803,-0.1518741967997466,0.020716505986356493,-0.09562725630293219,-0.6872207241410571,37.274560093187254
2009-06,-0.023144614508649505,-0.17682336230092346,-0.016986525739631275,-0.1518741967997466,-0.7073838604392906,-73.39299487266528
2009-07,0.004420162155931662,-0.17226389009936202,-0.002271793261053423,-0.17682336230092346,-0.7058283304460726,51.396152016838954
2009-08,-0.005281626155907798,-0.18729613452172422,-0.021904594293264634,-0.17226389009936202,-0.7313331722015778,-414.7320095490497
2009-09,0.012641617827189894,-0.1820798539913514,-0.023550291589552463,-0.18729613452172422,-0.7567113972322463,186.29175404195445
2009-10,-0.0009870154466980335,-0.18157697519643623,-0.0002556540114287409,-0.1820798539913514,-0.7491743162408505,-25.901723451644767
2009-11,-0.0016630218998364976,-0.18796528844938185,0.0004629863480847263,-0.18157697519643623,-0.7415547779305187,27.840063208442743
2009-12,-0.007939818890508862,-0.19704737672997294,-0.0015231129011955558,-0.18796528844938185,-0.7441184295571084,-19.183219695555795
2010-01,-0.0037868440965589667,-0.19870757113670978,-0.0043141916467390184,-0.19704737672997294,-0.7560203599927994,-113.92577926984748
2010-02,0.00016232207451588598,-0.19951008584268523,-0.014687500013965349,-0.19870757113670978,-0.7716638624741221,9048.368841865637
2010-03,-0.0038792203534068342,-0.19929987468564125,-0.010314578854742185,-0.19951008584268523,-0.7812026834465169,-265.8930897205581
2010-04,-0.00844992223646919,-0.19935679929161368,0.0035849869363058784,-0.19929987468564125,-0.7698597226629806,42.42627134286941
2010-05,-0.029759492935296547,-0.22558120423455125,0.02317598131075488,-0.19935679929161368,-0.7544777382330664,77.8776082010012
2010-06,-0.006959043316784347,-0.23246903370548508,0.005910741978784606,-0.22558120423455125,-0.6642219340225682,84.93612856998075
2010-07,0.0017176654600452035,-0.23203923817157648,0.003114623794146232,-0.23246903370548508,-0.6642298847243507,-181.32889474672587
2010-08,0.00892643401697138,-0.21003859979526052,-0.010696608849112721,-0.23203923817157648,-0.6607119915371503,119.83070539451472
2010-09,0.0005749286184891234,-0.21697514975802543,-0.009270977153003734,-0.21003859979526052,-0.6686720793280273,1612.5440367479507
2010-10,0.006741696619618501,-0.20817045633193904,-0.029973346639435183,-0.21697514975802543,-0.683909707848167,444.59649151538525
2010-11,-0.010134485013694239,-0.19818264169686442,0.000325133209204187,-0.20817045633193904,-0.6851667254196365,3.2081867876349928
2010-12,-0.024463460256745007,-0.22337641658411359,-0.0070327751511919945,-0.19818264169686442,-0.6870410789398186,-28.748080105523645
2011-01,-0.005260117965254524,-0.19855947319989906,0.002551681851240495,-0.22337641658411359,-0.6845681904409702,48.509973884531036
2011-02,-0.007679391257313178,-0.20668266371421842,0.005132568464173093,-0.19855947319989906,-0.6815380803211226,66.8356161601388
2011-03,-0.002904057398006629,-0.20081532394132465,0.005319829509636054,-0.20668266371421842,-0.6753399178519761,183.1861007047461
2011-04,-0.0014012679849642745,-0.19296859587921641,0.0008795756169838742,-0.20081532394132465,-0.6730798095297535,62.76997879219363
2011-05,0.004368057245726087,-0.18221768367108063,-0.011329226892597799,-0.19296859587921641,-0.677520800020735,259.3653483750207
2011-06,-0.0076134430258615465,-0.21131255443042984,0.004817087523571406,-0.18221768367108063,-0.6726674409437515,63.270815939760695
2011-07,-0.0008687739750600915,-0.20911589847011636,-0.0033139351545200535,-0.21131255443042984,-0.6749181229957271,-381.44963473276636
2011-08,-0.09024030315316935,-0.30250618003746654,0.23704190057805566,-0.20911589847011636,-0.44602742671408613,262.67852865666094
2011-09,-0.000821561529143533,-0.2954831498353238,0.03892441685481768,-0.30250618003746654,-0.40590583700995286,4737.857783505987
2011-10,-0.005889047567699118,-0.44446203294181813,0.011969665239549676,-0.2954831498353238,-0.448754806031117,203.25298958701205
2011-11,0.001978274943623959,-0.4290630575326384,-0.008932301046712637,-0.44446203294181813,-0.44164420444854097,451.519697780216
2011-12,-1.9977203040977276e-06,-0.49320966699560903,-0.0001959551140593152,-0.4290630575326384,-0.4469126215304918,-9808.936399023012
2012-01,0.0030404033120424168,-0.5021967606384202,-0.01811585636768559,-0.49320966699560903,-0.4985178925506272,595.8372790850602
2012-02,0.0008174652379617231,-0.6385449374751964,-0.011121534780418635,-0.5021967606384202,-0.5158149299677287,1360.4902403127494
2012-03,0.0026044216740417903,-0.6625076312168625,0.010899250710011549,-0.6385449374751964,-0.4937641046541119,-418.4902475142226
2012-04,-0.0016274975935401392,-0.6988331743070055,0.006953005954784541,-0.6625076312168625,-0.4876388163751741,427.2206596422877
2012-05,-0.009104055820407908,-0.6872207241410571,0.05493876421532032,-0.6988331743070055,-0.40523971735288095,603.4537276470563
2012-06,-0.003176610558602133,-0.7073838604392906,0.030262793320620873,-0.6872207241410571,-0.33972332591305054,952.6755880940599
2012-07,0.0038273232542713753,-0.7058283304460726,-0.020746849309150356,-0.7073838604392906,-0.365486853893293,542.0720417591178
2012-08,-0.0036002474622403025,-0.7313331722015778,0.017329554361215027,-0.7058283304460726,-0.3813971380489131,481.3434227221558
2012-09,-0.001827933441116425,-0.7567113972322463,0.0011140618650087863,-0.7313331722015778,-0.3483420200309979,60.94652244713922
2012-10,0.007792735002825013,-0.7491743162408505,-0.0044947187819254775,-0.7567113972322463,-0.31132442447622677,57.67832192800162
2012-11,0.007156551962246405,-0.7415547779305187,0.019533721797059145,-0.7491743162408505,-0.3085138198830081,-272.94878735048843
2012-12,-0.0010405387253936693,-0.7441184295571084,0.0032843346594340073,-0.7415547779305187,-0.30662790092695363,315.6379074879157
2013-01,-0.007587738788952081,-0.7560203599927994,0.03237399117230025,-0.7441184295571084,-0.3165132928194258,426.6619090714813
2013-02,-0.0009560024673572753,-0.7716638624741221,0.005278321111829409,-0.7560203599927994,-0.32451994845020227,552.1242143255688
2013-03,0.0007757578823472944,-0.7812026834465169,-0.00405545433462115,-0.7716638624741221,-0.3486613075806002,522.7732037153298
2013-04,0.0077579738472302595,-0.7698597226629806,-0.013992348919428271,-0.7812026834465169,-0.34964468564819795,180.3608673471334
2013-05,-0.007793996880840426,-0.7544777382330664,0.02907685270274024,-0.7698597226629806,-0.3189805699525714,373.06728687842235
2013-06,0.08434506223171367,-0.6642219340225682,-0.08924417311033947,-0.7544777382330664,-0.40067789498870343,105.8084145639337
2013-07,-0.0031225744959290647,-0.6642298847243507,0.027076959576210508,-0.6642219340225682,-0.34489223491541204,867.1357436471425
2013-08,0.014214502036313026,-0.6607119915371503,-0.01890583844056376,-0.6642298847243507,-0.3633581185893183,133.0038744394002
2013-09,0.0013108893621270878,-0.6686720793280273,-0.0003069668079707377,-0.6607119915371503,-0.34693902933859483,23.41668311905776
2013-10,0.014735718119295527,-0.683909707848167,-0.02427745993088465,-0.6686720793280273,-0.34474341839358197,164.75247242341578
2013-11,-0.0015821507806736412,-0.6851667254196365,0.01736865773249935,-0.683909707848167,-0.30539053974420516,1097.7877674278425
2013-12,0.005158421631010046,-0.6870410789398186,0.0031701689417714396,-0.6851667254196365,-0.35175499413467126,-61.45618114490389
2014-01,-7.879335239230345e-05,-0.6845681904409702,-0.0005835070341329296,-0.6870410789398186,-0.3494329784278859,-740.5536335447591
2014-02,-0.002102458344325542,-0.6815380803211226,0.005085850434401212,-0.6845681904409702,-0.34190676099898537,241.90017595962064
2014-03,0.0008783329595105638,-0.6753399178519761,-0.0009808680815569237,-0.6815380803211226,-0.3453952469175864,111.6738329054048
2014-04,0.0013805327052383576,-0.6730798095297535,-8.073916939893566e-05,-0.6753399178519761,-0.3511234034669671,5.848406857191807
2014-05,0.006888236401616454,-0.677520800020735,-0.010758745775786921,-0.6730798095297535,-0.3617989742817472,156.19013559497145
2014-06,3.627155341240362e-05,-0.6726674409437515,0.002548116707146192,-0.677520800020735,-0.35008011465503813,-7025.110499609382
2014-07,0.0010632531025441816,-0.6749181229957271,-0.0034270090731191583,-0.6726674409437515,-0.3515823977167582,322.31357377833325
2014-08,-0.008151204296414444,-0.44602742671408613,0.006208166637343193,-0.6749181229957271,-0.34719926099394677,76.16256949999456
2014-09,0.001197172849315753,-0.40590583700995286,0.004382373332523393,-0.44602742671408613,-0.3421268559371956,-366.0602004988794
2014-10,-0.054818634260713706,-0.448754806031117,0.03808657975529611,-0.40590583700995286,-0.3176901799912689,69.47743275426915
2014-11,0.016042902629288508,-0.44164420444854097,-0.00864816187274206,-0.448754806031117,-0.3253025638632519,53.90646613383828
2014-12,-0.0050724619678913785,-0.4469126215304918,-0.000447915734746146,-0.44164420444854097,-0.3287769250383588,-8.830341904610563
2015-01,-0.033489414652450034,-0.4985178925506272,0.029110887686303044,-0.4469126215304918,-0.33019169653625974,86.9256390068715
2015-02,-0.006175502636682734,-0.5158149299677287,0.00790028163029323,-0.4985178925506272,-0.230097661759859,127.92937020810643
2015-03,0.011151574603605302,-0.4937641046541119,-0.0031300216994411822,-0.5158149299677287,-0.23558176119939273,28.06797973112467
2015-04,-0.0008277176758467175,-0.4876388163751741,-0.00195426272136566,-0.4937641046541119,-0.23417461853400307,-236.10257197498387
2015-05,0.02746033480697288,-0.40523971735288095,-0.006521267737449946,-0.4876388163751741,-0.24514016532484953,23.747954215744045
2015-06,0.035253598119209195,-0.33972332591305054,-0.01856871634622878,-0.40523971735288095,-0.25376700286675036,52.671833052158576
2015-07,-0.005016678671092151,-0.365486853893293,0.0033346419991836795,-0.33972332591305054,-0.24812890558066839,66.47111002741809
2015-08,-0.033239838516835096,-0.3813971380489131,0.0347285757231887,-0.365486853893293,-0.20985580961395586,104.47877388333158
2015-09,0.03194105615290632,-0.3483420200309979,-0.00862151184400757,-0.3813971380489131,-0.22040385247420446,26.991943543554672
2015-10,0.04151231433669644,-0.31132442447622677,-0.040192380686532136,-0.3483420200309979,-0.19798408261049394,96.82038047925094
2015-11,-0.0167231172038404,-0.3085138198830081,0.020725104777156333,-0.31132442447622677,-0.18797542729550562,123.93087080916288
2015-12,-0.0013984157033795075,-0.30662790092695363,0.0036462902612192927,-0.3085138198830081,-0.2980920423853843,260.7443732509165
2016-01,-0.04225938306477259,-0.3165132928194258,0.05425577264257296,-0.30662790092695363,-0.23208612239871332,128.38751706198133
2016-02,-0.013284976742605814,-0.32451994845020227,0.029690510696673417,-0.3165132928194258,-0.17027535640582173,223.48936902127912
2016-03,-0.020085904795776904,-0.3486613075806002,0.031139016455792853,-0.32451994845020227,-0.1281440787968869,155.02919471339865
2016-04,0.013008970851830642,-0.34964468564819795,-0.016311237469078907,-0.3486613075806002,-0.12799868026192296,125.3845339101791
2016-05,0.0015872629928862514,-0.3189805699525714,0.0007033098421626444,-0.34964468564819795,-0.15611812848428092,-44.30959742114052
2016-06,0.007546848074207607,-0.40067789498870343,-0.0027719987606141527,-0.3189805699525714,-0.13776402184833536,36.730549407610845
2016-07,0.02870870049708088,-0.34489223491541204,-0.026834033656837654,-0.40067789498870343,-0.05949993731133197,93.47003936860936
2016-08,0.0004399547666575909,-0.3633581185893183,0.0005452272023657237,-0.34489223491541204,-0.05476310436508203,-123.92801344281479
2016-09,0.016726056058694122,-0.34693902933859483,-0.008651804393536508,-0.3633581185893183,-0.07361631540351471,51.72650601657731
2016-10,0.026473070875897564,-0.34474341839358197,-0.017059091322341416,-0.34693902933859483,-0.08906974066818907,64.43941242144629
2016-11,0.021984220916877295,-0.30539053974420516,-0.007490212767736967,-0.34474341839358197,-0.12037887336170529,34.070858349074946
2016-12,-0.04953462333223743,-0.35175499413467126,0.06832222065261484,-0.30539053974420516,-0.058610353557544764,137.92821274599322
2017-01,0.002905522740918126,-0.3494329784278859,-0.0009153302908403924,-0.35175499413467126,-0.04515951163537465,31.50311914444538
2017-02,0.002440366994499371,-0.34190676099898537,0.0011715319641393447,-0.3494329784278859,-0.06160756110185813,-48.006384563469254
2017-03,-0.0025076178370439794,-0.3453952469175864,0.002743007901137306,-0.34190676099898537,-0.49473075435899205,109.38699911190646
2017-04,-0.005647417379981923,-0.3511234034669671,4.865096667167057e-06,-0.3453952469175864,-0.4610431906518085,0.08614728361342809
2017-05,8.31749610068766e-05,-0.3617989742817472,0.0008897275066644394,-0.3511234034669671,-0.4634949865391208,-1069.705949836129
2017-06,0.009170742919562963,-0.35008011465503813,-0.0032355857592653026,-0.3617989742817472,-0.4775789695970403,35.28161009031421
2017-07,0.0019247260113989806,-0.3515823977167582,-0.006262351193571131,-0.35008011465503813,-0.47578834282366284,325.3632546389999
2017-08,-0.0018250299145318727,-0.34719926099394677,0.0008004689015611577,-0.3515823977167582,-0.48128796971645194,43.86059073264457
2017-09,0.0006900317242278242,-0.3421268559371956,0.0002886096912528002,-0.34719926099394677,-0.4725824973545189,-41.82556846582194
2017-10,-0.01364990380936959,-0.3176901799912689,0.002392379886340612,-0.3421268559371956,-0.4676466178134665,17.526716083511378
2017-11,0.001035778000759352,-0.3253025638632519,0.00025414896816342014,-0.3176901799912689,-0.4746729915839647,-24.53701159679949
2017-12,-0.00302644544036082,-0.3287769250383588,0.002706238844740222,-0.3253025638632519,-0.47852988549441833,89.41971359039526
2018-01,-0.0305256591842038,-0.33019169653625974,0.013716773072992017,-0.3287769250383588,-0.4669368946259905,44.935223151839665
2018-02,0.09219375314610716,-0.230097661759859,-0.07125021194170705,-0.33019169653625974,-0.5357829308453718,77.28312332484272
2018-03,-0.0023540777400924695,-0.23558176119939273,-0.0011017906156651491,-0.230097661759859,-0.4953953619444945,-46.80349322796239
2018-04,0.0033614053867553756,-0.23417461853400307,-0.009494375960951623,-0.23558176119939273,-0.5067896948666623,282.4525717237619
2018-05,-0.004444279053396491,-0.24514016532484953,-0.0013208611593154562,-0.23417461853400307,-0.5074257370263417,-29.720482072474788
2018-06,0.00994187880432798,-0.25376700286675036,-0.0011742154506280134,-0.24514016532484953,-0.5070680726321831,11.810800289748496
2018-07,0.002303455286898265,-0.24812890558066839,5.267463539931905e-06,-0.25376700286675036,-0.49241661172602236,-0.22867661334224756
2018-08,0.0035445202435237383,-0.20985580961395586,0.0005344010088345341,-0.24812890558066839,-0.4918711368398762,-15.076822027210836
2018-09,-0.0019265310162410315,-0.22040385247420446,-0.0027235709318125523,-0.20985580961395586,-0.482642194674333,-141.3717666028898
2018-10,0.06261215055024269,-0.19798408261049394,-0.0468399190180227,-0.22040385247420446,-0.5069462572010851,74.80963136769488
2018-11,-0.010716449462168043,-0.18797542729550562,-0.005303429988178898,-0.19798408261049394,-0.5109792255188889,-49.48868565938221
2018-12,-0.11376290535109768,-0.2980920423853843,0.03117581583248505,-0.18797542729550562,-0.4811641608823627,27.404201515660606
2019-01,0.011750147344097725,-0.23208612239871332,-0.0011250517292605289,-0.2980920423853843,-0.41455696028184347,9.574788267022534
2019-02,0.032120255296218064,-0.17027535640582173,-0.007572723535760967,-0.23208612239871332,-0.3807770912997591,23.576162349657917
2019-03,0.010992261153141877,-0.1281440787968869,-0.0027739050916933683,-0.17027535640582173,-0.35917607112544664,25.23507268475434
2019-04,0.016456636004042943,-0.12799868026192296,-0.004710708337405639,-0.1281440787968869,-0.3026247608660859,28.624977402722813
2019-05,-0.028822758064520573,-0.15611812848428092,0.008601133332611269,-0.12799868026192296,-0.24388150391560087,29.841465252414025
2019-06,0.021126105396559514,-0.13776402184833536,-0.01179158869456913,-0.15611812848428092,-0.22540081764499878,55.81525072051116
2019-07,0.10509811819384085,-0.05949993731133197,-0.05749431051276606,-0.13776402184833536,-0.2812390477769655,54.70536628136834
2019-08,0.004191605743884212,-0.05476310436508203,0.000964773301374372,-0.05949993731133197,-0.26745717541856234,-23.016795002297876
2019-09,-0.010201406644896133,-0.07361631540351471,0.0010668626641008733,-0.05476310436508203,-0.1204182951830847,10.457995659202895
2019-10,0.0016056660576671128,-0.08906974066818907,0.0009286354381340817,-0.07361631540351471,-0.07971554559805821,-57.834904941772564
2019-11,-0.0238189199257791,-0.12037887336170529,0.003269440667310261,-0.08906974066818907,-0.05762667220893598,13.726233924535602
2019-12,-0.0065537008484545314,-0.058610353557544764,-0.00012505586672710567,-0.12037887336170529,-0.06291223529846206,-1.9081717279877959
2020-01,0.014366172213010425,-0.04515951163537465,-0.009721280990894882,-0.058610353557544764,-0.07024603595830262,67.66785784518862
2020-02,-0.017619581430622772,-0.06160756110185813,0.003630258788277156,-0.04515951163537465,-0.07364155869743863,20.603547266836767
2020-03,-0.43586620115827035,-0.49473075435899205,0.5301501048638861,-0.06160756110185813,0.4299186962730988,121.63138675471184
2020-04,0.03368269861051634,-0.4610431906518085,-0.01753757308265544,-0.49473075435899205,0.4268784968828305,52.067007116763186
2020-05,-0.003341523393976864,-0.4634949865391208,0.0009704818242911306,-0.4610431906518085,0.427921424538276,29.043095315161814
2020-06,-0.010848397298654167,-0.4775789695970403,0.013986292140890672,-0.4634949865391208,0.42275167679712894,128.9249624239498
2020-07,0.008052977966948566,-0.47578834282366284,-0.010369663057657463,-0.4775789695970403,0.40423066924369927,128.76805450377677
2020-08,-0.006300095794350036,-0.48128796971645194,0.0032515000680838346,-0.47578834282366284,0.4142875953447968,51.61032743343045
2020-09,0.00841686267068012,-0.4725824973545189,0.004917531410217668,-0.48128796971645194,0.4223645569963911,-58.42475519230861
2020-10,0.002543499654711734,-0.4676466178134665,0.0015987166408280296,-0.4725824973545189,0.44644579192739403,-62.85499736028937
2020-11,-0.007280522738661616,-0.4746729915839647,0.00548724844953935,-0.4676466178134665,0.47962661457912925,75.36888004484244
2020-12,-0.006563132755193907,-0.47852988549441833,0.00578146774653665,-0.4746729915839647,0.5194670620130724,88.09006250805052
2021-01,-0.0021237822045641064,-0.4669368946259905,0.009856943867366685,-0.47852988549441833,0.5302942527651294,464.12216121708036
2021-02,0.002404175722325652,-0.5357829308453718,0.010772774165197618,-0.4669368946259905,0.528607834028466,-448.08597246696667
2021-03,0.04148935951654234,-0.4953953619444945,0.011506204472759518,-0.5357829308453718,0.542635744656692,-27.732904549109385
2021-04,-0.0018999569612159484,-0.5067896948666623,0.012338444766161694,-0.4953953619444945,0.560198700278594,649.4065401494803
2021-05,0.000684818999635739,-0.5074257370263417,0.0010922998979691068,-0.5067896948666623,0.5650168284909797,-159.50198498436964
2021-06,0.0015318798447869764,-0.5070680726321831,-0.0010247206119747276,-0.5074257370263417,0.573385742424303,66.8930148445961
2021-07,0.014646193442620442,-0.49241661172602236,-0.00689364954365429,-0.5070680726321831,0.5695102329988131,47.067858079723024
2021-08,1.107387731166809e-05,-0.4918711368398762,-0.002094520911092357,-0.49241661172602236,0.5135518968338791,18914.070041984716
2021-09,0.011952513097355705,-0.482642194674333,-0.0006488210884086354,-0.4918711368398762,0.5187969615760792,5.428323592903457
2021-10,0.022535856491270656,-0.5069462572010851,0.0011325880068704386,-0.482642194674333,0.4866987785792729,-5.025715385209125
2021-11,0.0012704616703753668,-0.5109792255188889,-7.232280067523411e-05,-0.5069462572010851,0.47399917863662333,5.6926393264478286
2021-12,-0.001360751195959048,-0.4811641608823627,0.005601797684089166,-0.5109792255188889,0.48016325632578843,411.6695028984382
2022-01,0.06773225232977959,-0.41455696028184347,-0.012471845543236854,-0.4811641608823627,0.4706336301449029,18.41345166334208
2022-02,0.04135259251784526,-0.3807770912997591,-0.005571712000137979,-0.41455696028184347,0.45977850531708386,13.473670357507979
2022-03,0.024374925266005737,-0.35917607112544664,-0.0056151125861592655,-0.3807770912997591,0.3772572566611336,23.036429957757985
2022-04,0.06126201859676625,-0.3026247608660859,0.016541365402326813,-0.35917607112544664,0.36720067296477893,-27.001012668557347
2022-05,0.050142123617873804,-0.24388150391560087,-0.004656967658576511,-0.3026247608660859,0.32035838936113664,9.287535753504613
2022-06,0.03027227496517114,-0.22540081764499878,-0.02217920783424787,-0.24388150391560087,0.3020602212896167,73.2657451736465
2022-07,0.0016560803807995489,-0.2812390477769655,0.015097345189094169,-0.22540081764499878,0.31685474975290706,-911.6311843393273
2022-08,0.012817099057028797,-0.26745717541856234,0.004857232881145229,-0.2812390477769655,0.3219317284663999,-37.89650731053343
2022-09,0.14597201757137654,-0.1204182951830847,-0.1500019385427538,-0.26745717541856234,0.17755167184342893,102.76074896985425
2022-10,0.03977411414689226,-0.07971554559805821,-0.08052898902642516,-0.1204182951830847,0.09863061555084797,202.46582671588493
2022-11,0.01881943272181197,-0.05762667220893598,-0.012478296620388601,-0.07971554559805821,0.08772437343442431,66.30538127712049
2022-12,-0.005160507222798857,-0.06291223529846206,0.025004751220868093,-0.05762667220893598,0.11256554743295542,484.5405721049741
2023-01,0.0023874803310542266,-0.07024603595830262,0.002103764973962058,-0.06291223529846206,0.11581360136939954,-88.1165363583586
2023-02,-0.007025781527413226,-0.07364155869743863,0.017203233715866677,-0.07024603595830262,0.12258588886339149,244.85864880288437
2023-03,-0.026589849893349463,0.4299186962730988,0.024293239850595248,-0.07364155869743863,0.16550904110653566,91.36283186266263
2023-04,0.0144973736923871,0.4268784968828305,-0.020663509940510402,0.4299186962730988,0.13554432862360727,142.5327813089434
2023-05,7.244583115426084e-05,0.427921424538276,-0.0037486607526809393,0.4268784968828305,0.0966475076337561,5174.432666386028
2023-06,-0.019156039882037484,0.42275167679712894,0.027486249340508535,0.427921424538276,0.12212370689782259,143.48607285100843
2023-07,-0.008151344495772206,0.40423066924369927,0.01639029500365658,0.42275167679712894,0.14319257933713414,201.07474309492878
2023-08,0.006805426033013762,0.4142875953447968,-0.027602179081122495,0.40423066924369927,0.11069116175741843,405.59075871549743
