,rho,S,m_same,m_opp,S_raw,identity_check,rho_freq_only
1956-04,-0.17532513974589803,0.5,0.36138638138179213,0.7022963753321493,0.5277777777777778,8.326672684688674e-17,0.0
1956-05,-0.2681261179953192,0.4444444444444444,0.3664130290623617,0.7623511297416979,0.5277777777777778,0.0,-0.06824399196729064
1956-06,-0.32942068397726354,0.3888888888888889,0.35423838879833164,0.7495027901082213,0.5,-5.551115123125783e-17,-0.13648798393458123
1956-07,-0.36828307581720343,0.4166666666666667,0.32899496072719386,0.8488015268814298,0.4722222222222222,1.6653345369377348e-16,-0.10236598795093589
1956-08,-0.2861598385080833,0.4166666666666667,0.42574385767016065,0.7810358196588248,0.4722222222222222,1.6653345369377348e-16,-0.10236598795093589
1956-09,-0.21378473402132103,0.4166666666666667,0.4805479027523924,0.6995563920015296,0.5,2.7755575615628914e-17,-0.10236598795093589
1956-10,-0.28479486469168885,0.3888888888888889,0.473172631655014,0.7541925957899683,0.4722222222222222,5.551115123125783e-17,-0.13648798393458123
1956-11,-0.23519894958311005,0.4166666666666667,0.5094142703324743,0.7558655852569507,0.4722222222222222,1.6653345369377348e-16,-0.10236598795093589
1956-12,-0.23272561916760012,0.4722222222222222,0.46372490575417474,0.8436168457203671,0.4444444444444444,0.0,-0.03412199598364532
1957-01,-0.30628327253556187,0.4444444444444444,0.4398674262657458,0.88788966794983,0.4166666666666667,-5.551115123125783e-17,-0.06824399196729064
1957-02,-0.3692995792443123,0.3888888888888889,0.4396598421452352,0.8673055937992828,0.3888888888888889,0.0,-0.13648798393458123
1957-03,-0.3881437962299507,0.4166666666666667,0.40284197051228593,0.9346505917015507,0.3611111111111111,1.1102230246251565e-16,-0.10236598795093589
1957-04,-0.43226034181543577,0.3333333333333333,0.42925041438749073,0.8450048723412557,0.3333333333333333,5.551115123125783e-17,-0.20473197590187184
1957-05,-0.43467281882905323,0.3333333333333333,0.4274700985386482,0.8476329100616934,0.3333333333333333,-5.551115123125783e-17,-0.20473197590187184
1957-06,-0.41938702509870457,0.3611111111111111,0.38942901034154914,0.8583096962128174,0.3055555555555556,1.1102230246251565e-16,-0.17060997991822652
1957-07,-0.4670356874644555,0.3611111111111111,0.31493611109859965,0.8887138480668583,0.2777777777777778,5.551115123125783e-17,-0.17060997991822652
1957-08,-0.47017879448702615,0.3055555555555556,0.31983393193097903,0.7989772423314673,0.2777777777777778,1.6653345369377348e-16,-0.2388539718855171
1957-09,-0.48395892115655254,0.25,0.35063958082107893,0.7442340173284834,0.25,-5.551115123125783e-17,-0.30709796385280774
1957-10,-0.4583928384515911,0.2222222222222222,0.3518915943899482,0.6735315036044741,0.2777777777777778,0.0,-0.34121995983645304
1957-11,-0.4607914488701903,0.2777777777777778,0.22932949244622436,0.7084998321122656,0.2777777777777778,-5.551115123125783e-17,-0.27297596786916245
1957-12,-0.3642457951369368,0.25,0.19294000466338282,0.536483810065305,0.3055555555555556,0.0,-0.30709796385280774
1958-01,-0.34194998851146513,0.2777777777777778,0.220683006896404,0.5451953718025121,0.3333333333333333,1.6653345369377348e-16,-0.27297596786916245
1958-02,-0.339096004647678,0.2777777777777778,0.22269713679531455,0.542128135793149,0.3611111111111111,5.551115123125783e-17,-0.27297596786916245
1958-03,-0.33154736056334855,0.2777777777777778,0.2505534933045041,0.5426804827985477,0.3611111111111111,5.551115123125783e-17,-0.27297596786916245
1958-04,-0.3201379423377319,0.3055555555555556,0.2356284678098242,0.5518696451091474,0.3888888888888889,0.0,-0.2388539718855171
1958-05,-0.3242365673504704,0.2777777777777778,0.25700882239266615,0.5353218492766586,0.3888888888888889,1.1102230246251565e-16,-0.27297596786916245
1958-06,-0.3324383555692495,0.2777777777777778,0.26031721888426074,0.5476351782217823,0.3611111111111111,0.0,-0.27297596786916245
1958-07,-0.3242964392879199,0.3055555555555556,0.2383146169382232,0.5588734464559061,0.3611111111111111,0.0,-0.2388539718855171
1958-08,-0.3645051223734154,0.2777777777777778,0.22546155621901187,0.5773959555869099,0.3333333333333333,5.551115123125783e-17,-0.27297596786916245
1958-09,-0.38999453831023567,0.2777777777777778,0.21241374691432746,0.6066902426923664,0.3055555555555556,-5.551115123125783e-17,-0.27297596786916245
1958-10,-0.36956918894504787,0.2222222222222222,0.26576382453803693,0.5378940074778918,0.3055555555555556,5.551115123125783e-17,-0.34121995983645304
1958-11,-0.3764513852517058,0.25,0.28861768828080736,0.5841984325309988,0.3055555555555556,1.1102230246251565e-16,-0.30709796385280774
1958-12,-0.38018958191865543,0.25,0.2843423659945897,0.5876191355964535,0.3055555555555556,1.1102230246251565e-16,-0.30709796385280774
1959-01,-0.3860061946164653,0.19444444444444445,0.34547907901179864,0.5492610470572027,0.3055555555555556,-5.551115123125783e-17,-0.3753419558200984
1959-02,-0.3950210368718718,0.19444444444444445,0.3430812509985431,0.5595622430174246,0.2777777777777778,0.0,-0.3753419558200984
1959-03,-0.38140727563366833,0.25,0.29332281480186223,0.5921911103850055,0.3055555555555556,1.6653345369377348e-16,-0.30709796385280774
1959-04,-0.3861568200063361,0.25,0.3021634005754103,0.6012947890889058,0.3055555555555556,5.551115123125783e-17,-0.30709796385280774
1959-05,-0.3694626252894592,0.2222222222222222,0.33178757472510434,0.5566247315332825,0.3055555555555556,-1.1102230246251565e-16,-0.34121995983645304
1959-06,-0.36446115593174255,0.2222222222222222,0.3286157380624849,0.5494666557896738,0.3055555555555556,5.551115123125783e-17,-0.34121995983645304
1959-07,-0.3511106801266143,0.2222222222222222,0.34120217803328506,0.5363746867392064,0.3055555555555556,5.551115123125783e-17,-0.34121995983645304
1959-08,-0.3757938718693831,0.19444444444444445,0.3317597870738678,0.5336242767222581,0.2777777777777778,5.551115123125783e-17,-0.3753419558200984
1959-09,-0.31015691244206806,0.19444444444444445,0.5806502259442209,0.5144842592097217,0.2777777777777778,0.0,-0.3753419558200984
1959-10,-0.3067589877778404,0.19444444444444445,0.5795441754607966,0.5101163379465514,0.3055555555555556,-5.551115123125783e-17,-0.3753419558200984
1959-11,-0.3249074649745281,0.16666666666666666,0.6144943364961956,0.5019575764361887,0.3055555555555556,-1.1102230246251565e-16,-0.4094639518037437
1959-12,-0.33470588602279333,0.16666666666666666,0.6017986552626787,0.5108499314124613,0.3055555555555556,5.551115123125783e-17,-0.4094639518037437
1960-01,-0.31279612910694293,0.16666666666666666,0.6050035620056438,0.4859295296925622,0.3055555555555556,-5.551115123125783e-17,-0.4094639518037437
1960-02,-0.3360969113866453,0.16666666666666666,0.5984518829417135,0.5118034398727622,0.3055555555555556,5.551115123125783e-17,-0.4094639518037437
1960-03,-0.3535350251242289,0.19444444444444445,0.5100051864533087,0.5497849029145232,0.3055555555555556,0.0,-0.3753419558200984
1960-04,-0.35023689403744107,0.19444444444444445,0.5174888323136004,0.547610797155367,0.3333333333333333,0.0,-0.3753419558200984
1960-05,-0.33212909873892854,0.2777777777777778,0.3908588809494432,0.597427202513728,0.3611111111111111,5.551115123125783e-17,-0.27297596786916245
1960-06,-0.2704059839506882,0.3055555555555556,0.500655093109698,0.5988566184992307,0.3888888888888889,0.0,-0.2388539718855171
1960-07,-0.2941776396452171,0.3333333333333333,0.4625518406483618,0.6602849781401225,0.3888888888888889,-1.1102230246251565e-16,-0.20473197590187184
1960-08,-0.310478775852084,0.3055555555555556,0.5492914423698613,0.6763585208356565,0.4166666666666667,1.1102230246251565e-16,-0.2388539718855171
1960-09,-0.3129698269067509,0.3333333333333333,0.514927634829125,0.7138781483202411,0.4166666666666667,-1.6653345369377348e-16,-0.20473197590187184
1960-10,-0.3505628022770425,0.3333333333333333,0.5367109414151217,0.7795928906949147,0.4166666666666667,-1.6653345369377348e-16,-0.20473197590187184
1960-11,-0.317132666880686,0.3055555555555556,0.5878161272825516,0.7026248296372829,0.4166666666666667,1.6653345369377348e-16,-0.2388539718855171
1960-12,-0.31792156493067275,0.3333333333333333,0.6414964034987409,0.7843838172732682,0.4166666666666667,-1.1102230246251565e-16,-0.20473197590187184
1961-01,-0.3148545010824608,0.3333333333333333,0.597693064716982,0.7580093464370795,0.4166666666666667,1.1102230246251565e-16,-0.20473197590187184
1961-02,-0.2858830332850442,0.3611111111111111,0.5845309610859926,0.7654264634388892,0.4166666666666667,0.0,-0.17060997991822652
1961-03,-0.2820668848361547,0.3611111111111111,0.587071140169251,0.7610550344115512,0.4166666666666667,0.0,-0.17060997991822652
1961-04,-0.2800746234618439,0.2777777777777778,0.7632606169342553,0.6705853073271958,0.3888888888888889,0.0,-0.27297596786916245
1961-05,-0.27810732607197425,0.3333333333333333,0.6428090272597236,0.7269776974848243,0.4166666666666667,-5.551115123125783e-17,-0.20473197590187184
1961-06,-0.23736827935030155,0.3611111111111111,0.6651342514870475,0.7371580455040077,0.4444444444444444,-2.7755575615628914e-17,-0.17060997991822652
1961-07,-0.21246536401399999,0.4166666666666667,0.6108128102567222,0.7904038044924206,0.4722222222222222,5.551115123125783e-17,-0.10236598795093589
1961-08,-0.17168774881324914,0.4166666666666667,0.6723412338193182,0.7663899864644519,0.4722222222222222,1.3877787807814457e-16,-0.10236598795093589
1961-09,-0.15529346357796367,0.4444444444444444,0.6618277209133185,0.8012257379920914,0.4722222222222222,-1.1102230246251565e-16,-0.06824399196729064
1961-10,-0.14542502040948366,0.5,0.6045583906502892,0.8873292636687297,0.5,-2.7755575615628914e-17,0.0
1961-11,-0.16186706435979292,0.4444444444444444,0.6400738994756877,0.7953264822101879,0.5,-5.551115123125783e-17,-0.06824399196729064
1961-12,-0.15120190734379452,0.4444444444444444,0.6421462737995544,0.7783203568912839,0.5,-5.551115123125783e-17,-0.06824399196729064
1962-01,-0.0958138775656061,0.4722222222222222,0.6248395053422964,0.7355661739797501,0.5,1.3877787807814457e-17,-0.03412199598364532
1962-02,-0.08028776799168864,0.5,0.6035508340398167,0.7596659384681,0.5277777777777778,6.938893903907228e-17,0.0
1962-03,-0.0807734661692945,0.5,0.6091418654886023,0.7662013830400083,0.5277777777777778,-1.3877787807814457e-17,0.0
1962-04,-0.09528121628275987,0.5277777777777778,0.5744454522011355,0.8381944801010688,0.5277777777777778,4.163336342344337e-17,0.03412199598364532
1962-05,-0.04027817241553208,0.5277777777777778,0.5833009308533359,0.734850218868059,0.5277777777777778,9.71445146547012e-17,0.03412199598364532
1962-06,0.010015126054373828,0.5555555555555556,0.5198859444526351,0.6279493423218511,0.5555555555555556,8.673617379884035e-17,0.06824399196729064
1962-07,0.009246267806568736,0.5555555555555556,0.5172750873337529,0.626367648340322,0.5555555555555556,6.245004513516506e-17,0.06824399196729064
1962-08,0.011122417944391984,0.5555555555555556,0.5222907746511315,0.628533179060557,0.5833333333333334,3.122502256758253e-17,0.06824399196729064
1962-09,-0.06632656465154015,0.5277777777777778,0.4747960465990097,0.6672090969520641,0.5555555555555556,0.0,0.03412199598364532
1962-10,-0.0732046311032022,0.5555555555555556,0.4492774278314157,0.7217319153275245,0.5277777777777778,4.163336342344337e-17,0.06824399196729064
1962-11,-0.07325570359962132,0.5277777777777778,0.4518204014956063,0.6557963090825449,0.5277777777777778,9.71445146547012e-17,0.03412199598364532
1962-12,-0.024142182336306914,0.5555555555555556,0.47506907981182095,0.6466473736254477,0.5555555555555556,6.938893903907228e-18,0.06824399196729064
1963-01,-0.029815229318654175,0.5555555555555556,0.4682111108955467,0.6504847027539893,0.5833333333333334,1.1796119636642288e-16,0.06824399196729064
1963-02,0.03520437386143725,0.5555555555555556,0.488232410051348,0.5332809447422912,0.5833333333333334,-3.469446951953614e-17,0.06824399196729064
1963-03,0.07941102569463449,0.6111111111111112,0.4770880724123629,0.551182263839984,0.5833333333333334,6.938893903907228e-17,0.13648798393458128
1963-04,0.06245681898492681,0.6111111111111112,0.46584357996902415,0.575897863917578,0.5833333333333334,6.245004513516506e-17,0.13648798393458128
1963-05,0.05594734742100666,0.5833333333333334,0.4847122676637817,0.5480533640802787,0.5833333333333334,1.1102230246251565e-16,0.10236598795093596
1963-06,0.008660099722519063,0.6111111111111112,0.4070720907446513,0.6180344647210114,0.5555555555555556,1.0061396160665481e-16,0.13648798393458128
1963-07,0.1061250852249698,0.6111111111111112,0.4792623904562187,0.4878139005116334,0.5555555555555556,6.938893903907228e-17,0.13648798393458128
1963-08,0.10867044715705274,0.6111111111111112,0.4893196227661905,0.49725471788281045,0.5555555555555556,1.3877787807814457e-17,0.13648798393458128
1963-09,0.09514465343591043,0.6111111111111112,0.4794288623451309,0.5155265786668581,0.5555555555555556,6.938893903907228e-17,0.13648798393458128
1963-10,0.0711082564212473,0.6388888888888888,0.4310104770060726,0.5711116920304627,0.5555555555555556,-1.1102230246251565e-16,0.17060997991822646
1963-11,0.08217771776333012,0.6388888888888888,0.4401716506987342,0.5575175264887949,0.5555555555555556,-1.1102230246251565e-16,0.17060997991822646
1963-12,0.06523910595319522,0.6111111111111112,0.44217670555419686,0.5317513438450356,0.5555555555555556,1.3877787807814457e-17,0.13648798393458128
1964-01,0.053583431948284285,0.5833333333333334,0.46383719535071904,0.5243440656116767,0.5555555555555556,2.0816681711721685e-17,0.10236598795093596
1964-02,0.02682431771991451,0.5833333333333334,0.43117782075755595,0.5410588743807778,0.5555555555555556,-6.938893903907228e-18,0.10236598795093596
1964-03,0.0024572375364426673,0.5277777777777778,0.4452802409608192,0.49260713320471,0.5277777777777778,7.112366251504909e-17,0.03412199598364532
1964-04,0.010996416430883968,0.5555555555555556,0.43024126191624773,0.513746916452751,0.5555555555555556,4.5102810375396984e-17,0.06824399196729064
1964-05,0.008992550621866748,0.5555555555555556,0.4321801752193003,0.5205540145387918,0.5555555555555556,5.204170427930421e-17,0.06824399196729064
1964-06,-0.044364886092926895,0.5555555555555556,0.405961780091031,0.6045004134420664,0.5277777777777778,2.7755575615628914e-17,0.06824399196729064
1964-07,-0.053504667736407094,0.5,0.4340213099809942,0.5380581639128968,0.5277777777777778,2.0816681711721685e-17,0.0
1964-08,-0.0074200194426566665,0.5,0.48307960428301044,0.49750741986595387,0.5277777777777778,4.7704895589362195e-17,0.0
1964-09,0.006771149858907019,0.5,0.4850320440153909,0.47186591928973837,0.5555555555555556,8.673617379884035e-19,0.0
1964-10,0.005547949676606792,0.5,0.48774860059719644,0.47696092067046103,0.5555555555555556,-1.3010426069826053e-17,0.0
1964-11,0.015330921861183592,0.5277777777777778,0.4766470114318903,0.5011594677684994,0.5555555555555556,4.85722573273506e-17,0.03412199598364532
1964-12,0.03368916635225836,0.5555555555555556,0.5121598549880385,0.566504767339483,0.5555555555555556,2.7755575615628914e-17,0.06824399196729064
1965-01,0.019504159774802344,0.5277777777777778,0.5189823335017248,0.5398834555538052,0.5833333333333334,6.938893903907228e-18,0.03412199598364532
1965-02,0.011671767454175168,0.5,0.5363380305794385,0.5136429271963201,0.5833333333333334,1.9081958235744878e-17,0.0
1965-03,0.02519275368225644,0.5,0.5820120129122565,0.5330261029745357,0.5833333333333334,-3.8163916471489756e-17,0.0
1965-04,0.11547507544419273,0.6111111111111112,0.5179262914967123,0.5251964837414947,0.6111111111111112,0.0,0.13648798393458128
1965-05,0.08176294777067596,0.5833333333333334,0.5073979493583897,0.5195769176368347,0.6388888888888888,1.942890293094024e-16,0.10236598795093596
1965-06,-0.05040338060732752,0.4444444444444444,0.5537491901781524,0.5312052682053451,0.6111111111111112,-5.551115123125783e-17,-0.06824399196729064
1965-07,-0.02035615875846954,0.4444444444444444,0.6020516772930691,0.5172646196617768,0.6388888888888888,-6.938893903907228e-18,-0.06824399196729064
1965-08,-0.05199199994383479,0.4166666666666667,0.6052258386707716,0.5189575037188473,0.6111111111111112,1.3877787807814457e-17,-0.10236598795093589
1965-09,-0.0693801073703553,0.3888888888888889,0.6320226077785724,0.5125736484937478,0.6388888888888888,-1.3877787807814457e-17,-0.13648798393458123
1965-10,0.0073497453600336006,0.5,0.5269025725429534,0.5126114010095546,0.6388888888888888,4.683753385137379e-17,0.0
1965-11,-0.023969034616094013,0.5,0.5112038492802794,0.55781030547824,0.6111111111111112,1.3877787807814457e-17,0.0
1965-12,-0.026024858959071487,0.5,0.4733944325546864,0.5239983249751032,0.6111111111111112,-3.469446951953614e-17,0.0
1966-01,-0.06926645022440787,0.5,0.41292473602108143,0.5476095003463191,0.6111111111111112,-4.163336342344337e-17,0.0
1966-02,0.04476759772828067,0.5555555555555556,0.4725040697433888,0.4927009671486222,0.6388888888888888,-6.245004513516506e-17,0.06824399196729064
1966-03,0.05462691062900503,0.5833333333333334,0.4235911964703027,0.4655648835907454,0.6388888888888888,6.938893903907228e-18,0.10236598795093596
1966-04,0.15599974331137675,0.5833333333333334,0.5369723776251992,0.3877619276153997,0.6388888888888888,8.326672684688674e-17,0.10236598795093596
1966-05,0.12491231536537921,0.6388888888888888,0.42526075041006217,0.4160820170494736,0.6111111111111112,-5.551115123125783e-17,0.17060997991822646
1966-06,0.11941967903923786,0.6388888888888888,0.4186669586735075,0.4192039448551804,0.6111111111111112,-1.3877787807814457e-17,0.17060997991822646
1966-07,0.13410795505617848,0.5833333333333334,0.46195959393271074,0.33382486970804526,0.6111111111111112,0.0,0.10236598795093596
1966-08,0.2703003728104229,0.5277777777777778,0.7312840176980314,0.26081666399398795,0.6111111111111112,0.0,0.03412199598364532
1966-09,0.2319784709687448,0.5555555555555556,0.6632335193657243,0.321588993963026,0.6111111111111112,5.551115123125783e-17,0.06824399196729064
1966-10,0.17682535981920394,0.6111111111111112,0.5304548481569068,0.39150850469855786,0.5833333333333334,5.551115123125783e-17,0.13648798393458128
1966-11,0.08942432534326789,0.5555555555555556,0.5489486777366184,0.4905701354823745,0.5833333333333334,-1.3877787807814457e-17,0.06824399196729064
1966-12,0.0761534953571263,0.5555555555555556,0.4556031567908455,0.40291817489484316,0.5833333333333334,-1.3877787807814457e-17,0.06824399196729064
1967-01,0.17692713726762652,0.4722222222222222,0.697996766394023,0.2986050118069192,0.5833333333333334,-8.326672684688674e-17,-0.03412199598364532
1967-02,0.15959834298033734,0.5277777777777778,0.6029188933264061,0.34526570405234763,0.5555555555555556,0.0,0.03412199598364532
1967-03,0.18674600917003703,0.4722222222222222,0.7167906622211173,0.29733320720040524,0.5833333333333334,-8.326672684688674e-17,-0.03412199598364532
1967-04,0.18124607153500924,0.4722222222222222,0.7121609304138999,0.30332227964794606,0.5555555555555556,-2.7755575615628914e-17,-0.03412199598364532
1967-05,0.13691921028030973,0.5277777777777778,0.5816811479688351,0.3682217324468839,0.5277777777777778,0.0,0.03412199598364532
1967-06,0.1594888078382672,0.5555555555555556,0.5726257489417106,0.3669004190309287,0.5555555555555556,5.551115123125783e-17,0.06824399196729064
1967-07,0.14752707300150034,0.5833333333333334,0.5487089665762357,0.423962716203229,0.5277777777777778,8.326672684688674e-17,0.10236598795093596
1967-08,0.14250028900571005,0.5277777777777778,0.5997852635835214,0.3769652878168855,0.5277777777777778,2.7755575615628914e-17,0.03412199598364532
1967-09,0.14246288409711663,0.5277777777777778,0.6006976521540592,0.37806202632517893,0.5277777777777778,2.7755575615628914e-17,0.03412199598364532
1967-10,0.14285639129171127,0.5277777777777778,0.5985468999008271,0.3748480825238718,0.5,-2.7755575615628914e-17,0.03412199598364532
1967-11,0.19288439788197878,0.4722222222222222,0.7567691759761532,0.321795898196071,0.5,-1.1102230246251565e-16,-0.03412199598364532
1967-12,0.21251419016081052,0.5,0.7425741061098532,0.3293520696860549,0.5277777777777778,0.0,0.0
1968-01,0.19206042705586845,0.5,0.7159172767666361,0.34246644638022516,0.5,0.0,0.0
1968-02,0.1776740039348097,0.4722222222222222,0.7255968814790402,0.3219240446013339,0.4722222222222222,-2.7755575615628914e-17,-0.03412199598364532
1968-03,0.19300067163921,0.4722222222222222,0.7509088667475616,0.31633827512295776,0.4722222222222222,0.0,-0.03412199598364532
1968-04,0.24261310999397828,0.5,0.7723375855499953,0.3005898716728155,0.4722222222222222,-1.1102230246251565e-16,0.0
1968-05,0.21247456632663178,0.4444444444444444,0.8470070128298783,0.3057751191922971,0.4444444444444444,-1.1102230246251565e-16,-0.06824399196729064
1968-06,0.2564483378785414,0.4722222222222222,0.861584626624869,0.29848667509862253,0.4722222222222222,-1.6653345369377348e-16,-0.03412199598364532
1968-07,0.23556222258998954,0.4722222222222222,0.8268804024640707,0.3059099500652404,0.4722222222222222,-5.551115123125783e-17,-0.03412199598364532
1968-08,0.21466975298407553,0.5555555555555556,0.6913467327316417,0.39459333126188706,0.4722222222222222,-5.551115123125783e-17,0.06824399196729064
1968-09,0.21759654426888653,0.5555555555555556,0.6923396278078973,0.38943209417168245,0.4722222222222222,-8.326672684688674e-17,0.06824399196729064
1968-10,0.2106877701726634,0.5555555555555556,0.688490422316243,0.39973353064260264,0.4722222222222222,-5.551115123125783e-17,0.06824399196729064
1968-11,0.20688294597296125,0.5555555555555556,0.6871082485376839,0.4063288663562522,0.4722222222222222,-2.7755575615628914e-17,0.06824399196729064
1968-12,0.1832114097001305,0.4722222222222222,0.7679551066236443,0.3496230248998624,0.4444444444444444,-5.551115123125783e-17,-0.03412199598364532
1969-01,0.1641816586469278,0.4722222222222222,0.7425574645069057,0.36195362336710124,0.4166666666666667,2.7755575615628914e-17,-0.03412199598364532
1969-02,0.16015792717006738,0.4444444444444444,0.7856398839590685,0.34823553461963686,0.4166666666666667,-8.326672684688674e-17,-0.06824399196729064
1969-03,0.16979775341866665,0.4722222222222222,0.7660125596873433,0.3725943234227108,0.4444444444444444,-1.1102230246251565e-16,-0.03412199598364532
1969-04,0.1624065583672205,0.4444444444444444,0.8002933743132193,0.3560232223079397,0.4444444444444444,-1.1102230246251565e-16,-0.06824399196729064
1969-05,0.15309306422881497,0.4444444444444444,0.8277525078952496,0.39428914391577335,0.4444444444444444,2.7755575615628914e-17,-0.06824399196729064
1969-06,0.20371787730206053,0.5,0.802462277582835,0.40634418282882845,0.4722222222222222,-5.551115123125783e-17,0.0
1969-07,0.21552858987452012,0.5,0.8202902635176906,0.4012068943172349,0.5,-2.7755575615628914e-17,0.0
1969-08,0.1631531299465229,0.4166666666666667,0.9086576708835692,0.37711931024405887,0.4722222222222222,2.7755575615628914e-17,-0.10236598795093589
1969-09,0.17954057872841842,0.4722222222222222,0.7756285156859326,0.36325076374559007,0.4722222222222222,-1.1102230246251565e-16,-0.03412199598364532
1969-10,0.20572580431966805,0.5,0.7539750551976768,0.3539526579094335,0.5,-5.551115123125783e-17,0.0
1969-11,0.2438784783975786,0.5277777777777778,0.7454925670586366,0.3310948253058146,0.5277777777777778,-5.551115123125783e-17,0.03412199598364532
1969-12,0.3579110607266205,0.5833333333333334,0.8498935232212966,0.354725124147701,0.5277777777777778,-5.551115123125783e-17,0.10236598795093596
1970-01,0.31279734769597534,0.5833333333333334,0.7999278232615461,0.3900384746088886,0.5277777777777778,1.1102230246251565e-16,0.10236598795093596
1970-02,0.14436860337986782,0.5555555555555556,0.7005431773172562,0.5598726517531095,0.5277777777777778,-2.7755575615628914e-17,0.06824399196729064
1970-03,0.14651831258873965,0.5555555555555556,0.6997654619788508,0.5541980186856956,0.5277777777777778,-2.7755575615628914e-17,0.06824399196729064
1970-04,0.17416115967612086,0.5555555555555556,0.7335382066675649,0.5359452215429418,0.5555555555555556,-5.551115123125783e-17,0.06824399196729064
1970-05,0.33206259183689846,0.6111111111111112,0.8160485109630287,0.4522054662067987,0.5833333333333334,1.1102230246251565e-16,0.13648798393458128
1970-06,0.3268530945292497,0.5833333333333334,0.8484937407214036,0.42523401644171593,0.5555555555555556,-1.1102230246251565e-16,0.10236598795093596
1970-07,0.3302423248751378,0.5833333333333334,0.8306583280267293,0.39235623452876617,0.5833333333333334,0.0,0.10236598795093596
1970-08,0.3347047269307192,0.6388888888888888,0.7540181446094409,0.4329039910339976,0.6111111111111112,-1.1102230246251565e-16,0.17060997991822646
1970-09,0.36152604435153063,0.6388888888888888,0.7800204935263674,0.40669690760022126,0.6111111111111112,-5.551115123125783e-17,0.17060997991822646
1970-10,0.3711601932915007,0.5833333333333334,0.868387327300846,0.3497018072076829,0.6388888888888888,-5.551115123125783e-17,0.10236598795093596
1970-11,0.3325259015144792,0.5555555555555556,0.841189844163553,0.3240868956415181,0.6388888888888888,-5.551115123125783e-17,0.06824399196729064
1970-12,0.39772059396847625,0.5555555555555556,0.9358922588648039,0.299851524274963,0.6388888888888888,0.0,0.06824399196729064
1971-01,0.41316707248223516,0.5555555555555556,0.9577144433173792,0.29334008309183474,0.6666666666666666,-1.1102230246251565e-16,0.06824399196729064
1971-02,0.4271015830133309,0.5555555555555556,0.9856225922558247,0.29774352747811966,0.6944444444444444,-1.1102230246251565e-16,0.06824399196729064
1971-03,0.4295459701989796,0.5833333333333334,0.9429997870380097,0.3179257713889276,0.6944444444444444,1.1102230246251565e-16,0.10236598795093596
1971-04,0.41378129240353023,0.5277777777777778,1.0437423721202033,0.3146329315388411,0.6666666666666666,1.1102230246251565e-16,0.03412199598364532
1971-05,0.43413954395165366,0.5833333333333334,0.9383351829357958,0.3006769868895888,0.6944444444444444,0.0,0.10236598795093596
1971-06,0.4309972733800351,0.5555555555555556,0.9767977999172046,0.27819071437767884,0.6944444444444444,5.551115123125783e-17,0.06824399196729064
1971-07,0.43899640881251084,0.5833333333333334,0.9372348667049936,0.2878038594911322,0.6944444444444444,5.551115123125783e-17,0.10236598795093596
1971-08,0.43497920767990866,0.5833333333333334,0.935908557092782,0.29532049534344135,0.6944444444444444,-1.1102230246251565e-16,0.10236598795093596
1971-09,0.4522626525823837,0.6388888888888888,0.8736721742411919,0.32809747439722986,0.6944444444444444,-2.7755575615628914e-16,0.17060997991822646
1971-10,0.4464522179567293,0.6666666666666666,0.8372206179562047,0.3722889335386155,0.6944444444444444,0.0,0.20473197590187178
1971-11,0.43000415650147045,0.6666666666666666,0.8241488308380034,0.39411887188005146,0.6944444444444444,-2.220446049250313e-16,0.20473197590187178
1971-12,0.40207624014796584,0.6666666666666666,0.7987070899221321,0.42469181274603035,0.6944444444444444,-5.551115123125783e-17,0.20473197590187178
1972-01,0.396085644307262,0.6111111111111112,0.8722886477385543,0.38052519282100183,0.7222222222222222,-5.551115123125783e-17,0.13648798393458128
1972-02,0.386266990372806,0.5833333333333334,0.9093483225924163,0.371798007426169,0.6944444444444444,-5.551115123125783e-17,0.10236598795093596
1972-03,0.379694041736428,0.5277777777777778,0.9990683940558739,0.33488282507568345,0.6944444444444444,1.6653345369377348e-16,0.03412199598364532
1972-04,0.3723661767096771,0.5277777777777778,0.9870052375523919,0.3364872546268676,0.6666666666666666,-1.6653345369377348e-16,0.03412199598364532
1972-05,0.3881977914017355,0.5277777777777778,0.9980658985888206,0.3162546690662851,0.6666666666666666,0.0,0.03412199598364532
1972-06,0.36483348431550167,0.5,1.0279822988549285,0.3185838571303419,0.6666666666666666,0.0,0.0
1972-07,0.3530902137906199,0.5277777777777778,0.9668496640368626,0.35364624317815835,0.6388888888888888,0.0,0.03412199598364532
1972-08,0.33838591795310247,0.5277777777777778,0.9607733668558237,0.3771286377589451,0.6388888888888888,-1.1102230246251565e-16,0.03412199598364532
1972-09,0.3617390091110202,0.5277777777777778,1.0064565089882347,0.3801063736406326,0.6666666666666666,-5.551115123125783e-17,0.03412199598364532
1972-10,0.36054063527973557,0.5,1.0596535999111676,0.35860236464501527,0.6666666666666666,-1.1102230246251565e-16,0.0
1972-11,0.3738403365829255,0.5277777777777778,1.0260702229459966,0.37711308562185525,0.6666666666666666,1.1102230246251565e-16,0.03412199598364532
1972-12,0.30872198954720254,0.5,1.0088069617238977,0.408514204271004,0.6388888888888888,-5.551115123125783e-17,0.0
1973-01,0.3022963412879208,0.5,0.9996812977503962,0.41188285635721666,0.6111111111111112,5.551115123125783e-17,0.0
1973-02,0.41938745403111616,0.5277777777777778,1.0462300905625206,0.305871225270519,0.6388888888888888,5.551115123125783e-17,0.03412199598364532
1973-03,0.42030513670920655,0.5,1.1007727747259073,0.28351278668022784,0.6111111111111112,0.0,0.0
1973-04,0.3917486702421132,0.5,1.0625879519988255,0.3008544265280497,0.5833333333333334,5.551115123125783e-17,0.0
1973-05,0.2663080991295783,0.5277777777777778,0.8622270222368923,0.41538411488033594,0.5833333333333334,0.0,0.03412199598364532
1973-06,0.27598408769152943,0.5277777777777778,0.8674321964083155,0.4012805095620275,0.5833333333333334,-1.1102230246251565e-16,0.03412199598364532
1973-07,0.2932087139711906,0.5277777777777778,0.8861608862130322,0.3867501087679966,0.5555555555555556,0.0,0.03412199598364532
1973-08,0.3225393405193022,0.5555555555555556,0.8749861310226785,0.38817785639237473,0.5555555555555556,-1.1102230246251565e-16,0.06824399196729064
1973-09,0.3114756111588865,0.5,0.9593416560078256,0.35369463430999076,0.5555555555555556,0.0,0.0
1973-10,0.3364777249151353,0.5277777777777778,0.9443009801018122,0.3626469558767469,0.5555555555555556,0.0,0.03412199598364532
1973-11,0.323280745990084,0.5277777777777778,0.9190573827459586,0.36160377426589835,0.5277777777777778,0.0,0.03412199598364532
1973-12,0.21275156359652178,0.5,0.7829621607957931,0.36927856491366745,0.5,-5.551115123125783e-17,0.0
1974-01,0.17585708540422004,0.5,0.7438312536339269,0.401886920903499,0.4722222222222222,0.0,0.0
1974-02,0.14647995201484254,0.4722222222222222,0.7532955411069912,0.4041697830683873,0.4444444444444444,2.7755575615628914e-17,-0.03412199598364532
1974-03,0.05827684050765757,0.4722222222222222,0.678265460087999,0.49951702124884045,0.4166666666666667,-2.0816681711721685e-17,-0.03412199598364532
1974-04,0.12283754797428093,0.4722222222222222,0.7618441453737067,0.45537033117121994,0.4444444444444444,4.163336342344337e-17,-0.03412199598364532
1974-05,0.11020357905575007,0.5,0.7455991458557705,0.5313144088029232,0.4166666666666667,-6.938893903907228e-17,0.0
1974-06,0.10462458363027582,0.4722222222222222,0.7792006640576169,0.5044500453642018,0.4166666666666667,-5.551115123125783e-17,-0.03412199598364532
1974-07,0.18930306309675538,0.5,0.8311797630228435,0.4630904736680413,0.4166666666666667,0.0,0.0
1974-08,0.22118017472260326,0.5277777777777778,0.8234147193884265,0.4649160913581758,0.4444444444444444,0.0,0.03412199598364532
1974-09,0.14177081817421555,0.5,0.7832686992938587,0.5076032195106617,0.4166666666666667,2.7755575615628914e-17,0.0
1974-10,0.18364175281722778,0.5277777777777778,0.7966364667675236,0.5122724423517632,0.4444444444444444,1.1102230246251565e-16,0.03412199598364532
1974-11,0.2555000771596943,0.5277777777777778,0.8591420662809275,0.43418803286754837,0.4722222222222222,-5.551115123125783e-17,0.03412199598364532
1974-12,0.21073568623655836,0.5833333333333334,0.7705965045406739,0.5871185051383072,0.4722222222222222,2.7755575615628914e-17,0.10236598795093596
1975-01,0.1911920664362878,0.5555555555555556,0.7636976875915289,0.5363894641600316,0.4722222222222222,0.0,0.06824399196729064
1975-02,0.2460010000168371,0.5555555555555556,0.799858770414187,0.4616962754809026,0.5,-2.7755575615628914e-17,0.06824399196729064
1975-03,0.17934649437254838,0.5277777777777778,0.7946802970739887,0.5189293141980348,0.4722222222222222,2.7755575615628914e-17,0.03412199598364532
1975-04,0.14828241995204333,0.5,0.7837932063254794,0.49546627864095083,0.4722222222222222,-5.551115123125783e-17,0.0
1975-05,0.19159084836571186,0.5555555555555556,0.7505257465549663,0.519052202393713,0.5,8.326672684688674e-17,0.06824399196729064
1975-06,0.20741195604480273,0.5555555555555556,0.7633639074195083,0.5004912304263794,0.5,2.7755575615628914e-17,0.06824399196729064
1975-07,0.2051461454049312,0.5555555555555556,0.7589869251845414,0.49997646340738977,0.5,0.0,0.06824399196729064
1975-08,0.25261897185672355,0.5555555555555556,0.8281469060079301,0.4825796315733299,0.5277777777777778,-5.551115123125783e-17,0.06824399196729064
1975-09,0.2520130621950146,0.5555555555555556,0.8383117322537066,0.4966110917655389,0.5,-1.1102230246251565e-16,0.06824399196729064
1975-10,0.28581369501717213,0.5555555555555556,0.870930907314437,0.4634461762929823,0.5,5.551115123125783e-17,0.06824399196729064
1975-11,0.2652325183860838,0.5555555555555556,0.8500530869494783,0.48237022471728963,0.5,-5.551115123125783e-17,0.06824399196729064
1975-12,0.26648981374394504,0.5555555555555556,0.8536928253072146,0.4841695640691386,0.5,0.0,0.06824399196729064
1976-01,0.324555380712309,0.5833333333333334,0.8645134383224937,0.45302292532277,0.5277777777777778,5.551115123125783e-17,0.10236598795093596
1976-02,0.3106467469607391,0.5555555555555556,0.8764992771421671,0.4160843374510921,0.5277777777777778,5.551115123125783e-17,0.06824399196729064
1976-03,0.3099138787399575,0.5555555555555556,0.8701563069422533,0.4097587739341594,0.5555555555555556,1.1102230246251565e-16,0.06824399196729064
1976-04,0.3140677434898223,0.5833333333333334,0.8226408720997134,0.41887248613001343,0.5833333333333334,-5.551115123125783e-17,0.10236598795093596
1976-05,0.3020634526599433,0.5833333333333334,0.7967572685690449,0.4106454531234618,0.5833333333333334,1.1102230246251565e-16,0.10236598795093596
1976-06,0.3015799497582764,0.5833333333333334,0.7910865151168439,0.4038345717276034,0.6111111111111112,-1.1102230246251565e-16,0.10236598795093596
1976-07,0.3126449045078659,0.6666666666666666,0.6999130535348468,0.4879451355884177,0.6388888888888888,5.551115123125783e-17,0.20473197590187178
1976-08,0.30329630649351147,0.6666666666666666,0.6911077695090057,0.4976013117452695,0.6111111111111112,-5.551115123125783e-17,0.20473197590187178
1976-09,0.3066734636936738,0.6388888888888888,0.732481805321961,0.4702700225481941,0.6111111111111112,-1.6653345369377348e-16,0.17060997991822646
1976-10,0.2620983391910493,0.6111111111111112,0.7394348753943973,0.5067232419278581,0.5833333333333334,1.1102230246251565e-16,0.13648798393458128
1976-11,0.27914098219713107,0.6388888888888888,0.717786215085485,0.5183960438512745,0.5833333333333334,-1.1102230246251565e-16,0.17060997991822646
1976-12,0.30425416663557026,0.6111111111111112,0.7686436295192786,0.4472331440842265,0.6111111111111112,-5.551115123125783e-17,0.13648798393458128
1977-01,0.3177370315829097,0.6388888888888888,0.7430462407073393,0.45917441775899737,0.6388888888888888,-1.6653345369377348e-16,0.17060997991822646
1977-02,0.3317240907441025,0.6666666666666666,0.7281673747847264,0.4888061515658204,0.6666666666666666,-5.551115123125783e-17,0.20473197590187178
1977-03,0.36891016356277384,0.6944444444444444,0.7197398162914854,0.46196724387182253,0.6666666666666666,5.551115123125783e-17,0.2388539718855171
1977-04,0.33404497320417537,0.6944444444444444,0.6817462855271021,0.4865530069119466,0.6388888888888888,0.0,0.2388539718855171
1977-05,0.33034283585189916,0.6944444444444444,0.6771614825638547,0.4879125281163538,0.6388888888888888,5.551115123125783e-17,0.2388539718855171
1977-06,0.328484819097805,0.7222222222222222,0.646244981767504,0.530540085753193,0.6388888888888888,-5.551115123125783e-17,0.27297596786916245
1977-07,0.26378548996522344,0.6111111111111112,0.6908909535004947,0.42622205915914735,0.6388888888888888,-5.551115123125783e-17,0.13648798393458128
1977-08,0.24227722275325125,0.5833333333333334,0.6944132225236918,0.4068649917755823,0.6111111111111112,-2.7755575615628914e-17,0.10236598795093596
1977-09,0.2601078918041629,0.5833333333333334,0.7611577355021667,0.4587024154933201,0.6111111111111112,0.0,0.10236598795093596
1977-10,0.2755223228425355,0.5555555555555556,0.825170919095933,0.4287585676518697,0.6111111111111112,5.551115123125783e-17,0.06824399196729064
1977-11,0.26199606440243056,0.5555555555555556,0.8120962701295209,0.44200394678158395,0.6111111111111112,1.6653345369377348e-16,0.06824399196729064
1977-12,0.35980573073821875,0.6111111111111112,0.8079507557980471,0.3701225751228128,0.6388888888888888,0.0,0.13648798393458128
1978-01,0.4319738247692052,0.6388888888888888,0.8567345614225204,0.3527546958304451,0.6388888888888888,-1.1102230246251565e-16,0.17060997991822646
1978-02,0.44209473784250464,0.6944444444444444,0.8326549328870825,0.4857324997899452,0.6111111111111112,5.551115123125783e-17,0.2388539718855171
1978-03,0.5423511975433257,0.6944444444444444,0.8895000166351261,0.2959280456237954,0.6388888888888888,0.0,0.2388539718855171
1978-04,0.5765247162484586,0.7222222222222222,0.9068990552709694,0.3401010368349152,0.6388888888888888,-1.1102230246251565e-16,0.27297596786916245
1978-05,0.4840921381444311,0.6666666666666666,0.9195050653978646,0.42707472787447204,0.6111111111111112,-1.6653345369377348e-16,0.20473197590187178
1978-06,0.46947363704388884,0.6388888888888888,0.9409042033059052,0.4007091830384393,0.5833333333333334,-5.551115123125783e-17,0.17060997991822646
1978-07,0.4750709449020371,0.6388888888888888,0.9503245439400175,0.40230626454223856,0.6111111111111112,-5.551115123125783e-17,0.17060997991822646
1978-08,0.44858140451858314,0.6111111111111112,0.970803193828822,0.4040943647202622,0.6111111111111112,1.1102230246251565e-16,0.13648798393458128
1978-09,0.4488221242071573,0.6111111111111112,0.9736442280794488,0.40795704789266923,0.6388888888888888,0.0,0.13648798393458128
1978-10,0.43282844840733486,0.6388888888888888,0.9102532044076085,0.4451406159321754,0.6388888888888888,-2.220446049250313e-16,0.17060997991822646
1978-11,0.4438710414678089,0.6111111111111112,0.9481619663520697,0.3802912005980161,0.6388888888888888,-1.1102230246251565e-16,0.13648798393458128
1978-12,0.4372737918855061,0.6111111111111112,0.941510709932241,0.3863323501797562,0.6388888888888888,5.551115123125783e-17,0.13648798393458128
1979-01,0.33576593215917283,0.5833333333333334,0.867195177973691,0.4306194074584307,0.6388888888888888,-5.551115123125783e-17,0.10236598795093596
1979-02,0.3427102303521861,0.6111111111111112,0.8457871317115097,0.47231848823762146,0.6111111111111112,-5.551115123125783e-17,0.13648798393458128
1979-03,0.3428424072513114,0.6111111111111112,0.844636839382542,0.4701804437585733,0.6111111111111112,5.551115123125783e-17,0.13648798393458128
1979-04,0.33836895749679335,0.5833333333333334,0.8793364216659916,0.44154342283987075,0.6111111111111112,-1.1102230246251565e-16,0.10236598795093596
1979-05,0.33847486665308885,0.5833333333333334,0.8996615398260533,0.4697514668992674,0.5833333333333334,5.551115123125783e-17,0.10236598795093596
1979-06,0.35763626492550166,0.5555555555555556,0.9595432670223387,0.41709975425338863,0.5833333333333334,0.0,0.06824399196729064
1979-07,0.35298075922761496,0.5833333333333334,0.9073909202548136,0.44672551682563727,0.5833333333333334,5.551115123125783e-17,0.10236598795093596
1979-08,0.33722967529781656,0.5555555555555556,0.9182453729284109,0.4101168014465399,0.6111111111111112,5.551115123125783e-17,0.06824399196729064
1979-09,0.29755965490901976,0.5555555555555556,0.858044335323472,0.42164367404085945,0.5833333333333334,-5.551115123125783e-17,0.06824399196729064
1979-10,0.42805009439686487,0.6388888888888888,0.798663014329337,0.26057661736034454,0.6111111111111112,-5.551115123125783e-17,0.17060997991822646
1979-11,0.44430176682843925,0.6111111111111112,0.846826071166403,0.21997226619039226,0.6388888888888888,0.0,0.13648798393458128
1979-12,0.4461445635012189,0.6111111111111112,0.8559848202870864,0.22975759455523162,0.6388888888888888,0.0,0.13648798393458128
1980-01,0.3943275185890106,0.5833333333333334,0.8669590473631457,0.2936451229340459,0.6111111111111112,-5.551115123125783e-17,0.10236598795093596
1980-02,0.11084361239804562,0.5277777777777778,0.6504138109041607,0.49872564548514464,0.5833333333333334,-4.163336342344337e-17,0.03412199598364532
1980-03,0.1274883614325948,0.5833333333333334,0.5713312631979539,0.5023909251344142,0.6111111111111112,5.551115123125783e-17,0.10236598795093596
1980-04,0.056202932787744776,0.5833333333333334,0.46195019445949825,0.5155900957385597,0.6111111111111112,3.469446951953614e-17,0.10236598795093596
1980-05,0.1625774331510766,0.5555555555555556,0.6168183954898914,0.4153848593443842,0.6388888888888888,-2.7755575615628914e-17,0.06824399196729064
1980-06,0.2060525174128091,0.5833333333333334,0.6421024565169707,0.4181542318272045,0.6388888888888888,-2.7755575615628914e-17,0.10236598795093596
1980-07,0.17390917400454176,0.5833333333333334,0.6172135622525323,0.4583109144762812,0.6111111111111112,-2.7755575615628914e-17,0.10236598795093596
1980-08,0.13971819787413725,0.5555555555555556,0.6180410680186523,0.4669177771736402,0.6111111111111112,0.0,0.06824399196729064
1980-09,0.13889454902969361,0.5555555555555556,0.6110933165565055,0.460034819693177,0.6111111111111112,5.551115123125783e-17,0.06824399196729064
1980-10,0.13090121044641093,0.5277777777777778,0.6300112613614107,0.4346277411907308,0.5833333333333334,-2.7755575615628914e-17,0.03412199598364532
1980-11,0.09123705432043201,0.4722222222222222,0.6649677157827111,0.4269028561626825,0.5555555555555556,4.163336342344337e-17,-0.03412199598364532
1980-12,0.0888649627747475,0.4444444444444444,0.7044535867836403,0.4080491845711042,0.5277777777777778,-5.551115123125783e-17,-0.06824399196729064
1981-01,0.0645040107629204,0.4722222222222222,0.640593286405058,0.4543392364307247,0.5277777777777778,4.163336342344337e-17,-0.03412199598364532
1981-02,0.09222497444271566,0.4722222222222222,0.6831396520030701,0.4413421041345865,0.5555555555555556,0.0,-0.03412199598364532
1981-03,0.1032629538943295,0.5277777777777778,0.620096357975944,0.4804486714847883,0.5555555555555556,1.3877787807814457e-17,0.03412199598364532
1981-04,0.10580455182672034,0.5,0.6647639978290756,0.45903292483267477,0.5555555555555556,6.938893903907228e-17,0.0
1981-05,0.12129310352355824,0.5555555555555556,0.6262098709357973,0.517433674711963,0.5833333333333334,-1.3877787807814457e-17,0.06824399196729064
1981-06,0.11236032910781706,0.5555555555555556,0.6110856068538012,0.5180687886439015,0.6111111111111112,1.249000902703301e-16,0.06824399196729064
1981-07,0.13393549422394443,0.5277777777777778,0.6727981868167137,0.4762013677458532,0.6111111111111112,0.0,0.03412199598364532
1981-08,0.10569460191533166,0.5277777777777778,0.6429448777250452,0.5009789182199559,0.5833333333333334,0.0,0.03412199598364532
1981-09,0.10855672093013659,0.5833333333333334,0.5513698112057683,0.5186187201844235,0.5833333333333334,1.249000902703301e-16,0.10236598795093596
1981-10,0.10820581162547123,0.5555555555555556,0.5816897313183131,0.490411951217173,0.5833333333333334,2.7755575615628914e-17,0.06824399196729064
1981-11,0.13776658394635527,0.5277777777777778,0.6361427507188538,0.4273459897373993,0.5833333333333334,0.0,0.03412199598364532
1981-12,0.1391139611788679,0.5555555555555556,0.6054713766527059,0.4525274307371087,0.5833333333333334,1.1102230246251565e-16,0.06824399196729064
1982-01,0.17704998125664356,0.5555555555555556,0.6635225909803601,0.4421064047265422,0.5833333333333334,8.326672684688674e-17,0.06824399196729064
1982-02,0.16705537862120928,0.5833333333333334,0.6293580163432237,0.49130533943102517,0.5833333333333334,-5.551115123125783e-17,0.10236598795093596
1982-03,0.1324042671429169,0.5277777777777778,0.6865058887788708,0.4946742668703794,0.5555555555555556,8.326672684688674e-17,0.03412199598364532
1982-04,0.13690367599073436,0.5277777777777778,0.6828929179487876,0.48137275184419187,0.5555555555555556,-2.7755575615628914e-17,0.03412199598364532
1982-05,0.135956021941467,0.5277777777777778,0.6867018058796163,0.487580796691845,0.5833333333333334,-2.7755575615628914e-17,0.03412199598364532
1982-06,0.15451278741277327,0.5555555555555556,0.6691470201052852,0.4984370526661648,0.5833333333333334,5.551115123125783e-17,0.06824399196729064
1982-07,0.1506703532154314,0.5,0.743628863954163,0.45065873270193546,0.5833333333333334,-8.326672684688674e-17,0.0
1982-08,0.15201973060373394,0.5555555555555556,0.679920684426768,0.5173576948377918,0.5833333333333334,8.326672684688674e-17,0.06824399196729064
1982-09,0.22233111143283404,0.5277777777777778,0.7846085509752753,0.41917491578711974,0.6111111111111112,8.326672684688674e-17,0.03412199598364532
1982-10,0.27369499104663314,0.5555555555555556,0.8173762402286968,0.4230125073713609,0.6111111111111112,0.0,0.06824399196729064
1982-11,0.27667735292941753,0.5555555555555556,0.8204736018235341,0.4203602927463169,0.6111111111111112,0.0,0.06824399196729064
1982-12,0.27253629519685896,0.5277777777777778,0.8598471157348747,0.39990146276897387,0.6111111111111112,0.0,0.03412199598364532
1983-01,0.2832544839063841,0.5277777777777778,0.866358568734132,0.38511210995441547,0.6388888888888888,5.551115123125783e-17,0.03412199598364532
1983-02,0.35444589901884294,0.5,0.9969175444239775,0.3077171852206717,0.6388888888888888,0.0,0.0
1983-03,0.34642147573869303,0.5555555555555556,0.907851231103607,0.37701706070111796,0.6388888888888888,0.0,0.06824399196729064
1983-04,0.40424342810035174,0.6111111111111112,0.8682672185508378,0.35381134461472297,0.6666666666666666,-1.1102230246251565e-16,0.13648798393458128
1983-05,0.3789172373560718,0.6111111111111112,0.8448753694335103,0.3803682014339077,0.6666666666666666,1.1102230246251565e-16,0.13648798393458128
1983-06,0.36011716632747226,0.5833333333333334,0.8622042118082829,0.36681250843416086,0.6388888888888888,-5.551115123125783e-17,0.10236598795093596
1983-07,0.39115552659871317,0.6111111111111112,0.8401049004053721,0.3422760269973732,0.6388888888888888,-5.551115123125783e-17,0.13648798393458128
1983-08,0.44261197939551294,0.6111111111111112,0.8851398937715662,0.2844041702951073,0.6666666666666666,0.0,0.13648798393458128
1983-09,0.4581308215542476,0.6111111111111112,0.8969503890493279,0.2641664146204675,0.6944444444444444,5.551115123125783e-17,0.13648798393458128
1983-10,0.46744625988329946,0.5833333333333334,0.9449383842294733,0.23220579819356374,0.7222222222222222,5.551115123125783e-17,0.10236598795093596
1983-11,0.53682392629105,0.5833333333333334,0.993982959200963,0.1389869815355646,0.7222222222222222,1.1102230246251565e-16,0.10236598795093596
1983-12,0.5360897271470111,0.5833333333333334,0.9938083174895511,0.1404556144756789,0.7222222222222222,1.1102230246251565e-16,0.10236598795093596
1984-01,0.5416228600090134,0.6111111111111112,0.953211144366055,0.1438460768384103,0.7222222222222222,-1.1102230246251565e-16,0.13648798393458128
1984-02,0.5228788701305919,0.6111111111111112,0.922311708768542,0.14214979559551513,0.7222222222222222,-1.1102230246251565e-16,0.13648798393458128
1984-03,0.5234424261049739,0.6111111111111112,0.9206659251070627,0.13815467419152114,0.6944444444444444,-1.1102230246251565e-16,0.13648798393458128
1984-04,0.5322793472000958,0.6388888888888888,0.8907592243684156,0.14289884680540024,0.6944444444444444,0.0,0.17060997991822646
1984-05,0.5234789983570407,0.6388888888888888,0.8768062213873765,0.14190601149332568,0.6944444444444444,-1.1102230246251565e-16,0.17060997991822646
1984-06,0.5333626300058355,0.6944444444444444,0.8179615887368299,0.1619406971105912,0.6666666666666666,-1.1102230246251565e-16,0.2388539718855171
1984-07,0.5150837861977665,0.6388888888888888,0.8717483090792683,0.15555989168471857,0.6388888888888888,-1.1102230246251565e-16,0.17060997991822646
1984-08,0.5446875028636454,0.6111111111111112,0.9568335604699059,0.14187683786502397,0.6666666666666666,1.1102230246251565e-16,0.13648798393458128
1984-09,0.5474854977146867,0.6388888888888888,0.9321133726500228,0.17512424237973,0.6666666666666666,-1.1102230246251565e-16,0.17060997991822646
1984-10,0.5365678212436805,0.6388888888888888,0.9239413102365421,0.1900597224547425,0.6388888888888888,-1.1102230246251565e-16,0.17060997991822646
1984-11,0.5683081800720717,0.6111111111111112,1.0344683611430414,0.20482268875888537,0.6388888888888888,2.220446049250313e-16,0.13648798393458128
1984-12,0.5697035270395754,0.6111111111111112,1.0339123214357624,0.20046054465725985,0.6388888888888888,-2.220446049250313e-16,0.13648798393458128
1985-01,0.5267816237923456,0.5833333333333334,1.0315365390942686,0.21499403254983665,0.6388888888888888,-2.220446049250313e-16,0.10236598795093596
1985-02,0.5122261299270289,0.5555555555555556,1.0858033925243575,0.23675958144007114,0.6666666666666666,1.1102230246251565e-16,0.06824399196729064
1985-03,0.5782564500725363,0.6111111111111112,1.0386597290186474,0.1865384489908192,0.6944444444444444,1.1102230246251565e-16,0.13648798393458128
1985-04,0.5795990768159607,0.5833333333333334,1.086606946098347,0.16885187863377737,0.6944444444444444,0.0,0.10236598795093596
1985-05,0.5833992934115072,0.6111111111111112,1.0378404333581779,0.1723938760340828,0.6944444444444444,0.0,0.13648798393458128
1985-06,0.539854231482526,0.6388888888888888,0.9429155072133976,0.21478142800151837,0.6944444444444444,-2.220446049250313e-16,0.17060997991822646
1985-07,0.5475701166934396,0.6111111111111112,0.9898953511012677,0.18662454571124992,0.6666666666666666,1.1102230246251565e-16,0.13648798393458128
1985-08,0.5891086523471198,0.6666666666666666,0.9438259788688557,0.16941838839194537,0.6388888888888888,-2.220446049250313e-16,0.20473197590187178
1985-09,0.552039296950897,0.6666666666666666,0.8990766195309184,0.1880386229550538,0.6111111111111112,0.0,0.20473197590187178
1985-10,0.41846934181975204,0.6666666666666666,0.7310010695604463,0.2414665588132823,0.6111111111111112,5.551115123125783e-17,0.20473197590187178
1985-11,0.4375080492590131,0.6944444444444444,0.7251612517977748,0.25602268826171937,0.6111111111111112,-1.1102230246251565e-16,0.2388539718855171
1985-12,0.46798846387964205,0.6388888888888888,0.8312210817477803,0.2106529726470366,0.6111111111111112,-1.1102230246251565e-16,0.17060997991822646
1986-01,0.470353228294922,0.6388888888888888,0.8343951085857839,0.20990188516544325,0.6111111111111112,-2.220446049250313e-16,0.17060997991822646
1986-02,0.5097559749386207,0.6666666666666666,0.8463521720585064,0.2059160838793693,0.6388888888888888,-1.1102230246251565e-16,0.20473197590187178
1986-03,0.5530096387048344,0.6666666666666666,0.8998432724127411,0.18674176526971506,0.6388888888888888,-1.1102230246251565e-16,0.20473197590187178
1986-04,0.5601141488445296,0.6944444444444444,0.8733168562421229,0.2026296542267757,0.6388888888888888,1.1102230246251565e-16,0.2388539718855171
1986-05,0.5691170868446858,0.75,0.8100000569123549,0.21676705522995313,0.6111111111111112,0.0,0.30709796385280774
1986-06,0.5743950665784465,0.75,0.8261902810044572,0.2448122507638576,0.6388888888888888,-2.220446049250313e-16,0.30709796385280774
1986-07,0.5313803664857686,0.75,0.812727584417002,0.3717035502507946,0.6388888888888888,0.0,0.30709796385280774
1986-08,0.5034369922857993,0.6944444444444444,0.8515405840259943,0.3334745336951713,0.6388888888888888,-1.1102230246251565e-16,0.2388539718855171
1986-09,0.5272971047111765,0.75,0.8088525717359545,0.3759578635532882,0.6388888888888888,0.0,0.30709796385280774
1986-10,0.530026144086929,0.75,0.8113096968552499,0.37271630800547034,0.6111111111111112,-2.220446049250313e-16,0.30709796385280774
1986-11,0.5206251235512774,0.6666666666666666,0.9041657779248474,0.28984161215846876,0.6388888888888888,0.0,0.20473197590187178
1986-12,0.5155637699888881,0.6666666666666666,0.9002567074570443,0.29678575244649846,0.6666666666666666,-2.220446049250313e-16,0.20473197590187178
1987-01,0.4763544663705796,0.6388888888888888,0.903429592472514,0.315882638761349,0.6666666666666666,-1.1102230246251565e-16,0.17060997991822646
1987-02,0.4015819489779008,0.6388888888888888,0.8666263939337394,0.4520799112499597,0.6388888888888888,0.0,0.17060997991822646
1987-03,0.377183597684622,0.6111111111111112,0.8939996903105946,0.4618976619908083,0.6666666666666666,-1.1102230246251565e-16,0.13648798393458128
1987-04,0.3992451459505851,0.6111111111111112,0.8981065402259625,0.41319741262147847,0.6944444444444444,0.0,0.13648798393458128
1987-05,0.39243652732838075,0.6111111111111112,0.8878024196851336,0.4140267697556864,0.6666666666666666,5.551115123125783e-17,0.13648798393458128
1987-06,0.38371704365325426,0.6388888888888888,0.8431500361652782,0.45864263876442346,0.6944444444444444,-2.7755575615628914e-16,0.17060997991822646
1987-07,0.3918572618017365,0.6666666666666666,0.8185296024941233,0.4941421913998481,0.7222222222222222,5.551115123125783e-17,0.20473197590187178
1987-08,0.2742948157803562,0.5833333333333334,0.8320635042718104,0.5248676691597036,0.6944444444444444,-5.551115123125783e-17,0.10236598795093596
1987-09,0.34841841776692173,0.5833333333333334,0.9070261684838881,0.456860327754626,0.6944444444444444,-1.1102230246251565e-16,0.10236598795093596
1987-10,0.3330302123704163,0.5833333333333334,0.7842632663144197,0.32089807730921593,0.6944444444444444,1.1102230246251565e-16,0.10236598795093596
1987-11,0.14571677845956627,0.6666666666666666,0.5741112524970788,0.7232152344870895,0.6666666666666666,-5.551115123125783e-17,0.20473197590187178
1987-12,0.15491515900867622,0.6666666666666666,0.5830902631983194,0.7143446459546666,0.6944444444444444,-1.3877787807814457e-16,0.20473197590187178
1988-01,0.16218818805333773,0.6944444444444444,0.5698892166358498,0.7791494394572204,0.6944444444444444,-5.551115123125783e-17,0.2388539718855171
1988-02,0.18626473243611796,0.7222222222222222,0.5673629998118355,0.8232172359843591,0.6944444444444444,5.551115123125783e-17,0.27297596786916245
1988-03,0.16818532632866273,0.6944444444444444,0.5773635850318453,0.7770548367539033,0.6666666666666666,-8.326672684688674e-17,0.2388539718855171
1988-04,0.1854061780525537,0.6944444444444444,0.5917240795850306,0.7548987052533076,0.6666666666666666,0.0,0.2388539718855171
1988-05,0.19830585884447774,0.6944444444444444,0.6061357955888252,0.746608166378537,0.6666666666666666,2.7755575615628914e-17,0.2388539718855171
1988-06,0.200337065362193,0.6944444444444444,0.6129849059470264,0.755711396454446,0.6666666666666666,-1.3877787807814457e-16,0.2388539718855171
1988-07,0.20689797237935448,0.7222222222222222,0.5945157076424344,0.8215979365425887,0.6944444444444444,0.0,0.27297596786916245
1988-08,0.21562396457626404,0.7222222222222222,0.6041942324133972,0.8162211282579085,0.7222222222222222,-2.7755575615628914e-17,0.27297596786916245
1988-09,0.21566084244514946,0.7222222222222222,0.6061892836406426,0.8212791889076477,0.75,-5.551115123125783e-17,0.27297596786916245
1988-10,0.22013941936942708,0.7222222222222222,0.6108611112467385,0.8177509214485251,0.75,2.7755575615628914e-17,0.27297596786916245
1988-11,0.1997329102866526,0.7222222222222222,0.5880351771454371,0.829826274574852,0.75,2.7755575615628914e-17,0.27297596786916245
1988-12,0.16756967848355675,0.6944444444444444,0.5796038411002714,0.7841052073256637,0.7222222222222222,-8.326672684688674e-17,0.2388539718855171
1989-01,0.1685441966531665,0.7222222222222222,0.5570139199841407,0.8583315036726831,0.7222222222222222,2.7755575615628914e-17,0.27297596786916245
1989-02,0.13191298602324877,0.6944444444444444,0.5427336699930844,0.8137624762739457,0.7222222222222222,-5.551115123125783e-17,0.2388539718855171
1989-03,0.0510754733397499,0.7222222222222222,0.4564901923553917,1.0081103434348937,0.7222222222222222,-3.469446951953614e-17,0.27297596786916245
1989-04,0.04536192714351754,0.75,0.44347468907103077,1.1540165727660796,0.7222222222222222,-6.938893903907228e-18,0.30709796385280774
1989-05,0.06381433159844001,0.7222222222222222,0.48739589433677794,1.0438791646810823,0.75,5.551115123125783e-17,0.27297596786916245
1989-06,0.09182393538385958,0.7222222222222222,0.5017419250699902,0.9831452313384659,0.75,-4.163336342344337e-17,0.27297596786916245
1989-07,0.13771362265512743,0.7777777777777778,0.4930051033866298,1.1230207627370217,0.7777777777777778,0.0,0.34121995983645304
1989-08,0.12862183346759287,0.75,0.5034820126880549,1.010250019023526,0.7777777777777778,-8.326672684688674e-17,0.30709796385280774
1989-09,0.10933529276194767,0.75,0.48640396119169976,1.0340190783897472,0.7777777777777778,2.7755575615628914e-17,0.30709796385280774
1989-10,0.1049053647240696,0.7222222222222222,0.503499208823507,0.9419291664068744,0.8055555555555556,0.0,0.27297596786916245
1989-11,0.08568961004790619,0.6944444444444444,0.5098067376878738,0.8860029173200115,0.7777777777777778,2.7755575615628914e-17,0.2388539718855171
1989-12,0.08571478991725223,0.7222222222222222,0.4906080435746886,0.9755791485838078,0.7777777777777778,-8.326672684688674e-17,0.27297596786916245
1990-01,0.10665447241659266,0.7222222222222222,0.515143395746592,0.966082175483065,0.7777777777777778,-6.938893903907228e-17,0.27297596786916245
1990-02,0.14474056353109147,0.75,0.5216482222310481,1.0020646974055663,0.8055555555555556,2.7755575615628914e-17,0.30709796385280774
1990-03,0.14080660181759277,0.7222222222222222,0.5427895781753546,0.9184297968943473,0.7777777777777778,-8.326672684688674e-17,0.27297596786916245
1990-04,0.1261924792110336,0.7222222222222222,0.5574980207252856,1.007821176647125,0.75,-2.7755575615628914e-17,0.27297596786916245
1990-05,0.12619789851925894,0.7222222222222222,0.5800415746479518,1.0664154492672684,0.7777777777777778,-5.551115123125783e-17,0.27297596786916245
1990-06,0.12335883973681223,0.7222222222222222,0.5765448226319538,1.067260599764237,0.7777777777777778,0.0,0.27297596786916245
1990-07,0.12691282517784291,0.7222222222222222,0.5793019265434418,1.0619901208904987,0.7777777777777778,-8.326672684688674e-17,0.27297596786916245
1990-08,0.22458611401714867,0.7222222222222222,0.6381744338054408,0.873202128834126,0.8055555555555556,-1.1102230246251565e-16,0.27297596786916245
1990-09,0.20179958035101586,0.75,0.6070605525340917,1.0364055117927693,0.8055555555555556,-5.551115123125783e-17,0.30709796385280774
1990-10,0.17863630552267898,0.7222222222222222,0.6664876400107698,1.107640794698625,0.8055555555555556,-5.551115123125783e-17,0.27297596786916245
1990-11,0.5884699842090575,0.7777777777777778,0.8533216350417401,0.4120695417314637,0.8333333333333334,-1.1102230246251565e-16,0.34121995983645304
1990-12,0.5990724214735978,0.7222222222222222,0.9305728832847276,0.3227360213826992,0.8333333333333334,0.0,0.27297596786916245
1991-01,0.584227756477689,0.7777777777777778,0.8489903622905219,0.41546983342693755,0.8055555555555556,-1.1102230246251565e-16,0.34121995983645304
1991-02,0.5756153012645479,0.7777777777777778,0.8234701432973505,0.36382855850832974,0.8055555555555556,-1.1102230246251565e-16,0.34121995983645304
1991-03,0.5633477383460804,0.7777777777777778,0.8134789015993972,0.3825298003337888,0.8055555555555556,-2.220446049250313e-16,0.34121995983645304
1991-04,0.5583847346520641,0.7777777777777778,0.8111370266596637,0.3960463792060424,0.8055555555555556,0.0,0.34121995983645304
1991-05,0.5402603728460093,0.7222222222222222,0.8559021861277212,0.33443437897104317,0.7777777777777778,-2.220446049250313e-16,0.27297596786916245
1991-06,0.531124497877688,0.7777777777777778,0.7867582300771827,0.42998412705525396,0.75,0.0,0.34121995983645304
1991-07,0.5270847173736928,0.75,0.811715491323425,0.38537257307258055,0.75,0.0,0.30709796385280774
1991-08,0.5132636728304246,0.6944444444444444,0.8571342251301854,0.31492064356270666,0.75,-1.1102230246251565e-16,0.2388539718855171
1991-09,0.4945688710098286,0.6666666666666666,0.8873042515150601,0.3321159625847863,0.7222222222222222,5.551115123125783e-17,0.20473197590187178
1991-10,0.4823124260342841,0.6388888888888888,0.9153637744092487,0.3209563000163669,0.7222222222222222,5.551115123125783e-17,0.17060997991822646
1991-11,0.464421234670034,0.6111111111111112,0.9392054408821234,0.3148411775682519,0.7222222222222222,5.551115123125783e-17,0.13648798393458128
1991-12,0.46245324106517893,0.6111111111111112,0.9310043887521641,0.30687379394759595,0.75,1.1102230246251565e-16,0.13648798393458128
1992-01,0.4438378643913293,0.6111111111111112,0.8937188651103505,0.294820698480799,0.75,5.551115123125783e-17,0.13648798393458128
1992-02,0.46378817247936105,0.6388888888888888,0.8618251271516894,0.27610706828547865,0.75,-1.6653345369377348e-16,0.17060997991822646
1992-03,0.46991038628765297,0.6388888888888888,0.8688366344096822,0.2720291593349877,0.75,-2.7755575615628914e-16,0.17060997991822646
1992-04,0.4629402925210019,0.6388888888888888,0.8581987955867578,0.27197400463541227,0.75,5.551115123125783e-17,0.17060997991822646
1992-05,0.4473286368149786,0.6388888888888888,0.8382354488914868,0.2786856181523036,0.75,-1.6653345369377348e-16,0.17060997991822646
1992-06,0.42654826183673056,0.6388888888888888,0.8325346801730017,0.3245468061302672,0.7222222222222222,-1.6653345369377348e-16,0.17060997991822646
1992-07,0.4112942798936712,0.6388888888888888,0.8015598841849187,0.31081365692112617,0.7222222222222222,-5.551115123125783e-17,0.17060997991822646
1992-08,0.43605106018323087,0.6666666666666666,0.7728341497459161,0.27385270729074235,0.7222222222222222,-1.1102230246251565e-16,0.20473197590187178
1992-09,0.4320644788418753,0.6388888888888888,0.8025396683120638,0.25662735474706366,0.7222222222222222,5.551115123125783e-17,0.17060997991822646
1992-10,0.44724726302139073,0.6666666666666666,0.7853075038578412,0.26614382390329244,0.7222222222222222,5.551115123125783e-17,0.20473197590187178
1992-11,0.4207670685184068,0.7222222222222222,0.7090052131291403,0.37072881432134136,0.7222222222222222,-1.6653345369377348e-16,0.27297596786916245
1992-12,0.4248216033025987,0.6666666666666666,0.773157604780378,0.30725219992817654,0.7222222222222222,-1.6653345369377348e-16,0.20473197590187178
1993-01,0.39170511166199595,0.6111111111111112,0.8062805275628093,0.2877494784437105,0.7222222222222222,0.0,0.13648798393458128
1993-02,0.361122786874233,0.6111111111111112,0.76437507423887,0.29835386376121315,0.7222222222222222,0.0,0.13648798393458128
1993-03,0.3815352413841764,0.6111111111111112,0.7785277832387635,0.26956269877190214,0.75,-1.6653345369377348e-16,0.13648798393458128
1993-04,0.38529888477558644,0.6111111111111112,0.7867040690318695,0.27300203939682843,0.75,1.6653345369377348e-16,0.13648798393458128
1993-05,0.3926697274775128,0.6388888888888888,0.7553276552392446,0.2791612006761293,0.7222222222222222,-1.1102230246251565e-16,0.17060997991822646
1993-06,0.38060631180962873,0.7222222222222222,0.6539886871790521,0.36824849533183485,0.7222222222222222,0.0,0.27297596786916245
1993-07,0.37582842417501117,0.6944444444444444,0.6771338296709427,0.3431228086952895,0.7222222222222222,-3.3306690738754696e-16,0.2388539718855171
1993-08,0.2897701218872605,0.6111111111111112,0.6701959326946799,0.32873973237348864,0.7222222222222222,0.0,0.13648798393458128
1993-09,0.24306306825646692,0.5555555555555556,0.6685607540836482,0.30400048079353886,0.7222222222222222,5.551115123125783e-17,0.06824399196729064
1993-10,0.2689035765444231,0.5833333333333334,0.66085235676788,0.2977516208713781,0.75,0.0,0.10236598795093596
1993-11,0.2683990979441049,0.6388888888888888,0.5893442559721167,0.3200730353319241,0.7222222222222222,-1.1102230246251565e-16,0.17060997991822646
1993-12,0.23681475886781483,0.6388888888888888,0.546411617583607,0.32915004954226484,0.7222222222222222,-1.1102230246251565e-16,0.17060997991822646
1994-01,0.2304229351521833,0.6111111111111112,0.5679235846747414,0.316394009465564,0.75,-2.7755575615628914e-17,0.13648798393458128
1994-02,0.20119177037419494,0.5833333333333334,0.6254526807290163,0.4061862888141678,0.75,8.326672684688674e-17,0.10236598795093596
1994-03,0.3353917498793972,0.6388888888888888,0.6815838029230824,0.3029012478039996,0.7777777777777778,-1.1102230246251565e-16,0.17060997991822646
1994-04,0.43078507032351104,0.6111111111111112,0.8392979224711716,0.24193405950306374,0.7777777777777778,-5.551115123125783e-17,0.13648798393458128
1994-05,0.419408465859269,0.6388888888888888,0.7944182699530719,0.2763326079881724,0.7777777777777778,-2.220446049250313e-16,0.17060997991822646
1994-06,0.4191771983205609,0.6111111111111112,0.8303058354791762,0.25682331709444617,0.8055555555555556,0.0,0.13648798393458128
1994-07,0.42959985351433994,0.6388888888888888,0.8077171894518006,0.27242311418380916,0.8055555555555556,-1.6653345369377348e-16,0.17060997991822646
1994-08,0.4006995531176263,0.6388888888888888,0.7696994126655868,0.2829693947839679,0.8055555555555556,-2.220446049250313e-16,0.17060997991822646
1994-09,0.4203656011608672,0.6944444444444444,0.7181355056132287,0.2945992363363971,0.8055555555555556,-1.6653345369377348e-16,0.2388539718855171
1994-10,0.4386482596555964,0.6944444444444444,0.7386992186856796,0.2831628526541922,0.8055555555555556,0.0,0.2388539718855171
1994-11,0.4551173188913789,0.7222222222222222,0.7264304618102551,0.29580858458683623,0.8055555555555556,1.1102230246251565e-16,0.27297596786916245
1994-12,0.43464845606928487,0.6666666666666666,0.7890051837229897,0.31028570391056515,0.7777777777777778,-1.6653345369377348e-16,0.20473197590187178
1995-01,0.5061304126586276,0.6666666666666666,0.9281888879255261,0.3801640722633886,0.7777777777777778,-1.1102230246251565e-16,0.20473197590187178
1995-02,0.5296945659200698,0.6666666666666666,0.9456626313192267,0.3463827787049167,0.7777777777777778,-2.220446049250313e-16,0.20473197590187178
1995-03,0.5363865848216256,0.7222222222222222,0.8750995702166218,0.3979058356875274,0.7777777777777778,-1.1102230246251565e-16,0.27297596786916245
1995-04,0.5440158488252307,0.75,0.8444849122894764,0.4178375469925317,0.7777777777777778,0.0,0.30709796385280774
1995-05,0.5749062502757744,0.7222222222222222,0.9071787957527371,0.34649299299190595,0.7777777777777778,0.0,0.27297596786916245
1995-06,0.6356612586115518,0.7222222222222222,0.9618411940040812,0.2759726992701801,0.8055555555555556,0.0,0.27297596786916245
1995-07,0.5897834193855174,0.75,0.9003282768004901,0.40738264390223594,0.7777777777777778,-1.1102230246251565e-16,0.30709796385280774
1995-08,0.6003491408171983,0.7777777777777778,0.8791357759884681,0.45044772488439566,0.75,1.1102230246251565e-16,0.34121995983645304
1995-09,0.6315318415096298,0.8055555555555556,0.8733878127452395,0.46066173096784324,0.75,0.0,0.3753419558200984
1995-10,0.6187488566619374,0.75,0.9291365164119374,0.3811639955504996,0.75,1.1102230246251565e-16,0.30709796385280774
1995-11,0.6722684998510323,0.75,0.958750649748855,0.26187444982588415,0.7777777777777778,-1.1102230246251565e-16,0.30709796385280774
1995-12,0.6839206785143326,0.75,0.9724974825328928,0.2578009200429408,0.7777777777777778,-2.220446049250313e-16,0.30709796385280774
1996-01,0.6958294534469069,0.75,0.9778289677826486,0.227483473276641,0.7777777777777778,0.0,0.30709796385280774
1996-02,0.5747382466195816,0.7222222222222222,0.9269726949914703,0.3985451438092874,0.75,-2.220446049250313e-16,0.27297596786916245
1996-03,0.5800610796452261,0.7222222222222222,0.9263284245943239,0.37824012518695066,0.75,-1.1102230246251565e-16,0.27297596786916245
1996-04,0.604601125142975,0.75,0.9241385811544424,0.42118914568509047,0.75,0.0,0.30709796385280774
1996-05,0.5819306798001026,0.7222222222222222,0.9464656605739681,0.4240533381919584,0.75,-2.220446049250313e-16,0.27297596786916245
1996-06,0.5845693006146406,0.75,0.9102357901346514,0.4573823124581293,0.7222222222222222,0.0,0.30709796385280774
1996-07,0.5342198631455759,0.7222222222222222,0.8725247558762538,0.39879484426874473,0.6944444444444444,-2.220446049250313e-16,0.27297596786916245
1996-08,0.545074639425681,0.75,0.8515563867836874,0.43493445147341386,0.6944444444444444,-1.1102230246251565e-16,0.30709796385280774
1996-09,0.5493334216290263,0.7222222222222222,0.9025936339438972,0.4240764725525407,0.6666666666666666,0.0,0.27297596786916245
1996-10,0.5724671087757555,0.75,0.8914512751178009,0.44809284678102057,0.6666666666666666,-1.1102230246251565e-16,0.30709796385280774
1996-11,0.5928605043270471,0.75,0.9113463631457228,0.42847046149865187,0.6944444444444444,-1.1102230246251565e-16,0.30709796385280774
1996-12,0.5925804209079147,0.75,0.9110517587881569,0.4286758617225803,0.6666666666666666,-1.1102230246251565e-16,0.30709796385280774
1997-01,0.5557300523831465,0.7222222222222222,0.9240802469305323,0.45755345867837127,0.6388888888888888,-1.1102230246251565e-16,0.27297596786916245
1997-02,0.5553408494790643,0.7222222222222222,0.9178043351364983,0.44259829817817015,0.6388888888888888,1.1102230246251565e-16,0.27297596786916245
1997-03,0.5346586858405277,0.7222222222222222,0.8977854271750785,0.46293671021335747,0.6388888888888888,-1.1102230246251565e-16,0.27297596786916245
1997-04,0.4796360540257055,0.7222222222222222,0.8304200661582558,0.4803659829214963,0.6388888888888888,-2.220446049250313e-16,0.27297596786916245
1997-05,0.4706381679341148,0.7222222222222222,0.7832264908144022,0.38915528834804436,0.6666666666666666,-1.6653345369377348e-16,0.27297596786916245
1997-06,0.49008338134448165,0.7777777777777778,0.7382983354513623,0.43992938069766097,0.6666666666666666,-1.1102230246251565e-16,0.34121995983645304
1997-07,0.49660324036922726,0.7777777777777778,0.7344108937779603,0.3977989516074919,0.6666666666666666,-5.551115123125783e-17,0.34121995983645304
1997-08,0.5006128167580792,0.7777777777777778,0.7426017329494243,0.408924992006389,0.6388888888888888,-1.1102230246251565e-16,0.34121995983645304
1997-09,0.4908813391477198,0.75,0.7591658571971022,0.36851458601684045,0.6666666666666666,0.0,0.30709796385280774
1997-10,0.46580276976953516,0.7222222222222222,0.7577579916000788,0.33986108396683157,0.6666666666666666,0.0,0.27297596786916245
1997-11,0.4216787898216411,0.7222222222222222,0.718824644651533,0.3930683117182415,0.6388888888888888,0.0,0.27297596786916245
1997-12,0.4491953665621534,0.75,0.706803268173576,0.37353893455679754,0.6666666666666666,0.0,0.30709796385280774
1998-01,0.4187729612709963,0.75,0.6935398494820594,0.45205803239230424,0.6666666666666666,-1.6653345369377348e-16,0.30709796385280774
1998-02,0.3741021083292686,0.6944444444444444,0.7090140814898008,0.4210707496109654,0.6666666666666666,-5.551115123125783e-17,0.2388539718855171
1998-03,0.34907014135513637,0.6388888888888888,0.7592149838814284,0.40342228321869833,0.6388888888888888,-5.551115123125783e-17,0.17060997991822646
1998-04,0.3438728277879537,0.6111111111111112,0.7901184074596724,0.3819325708238866,0.6388888888888888,5.551115123125783e-17,0.13648798393458128
1998-05,0.34316103171990603,0.6111111111111112,0.8027629860524633,0.4035821130683917,0.6111111111111112,0.0,0.13648798393458128
1998-06,0.3266205252106912,0.5833333333333334,0.8544842798923469,0.43416343302433963,0.6111111111111112,0.0,0.10236598795093596
1998-07,0.33685965123507966,0.6111111111111112,0.816057098355991,0.4402263121860014,0.6388888888888888,-1.1102230246251565e-16,0.13648798393458128
1998-08,0.24546866259743239,0.5833333333333334,0.7267312392785664,0.4446635222626506,0.6388888888888888,8.326672684688674e-17,0.10236598795093596
1998-09,0.05416416524862852,0.5,0.704831281973814,0.5995120717681472,0.6111111111111112,6.245004513516506e-17,0.0
1998-10,0.0526591008210506,0.5,0.6923761543081033,0.5899834582671715,0.6111111111111112,4.163336342344337e-17,0.0
1998-11,-0.07366880935862669,0.5277777777777778,0.5799197182054501,0.7998166454973815,0.5833333333333334,2.7755575615628914e-17,0.03412199598364532
1998-12,-0.07218469715691758,0.5277777777777778,0.5849296437946861,0.8023604489759502,0.5833333333333334,1.3877787807814457e-17,0.03412199598364532
1999-01,-0.0818032273921119,0.5277777777777778,0.5839159390891474,0.8210303412598658,0.5555555555555556,-8.326672684688674e-17,0.03412199598364532
1999-02,-0.030651600069868844,0.5555555555555556,0.5913408153066766,0.8062263942861838,0.5833333333333334,9.020562075079397e-17,0.06824399196729064
1999-03,-0.08083465617015266,0.5277777777777778,0.579284832182297,0.8138602810246461,0.5555555555555556,1.3877787807814457e-17,0.03412199598364532
1999-04,-0.10141892591441806,0.5,0.5833817049410913,0.7805851719969042,0.5833333333333334,0.0,0.0
1999-05,-0.06230102467560028,0.5555555555555556,0.5666249740696544,0.8445647090649434,0.6111111111111112,7.632783294297951e-17,0.06824399196729064
1999-06,-0.027704641005477537,0.5555555555555556,0.6010551223467331,0.8119228051328986,0.6388888888888888,3.469446951953614e-18,0.06824399196729064
1999-07,-0.01773816826660033,0.5833333333333334,0.6033155642255741,0.8860308492045378,0.6666666666666666,6.591949208711867e-17,0.10236598795093596
1999-08,0.013030809603254565,0.5833333333333334,0.6317104114858744,0.8539893536726298,0.6666666666666666,1.5785983631388945e-16,0.10236598795093596
1999-09,0.012627093201190015,0.5833333333333334,0.6304024737009776,0.8531002457119252,0.6666666666666666,5.204170427930421e-17,0.10236598795093596
1999-10,0.015157276741784591,0.5555555555555556,0.6674379483458159,0.8011408925596163,0.6666666666666666,-1.3877787807814457e-17,0.06824399196729064
1999-11,-0.006439590015450963,0.5833333333333334,0.6117155423152665,0.8714274692774252,0.6666666666666666,7.892991815694472e-17,0.10236598795093596
1999-12,-0.01582690413577408,0.5555555555555556,0.6304431904116466,0.8226753408115643,0.6666666666666666,-4.5102810375396984e-17,0.06824399196729064
2000-01,0.02151183025115816,0.5833333333333334,0.627917024837155,0.8288895641859813,0.6944444444444444,6.938893903907228e-17,0.10236598795093596
2000-02,-0.014002157513057844,0.5555555555555556,0.6181842596828714,0.8033600441634032,0.6666666666666666,1.734723475976807e-17,0.06824399196729064
2000-03,-0.016587486655815855,0.5277777777777778,0.6477875512904973,0.7581485592631176,0.6666666666666666,1.457167719820518e-16,0.03412199598364532
2000-04,-0.05781590407101326,0.5277777777777778,0.5947558914185682,0.7837599164375448,0.6666666666666666,-2.0816681711721685e-17,0.03412199598364532
2000-05,-0.02778746514994077,0.5277777777777778,0.62648596471158,0.7573996829275262,0.6666666666666666,7.979727989493313e-17,0.03412199598364532
2000-06,-0.03719998249531265,0.5277777777777778,0.6017200616814868,0.749098856428482,0.6666666666666666,0.0,0.03412199598364532
2000-07,-0.07837955395669746,0.5277777777777778,0.545903110435188,0.771496675691352,0.6666666666666666,-1.3877787807814457e-17,0.03412199598364532
2000-08,-0.08490859217820074,0.4722222222222222,0.5980816985371784,0.6915362948088978,0.6944444444444444,2.7755575615628914e-17,-0.03412199598364532
2000-09,-0.08527754295811098,0.4722222222222222,0.5902215473386283,0.685183174120556,0.6666666666666666,2.7755575615628914e-17,-0.03412199598364532
2000-10,-0.09476898495858242,0.5277777777777778,0.4965761274839188,0.750109464455579,0.6388888888888888,0.0,0.03412199598364532
2000-11,-0.08474017790159555,0.5277777777777778,0.5023594086190762,0.7359255876657821,0.6388888888888888,0.0,0.03412199598364532
2000-12,-0.1479077386878006,0.4722222222222222,0.5023196819422426,0.7219055498469025,0.6111111111111112,-5.551115123125783e-17,-0.03412199598364532
2001-01,-0.14459155963527057,0.4722222222222222,0.5130028319610961,0.7253554068722685,0.6111111111111112,2.7755575615628914e-17,-0.03412199598364532
2001-02,-0.1440906967049661,0.5,0.4831146012308477,0.7632909559349483,0.5833333333333334,8.326672684688674e-17,0.0
2001-03,-0.17551443118641635,0.5833333333333334,0.3655504944912467,0.9213043650560502,0.5833333333333334,8.326672684688674e-17,0.10236598795093596
2001-04,-0.1731348050132489,0.5555555555555556,0.38477389047323024,0.8596997490580199,0.5555555555555556,-2.7755575615628914e-17,0.06824399196729064
2001-05,-0.2129989371047046,0.5277777777777778,0.39603577063243556,0.8811554376871139,0.5555555555555556,2.7755575615628914e-17,0.03412199598364532
2001-06,-0.21859905687713138,0.5277777777777778,0.3929299673634922,0.8892139041532912,0.5277777777777778,5.551115123125783e-17,0.03412199598364532
2001-07,-0.22615452647618303,0.5,0.4061114007538545,0.8458563133464326,0.5,0.0,0.0
2001-08,-0.22794278949981997,0.5,0.4170415695139552,0.8602636602080496,0.5,2.7755575615628914e-17,0.0
2001-09,-0.21745732864305703,0.5,0.40756740998991764,0.8304011045736395,0.5,1.1102230246251565e-16,0.0
2001-10,-0.21458034772480783,0.5,0.4248285946970005,0.8420681597174602,0.5,2.7755575615628914e-17,0.0
2001-11,-0.14334831025875736,0.5,0.4585605456124542,0.7372933711155933,0.5,8.326672684688674e-17,0.0
2001-12,-0.17936847414376086,0.4722222222222222,0.44624155599099585,0.7296843708883453,0.4722222222222222,0.0,-0.03412199598364532
2002-01,-0.17289711294075524,0.4444444444444444,0.47762066998427555,0.684666483633742,0.4722222222222222,0.0,-0.06824399196729064
2002-02,-0.1868777038602664,0.3888888888888889,0.5310289455940582,0.6352329487920971,0.4444444444444444,5.551115123125783e-17,-0.13648798393458123
2002-03,-0.21632818957307903,0.4166666666666667,0.4819803004387134,0.704818625792308,0.4444444444444444,5.551115123125783e-17,-0.10236598795093589
2002-04,-0.23114114459997828,0.3888888888888889,0.5115685710955954,0.6932681843789809,0.4166666666666667,-1.1102230246251565e-16,-0.13648798393458123
2002-05,-0.23806069545701553,0.3888888888888889,0.5098141453910496,0.7031601080213744,0.3888888888888889,2.7755575615628914e-17,-0.13648798393458123
2002-06,-0.27551667945540476,0.4166666666666667,0.4487585266530651,0.7797362705111972,0.3611111111111111,1.6653345369377348e-16,-0.10236598795093589
2002-07,-0.3416001181240386,0.3611111111111111,0.45197835446607615,0.7752922931478409,0.3333333333333333,5.551115123125783e-17,-0.17060997991822652
2002-08,-0.3280723400757209,0.3888888888888889,0.3935311242132462,0.7723621655288947,0.3333333333333333,-1.6653345369377348e-16,-0.13648798393458123
2002-09,-0.35125394434338864,0.3888888888888889,0.36553585396624577,0.7914268185248201,0.3333333333333333,0.0,-0.13648798393458123
2002-10,-0.35457152151494276,0.3888888888888889,0.36416870865904544,0.7958347806477104,0.3333333333333333,1.6653345369377348e-16,-0.13648798393458123
2002-11,-0.3991990996446576,0.3333333333333333,0.4163236443166019,0.7903271758067599,0.3055555555555556,0.0,-0.20473197590187184
2002-12,-0.3804168489657072,0.3611111111111111,0.3943746147832889,0.8018025959122831,0.3055555555555556,0.0,-0.17060997991822652
2003-01,-0.3881644697448369,0.4166666666666667,0.35078939384951346,0.8975046356577139,0.2777777777777778,2.220446049250313e-16,-0.10236598795093589
2003-02,-0.3888665848831211,0.3888888888888889,0.37230333162136153,0.8555716869821954,0.2777777777777778,0.0,-0.13648798393458123
2003-03,-0.42789262819791535,0.3611111111111111,0.34081703328469126,0.8437766704186097,0.2777777777777778,1.6653345369377348e-16,-0.17060997991822652
2003-04,-0.4759043483025256,0.3055555555555556,0.3505056372919762,0.8204885680320055,0.25,-1.1102230246251565e-16,-0.2388539718855171
2003-05,-0.4423264344073526,0.4166666666666667,0.3223700204861496,0.967475024359504,0.25,5.551115123125783e-17,-0.10236598795093589
2003-06,-0.4387267178754894,0.4166666666666667,0.3212949072054212,0.9607075587487353,0.25,2.220446049250313e-16,-0.10236598795093589
2003-07,-0.4016512161316421,0.3333333333333333,0.36653051615736426,0.769006614937327,0.2222222222222222,-1.1102230246251565e-16,-0.20473197590187184
2003-08,-0.39675462382205673,0.25,0.47438459048957315,0.6724397462288201,0.2222222222222222,5.551115123125783e-17,-0.30709796385280774
2003-09,-0.37766754560448756,0.2777777777777778,0.4489133841593955,0.6810576129904238,0.25,1.1102230246251565e-16,-0.27297596786916245
2003-10,-0.3821691027519199,0.3055555555555556,0.39921300378741653,0.710690465519151,0.2777777777777778,1.6653345369377348e-16,-0.2388539718855171
2003-11,-0.3835016062373205,0.2777777777777778,0.43491169244726285,0.6835258901068788,0.3055555555555556,-5.551115123125783e-17,-0.27297596786916245
2003-12,-0.36822318007755017,0.2777777777777778,0.4585234937149115,0.672040239994745,0.3333333333333333,5.551115123125783e-17,-0.27297596786916245
2004-01,-0.35079259243317956,0.2777777777777778,0.47176904887805626,0.653670431690071,0.3333333333333333,1.1102230246251565e-16,-0.27297596786916245
2004-02,-0.3483905985251826,0.3333333333333333,0.3904901898496042,0.7033147177740265,0.3611111111111111,1.1102230246251565e-16,-0.20473197590187184
2004-03,-0.33257270734756467,0.3333333333333333,0.39722608651247016,0.6836149081381002,0.3611111111111111,-5.551115123125783e-17,-0.20473197590187184
2004-04,-0.3249765063145003,0.3611111111111111,0.3596939094688923,0.6978347193088309,0.3611111111111111,5.551115123125783e-17,-0.17060997991822652
2004-05,-0.2609001310582033,0.3611111111111111,0.4483528249773353,0.6504387526844554,0.3888888888888889,5.551115123125783e-17,-0.17060997991822652
2004-06,-0.256915506871684,0.3611111111111111,0.4486323936601908,0.6445332112213661,0.4166666666666667,1.1102230246251565e-16,-0.17060997991822652
2004-07,-0.2649010313048855,0.3888888888888889,0.405539479481482,0.6795040367459882,0.4166666666666667,0.0,-0.13648798393458123
2004-08,-0.2607160408507457,0.3888888888888889,0.40956906527199044,0.6754103792538164,0.4166666666666667,1.1102230246251565e-16,-0.13648798393458123
2004-09,-0.21087004112865942,0.4166666666666667,0.4394549403526859,0.66534645451397,0.4444444444444444,0.0,-0.10236598795093589
2004-10,-0.22521265364078077,0.3611111111111111,0.49143086556805926,0.6204801795570477,0.4444444444444444,8.326672684688674e-17,-0.17060997991822652
2004-11,-0.22701055076631196,0.3611111111111111,0.4933580531573546,0.6243053899072403,0.4444444444444444,1.1102230246251565e-16,-0.17060997991822652
2004-12,-0.2250556073108183,0.3888888888888889,0.45937581061985006,0.6503730729343883,0.4722222222222222,-2.7755575615628914e-17,-0.13648798393458123
2005-01,-0.22323559281680805,0.4166666666666667,0.43202257383444986,0.6806468741002395,0.4722222222222222,8.326672684688674e-17,-0.10236598795093589
2005-02,-0.21300068115801782,0.4444444444444444,0.41171084817888065,0.7021198705696355,0.5,8.326672684688674e-17,-0.06824399196729064
2005-03,-0.15958322154388413,0.4722222222222222,0.41292206798561737,0.6634256794627075,0.5277777777777778,-8.326672684688674e-17,-0.03412199598364532
2005-04,-0.16544484636426976,0.4722222222222222,0.4116365135040806,0.6730731764378323,0.5277777777777778,-2.7755575615628914e-17,-0.03412199598364532
2005-05,-0.15776873954717785,0.5,0.39490463928864855,0.7016771884081612,0.5555555555555556,-5.551115123125783e-17,0.0
2005-06,-0.11672516931536628,0.5555555555555556,0.38614387701886854,0.7380161541509495,0.5833333333333334,0.0,0.06824399196729064
2005-07,-0.029028416945960287,0.5555555555555556,0.4849205613207313,0.6696503637202024,0.5833333333333334,-1.734723475976807e-17,0.06824399196729064
2005-08,-0.029432464625861198,0.5277777777777778,0.5378074682995476,0.6616751858586204,0.5555555555555556,4.5102810375396984e-17,0.03412199598364532
2005-09,0.0706827555644188,0.5277777777777778,0.6114314713140975,0.5378412653066584,0.5833333333333334,-1.3877787807814457e-17,0.03412199598364532
2005-10,0.10211657707024847,0.5555555555555556,0.6242034990656841,0.5568743614909366,0.5833333333333334,1.3877787807814457e-17,0.06824399196729064
2005-11,0.12395136090785984,0.5833333333333334,0.6163208608894726,0.573629363126922,0.5833333333333334,0.0,0.10236598795093596
2005-12,0.13170375945550675,0.5833333333333334,0.6303717100142575,0.5752116219571114,0.6111111111111112,5.551115123125783e-17,0.10236598795093596
2006-01,0.13222852559277237,0.5833333333333334,0.6334635927798024,0.5783158035085879,0.6388888888888888,-2.7755575615628914e-17,0.10236598795093596
2006-02,0.22665808162127835,0.5277777777777778,0.8379151566740054,0.46984441882713884,0.6666666666666666,-2.7755575615628914e-17,0.03412199598364532
2006-03,0.22583305310616136,0.5555555555555556,0.7995927340311312,0.505481113869186,0.6388888888888888,0.0,0.06824399196729064
2006-04,0.2683449130009419,0.6111111111111112,0.7549530633857224,0.5154925313894951,0.6388888888888888,-5.551115123125783e-17,0.13648798393458128
2006-05,0.19433026508278728,0.6944444444444444,0.583911518360598,0.7087480619197631,0.6388888888888888,-5.551115123125783e-17,0.2388539718855171
2006-06,0.10644964232197121,0.6388888888888888,0.5280392405641214,0.6476280809004462,0.6111111111111112,-8.326672684688674e-17,0.17060997991822646
2006-07,0.11064711884132315,0.5833333333333334,0.6251627992108114,0.6170513082653818,0.6388888888888888,1.5265566588595902e-16,0.10236598795093596
2006-08,0.10723984425156487,0.5277777777777778,0.6969993235401779,0.5582113293210945,0.6388888888888888,8.326672684688674e-17,0.03412199598364532
2006-09,0.09676820754711271,0.5555555555555556,0.6494857675081542,0.6001767553758838,0.6388888888888888,-2.7755575615628914e-17,0.06824399196729064
2006-10,0.09668515081309352,0.5555555555555556,0.6383975043088427,0.5864981129824114,0.6388888888888888,-6.938893903907228e-17,0.06824399196729064
2006-11,0.10676304567332096,0.5833333333333334,0.615260307853874,0.6122506577576744,0.6388888888888888,1.3877787807814457e-16,0.10236598795093596
2006-12,0.10645274828337625,0.5833333333333334,0.6184341665453458,0.6174180871689396,0.6388888888888888,-2.7755575615628914e-17,0.10236598795093596
2007-01,0.0722941737044554,0.5833333333333334,0.5917731666232225,0.6597960279621156,0.6111111111111112,8.326672684688674e-17,0.10236598795093596
2007-02,0.07407365088506006,0.5833333333333334,0.5954671230959561,0.6608154536025317,0.6111111111111112,6.938893903907228e-17,0.10236598795093596
2007-03,0.07815980574609241,0.5555555555555556,0.6270988625424646,0.6128990031085035,0.6111111111111112,1.1102230246251565e-16,0.06824399196729064
2007-04,0.05858344852776727,0.5833333333333334,0.6431528127826018,0.7637192246641856,0.6111111111111112,3.469446951953614e-17,0.10236598795093596
2007-05,-0.06809145323410966,0.5,0.5987741260980131,0.731174174053226,0.5833333333333334,1.249000902703301e-16,0.0
2007-06,-0.04412632927155703,0.5555555555555556,0.5442386455955337,0.7768246522759481,0.5555555555555556,4.85722573273506e-17,0.06824399196729064
2007-07,0.02331027748036811,0.5555555555555556,0.5863855668766939,0.6819907266075621,0.5833333333333334,2.7755575615628914e-17,0.06824399196729064
2007-08,-0.083812285797869,0.5555555555555556,0.5195827400545656,0.8328178002510453,0.5833333333333334,6.938893903907228e-17,0.06824399196729064
2007-09,-0.07929134680434452,0.5555555555555556,0.5252261279828285,0.8299824811130394,0.5833333333333334,-1.3877787807814457e-17,0.06824399196729064
2007-10,-0.0756457023575705,0.5833333333333334,0.49990945913379053,0.8763798816216379,0.5833333333333334,4.163336342344337e-17,0.10236598795093596
2007-11,-0.2057844728747044,0.5,0.48952008105087713,0.8896565560850246,0.5833333333333334,0.0,0.0
2007-12,-0.1995432000946829,0.5277777777777778,0.4676036582821224,0.9334400888631899,0.5833333333333334,5.551115123125783e-17,0.03412199598364532
2008-01,-0.3290262738805966,0.5555555555555556,0.3597965751425128,1.169490693041946,0.5833333333333334,0.0,0.06824399196729064
2008-02,-0.32609713647562394,0.5833333333333334,0.34026043983463344,1.2372579342116092,0.5555555555555556,2.220446049250313e-16,0.10236598795093596
2008-03,-0.38902285194673075,0.5277777777777778,0.33952698263479253,1.180400734599802,0.5277777777777778,1.1102230246251565e-16,0.03412199598364532
2008-04,-0.40358575158090354,0.5277777777777778,0.3396128061815482,1.2104790954577085,0.5277777777777778,-5.551115123125783e-17,0.03412199598364532
2008-05,-0.4319132070266744,0.5,0.3425401749352076,1.182371410820408,0.5,0.0,0.0
2008-06,-0.356304940147459,0.5,0.4269703358746276,1.1197854972724646,0.5,5.551115123125783e-17,0.0
2008-07,-0.35176530828270586,0.4722222222222222,0.42182783882377484,1.0254136342052038,0.5,1.6653345369377348e-16,-0.03412199598364532
2008-08,-0.33864852563759995,0.5,0.4128829632872385,1.0713662075825718,0.5277777777777778,0.0,0.0
2008-09,-0.36909294498158013,0.5,0.3909387992570741,1.1086195256101468,0.5,-5.551115123125783e-17,0.0
2008-10,-0.1752646513759361,0.4722222222222222,0.45925592835589163,0.733769135800417,0.5,-5.551115123125783e-17,-0.03412199598364532
2008-11,-0.220814291391105,0.4444444444444444,0.4683173286737675,0.7610788728734478,0.5,0.0,-0.06824399196729064
2008-12,-0.14375012034657253,0.3333333333333333,0.45710388324213874,0.4381875337931543,0.4722222222222222,0.0,-0.20473197590187184
2009-01,-0.14133238402581735,0.3333333333333333,0.46080847736541125,0.43651396538702253,0.4722222222222222,0.0,-0.20473197590187184
2009-02,-0.07440110373105531,0.3611111111111111,0.5589588173492519,0.4291523154837918,0.4722222222222222,0.0,-0.17060997991822652
2009-03,-0.061961520132927966,0.3611111111111111,0.5722526287286738,0.4177364077445756,0.4722222222222222,-2.7755575615628914e-17,-0.17060997991822652
2009-04,-0.09562725630293209,0.3888888888888889,0.4827214868007531,0.45932067208241667,0.4722222222222222,-1.3877787807814457e-17,-0.13648798393458123
2009-05,-0.15187419679974642,0.3888888888888889,0.44314055094884947,0.5236165727852281,0.4444444444444444,0.0,-0.13648798393458123
2009-06,-0.17682336230092327,0.4166666666666667,0.3784384798887816,0.5650188037554305,0.4444444444444444,2.7755575615628914e-17,-0.10236598795093589
2009-07,-0.1722638900993619,0.4722222222222222,0.34183010703527555,0.6231762091093342,0.4444444444444444,2.7755575615628914e-17,-0.03412199598364532
2009-08,-0.18729613452172406,0.3888888888888889,0.3763101747103757,0.5374412342820728,0.4444444444444444,-2.7755575615628914e-17,-0.13648798393458123
2009-09,-0.18207985399135124,0.3888888888888889,0.3863392254663248,0.5355247293739018,0.4444444444444444,0.0,-0.13648798393458123
2009-10,-0.1815769751964361,0.3888888888888889,0.38729431308778584,0.5353324779592848,0.4444444444444444,-8.326672684688674e-17,-0.13648798393458123
2009-11,-0.18796528844938168,0.3611111111111111,0.4043107182471779,0.5145575840409422,0.4444444444444444,5.551115123125783e-17,-0.17060997991822652
2009-12,-0.19704737672997275,0.3333333333333333,0.42702613094203595,0.5008738232022282,0.4166666666666667,2.7755575615628914e-17,-0.20473197590187184
2010-01,-0.19870757113670962,0.3333333333333333,0.4291564768674023,0.5043601130080694,0.4166666666666667,-8.326672684688674e-17,-0.20473197590187184
2010-02,-0.199510085842685,0.3333333333333333,0.428677417127225,0.5052909170841949,0.3888888888888889,-1.1102230246251565e-16,-0.20473197590187184
2010-03,-0.199299874685641,0.3055555555555556,0.45573066500662934,0.4795413171628144,0.3888888888888889,-5.551115123125783e-17,-0.2388539718855171
2010-04,-0.19935679929161348,0.3055555555555556,0.45566731196566435,0.4795931362731512,0.3888888888888889,2.7755575615628914e-17,-0.2388539718855171
2010-05,-0.22558120423455097,0.3333333333333333,0.4164394680385503,0.5371923235279953,0.3888888888888889,2.7755575615628914e-17,-0.20473197590187184
2010-06,-0.2324690337054849,0.3611111111111111,0.40741912042417866,0.5840375976176648,0.3888888888888889,1.6653345369377348e-16,-0.17060997991822652
2010-07,-0.2320392381715763,0.3611111111111111,0.40940312221172503,0.5845049532503303,0.3611111111111111,5.551115123125783e-17,-0.17060997991822652
2010-08,-0.2100385997952603,0.3888888888888889,0.39357389108338026,0.5846084303637015,0.3888888888888889,5.551115123125783e-17,-0.13648798393458123
2010-09,-0.21697514975802532,0.3888888888888889,0.3749753449494673,0.5838084123101559,0.3888888888888889,-2.7755575615628914e-17,-0.13648798393458123
2010-10,-0.20817045633193884,0.3888888888888889,0.38582310637436334,0.5767040664026793,0.3888888888888889,0.0,-0.13648798393458123
2010-11,-0.19818264169686425,0.3611111111111111,0.4026335328843008,0.5291577559515721,0.3888888888888889,5.551115123125783e-17,-0.17060997991822652
2010-12,-0.22337641658411342,0.3055555555555556,0.43324868668211997,0.5033564053578915,0.3611111111111111,1.1102230246251565e-16,-0.2388539718855171
2011-01,-0.19855947319989883,0.3055555555555556,0.43494718081405287,0.46936002203804167,0.3611111111111111,0.0,-0.2388539718855171
2011-02,-0.2066826637142182,0.3055555555555556,0.4251935428028981,0.4764408880331807,0.3611111111111111,2.7755575615628914e-17,-0.2388539718855171
2011-03,-0.20081532394132445,0.3055555555555556,0.42628703204382085,0.46870774761713535,0.3611111111111111,8.326672684688674e-17,-0.2388539718855171
2011-04,-0.1929685958792162,0.3055555555555556,0.43371832010790407,0.46099209507838046,0.3611111111111111,5.551115123125783e-17,-0.2388539718855171
2011-05,-0.18221768367108052,0.3055555555555556,0.45216535263158364,0.4540575122974095,0.3888888888888889,5.551115123125783e-17,-0.2388539718855171
2011-06,-0.21131255443042968,0.2777777777777778,0.4481254864049934,0.4568151641967297,0.3611111111111111,5.551115123125783e-17,-0.27297596786916245
2011-07,-0.20911589847011616,0.2777777777777778,0.4474615652220181,0.45360277302593255,0.3888888888888889,2.7755575615628914e-17,-0.27297596786916245
2011-08,-0.3025061800374665,0.25,0.45226144086103953,0.5428914544096549,0.3611111111111111,0.0,-0.30709796385280774
2011-09,-0.2954831498353237,0.2777777777777778,0.41269955981720896,0.5564963785541699,0.3611111111111111,1.1102230246251565e-16,-0.27297596786916245
2011-10,-0.4444620329418178,0.19444444444444445,0.4004555992466693,0.6330813912996657,0.3333333333333333,1.1102230246251565e-16,-0.3753419558200984
2011-11,-0.42906305753263824,0.2222222222222222,0.38495309273224726,0.6463154198392971,0.3611111111111111,-5.551115123125783e-17,-0.34121995983645304
2011-12,-0.49320966699560886,0.2222222222222222,0.4781696196203851,0.753131975064621,0.3888888888888889,1.1102230246251565e-16,-0.34121995983645304
2012-01,-0.50219676063842,0.19444444444444445,0.5071310922691213,0.7285104920078809,0.3888888888888889,1.1102230246251565e-16,-0.3753419558200984
2012-02,-0.6385449374751959,0.16666666666666666,0.10863159755852275,0.7666954132327664,0.3888888888888889,1.1102230246251565e-16,-0.4094639518037437
2012-03,-0.662507631216862,0.1111111111111111,0.16993705606086318,0.7458598536510506,0.3888888888888889,2.220446049250313e-16,-0.47770794377103426
2012-04,-0.6988331743070051,0.16666666666666666,0.13132938179393008,0.8415712463836252,0.3888888888888889,1.1102230246251565e-16,-0.4094639518037437
2012-05,-0.6872207241410566,0.1111111111111111,0.18165748760949185,0.7743548529804671,0.3888888888888889,1.1102230246251565e-16,-0.47770794377103426
2012-06,-0.70738386043929,0.1388888888888889,0.1490974868053992,0.8227071790129725,0.3888888888888889,1.1102230246251565e-16,-0.44358594778738897
2012-07,-0.7058283304460718,0.1388888888888889,0.15672583986730276,0.8221813149983558,0.3888888888888889,0.0,-0.44358594778738897
2012-08,-0.7313331722015769,0.1388888888888889,0.17714213890173733,0.8542700555343187,0.3611111111111111,-1.1102230246251565e-16,-0.44358594778738897
2012-09,-0.7567113972322457,0.1388888888888889,0.09136188365680338,0.8690873652068586,0.3333333333333333,0.0,-0.44358594778738897
2012-10,-0.7491743162408497,0.1388888888888889,0.1272617571338493,0.8663680598096446,0.3333333333333333,1.1102230246251565e-16,-0.44358594778738897
2012-11,-0.741554777930518,0.1388888888888889,0.12561528314787546,0.8574997949454035,0.3055555555555556,0.0,-0.44358594778738897
2012-12,-0.7441184295571076,0.1388888888888889,0.1258139011555581,0.8604262754927922,0.3055555555555556,-1.1102230246251565e-16,-0.44358594778738897
2013-01,-0.7560203599927985,0.1388888888888889,0.12195284703024681,0.8732411882225541,0.3055555555555556,1.1102230246251565e-16,-0.44358594778738897
2013-02,-0.7716638624741217,0.1388888888888889,0.12347913710560192,0.8911493829716861,0.3055555555555556,-1.1102230246251565e-16,-0.44358594778738897
2013-03,-0.7812026834465158,0.1388888888888889,0.12730031793312702,0.9025353390417318,0.3333333333333333,1.1102230246251565e-16,-0.44358594778738897
2013-04,-0.76985972266298,0.1388888888888889,0.13673734950027205,0.8912508722808278,0.3611111111111111,0.0,-0.44358594778738897
2013-05,-0.7544777382330655,0.16666666666666666,0.13088364386451348,0.9064007567114791,0.3611111111111111,1.1102230246251565e-16,-0.4094639518037437
2013-06,-0.6642219340225674,0.2222222222222222,0.29374036003432125,0.9142032346808725,0.3888888888888889,0.0,-0.34121995983645304
2013-07,-0.6642298847243501,0.25,0.2632808112045006,0.948799009858991,0.3888888888888889,1.1102230246251565e-16,-0.30709796385280774
2013-08,-0.6607119915371497,0.3333333333333333,0.23453281572073836,1.0808047288520457,0.3611111111111111,0.0,-0.20473197590187184
2013-09,-0.6686720793280267,0.3333333333333333,0.22731582067804665,1.0888046926923955,0.3333333333333333,0.0,-0.20473197590187184
2013-10,-0.6839097078481661,0.3333333333333333,0.20070280043526878,1.0977197241628767,0.3333333333333333,-1.1102230246251565e-16,-0.20473197590187184
2013-11,-0.6851667254196355,0.3333333333333333,0.19895463736891764,1.0986787932547608,0.3333333333333333,-1.1102230246251565e-16,-0.20473197590187184
2013-12,-0.6870410789398175,0.2777777777777778,0.25505223917326336,1.0229600059471633,0.3333333333333333,1.1102230246251565e-16,-0.27297596786916245
2014-01,-0.6845681904409693,0.25,0.2850735107315316,0.9824277134080632,0.3611111111111111,1.1102230246251565e-16,-0.30709796385280774
2014-02,-0.6815380803211215,0.2222222222222222,0.32272671218836513,0.9441302324552207,0.3611111111111111,-1.1102230246251565e-16,-0.34121995983645304
2014-03,-0.675339917851975,0.25,0.2919238008357753,0.9727485678644854,0.3888888888888889,0.0,-0.30709796385280774
2014-04,-0.6730798095297527,0.25,0.2927090323573622,0.9700805416576891,0.4166666666666667,0.0,-0.30709796385280774
2014-05,-0.6775208000207342,0.3055555555555556,0.25140753720255904,1.0591484363981538,0.4166666666666667,2.220446049250313e-16,-0.2388539718855171
2014-06,-0.6726674409437504,0.3055555555555556,0.2610586055034447,1.0566002037427662,0.4166666666666667,1.1102230246251565e-16,-0.2388539718855171
2014-07,-0.6749181229957266,0.3333333333333333,0.24228200063064295,1.105396596350756,0.4166666666666667,1.1102230246251565e-16,-0.20473197590187184
2014-08,-0.4460274267140851,0.3055555555555556,0.4692207404834413,0.8308955232124333,0.4166666666666667,0.0,-0.2388539718855171
2014-09,-0.40590583700995153,0.3333333333333333,0.4837526136026573,0.833822319107508,0.4166666666666667,-5.551115123125783e-17,-0.20473197590187184
2014-10,-0.4487548060311157,0.3333333333333333,0.42807124530730084,0.8684697147823607,0.4166666666666667,1.6653345369377348e-16,-0.20473197590187184
2014-11,-0.44164420444853986,0.3055555555555556,0.45378771728568223,0.817968481833656,0.3888888888888889,1.1102230246251565e-16,-0.2388539718855171
2014-12,-0.4469126215304906,0.3055555555555556,0.4426941160519076,0.8204630812055261,0.3888888888888889,5.551115123125783e-17,-0.2388539718855171
2015-01,-0.4985178925506261,0.2777777777777778,0.4402138432681445,0.8403947950751292,0.3611111111111111,1.6653345369377348e-16,-0.27297596786916245
2015-02,-0.5158149299677275,0.2777777777777778,0.4445243368753273,0.8653371506778359,0.3333333333333333,1.1102230246251565e-16,-0.27297596786916245
2015-03,-0.49376410465411086,0.3055555555555556,0.43952888613265434,0.884662456414123,0.3333333333333333,1.6653345369377348e-16,-0.2388539718855171
2015-04,-0.4876388163751729,0.3055555555555556,0.442783966837505,0.877519288333744,0.3611111111111111,2.7755575615628914e-16,-0.2388539718855171
2015-05,-0.40523971735287967,0.3333333333333333,0.45576215933331093,0.8188556674729385,0.3611111111111111,-1.1102230246251565e-16,-0.20473197590187184
2015-06,-0.33972332591304966,0.3611111111111111,0.4925346112620445,0.7953594066679702,0.3888888888888889,1.1102230246251565e-16,-0.17060997991822652
2015-07,-0.36548685389329194,0.3611111111111111,0.4469695055071432,0.8088105851242643,0.3611111111111111,5.551115123125783e-17,-0.17060997991822652
2015-08,-0.3813971380489121,0.3611111111111111,0.42798514135017574,0.8222915943158349,0.3611111111111111,2.220446049250313e-16,-0.17060997991822652
2015-09,-0.34834202003099707,0.3333333333333333,0.40933747450928637,0.712667516466514,0.3611111111111111,-1.1102230246251565e-16,-0.20473197590187184
2015-10,-0.31132442447622605,0.3333333333333333,0.47878189804353344,0.6934057347162631,0.3611111111111111,-5.551115123125783e-17,-0.20473197590187184
2015-11,-0.3085138198830074,0.3611111111111111,0.4636680430847203,0.7315507937394183,0.3611111111111111,5.551115123125783e-17,-0.17060997991822652
2015-12,-0.3066279009269528,0.3611111111111111,0.45394742326600773,0.7231866536913674,0.3611111111111111,1.1102230246251565e-16,-0.17060997991822652
2016-01,-0.31651329281942503,0.3055555555555556,0.46257165613318596,0.6466501386457969,0.3611111111111111,5.551115123125783e-17,-0.2388539718855171
2016-02,-0.32451994845020155,0.3611111111111111,0.3733638618426276,0.7048664521613572,0.3611111111111111,-5.551115123125783e-17,-0.17060997991822652
2016-03,-0.3486613075805995,0.3055555555555556,0.4064691236665395,0.6669722450261166,0.3333333333333333,1.1102230246251565e-16,-0.2388539718855171
2016-04,-0.34964468564819723,0.3055555555555556,0.41830663301039883,0.6735574784320516,0.3333333333333333,1.1102230246251565e-16,-0.2388539718855171
2016-05,-0.3189805699525707,0.3611111111111111,0.37032337535659104,0.6947184273032896,0.3333333333333333,0.0,-0.17060997991822652
2016-06,-0.4006778949887026,0.3611111111111111,0.26066825548521766,0.7570614628657574,0.3333333333333333,1.1102230246251565e-16,-0.17060997991822652
2016-07,-0.34489223491541104,0.4166666666666667,0.29387328192290413,0.7847298786134739,0.3611111111111111,5.551115123125783e-17,-0.10236598795093589
2016-08,-0.3633581185893175,0.3888888888888889,0.2956405167548576,0.7662046084179145,0.3611111111111111,-5.551115123125783e-17,-0.13648798393458123
2016-09,-0.34693902933859394,0.4166666666666667,0.3040148872816175,0.7953852064797644,0.3888888888888889,5.551115123125783e-17,-0.10236598795093589
2016-10,-0.34474341839358114,0.4444444444444444,0.2851669126678443,0.8314345123230424,0.3888888888888889,0.0,-0.06824399196729064
2016-11,-0.3053905397442045,0.4166666666666667,0.27957092236609465,0.7086777488827894,0.3888888888888889,0.0,-0.10236598795093589
2016-12,-0.35175499413467043,0.3888888888888889,0.27477068582293346,0.7344642907379334,0.3888888888888889,-1.1102230246251565e-16,-0.13648798393458123
2017-01,-0.3494329784278851,0.3888888888888889,0.2783120010436773,0.7330237390721575,0.3888888888888889,-5.551115123125783e-17,-0.13648798393458123
2017-02,-0.34190676099898465,0.3888888888888889,0.277043706169935,0.720243114606525,0.4166666666666667,5.551115123125783e-17,-0.13648798393458123
2017-03,-0.3453952469175856,0.4166666666666667,0.260674893171924,0.7618550971283026,0.3888888888888889,1.6653345369377348e-16,-0.10236598795093589
2017-04,-0.35112340346696647,0.4166666666666667,0.2564371812356109,0.7683750876132377,0.3611111111111111,5.551115123125783e-17,-0.10236598795093589
2017-05,-0.3617989742817465,0.3888888888888889,0.26105833748251017,0.7417173102098303,0.3611111111111111,5.551115123125783e-17,-0.13648798393458123
2017-06,-0.3500801146550374,0.4166666666666667,0.261321786103428,0.7701252764037013,0.3888888888888889,1.1102230246251565e-16,-0.10236598795093589
2017-07,-0.3515823977167575,0.3888888888888889,0.2730471721130116,0.7330929240758489,0.3611111111111111,-5.551115123125783e-17,-0.13648798393458123
2017-08,-0.347199260993946,0.3888888888888889,0.2733572157337992,0.7263170525027864,0.3888888888888889,-5.551115123125783e-17,-0.13648798393458123
2017-09,-0.342126855937195,0.4166666666666667,0.2570522328052051,0.7538201642799953,0.4166666666666667,1.1102230246251565e-16,-0.10236598795093589
2017-10,-0.31769017999126836,0.3888888888888889,0.2816588363104394,0.6846536367291157,0.4166666666666667,-5.551115123125783e-17,-0.13648798393458123
2017-11,-0.3253025638632511,0.4444444444444444,0.26622502266544895,0.7822595048930486,0.4444444444444444,-5.551115123125783e-17,-0.06824399196729064
2017-12,-0.32877692503835804,0.3888888888888889,0.30637923130957073,0.7180228006671147,0.4166666666666667,0.0,-0.13648798393458123
2018-01,-0.33019169653625874,0.4166666666666667,0.3065272284266104,0.7692675145318196,0.4166666666666667,5.551115123125783e-17,-0.10236598795093589
2018-02,-0.23009766175985844,0.4166666666666667,0.46051913000804523,0.7124383386531298,0.4444444444444444,5.551115123125783e-17,-0.10236598795093589
2018-03,-0.2355817611993922,0.3888888888888889,0.4848775546090854,0.6833476093866329,0.4722222222222222,-2.7755575615628914e-17,-0.13648798393458123
2018-04,-0.23417461853400237,0.3888888888888889,0.4903715482939464,0.6846051511275152,0.4722222222222222,-5.551115123125783e-17,-0.13648798393458123
2018-05,-0.24514016532484884,0.4166666666666667,0.46587477373391867,0.7413346377323089,0.4722222222222222,1.6653345369377348e-16,-0.10236598795093589
2018-06,-0.25376700286674964,0.4166666666666667,0.44544913618863435,0.7411229591983692,0.4722222222222222,5.551115123125783e-17,-0.10236598795093589
2018-07,-0.2481289055806677,0.4722222222222222,0.3948462037970408,0.8103630084143718,0.5,-5.551115123125783e-17,-0.03412199598364532
2018-08,-0.2098558096139553,0.4722222222222222,0.4115865615026271,0.7548381516859525,0.5277777777777778,-2.7755575615628914e-17,-0.03412199598364532
2018-09,-0.2204038524742038,0.5277777777777778,0.3972378373038814,0.897744337962993,0.5277777777777778,-2.7755575615628914e-17,0.03412199598364532
2018-10,-0.19798408261049336,0.4444444444444444,0.48861560533074655,0.7373646288329606,0.5277777777777778,-2.7755575615628914e-17,-0.06824399196729064
2018-11,-0.18797542729550504,0.4722222222222222,0.4699348691060075,0.7667385647444636,0.5277777777777778,-1.1102230246251565e-16,-0.03412199598364532
2018-12,-0.29809204238538345,0.4722222222222222,0.41339697559688254,0.9189984246650222,0.5277777777777778,0.0,-0.03412199598364532
2019-01,-0.23208612239871274,0.5277777777777778,0.4261402011448812,0.9540987121004524,0.5555555555555556,0.0,0.03412199598364532
2019-02,-0.17027535640582125,0.5833333333333334,0.42178179302836716,0.9878036751866303,0.5833333333333334,1.1102230246251565e-16,0.10236598795093596
2019-03,-0.12814407879688644,0.5555555555555556,0.4921328355172185,0.8954812167647124,0.6111111111111112,0.0,0.06824399196729064
2019-04,-0.12799868026192257,0.5555555555555556,0.48665430885527894,0.888314999142054,0.6111111111111112,1.6653345369377348e-16,0.06824399196729064
2019-05,-0.15611812848428042,0.5555555555555556,0.4729885327100571,0.9327440719469346,0.6111111111111112,8.326672684688674e-17,0.06824399196729064
2019-06,-0.137764021848335,0.5833333333333334,0.43612572879341016,0.9320254046235559,0.6111111111111112,5.551115123125783e-17,0.10236598795093596
2019-07,-0.0594999373113318,0.5833333333333334,0.49599822061463616,0.8332306959202647,0.6111111111111112,1.3183898417423734e-16,0.10236598795093596
2019-08,-0.05476310436508188,0.5833333333333334,0.48681626595822264,0.8093233491933696,0.6111111111111112,2.7755575615628914e-17,0.10236598795093596
2019-09,-0.07361631540351452,0.5555555555555556,0.48704283733399195,0.7698392366126778,0.5833333333333334,9.71445146547012e-17,0.06824399196729064
2019-10,-0.08906974066818882,0.5555555555555556,0.46661277937951934,0.7781060319360621,0.5833333333333334,6.938893903907228e-17,0.06824399196729064
2019-11,-0.1203788733617049,0.4444444444444444,0.6072347796697732,0.6964508521188022,0.5833333333333334,-4.163336342344337e-17,-0.06824399196729064
2019-12,-0.058610353557544605,0.4444444444444444,0.6778271991009087,0.6448298780064301,0.5833333333333334,-1.0408340855860843e-16,-0.06824399196729064
2020-01,-0.045159511635374495,0.4444444444444444,0.6924403161654616,0.6329813982942747,0.5833333333333334,-4.85722573273506e-17,-0.06824399196729064
2020-02,-0.06160756110185794,0.4444444444444444,0.6755300754330917,0.6482372922747247,0.5833333333333334,1.3877787807814457e-17,-0.06824399196729064
2020-03,-0.49473075435899105,0.3888888888888889,0.40508082420093194,1.0448503609717152,0.5833333333333334,-5.551115123125783e-17,-0.13648798393458123
2020-04,-0.4610431906518076,0.4166666666666667,0.4222796044492795,1.0700336066453553,0.6111111111111112,5.551115123125783e-17,-0.10236598795093589
2020-05,-0.46349498653911986,0.4166666666666667,0.4091433677949396,1.0647369069425376,0.5833333333333334,1.1102230246251565e-16,-0.10236598795093589
2020-06,-0.4775789695970394,0.3888888888888889,0.4131995402780656,1.0227298863540588,0.5555555555555556,1.1102230246251565e-16,-0.13648798393458123
2020-07,-0.47578834282366206,0.4166666666666667,0.40224513269882556,1.0802985233005027,0.5833333333333334,1.6653345369377348e-16,-0.10236598795093589
2020-08,-0.48128796971645105,0.4166666666666667,0.3869834216156305,1.0785633459195354,0.5555555555555556,1.6653345369377348e-16,-0.10236598795093589
2020-09,-0.4725824973545179,0.4444444444444444,0.37410786289131637,1.1263056606834596,0.5555555555555556,-1.1102230246251565e-16,-0.06824399196729064
2020-10,-0.4676466178134656,0.4444444444444444,0.37768993533759776,1.1205335294436432,0.5555555555555556,-5.551115123125783e-17,-0.06824399196729064
2020-11,-0.4746729915839638,0.4722222222222222,0.3469060046283642,1.1847871991642591,0.5277777777777778,5.551115123125783e-17,-0.03412199598364532
2020-12,-0.47852988549441755,0.4722222222222222,0.3428811851079012,1.188290849428365,0.5277777777777778,0.0,-0.03412199598364532
2021-01,-0.4669368946259897,0.4722222222222222,0.3476399552524452,1.1711931869053267,0.5277777777777778,5.551115123125783e-17,-0.03412199598364532
2021-02,-0.5357829308453708,0.4166666666666667,0.29401207748385805,1.1029801781831357,0.5,2.220446049250313e-16,-0.10236598795093589
2021-03,-0.49539536194449374,0.4444444444444444,0.2671043461938118,1.0806253603579135,0.4722222222222222,0.0,-0.06824399196729064
2021-04,-0.5067896948666614,0.3888888888888889,0.28230786641889594,0.9859067931908043,0.4444444444444444,-1.1102230246251565e-16,-0.13648798393458123
2021-05,-0.507425737026341,0.3888888888888889,0.28529420363500746,0.9888190748550926,0.4722222222222222,0.0,-0.13648798393458123
2021-06,-0.5070680726321822,0.3888888888888889,0.2851790037504765,0.9881767543015022,0.4722222222222222,0.0,-0.13648798393458123
2021-07,-0.4924166117260216,0.4444444444444444,0.26586368623426737,1.0744200195079516,0.4722222222222222,1.1102230246251565e-16,-0.06824399196729064
2021-08,-0.49187113683987543,0.4444444444444444,0.26646177057180226,1.073943905927224,0.4722222222222222,-1.1102230246251565e-16,-0.06824399196729064
2021-09,-0.4826421946743323,0.4722222222222222,0.26590693758219397,1.1269944606578386,0.5,-1.6653345369377348e-16,-0.03412199598364532
2021-10,-0.5069462572010842,0.4722222222222222,0.22100262806320828,1.1315875620585518,0.4722222222222222,2.220446049250313e-16,-0.03412199598364532
2021-11,-0.510979225518888,0.4444444444444444,0.23468125638376902,1.0819586497650693,0.5,-1.1102230246251565e-16,-0.06824399196729064
2021-12,-0.48116416088236197,0.4722222222222222,0.2362775756476878,1.0977612850996508,0.5277777777777778,-1.1102230246251565e-16,-0.03412199598364532
2022-01,-0.4145569602818429,0.5,0.2934217186606786,1.0995046969864843,0.5277777777777778,5.551115123125783e-17,0.0
2022-02,-0.38077709129975845,0.5,0.337159385846173,1.0775592855957035,0.5277777777777778,-5.551115123125783e-17,0.0
2022-03,-0.3591760711254462,0.5,0.35816517954218763,1.056563095619444,0.5277777777777778,5.551115123125783e-17,0.0
2022-04,-0.30262476086608564,0.5,0.3544715813510716,0.9429086163684602,0.5,5.551115123125783e-17,0.0
2022-05,-0.24388150391560057,0.5,0.39263622060396763,0.8668502559954132,0.5277777777777778,0.0,0.0
2022-06,-0.22540081764499853,0.5277777777777778,0.41124254869685767,0.9236845319303084,0.5277777777777778,8.326672684688674e-17,0.03412199598364532
2022-07,-0.28123904777696496,0.5277777777777778,0.356515256699121,0.9774797970280633,0.5277777777777778,-5.551115123125783e-17,0.03412199598364532
2022-08,-0.2674571754185619,0.5555555555555556,0.36123118547298505,1.0366015530693355,0.5555555555555556,0.0,0.06824399196729064
2022-09,-0.12041829518308447,0.5833333333333334,0.4832250173842924,0.9574910464318731,0.5833333333333334,8.326672684688674e-17,0.10236598795093596
2022-10,-0.07971554559805805,0.6388888888888888,0.474489840122252,1.054100801441833,0.5833333333333334,-1.249000902703301e-16,0.17060997991822646
2022-11,-0.05762667220893596,0.6666666666666666,0.4755298693876473,1.1191375327180244,0.6111111111111112,-2.7755575615628914e-17,0.20473197590187178
2022-12,-0.06291223529846185,0.6388888888888888,0.4786203628108109,1.016168967699601,0.6388888888888888,-2.7755575615628914e-17,0.17060997991822646
2023-01,-0.07024603595830246,0.6111111111111112,0.4885123399424097,0.9432773383766857,0.6388888888888888,8.326672684688674e-17,0.13648798393458128
2023-02,-0.07364155869743849,0.6388888888888888,0.4817174302186521,1.0505350345722575,0.6111111111111112,-1.249000902703301e-16,0.17060997991822646
2023-03,0.42991869627309803,0.6944444444444444,0.7247093959449658,0.2791436844605189,0.6111111111111112,5.551115123125783e-17,0.2388539718855171
2023-04,0.4268784968828298,0.6944444444444444,0.7206626978728184,0.2796200050837649,0.6111111111111112,5.551115123125783e-17,0.2388539718855171
2023-05,0.4279214245382753,0.6944444444444444,0.7193967336411566,0.27342440747175273,0.6111111111111112,-1.1102230246251565e-16,0.2388539718855171
2023-06,0.42275167679712833,0.6666666666666666,0.7578090922722588,0.28259246055289317,0.6111111111111112,-5.551115123125783e-17,0.20473197590187178
2023-07,0.40423066924369866,0.6388888888888888,0.7688144620274563,0.27189686177708006,0.5833333333333334,-5.551115123125783e-17,0.17060997991822646
2023-08,0.41428759534479626,0.6111111111111112,0.8101313502273544,0.2373445619952803,0.6111111111111112,1.1102230246251565e-16,0.13648798393458128
2023-09,0.4223645569963902,0.6388888888888888,0.7793376219853971,0.24169275467619045,0.6111111111111112,0.0,0.17060997991822646
2023-10,0.4464457919273934,0.6388888888888888,0.7996331410914788,0.2127661175111727,0.6388888888888888,-2.220446049250313e-16,0.17060997991822646
2023-11,0.4796266145791285,0.6944444444444444,0.7814743671515307,0.24999342441079755,0.6666666666666666,-1.6653345369377348e-16,0.2388539718855171
2023-12,0.5194670620130718,0.7222222222222222,0.8022365273047877,0.26768025394669653,0.6944444444444444,-1.1102230246251565e-16,0.27297596786916245
2024-01,0.5302942527651288,0.75,0.7798078996031005,0.2771682713893561,0.7222222222222222,1.1102230246251565e-16,0.30709796385280774
2024-02,0.5286078340284655,0.75,0.7769383148890987,0.2751178123343748,0.7222222222222222,0.0,0.30709796385280774
2024-03,0.5426357446566914,0.75,0.8020474371834735,0.295892193441065,0.75,0.0,0.30709796385280774
2024-04,0.5601987002785934,0.75,0.8178179708059488,0.2749034113344277,0.7777777777777778,-1.1102230246251565e-16,0.30709796385280774
2024-05,0.565016828490979,0.7777777777777778,0.7959417640285291,0.3138475494518187,0.7777777777777778,-1.1102230246251565e-16,0.34121995983645304
2024-06,0.5733857424243025,0.7777777777777778,0.8070365054461286,0.3160651459551267,0.7777777777777778,-1.1102230246251565e-16,0.34121995983645304
2024-07,0.5695102329988125,0.7777777777777778,0.8019871966523124,0.3153479189132889,0.7777777777777778,0.0,0.34121995983645304
2024-08,0.5135518968338785,0.75,0.7882992798722689,0.3677515741517235,0.75,0.0,0.30709796385280774
2024-09,0.5187969615760787,0.75,0.7986352652485953,0.37836205628325764,0.75,-1.1102230246251565e-16,0.30709796385280774
2024-10,0.4866987785792725,0.7222222222222222,0.8137850875243463,0.4123955025358465,0.75,-1.1102230246251565e-16,0.27297596786916245
2024-11,0.47399917863662283,0.6944444444444444,0.8376466643971162,0.39556321433146413,0.7222222222222222,-5.551115123125783e-17,0.2388539718855171
2024-12,0.48016325632578805,0.7222222222222222,0.8101018165108483,0.4256933257879477,0.7222222222222222,-5.551115123125783e-17,0.27297596786916245
2025-01,0.4706336301449024,0.7222222222222222,0.8025118344107333,0.43931306396074754,0.7222222222222222,5.551115123125783e-17,0.27297596786916245
2025-02,0.4597785053170833,0.7222222222222222,0.7955152744491578,0.4591149449580182,0.7222222222222222,5.551115123125783e-17,0.27297596786916245
2025-03,0.37725725666113313,0.6944444444444444,0.7689996478857026,0.547362474000264,0.6944444444444444,-5.551115123125783e-17,0.2388539718855171
2025-04,0.36720067296477843,0.6666666666666666,0.8089745685071605,0.5469471742003841,0.6944444444444444,-5.551115123125783e-17,0.20473197590187178
2025-05,0.3203583893611363,0.6111111111111112,0.8579835567599212,0.5473639015056072,0.6666666666666666,0.0,0.13648798393458128
2025-06,0.30206022128961635,0.5555555555555556,0.9268263980064388,0.49777626343701264,0.6666666666666666,5.551115123125783e-17,0.06824399196729064
2025-07,0.3168547497529067,0.5833333333333334,0.8982397437641493,0.5182078918463602,0.6666666666666666,0.0,0.10236598795093596
2025-08,0.32193172846639945,0.5833333333333334,0.9129858903112021,0.5270062133474177,0.6666666666666666,0.0,0.10236598795093596
2025-09,0.17755167184342874,0.5833333333333334,0.7494675345740132,0.6349673141022848,0.6666666666666666,-5.551115123125783e-17,0.10236598795093596
2025-10,0.0986306155508478,0.5555555555555556,0.6891438340069542,0.6456753209912132,0.6666666666666666,5.551115123125783e-17,0.06824399196729064
2025-11,0.0877243734344242,0.5555555555555556,0.6839072099224779,0.6629869455152942,0.6666666666666666,1.1102230246251565e-16,0.06824399196729064
2025-12,0.11256554743295522,0.5833333333333334,0.6717721833966703,0.6778281127451095,0.6388888888888888,1.1102230246251565e-16,0.10236598795093596
2026-01,0.11581360136939937,0.6111111111111112,0.6460002300755932,0.7256092152667195,0.6111111111111112,4.163336342344337e-17,0.13648798393458128
2026-02,0.12258588886339132,0.6111111111111112,0.6523933060279196,0.7187247587425386,0.6111111111111112,-1.5265566588595902e-16,0.13648798393458128
2026-03,0.16550904110653544,0.6388888888888888,0.6559860550251341,0.7149894482191802,0.6388888888888888,-8.326672684688674e-17,0.17060997991822646
2026-04,0.13554432862360705,0.6111111111111112,0.6528481838708869,0.6870434673809476,0.6111111111111112,5.551115123125783e-17,0.13648798393458128
2026-05,0.09664750763375594,0.6111111111111112,0.6171027565519348,0.7281141340686507,0.6111111111111112,5.551115123125783e-17,0.13648798393458128
2026-06,0.12212370689782244,0.5833333333333334,0.6662553812873575,0.6478022177073816,0.6388888888888888,0.0,0.10236598795093596
2026-07,0.14319257933713395,0.6111111111111112,0.6519280899918123,0.666476978787156,0.6388888888888888,5.551115123125783e-17,0.13648798393458128
2026-08,0.1106911617574183,0.5833333333333334,0.6478569101294925,0.6487202967473137,0.6111111111111112,-2.7755575615628914e-17,0.10236598795093596
