,rho,C1_abs_share,rho_ex_top1_static,rho_trim1,C2_abs_share,rho_ex_top2_static,rho_trim2,C3_abs_share,rho_ex_top3_static,rho_trim3,C5_abs_share,rho_ex_top5_static,rho_trim5,C10_abs_share,rho_ex_top10_static,rho_trim10,max_abs_influence,max_influence_signed,max_influence_pos,n_to_flip_sign,S_raw,S_demeaned,mean_abs_c_same,mean_abs_c_opp,max_influence_month,spearman
1953-05,,,,,,,,,,,,,,,,,,,,,,,,,,
1953-06,,,,,,,,,,,,,,,,,,,,,,,,,,
1953-07,,,,,,,,,,,,,,,,,,,,,,,,,,
1953-08,,,,,,,,,,,,,,,,,,,,,,,,,,
1953-09,,,,,,,,,,,,,,,,,,,,,,,,,,
1953-10,,,,,,,,,,,,,,,,,,,,,,,,,,
1953-11,,,,,,,,,,,,,,,,,,,,,,,,,,
1953-12,,,,,,,,,,,,,,,,,,,,,,,,,,
1954-01,,,,,,,,,,,,,,,,,,,,,,,,,,
1954-02,,,,,,,,,,,,,,,,,,,,,,,,,,
1954-03,,,,,,,,,,,,,,,,,,,,,,,,,,
1954-04,,,,,,,,,,,,,,,,,,,,,,,,,,
1954-05,,,,,,,,,,,,,,,,,,,,,,,,,,
1954-06,,,,,,,,,,,,,,,,,,,,,,,,,,
1954-07,,,,,,,,,,,,,,,,,,,,,,,,,,
1954-08,,,,,,,,,,,,,,,,,,,,,,,,,,
1954-09,,,,,,,,,,,,,,,,,,,,,,,,,,
1954-10,,,,,,,,,,,,,,,,,,,,,,,,,,
1954-11,,,,,,,,,,,,,,,,,,,,,,,,,,
1954-12,,,,,,,,,,,,,,,,,,,,,,,,,,
1955-01,,,,,,,,,,,,,,,,,,,,,,,,,,
1955-02,,,,,,,,,,,,,,,,,,,,,,,,,,
1955-03,,,,,,,,,,,,,,,,,,,,,,,,,,
1955-04,,,,,,,,,,,,,,,,,,,,,,,,,,
1955-05,,,,,,,,,,,,,,,,,,,,,,,,,,
1955-06,,,,,,,,,,,,,,,,,,,,,,,,,,
1955-07,,,,,,,,,,,,,,,,,,,,,,,,,,
1955-08,,,,,,,,,,,,,,,,,,,,,,,,,,
1955-09,,,,,,,,,,,,,,,,,,,,,,,,,,
1955-10,,,,,,,,,,,,,,,,,,,,,,,,,,
1955-11,,,,,,,,,,,,,,,,,,,,,,,,,,
1955-12,,,,,,,,,,,,,,,,,,,,,,,,,,
1956-01,,,,,,,,,,,,,,,,,,,,,,,,,,
1956-02,,,,,,,,,,,,,,,,,,,,,,,,,,
1956-03,,,,,,,,,,,,,,,,,,,,,,,,,,
1956-04,0.16690498593473785,0.13329568795829175,0.09431168355428239,0.10295182780305823,0.24534319341818275,0.03329021639796524,0.04024597066753546,0.35474894829128717,-0.02629254405975,-0.03862740036499536,0.5198052076271791,-0.11618276577124631,-0.19166821613085516,0.7476938196302151,0.00792617708799348,0.00398187262621224,0.0639531581316796,-0.0639531581316796,29.0,3.0,0.6111111111111112,0.5277777777777778,0.6553367922680188,0.38880732619861963,1955-10,0.09703989703989704
1956-05,0.25959525403162603,0.11383480758079893,0.19105483617965793,0.20416323841253745,0.2234609545017661,0.12504847066504066,0.14979575996265554,0.32818986116014087,0.06199075417134188,0.07855295754680462,0.5143316659742053,-0.05008601173894251,-0.08308251782050144,0.7302269996069701,0.02148704497641723,0.00398187262621224,0.05805363769849192,0.05805363769849192,4.0,5.0,0.6111111111111112,0.5555555555555556,0.7539870384300704,0.37461917984340615,1953-10,0.20257400257400257
1956-06,0.3229561640970086,0.11783131777707874,0.25095639017654947,0.2697726461680915,0.22636903391941834,0.18463538849789737,0.22401992047211808,0.33463587190550614,0.11847990449636252,0.1548792631449252,0.5197085512660902,0.005392897372966133,0.007962707048653053,0.709588184081736,0.024810040060649134,0.08402081827656492,0.06125034957217418,0.06125034957217418,3.0,6.0,0.6388888888888888,0.6111111111111112,0.7429523414324755,0.3601061262942254,1953-10,0.2754182754182754
1956-07,0.36250228682773633,0.11597106816325196,0.28745549803662457,0.3182486273665207,0.21993297153767555,0.2201800376271413,0.26621396637421235,0.32300541881996764,0.1534801589083535,0.2008705964715459,0.5131178663413003,0.03045526208140765,0.04813855457625435,0.7361693208283572,-0.01670573934969382,-0.06905798036260645,0.07046163768079694,0.07046163768079694,2.0,6.0,0.6666666666666666,0.5833333333333334,0.8413489678974909,0.3320498857917692,1953-10,0.33153153153153153
1956-08,0.2766706408193352,0.11234178064402037,0.2042309921188193,0.2247642959635947,0.21106318782408115,0.1405739625226373,0.16066831853847546,0.3034137597639923,0.08102494211128096,0.08717966917006041,0.4820561179355653,0.07816970484084702,0.133430485090865,0.7460936238993137,-0.03957861606606389,-0.13659569839769078,0.0898758137908447,0.0898758137908447,35.0,5.0,0.6388888888888888,0.6111111111111112,0.7329998241247574,0.46018026443342386,1956-08,0.24916344916344915
1956-09,0.201122342927548,0.12449696829977297,0.12337768592319832,0.13557428624355913,0.23342878347589174,0.05535300449210833,0.0573350522927977,0.32723787490790307,-0.003227985365495302,-0.007941794213988839,0.5054798901422777,0.0006113919087232134,0.006061137582557587,0.7326018980521627,-0.04632488688189806,-0.1365956983976908,0.08413857911351114,0.08413857911351114,34.0,3.0,0.6111111111111112,0.5833333333333334,0.6879938547893413,0.49390592987413245,1956-08,0.19047619047619047
1956-10,0.2681823926186774,0.13043673592970706,0.18226057055948222,0.2011062812746685,0.2430362798093834,0.10808853685887007,0.12146093229918375,0.3366248541125035,0.046439487066793565,0.05784284888562876,0.5102471967196183,0.04747742334315423,0.08306533314751582,0.740700894979702,-0.005993732146979066,-0.017400428795069704,0.09455159679242991,0.09455159679242991,33.0,4.0,0.6388888888888888,0.6111111111111112,0.7373119862833935,0.4881771397557818,1956-08,0.24195624195624196
1956-11,0.21540467056648493,0.1253106081967695,0.13174410373654918,0.1439678701710629,0.2323931875939398,0.060253035112003035,0.06226569006335966,0.3189746258759012,0.0024490526092134043,-0.0008392000061059866,0.47673336643993036,0.001347778514222599,0.005283285587322052,0.723703376182034,0.017366363982404005,0.04103782351326117,0.07936362905789113,0.07936362905789113,32.0,3.0,0.6111111111111112,0.5555555555555556,0.7726514647238136,0.4946166140405814,1956-08,0.18198198198198198
1956-12,0.21161263132282432,0.1311306989630265,0.12275470232531234,0.13423833115547032,0.24242248873223948,0.04734018816866098,0.04622254083990811,0.32430829715240833,-0.008147988193113954,-0.015413511965862318,0.4756050285063195,-0.00778796597534893,-0.009932611114035818,0.7247876864910417,0.008915988394288352,0.020903319136324747,0.07760998604267322,0.07760998604267322,31.0,3.0,0.6388888888888888,0.5277777777777778,0.8190380959214055,0.47972245448281514,1956-08,0.17554697554697554
1957-01,0.2842415954772347,0.11937876208996982,0.20041918139080356,0.2193409895473893,0.21999408003530527,0.12977161647556607,0.1460993191603117,0.3122245897960521,0.06501148791315484,0.05969904960277434,0.46366126248802936,-0.04132055359931773,-0.07028124014546369,0.7255741317226498,-0.0042878161868502825,-0.011978300022170152,0.07847598284642271,0.07847598284642271,30.0,4.0,0.6666666666666666,0.5555555555555556,0.8630971631721731,0.4570929638587654,1956-08,0.2571428571428571
1957-02,0.3476648742781665,0.11472712189662151,0.2658027723523564,0.2878677439417909,0.2169054190586043,0.1928947272571689,0.22244956348743358,0.3024095254034148,0.13188434232847393,0.1486548679703728,0.45618551139766306,0.02215941215419228,0.0015632812573259736,0.721214183302059,-0.02351719228149598,-0.06200840725659456,0.07442972226732164,0.07442972226732164,29.0,5.0,0.6944444444444444,0.5833333333333334,0.8843352987186444,0.42685137822371344,1956-08,0.3204633204633205
1957-03,0.36562981650178855,0.1190622736912877,0.27923796483898095,0.3038026466142369,0.2260399851362193,0.20161469852760155,0.23431507019160244,0.31488269810846253,0.13715022760442397,0.15638275575948457,0.46849925582500623,0.025685710291330873,0.004903537883372232,0.7288671713749161,-0.022079118230442823,-0.06734221359448904,0.07547064177547358,0.07547064177547358,28.0,5.0,0.7222222222222222,0.5833333333333334,0.9093600412959495,0.4199678193101562,1956-08,0.33384813384813383
1957-04,0.4102437113435632,0.1255844711724292,0.3196061920097322,0.3496097415591376,0.23930760203996285,0.23752930482391596,0.28007175090494796,0.3329962978973781,0.16991178091462109,0.20213046130023588,0.4901611248764827,0.05648191246887855,0.054409656443946394,0.7543343725543169,0.007161888253887686,-0.012868286713749058,0.07825631814925693,0.07825631814925693,27.0,6.0,0.75,0.6388888888888888,0.861280946421969,0.4193024515908136,1956-08,0.37117117117117115
1957-05,0.4154098467974037,0.12466140213551974,0.32498635139152293,0.3554640090706334,0.2377629471135302,0.24294783058618735,0.28669883816508246,0.3307802773542728,0.1754774509048525,0.20967536329455366,0.48542703804671566,0.06330399211601478,0.06569245740924294,0.745366241741712,0.014965795003675147,0.007541775986417596,0.07664920816459159,0.07664920816459159,26.0,6.0,0.75,0.6388888888888888,0.8679715688003299,0.4172308803460351,1956-08,0.36061776061776063
1957-06,0.3981805979854318,0.12745049601606634,0.3085869422663239,0.33710073192553464,0.2439610963363778,0.2266836861863421,0.266524648416456,0.3393630727844727,0.1596191230814988,0.18787054971231704,0.4902824612898079,0.053527580421823324,0.04847514379831021,0.7429604019315442,0.01068407759478315,-0.007351511345263199,0.0675507015489824,0.0675507015489824,25.0,6.0,0.75,0.6388888888888888,0.8378306665372084,0.41029110775889865,1956-08,0.33513513513513515
1957-07,0.4453886623329254,0.13509501329728593,0.3513803443388416,0.38603676355764416,0.2597488827616258,0.2646376858662501,0.31573365344949406,0.36084646585817937,0.1942870969865563,0.23769071890133434,0.5140537234231805,0.08767504494524324,0.1059895842662007,0.7583755651455241,0.037913467832689715,0.06615888338877954,0.06785836337074647,0.06785836337074647,24.0,6.0,0.7777777777777778,0.6388888888888888,0.8683475803271673,0.3371839358363431,1956-08,0.35855855855855856
1957-08,0.44514292226549457,0.12692202750152012,0.3610361069545001,0.39285097335643615,0.2442766108600122,0.28326930427469593,0.3312744037759817,0.3382650720046129,0.2209864184867358,0.2671847727247344,0.4869097476808178,0.12248475939598816,0.16156777021666438,0.730668903348836,0.01984137063354926,-0.0036143143816318303,0.06157092841246392,0.06157092841246392,23.0,7.0,0.75,0.6666666666666666,0.8077767820864059,0.31722004089845257,1956-08,0.39665379665379663
1957-09,0.4578489012739028,0.11973301283243931,0.3796063521177343,0.41093781163981635,0.2307501426470861,0.3070594159702638,0.35567981051138886,0.31858219654615005,0.24966335090755573,0.3007844616732992,0.46223580646675083,0.15578928585414173,0.2121973820347078,0.696879479445977,0.053885206078697526,0.08598547711686556,0.05786021964611615,0.05786021964611615,22.0,8.0,0.75,0.7222222222222222,0.7480065765454861,0.34234594455960377,1956-08,0.4548262548262548
1957-10,0.4287214580972395,0.11537154631349093,0.35788147926149794,0.3849799577552743,0.22295040327669227,0.2918263366031967,0.3329456556019688,0.3064694650471077,0.24054429387040038,0.28453321407536025,0.4482187480880505,0.1535079618503993,0.20611104758278667,0.6807226582598523,0.01074683398059264,-0.040176292979705534,0.05000754596668966,0.05000754596668966,21.0,9.0,0.7222222222222222,0.7222222222222222,0.7018425400267747,0.32426550072927574,1956-08,0.43217503217503217
1957-11,0.43698643319518365,0.09914638268251745,0.3785911647740423,0.4315945275167952,0.19659315263514915,0.3211969348062299,0.3884794932146102,0.2867384057707588,0.26810315456613776,0.33696109233257426,0.4303213878500016,0.18353560351312523,0.26092283491239804,0.6808569013426051,0.03597511604403678,0.0688566204234525,0.041466864931274605,0.041466864931274605,20.0,10.0,0.7222222222222222,0.7222222222222222,0.6905545469265898,0.2659893058259907,1956-08,0.48442728442728444
1957-12,0.34926077577305453,0.08757650547522797,0.3090442135692131,0.32949202988291804,0.17436227503575233,0.26919077021703075,0.3083773577330141,0.2582351198559656,0.23067498949911475,0.27558381486895844,0.4153468901018788,0.1585266975940709,0.2153162701599275,0.6549686383507103,0.048488475681137344,0.07843531219447834,0.09716793040618865,0.09716793040618865,35.0,99.0,0.6944444444444444,0.75,0.5240129445907861,0.21380248354381262,1957-12,0.505019305019305
1958-01,0.3274179099314152,0.09031676145239899,0.2855581325024829,0.30343205016421926,0.17489251543187762,0.246359182268522,0.27597052243918613,0.2590574474464037,0.2073506387291689,0.2532883285742569,0.40820685597014245,0.1382232592255191,0.18655985010262635,0.6443314857107236,0.028784830660527304,0.08249825272660039,0.08375518206355625,0.08375518206355625,34.0,99.0,0.6666666666666666,0.7222222222222222,0.5323333791102046,0.2381041009265788,1957-12,0.4463320463320463
1958-02,0.32552773080419306,0.09463664719403482,0.2819180452443553,0.3003940420449266,0.18333005443106892,0.24104707490125657,0.27146148976830603,0.2652315367641624,0.2033059038292541,0.24952204036042908,0.411189925582728,0.13604655314507855,0.1845119061047238,0.6519926282673975,0.0547072518376862,0.09221127067871973,0.0847597148181124,0.0847597148181124,33.0,99.0,0.6388888888888888,0.7222222222222222,0.5292670048344542,0.23674715475490515,1957-12,0.4517374517374517
1958-03,0.3173227843015244,0.0938058412553978,0.2733741004545925,0.29088714426484713,0.18165259082479268,0.2322172921776476,0.260542986104047,0.2633838064712079,0.19392565373809545,0.23688234347973375,0.40484378146618855,0.12765067944174205,0.17226729023088508,0.6441639777610662,0.04745898505487988,0.07877879652217394,0.07656932689083984,0.07656932689083984,32.0,12.0,0.6388888888888888,0.7222222222222222,0.5289238256742175,0.26457220169763007,1957-12,0.43114543114543114
1958-04,0.30679729525205024,0.10068678376156567,0.26020227786226385,0.27769377492479447,0.1950519604620011,0.21653272278183366,0.2440749803604346,0.27415790181330746,0.17992471351590908,0.22057988595931463,0.4134653812211565,0.11545712220911626,0.15708407829661344,0.6579002763407791,0.03764630532477753,0.06343934064802355,0.07297546486291329,0.07297546486291329,31.0,11.0,0.6111111111111112,0.6944444444444444,0.5386984586702875,0.24814146663049347,1957-12,0.4146718146718147
1958-05,0.3100919051997269,0.09711848688292067,0.2649109468847905,0.2819450509294724,0.18804945805563034,0.22260851250848454,0.24962225682509928,0.26944647304669517,0.18474141573518935,0.22517747446540845,0.4070055899416154,0.12074687745782414,0.16253973113638995,0.6514967513838029,0.04189369631023939,0.06944146743092061,0.07031730485613125,0.07031730485613125,30.0,11.0,0.6388888888888888,0.7222222222222222,0.5218410575604798,0.2714650814582034,1957-12,0.40746460746460744
1958-06,0.31923463443055083,0.09811583276313156,0.2724821879927773,0.29152228125820606,0.19006604812043146,0.2286676740925367,0.25937499427764255,0.269047629591905,0.1910327475641114,0.235675717646859,0.40683607243413233,0.12537620047779738,0.17253275935992637,0.6492150241536315,0.04459410916991102,0.0775708139232488,0.07623280245397124,0.07623280245397124,29.0,12.0,0.6388888888888888,0.7222222222222222,0.5355923489195221,0.27521888668382954,1957-12,0.41904761904761906
1958-07,0.31305541583176244,0.0948032964449318,0.2683460560533988,0.28717596351757607,0.17363422608798565,0.23116928554815144,0.26438654945042783,0.24892691921962545,0.1956611520534498,0.2331009140714563,0.38683456454857423,0.13062372442791959,0.17253275935992637,0.6345930831501145,0.04639411703668875,0.07757081392324881,0.07412258079418066,0.07412258079418066,28.0,12.0,0.6388888888888888,0.6944444444444444,0.5492597153375806,0.2522321208479845,1957-12,0.4203346203346203
1958-08,0.3539767484326707,0.12240051533786356,0.29349484658228336,0.3176186837726595,0.19880739964948013,0.2557398284365424,0.29127174464891026,0.27381589455418737,0.21867579799313136,0.26840008162565576,0.4105580477665596,0.15110724677770254,0.20766429668138914,0.654239239554558,0.030696790303521786,0.05217053570674004,0.06850531502616786,0.06850531502616786,27.0,99.0,0.6666666666666666,0.7222222222222222,0.5708418241724396,0.24527012333399548,1957-12,0.4574002574002574
1958-09,0.38068805508950526,0.11690268907018077,0.32089741810272054,0.3457018647115128,0.18892165752835446,0.28406285053635527,0.32550877279462304,0.26022307150316926,0.24759528085493168,0.296588094657845,0.39474423514076057,0.17879356101368382,0.24538847379494577,0.6376631129360532,0.054551128653757275,0.09393890174594961,0.07380917863421005,0.07380917863421005,26.0,99.0,0.6944444444444444,0.7222222222222222,0.6004818936227472,0.22884473060587415,1957-12,0.503989703989704
1958-10,0.36033625888125825,0.11491372786234187,0.3038825688267324,0.3266574990382971,0.2013525982176779,0.26141772771089017,0.30028485220711854,0.2841355347369179,0.2207489379414116,0.2665042739918719,0.4120714903604498,0.15789781545191747,0.21358949341566635,0.6432514758782399,0.04432597776107886,0.1155758034485796,0.06220888368032801,0.06220888368032801,25.0,99.0,0.6944444444444444,0.7777777777777778,0.5322540367183743,0.28641799590880523,1957-12,0.46306306306306305
1958-11,0.3692472651432031,0.11719564206989455,0.30796925005825,0.33186134603506795,0.19817621071565425,0.2656269886958057,0.30564750681749303,0.2766206730417685,0.22461077972377025,0.27218151685765585,0.4022822536090784,0.1589061844538346,0.2185166868233492,0.6356879133542523,0.0368655071200458,0.05459289995723231,0.06579183635622099,0.06579183635622099,24.0,12.0,0.6666666666666666,0.75,0.5782237646285716,0.2987097072177025,1957-12,0.46023166023166023
1958-12,0.3733160210422923,0.11470069667715484,0.31318596413884886,0.3370471555832403,0.1961450819922969,0.2704900114085036,0.3108438479476552,0.27504408592611146,0.229128435292548,0.27737325673997437,0.3992373451273345,0.164022050073172,0.22506949782352503,0.6277000051753002,0.04425405260701228,0.06791690869349953,0.06546238128951104,0.06546238128951104,23.0,99.0,0.6666666666666666,0.75,0.5817456771802396,0.29345250526513766,1957-12,0.44761904761904764
1959-01,0.3799247251641941,0.10583809102724623,0.3246553686434296,0.34782331692639723,0.19476219778325451,0.2782186074368889,0.31913296447683814,0.27995944683326474,0.23372803616306298,0.28339452429938294,0.4031146945906555,0.1694155449829826,0.23229721156098881,0.6326651775350653,0.04954275288866776,0.13017957057009452,0.060926564507038206,0.060926564507038206,22.0,99.0,0.6666666666666666,0.8055555555555556,0.5443896318557155,0.35570484900985155,1957-12,0.4597168597168597
1959-02,0.3888438579997706,0.10558164457469797,0.33288223252496213,0.3567933368710185,0.19062144506069859,0.28780843693842834,0.33000977010190463,0.2728994300831465,0.2441984912779347,0.29555071013703405,0.3929627425273648,0.18056112181534148,0.24686869784225296,0.6193850714954948,0.0605500950512737,0.09731418120424487,0.06563094613861703,0.06563094613861703,21.0,99.0,0.6944444444444444,0.8055555555555556,0.5544939107125463,0.35296976866741053,1957-12,0.45894465894465897
1959-03,0.3784358757698794,0.11727427647281949,0.316032700472901,0.3401030716156479,0.20264140379713597,0.2706077362672726,0.311762369049756,0.28629575143713826,0.2260941645178588,0.27570965816365134,0.3982562645722729,0.1665185121442476,0.2210614377571431,0.630220571201113,0.04308727279180116,0.0659366347200175,0.06682378969442682,0.06682378969442682,20.0,99.0,0.6944444444444444,0.7777777777777778,0.5690930911647855,0.33616886258352696,1957-12,0.44787644787644787
1959-04,0.3830336478277528,0.11743706262526535,0.3194810538168026,0.3448041624741425,0.2022102564617456,0.27360493727859536,0.31646720165574616,0.2844464515014636,0.22910175063945576,0.28060245874242606,0.39587911164590556,0.168798517133713,0.2236361737665715,0.6296487169319669,0.04229105445771048,0.06485886928860288,0.06974748409967751,0.06974748409967751,19.0,99.0,0.6944444444444444,0.7777777777777778,0.5776229096261242,0.3459079744450165,1957-12,0.45765765765765765
1959-05,0.36566288423249943,0.1168319466710432,0.3051019560018894,0.3277645621688891,0.2142811325603487,0.2545882624366316,0.2944795030590617,0.309241069566121,0.20536489422569013,0.25276712348549035,0.4180387634962208,0.14896859576882537,0.19670458244438327,0.6366708331641173,0.035638625179976964,0.0942571582775644,0.06200050532150775,0.06200050532150775,18.0,99.0,0.6944444444444444,0.7777777777777778,0.5525138765750348,0.3340234494954372,1957-12,0.41776061776061774
1959-06,0.3597162286206054,0.11843662765157595,0.29922234941467324,0.32132746071685586,0.2184401880902501,0.2481435284004732,0.2874689059179663,0.3168348676137617,0.19788647553070987,0.24394811578801495,0.42788295801047027,0.1411664396793805,0.18805440701648576,0.6465251382259936,0.029490567936475996,0.0824228495315247,0.06345584504880497,0.06345584504880497,17.0,99.0,0.6666666666666666,0.7777777777777778,0.5440539081931985,0.33043017846104605,1957-12,0.4203346203346203
1959-07,0.35051974134040326,0.12461266289802321,0.2873610122435856,0.3091357686656153,0.22586150367575702,0.23604401156861526,0.27407764852868893,0.32576725793516237,0.18540774137152666,0.22934159197903417,0.4405333672083763,0.12723964323037318,0.1703532213140444,0.6516514674440395,0.05081758863074103,0.13657608936636162,0.062461133420509574,0.062461133420509574,16.0,99.0,0.6666666666666666,0.7777777777777778,0.535850074236649,0.341951391464007,1957-12,0.40875160875160876
1959-08,0.3733999761072128,0.12948564676934404,0.30775014061339295,0.3328514985784076,0.23092190618233657,0.25632147720768184,0.29939688601390085,0.32945769560656907,0.20636336580806333,0.2570147855242409,0.44653428275043355,0.14700498225020123,0.19746400131190897,0.665710928909327,0.06540855467530728,0.18116359614463087,0.07111293370912308,0.07111293370912308,15.0,99.0,0.6666666666666666,0.8055555555555556,0.5312787024955733,0.3340118869455964,1957-12,0.45997425997425995
1959-09,0.2988819705673391,0.11742747056510167,0.3628851468383174,0.3908430005370928,0.2319333171448506,0.3004743851363677,0.3521126478547979,0.3239945446180184,0.2502969356747347,0.3163634350536086,0.4699148952001802,0.1707638768862861,0.23891213779670734,0.6850846971551795,0.05348679771184902,0.14358470073144164,0.09196102996975392,0.09196102996975392,35.0,9.0,0.6666666666666666,0.8055555555555556,0.5092658671944253,0.6154058826830661,1959-09,0.39510939510939513
1959-10,0.2953009616511042,0.11948181339373222,0.35993629303160424,0.38805404291380413,0.23356040421817995,0.2982239092643735,0.34949762632584946,0.325366730335136,0.24856001362327343,0.31335117525284856,0.46915644465233597,0.17077498868920096,0.23850139066700468,0.6870584688622401,0.052897889712832984,0.1349296294666035,0.09275308126270015,0.09275308126270015,34.0,9.0,0.6388888888888888,0.8055555555555556,0.5046425062396375,0.6141570033086914,1959-09,0.38223938223938225
1959-11,0.31250495093484676,0.12485937477712439,0.3797669660387249,0.41053977489775556,0.24098339599716562,0.3172107047794663,0.3739224943934977,0.3342629033796839,0.26696083250800307,0.3386162647583537,0.4780220080438348,0.18951749205799398,0.26764475272502936,0.7043341346519159,0.06760266022998447,0.1779746542422316,0.09803482396290886,0.09803482396290886,33.0,10.0,0.6388888888888888,0.8055555555555556,0.5136594645351927,0.5654930269715651,1959-09,0.44247104247104246
1959-12,0.32427763689752404,0.12175494769654342,0.39056800449044554,0.4217523727866809,0.2324501717933164,0.3302991839210764,0.38788437063905723,0.3252699494357441,0.2797627802987335,0.3533439394417719,0.4683547077013062,0.20185924207038355,0.2839056661581975,0.6904379805989201,0.0809443874780731,0.2101986075233306,0.09747473588915673,0.09747473588915673,32.0,10.0,0.6388888888888888,0.8333333333333334,0.5067620345862867,0.6421906243625435,1959-09,0.46306306306306305
1960-01,0.30034830841557936,0.1271519146310684,0.3666967747012803,0.39619362270636016,0.24278180464778776,0.30636055497817544,0.3600574314050574,0.3434400993482677,0.2538365840125106,0.32218432867285646,0.49135080478237203,0.17665608318196283,0.2535328998445763,0.7052414924786025,0.06504691769975299,0.16607326624621666,0.09584531429078075,0.09584531429078075,31.0,9.0,0.6111111111111112,0.8333333333333334,0.4795892531529698,0.6459144666739692,1959-09,0.44761904761904764
1960-02,0.3233496401293733,0.14348989025070244,0.24553636082276833,0.2644836364246046,0.26546952932177287,0.3116848240223184,0.3660181960406224,0.37528652005076657,0.2521320558288519,0.32700747780838496,0.5183180326918315,0.17456735058488157,0.2535328998445763,0.7232781696135897,0.06341930835592957,0.16607326624621668,0.09739945753464502,0.09739945753464502,30.0,9.0,0.6111111111111112,0.8333333333333334,0.5049570532172931,0.6385790319984546,1959-09,0.44247104247104246
1960-03,0.3415307553116073,0.12588192664713915,0.2707259913926881,0.2898554509121419,0.24093929736322148,0.33544227106577906,0.3902962808951622,0.34759607603085635,0.27545106950844306,0.35274167904507425,0.4879735356123021,0.1964930081732118,0.2783575619416262,0.7013706636374037,0.0764635990814175,0.20305415294740484,0.09629901832755405,0.09629901832755405,29.0,10.0,0.6111111111111112,0.7777777777777778,0.5650002567772466,0.48330384423208095,1959-09,0.4416988416988417
1960-04,0.33880296023493517,0.12516990942679354,0.2683681072166239,0.28720715615432013,0.2406595683268638,0.33335574831193737,0.387811437053929,0.3492707722365103,0.2722387097317349,0.3490367733366644,0.4880752658948349,0.1941314860876756,0.2751065929092103,0.7041872951518925,0.07252223442394075,0.19386178653335848,0.09648258017892125,0.09648258017892125,28.0,10.0,0.6111111111111112,0.7777777777777778,0.5634480632226373,0.4898052702513894,1959-09,0.4555984555984556
1960-05,0.3206787080636033,0.12346777699968141,0.251321198964851,0.2685221647265039,0.23967529061438017,0.1860421125608279,0.21736745719162218,0.3549975430823706,0.2508239072055788,0.3223111029128368,0.4881932829130018,0.1760017555340387,0.24897111777124192,0.7127934119682577,0.04983356920173715,0.13663660914011969,0.09470632175891897,0.09470632175891897,27.0,8.0,0.5833333333333334,0.7222222222222222,0.5939395941802279,0.4218674666459812,1959-09,0.4205920205920206
1960-06,0.25893299652179397,0.1137150898122931,0.32617649589852277,0.35267433658638603,0.224719382224398,0.2605359808186967,0.30234073402805944,0.3344722859838681,0.19563545330096468,0.25303509734237,0.4742954059703521,0.19368283684862847,0.2749306717216414,0.7144107485639537,0.05169468104021269,0.09286540039206455,0.093741340064592,0.093741340064592,26.0,6.0,0.5555555555555556,0.6944444444444444,0.5951862848089913,0.5288183856329085,1959-09,0.3593307593307593
1960-07,0.2832605558832675,0.10878306336089281,0.2161571082692448,0.23284027684166766,0.21547276715630403,0.28196925520097665,0.3326067017607948,0.3107840376460145,0.22317595917920394,0.2855630944748742,0.44305458177019663,0.21845850958970975,0.3061213509336385,0.6989922613933026,0.060581905029796955,0.10813568282499558,0.09322770361533611,0.09322770361533611,25.0,7.0,0.5555555555555556,0.6388888888888888,0.6848710287023652,0.44907032340307995,1959-09,0.39433719433719433
1960-08,0.2985799704518035,0.11155298124652446,0.3724660333382157,0.4058687987671242,0.21431154918700124,0.3044048669926119,0.3636315103467756,0.3117701679467957,0.23985407189915142,0.31438603805120086,0.4484828964040615,0.14930368822232581,0.21623664976493645,0.6940035340868876,0.06285689950466009,0.12617987826834995,0.10728882831532055,0.10728882831532055,24.0,7.0,0.5555555555555556,0.6666666666666666,0.700671212394432,0.5304841776377702,1959-09,0.3927927927927928
1960-09,0.3011039987555783,0.11239887868034326,0.376677273409409,0.41143436983379994,0.21441044779625293,0.3080880808731572,0.3690855499734053,0.3128494013814789,0.24190099641754514,0.319028564936668,0.4513967713977945,0.14874634425605482,0.2174226651667095,0.6959145604172845,0.06125896763651062,0.12478654872487287,0.11033037107822163,0.11033037107822163,23.0,6.0,0.5277777777777778,0.6388888888888888,0.7406843052418464,0.4997768510859403,1959-09,0.398970398970399
1960-10,0.33786068807478464,0.11640243401551265,0.4223333856757599,0.4675901225225693,0.2193535007206499,0.34762228191720856,0.42370263030447525,0.31862916801826735,0.2755783981815035,0.37640285036445487,0.4654590001128106,0.16902468124057254,0.26247996477559415,0.7067333979561495,0.0753768366035234,0.16782110616473958,0.12972943444778445,0.12972943444778445,22.0,6.0,0.5277777777777778,0.6388888888888888,0.809227371297515,0.5220850351711833,1959-09,0.3992277992277992
1960-11,0.30377652596356525,0.12601175679885837,0.39138201429570646,0.4358940847071438,0.24528610024482023,0.3084604888085411,0.38194438556439586,0.34520781019702185,0.23899323894456248,0.3328724217208442,0.4968744499568392,0.2171539737559726,0.3420529948195994,0.7362563565277951,0.0507316544758593,0.15411850944519442,0.13211755874357856,0.13211755874357856,21.0,5.0,0.5277777777777778,0.6944444444444444,0.6992953171091986,0.6227458653641076,1959-09,0.3595881595881596
1960-12,0.30090982735749233,0.13460716759542046,0.19798003091305338,0.218564503613234,0.2636047045603966,0.29662032220531825,0.3775300920922564,0.3671061022448106,0.21747611327736732,0.29863131210935484,0.5344212674646823,0.08953555702176583,0.15138191710001764,0.7625873544472005,0.0156995754214496,0.049657991504323075,0.14874042770106516,0.14874042770106516,20.0,4.0,0.5277777777777778,0.6666666666666666,0.7769838476893485,0.6763140322526776,1959-09,0.3474903474903475
1961-01,0.2984485882791971,0.14131567249617236,0.1949703366183435,0.21510476184441013,0.27298154267436736,0.2913825307422017,0.3688717216940553,0.38229673702726347,0.21133659534242857,0.2885439264491711,0.551877575520826,0.08716120578702931,0.1460683569366214,0.773028245970943,0.02166402481639145,0.06833078841121379,0.1444239609171165,0.1444239609171165,19.0,4.0,0.5277777777777778,0.6666666666666666,0.7515502824308163,0.6326255157139746,1959-09,0.3341055341055341
1961-02,0.26924542298322796,0.1416826515428513,0.16609594785047,0.18271514435900976,0.2742523335973737,0.2626108914482385,0.3323728685487207,0.38474308195959517,0.1821701135796666,0.24683679416347756,0.5510488275492704,0.061094243087867386,0.09741883186788391,0.7587783667442681,0.0003736582184587738,0.008334841451835034,0.1412714603102121,0.1412714603102121,18.0,4.0,0.5277777777777778,0.6388888888888888,0.7587978832999653,0.6175970393450944,1959-09,0.2651222651222651
1961-03,0.26589275753613517,0.14279990684792823,0.16216273707637222,0.17838931056610396,0.27547499614605414,0.25853807814750784,0.3272653787915294,0.3870383830847107,0.17749830252614726,0.24033789919906554,0.5530268112475357,0.05692411288224462,0.08963903336934202,0.7573346576993681,-0.0018830349336731445,0.002173986059071594,0.1406530439347417,0.1406530439347417,17.0,4.0,0.5277777777777778,0.6388888888888888,0.7550062548044423,0.6199151805182643,1959-09,0.23397683397683397
1961-04,0.26353190787944064,0.14835822667461,0.1562407033660142,0.17230245584547865,0.2817616018972999,0.2527167069865705,0.32120592120637137,0.3980200583458147,0.1686397393197171,0.22926013460298256,0.565666069362247,0.04739979963457624,0.07162523220208865,0.7644008462995108,-0.006535494278789601,-0.011829498621884918,0.1407099492514931,0.1407099492514931,16.0,3.0,0.5555555555555556,0.6666666666666666,0.7194848157387553,0.6703349001624755,1959-09,0.23552123552123552
1961-05,0.2634865101779964,0.14408709299874206,0.15847522867111127,0.17446578284281275,0.2770331952516628,0.2553669091011306,0.3239771948050883,0.3895121398419379,0.1733917795586821,0.23522646072894046,0.5567324837513306,0.051520887152651795,0.07989912809210384,0.7627580529373377,-0.007480038522744487,-0.014530146138667516,0.14125726213451467,0.14125726213451467,15.0,3.0,0.5277777777777778,0.6388888888888888,0.7550038168721014,0.6263892255252659,1959-09,0.23346203346203345
1961-06,0.22477697550858164,0.13724943344113147,0.12320615614323747,0.13440695327940422,0.2604558489087343,0.21438450388832284,0.2681573926962548,0.3666231195892461,0.135815897793296,0.17784541872300702,0.5277304255157507,0.01658916833858434,0.014013259419798196,0.7418768248821814,0.008931003363952174,0.03704138682429523,0.1278714210764105,0.1278714210764105,14.0,3.0,0.5,0.6111111111111112,0.7674723875910636,0.644085598871646,1959-09,0.1969111969111969
1961-07,0.20083726988497325,0.13591447148752014,0.09969926432424162,0.10807737515636912,0.26346758469745757,0.19461533420205315,0.24405684074516795,0.36803400849403595,0.11680434442547712,0.15177522499159035,0.534513755950116,-0.0070781931710308344,-0.02788713516595896,0.7565712472217525,-0.015413689756931248,-0.03492357215000995,0.13046828273556837,0.13046828273556837,13.0,3.0,0.4722222222222222,0.5833333333333334,0.7874725403071915,0.6338412600317972,1959-09,0.1758043758043758
1961-08,0.16099406960472679,0.14153538873804872,0.054302808199305524,0.05757304070675381,0.2813129340066554,0.159668983781455,0.20415688853188357,0.39035226315461563,0.07747368497086597,0.09884386721041823,0.5300541276910551,0.07566973495929036,0.08953103004314146,0.7359924830182984,-0.013497194371003676,-0.03492357215000995,0.1412039141656798,0.1412039141656798,12.0,2.0,0.4722222222222222,0.5833333333333334,0.7623394920632517,0.6916224598108565,1959-09,0.1498069498069498
1961-09,0.1450933459168082,0.14453645871254228,0.25566954099177064,0.2920571183339358,0.281650185647464,0.15077203380180526,0.19399367007458,0.38668157832760297,0.07041880064910856,0.08988165076447159,0.5240612628251744,0.07235818535260603,0.0869442834671089,0.7344700928921933,0.024829555042612052,0.0632466699035187,0.14696377241712763,0.14696377241712763,11.0,2.0,0.4722222222222222,0.5555555555555556,0.7963668151084778,0.6780668246925794,1959-09,0.12664092664092663
1961-10,0.1362118437251981,0.14522193520456186,0.24846327042073618,0.2845352886441503,0.2797839176212827,0.1444516107222202,0.1862737673567534,0.3821930159170932,0.0652929948139864,0.08265554936605306,0.5189151993350544,0.07067280370533453,0.08459037738454665,0.7378611134126466,0.0159647542259085,0.042490942220558395,0.1483234449189522,0.1483234449189522,10.0,2.0,0.4444444444444444,0.5277777777777778,0.837399429881118,0.6554808610211357,1959-09,0.12097812097812098
1961-11,0.15257918881493254,0.1468619489743787,0.2629761031269779,0.30024323530211533,0.2855124754694257,0.15875175911078868,0.20405132104551724,0.3913353982678803,0.07920410076894481,0.1026906308273643,0.5312948886090177,0.0829555709512218,0.10741467790984294,0.748364904076492,0.032310826155703104,0.08386420548365262,0.14766404648718273,0.14766404648718273,9.0,2.0,0.4722222222222222,0.5555555555555556,0.7912489807371199,0.6552942503887351,1959-09,0.11891891891891893
1961-12,0.14228025588201518,0.14812036908542076,0.25231281718306753,0.28808413574053654,0.28794229416507894,0.1484448303723801,0.19063967940993395,0.39439510154942403,0.0693653956767236,0.08821558351838334,0.5362265835595582,0.07429432577650939,0.09142808181801346,0.7570244301141146,0.021785318826885152,0.05583060736180871,0.14580387985852125,0.14580387985852125,8.0,2.0,0.4722222222222222,0.5555555555555556,0.7744969200368611,0.6568830903041681,1959-09,0.10579150579150579
1962-01,0.08814598095644632,0.15180355642987,0.1951537575404981,0.22303971960578414,0.2903945600331033,0.09745963561796206,0.12417963498891811,0.3939055925976492,0.024493720278761597,0.023522708444680438,0.5399156939415959,0.038107705210457365,0.028555680602983118,0.742885933184864,0.04014597083420153,0.08961860437463819,0.1348937386493377,0.1348937386493377,7.0,1.0,0.4444444444444444,0.5277777777777778,0.7304458833671718,0.6349036735588612,1959-09,0.0761904761904762
1962-02,0.07232542499857836,0.1562674746697569,0.18232156335486893,0.20932167126120046,0.29965542205613954,0.08139127998868163,0.1045527167196123,0.4076629409590676,0.005365158635704998,-0.004505877071552978,0.5563246841725967,0.015477772571425762,-0.01603814397295049,0.7603302641866656,0.02168208590642214,0.041226878123495375,0.13699624626262216,0.13699624626262216,6.0,1.0,0.4166666666666667,0.5,0.7546602662811887,0.6140274954506197,1959-09,0.04633204633204633
1962-03,0.07320197451812846,0.15504356006195197,0.18281564026747316,0.20981752476237508,0.29272083997089526,0.08547969587102272,0.10945575004109423,0.3958723356801338,0.012553006315523087,0.006716144932701219,0.5402538496887803,0.02509571360694437,0.0047325005512225005,0.7469999374832992,-0.01151788783706497,-0.032178069092452535,0.13661555024424654,0.13661555024424654,5.0,1.0,0.3888888888888889,0.4722222222222222,0.8031349412166888,0.5837486785552217,1959-09,0.055598455598455596
1962-04,0.08832460079873951,0.14886384848195355,0.19533487793769516,0.22368787021658115,0.27438328476019536,0.10510565304909865,0.1334046153197231,0.36731919747123937,0.03829898456117334,0.044352339622302166,0.5043672578435566,0.053680851059258315,0.08162718727107013,0.7232018739231435,0.0022270041862849357,-0.01098729914737104,0.13536326941784166,0.13536326941784166,4.0,1.0,0.3888888888888889,0.4722222222222222,0.8309115703056673,0.5807439824863401,1959-09,0.07644787644787644
1962-05,0.03606976454924675,0.1420409061437245,0.1315284704213139,0.1507491442084003,0.2572711136402995,0.054087916262480884,0.06809841960121692,0.3403098135200188,-0.0017183091624418888,-0.010095538762519937,0.48753831491050015,0.010649105104416691,0.012894318226630144,0.7040942043309552,-0.02828603491807546,-0.1103254158216017,0.11467937965915352,0.11467937965915352,3.0,1.0,0.3611111111111111,0.4722222222222222,0.7289476491482658,0.5857720145419413,1959-09,0.029601029601029602
1962-06,-0.010810477124605557,0.12567633370358733,0.06222788917474902,0.07121384653895382,0.22768423022237444,0.002944729873347767,0.004393071060339883,0.3136185074414856,0.05288650516417618,0.06664352620242142,0.45786061600200356,0.05472040324849894,0.07598215442681441,0.6926161728471846,-0.03764367101284439,-0.13752615804449195,0.08202432366355941,0.08202432366355941,2.0,1.0,0.3611111111111111,0.4444444444444444,0.6238224729186218,0.5179763133029571,1959-09,-0.01287001287001287
1962-07,-0.0113974073172806,0.12480005376129724,0.06081737616626244,0.06947771275380757,0.22701839313974828,0.0016693628137925901,0.002803690601701908,0.31512553094262136,0.05265201617032775,0.066189544584359,0.45776972071099375,0.05394228977122496,0.07438529103605733,0.691878817466491,-0.038711715116842606,-0.13752615804449195,0.0808751200710882,0.0808751200710882,1.0,1.0,0.3611111111111111,0.4444444444444444,0.6204257957631173,0.5162860994157349,1959-09,0.002574002574002574
1962-08,-0.013271477768045098,0.1267370117618862,0.06060164959054949,0.06942856497437842,0.2291600059108308,0.0009008030420355664,0.001965194108905124,0.3131271575222633,0.049844012280579275,0.06252643695338585,0.4588328080928556,0.05155932445233034,0.07012836899594756,0.6910494510174814,-0.039000462880703496,-0.1366706582331322,0.08270004274242357,0.08270004274242357,0.0,1.0,0.3611111111111111,0.4444444444444444,0.6230149992875699,0.5216370855241348,1959-09,-0.005405405405405406
1962-09,0.06780730900866346,0.11260462047407693,0.002510480804915094,0.000699354341146779,0.20679220637535153,0.05712769446478586,0.0706276099582306,0.29452821730674383,0.1080037882604945,0.14498213425374654,0.4487352292169573,0.01858269059929636,0.013241871422486116,0.6815259688123386,-0.015184489710503143,-0.06615485706535873,0.08598069242477112,0.08598069242477112,32.0,2.0,0.3611111111111111,0.4722222222222222,0.6667338355980528,0.4716431257822988,1962-06,0.04942084942084942
1962-10,0.07483072890324954,0.11176202609162361,0.009482385310367799,0.00828625848741919,0.2029944453705271,0.0628268681399831,0.07349283169109017,0.29220869647715453,0.11499130841165486,0.15455496293906046,0.4456996167214525,0.025243674575015345,0.02522754925793958,0.6713691217077734,-0.011591982781600332,-0.05978115603381919,0.08294915398943042,0.08294915398943042,31.0,2.0,0.3888888888888889,0.4444444444444444,0.7213723719597567,0.44614412198711867,1962-06,0.087001287001287
1962-11,0.07417926968387097,0.1155288607695337,0.009303958777452109,0.008103766005420137,0.20556569031856203,0.059864202089068286,0.07234375627791297,0.2912339428454172,0.10797126798125596,0.14096665535170247,0.444410626146416,0.021954796542225218,0.018284135044451925,0.6729893271977426,-0.009353995738264904,-0.050138197653103234,0.07815509168798042,0.07815509168798042,30.0,2.0,0.3888888888888889,0.4722222222222222,0.6544278945633126,0.4488947246653067,1962-06,0.07567567567567568
1962-12,0.022522112223626857,0.11601865357245801,-0.04316373921842253,-0.049081250589045944,0.21856507200857567,0.014894586748119285,0.0128485827379255,0.30272789510680265,0.0625447406220477,0.07618009888750955,0.45149036109506474,-0.021679553835525743,-0.058595235676389745,0.666364826394802,0.005005822205491661,-0.014109304810768481,0.0766464424093963,0.0766464424093963,29.0,1.0,0.3611111111111111,0.4444444444444444,0.6438779472678589,0.47568866142294003,1962-06,0.0036036036036036037
1963-01,0.02929117558571022,0.1193665594989388,-0.038034692024238155,-0.043566456529648245,0.22591708874849625,0.022062598675418935,0.02252989330023042,0.3136614541340152,-0.02742752278122659,-0.06584907037950008,0.45598450452755285,-0.017948248285828715,-0.05297561834888353,0.6831251345743821,0.013290639270589882,0.014650679883619106,0.08081753032737855,0.08081753032737855,28.0,1.0,0.3611111111111111,0.4444444444444444,0.6489408854907676,0.4678931511176211,1962-06,0.009266409266409266
1963-02,-0.03563934251893471,0.11074494134859195,-0.09343376048513531,-0.10602517564360851,0.21825064572269828,-0.037329801815000535,-0.060434868135841986,0.3106791655322652,0.010905832615079726,5.075387305380014e-05,0.4419868088038527,-0.0576196343270849,-0.13252792021671517,0.6750032987698278,-0.018223533183814974,-0.07486932745582546,0.07038583312467375,-0.07038583312467375,4.0,1.0,0.3611111111111111,0.4444444444444444,0.5318143413801064,0.48782032251222096,1960-07,-0.03166023166023166
1963-03,-0.07975701446450918,0.12672238086322607,-0.14558945018061675,-0.1695099802314608,0.23147922799221363,-0.09116813677517659,-0.11814392846380167,0.3353932350786887,-0.03718467982839586,-0.08025996596675566,0.4620771397815858,-0.041318917411720175,-0.08443035155587543,0.6817137965992291,-0.01952029208583418,-0.049507986826815474,0.0897529657669515,-0.0897529657669515,3.0,2.0,0.3333333333333333,0.3888888888888889,0.5496802989044194,0.4766827132236223,1960-07,-0.10398970398970399
1963-04,-0.06299434632398504,0.127637477086181,-0.12968948440372682,-0.15128199967911032,0.2292232649815167,-0.07660728389890098,-0.1194803153490188,0.32852168195654763,-0.02472031635270143,-0.059968039892082506,0.45269000106217255,-0.02618578449098853,-0.054937705537532376,0.6688658574244192,-0.03833852117735292,-0.08416707200212337,0.08828765335512531,-0.08828765335512531,2.0,2.0,0.3333333333333333,0.3888888888888889,0.5744266886113261,0.4657625346317291,1960-07,-0.04633204633204633
1963-05,-0.05580437739126633,0.1300551251506897,-0.12412992129602968,-0.144936079343492,0.23939117089682255,-0.06668931843362877,-0.10583288569311355,0.33511703635339973,-0.016398937216459592,-0.04692554084022431,0.4632877917457942,-0.015873451799376204,-0.03496555207691854,0.6881843241742163,-0.024133295239068143,-0.03670063411337214,0.08913170195222574,-0.08913170195222574,1.0,1.0,0.3333333333333333,0.4166666666666667,0.5478129496229674,0.48430225966851603,1960-07,-0.025482625482625483
1963-06,-0.008767545505094175,0.14613745463929773,-0.08221632044058455,-0.10003804545995935,0.2512857122110141,-0.02936874126037912,-0.05602005553434402,0.32154848962954385,-0.06468285657526489,-0.1048603896214386,0.45117572094145586,-0.06307411748109638,-0.11716850450903102,0.6647092136726948,0.00759308365824543,0.04859198359398929,0.09127049995486518,-0.09127049995486518,0.0,1.0,0.3611111111111111,0.3888888888888889,0.6172913399414649,0.4067701296299456,1960-07,0.011325611325611325
1963-07,-0.10601606280644742,0.10350958805401211,-0.05455041370801668,-0.06529466996727477,0.18619214899100864,-0.0956607277160545,-0.1286896050776776,0.26389690097992147,-0.13429604232145317,-0.18144935974115572,0.39405123037255313,-0.06958245229472608,-0.10148927372618333,0.6307821833484447,-0.03712982987235869,-0.03346687658049666,0.049062086456371654,-0.049062086456371654,20.0,3.0,0.3333333333333333,0.3888888888888889,0.48898815645341526,0.4798361994806125,1962-04,-0.059716859716859715
1963-08,-0.10837463563040643,0.0983740024206303,-0.05847979028800884,-0.07013723797730374,0.18466287505092452,-0.1022451129212118,-0.13816095481070165,0.2624649496331453,-0.06278425554957458,-0.08233578475711636,0.3934472478694712,-0.07316068901768771,-0.10891761534883386,0.6294594109975127,-0.04178052988978306,-0.04833364168702874,0.052611153827989185,-0.052611153827989185,19.0,3.0,0.3333333333333333,0.3888888888888889,0.4985260041926644,0.48965801389825125,1962-04,-0.09832689832689832
1963-09,-0.09496927525280122,0.09262269627627694,-0.047962421666787984,-0.057992444895492615,0.1838801626997819,-0.09427640879154982,-0.13024623403777438,0.2659667415328869,-0.0526167298174581,-0.06864044551468844,0.39012147462228014,-0.06044366299325865,-0.08859911506950126,0.6234805540989491,0.004466463163571824,0.017320015025968905,0.05503256367977688,-0.05503256367977688,18.0,2.0,0.3611111111111111,0.3888888888888889,0.5156746778176223,0.4792440965133979,1962-04,-0.07979407979407979
1963-10,-0.07138048639702255,0.10322082689374888,-0.020261768001539292,-0.023568178905348704,0.1992189751802817,-0.06780355250786264,-0.09594317343407395,0.28906645518944446,-0.023307803274426206,-0.024666176894832675,0.417043769899845,-0.03225558057303463,-0.041866692109757055,0.6408014270288078,-0.010155558528220292,-0.015346963992155994,0.05527808574498763,-0.05527808574498763,17.0,2.0,0.3888888888888889,0.3611111111111111,0.57057536846516,0.4311216006062115,1962-04,-0.04967824967824968
1963-11,-0.08265677815722738,0.10541336610681157,-0.030313089239952223,-0.03604388411752368,0.19860619396433313,-0.07658859082817135,-0.10712215477511891,0.2851096757582859,-0.033634727304869494,-0.03999822710327627,0.41827164651281545,-0.043903178516641654,-0.06165701047987823,0.6479910489429235,-0.019762850343322428,-0.039039679535868246,0.05434150774239374,-0.05434150774239374,16.0,2.0,0.3611111111111111,0.3611111111111111,0.5571726614889322,0.44070573195039453,1962-04,-0.06975546975546976
1963-12,-0.06539826166016527,0.10123881117599719,-0.01567781347773868,-0.017828170697448048,0.20122206577773857,-0.06478163217918624,-0.09230268318781233,0.2897229812416591,-0.021317024779050637,-0.022142974740993523,0.4297517353136087,-0.0297874681239007,-0.0391552161875443,0.6623233053287475,-0.042811937423695844,-0.0683824880535416,0.05701779504656278,-0.05701779504656278,15.0,2.0,0.3888888888888889,0.3888888888888889,0.5321527067821938,0.44268532059347715,1962-04,-0.0851994851994852
1964-01,-0.052391219089203266,0.09860376383435863,-0.10195113187545211,-0.10924496769749786,0.19484308999562497,-0.05357962529511467,-0.07803788388020845,0.27946224356951477,-0.011048613211102624,-0.006887643329593879,0.42086832864040397,-0.019045561165506954,-0.021476360681823833,0.6519434898965836,-0.033392201137728277,-0.04763834156817821,0.056853748608294626,-0.056853748608294626,14.0,2.0,0.4166666666666667,0.4166666666666667,0.5252632314443769,0.4625067209422747,1962-04,-0.023423423423423424
1964-02,-0.025043253907974974,0.1030693209964245,-0.07549251004317305,-0.08144525166060343,0.20032108225527478,-0.02789077010819211,-0.04383900332420754,0.28558691414852116,0.013844226796583745,0.031131455314916942,0.4388506803202667,0.006144005406308525,0.021663336308142205,0.6547478073434263,-0.024409485858877908,-0.019580186854579767,0.0564019977526285,-0.0564019977526285,13.0,1.0,0.4166666666666667,0.4444444444444444,0.5079658577659443,0.45019838055171163,1962-04,0.012097812097812098
1964-03,0.0003661668292815112,0.10777917405260691,-0.05129163212271557,-0.05598047776241546,0.1969035685999027,-0.008574937587689,-0.018150158424426077,0.28212481008630436,-0.04942087835353075,-0.06917076592929843,0.4404885659164924,0.026481754338440026,0.05554089437924298,0.6626131166870888,0.03003150359795924,0.10577213772046021,0.056346644591697005,-0.056346644591697005,12.0,1.0,0.4444444444444444,0.4722222222222222,0.49376674432855233,0.4411167797137125,1962-04,0.0416988416988417
1964-04,-0.007176879374924842,0.10675453228985125,-0.058308914265978985,-0.06336848351448995,0.19909426719184972,-0.014081110110365325,-0.025539307750214867,0.2866222653530467,-0.056004244987402425,-0.07864464314445087,0.44497817227416187,0.019843211642452913,0.04446409845282038,0.6686588155630279,0.02356699432252937,0.08862874645573021,0.05619160413956513,-0.05619160413956513,11.0,1.0,0.4444444444444444,0.4444444444444444,0.5160218462571604,0.4253770159118468,1962-04,0.02651222651222651
1964-05,-0.004934607055785228,0.10883147920162127,-0.05756645815827621,-0.06278451056736145,0.1982140771941646,-0.014340255379372266,-0.02626246198920845,0.2856356227281192,-0.05661807611144767,-0.0800081676358582,0.4459209164751246,0.02089728779151528,0.04646712708247487,0.6734873741105185,-0.010949145027505084,-0.024008210036423967,0.05784990351157626,-0.05784990351157626,10.0,1.0,0.4444444444444444,0.4444444444444444,0.5235497984711954,0.4274754011245803,1962-04,0.04298584298584299
1964-06,0.047712136359637836,0.11427368148641706,0.10560596119223997,0.13630740282492324,0.22345108859257518,0.05029403284211582,0.06301344133954306,0.31977915869164536,0.0014918909644948781,0.00625631552879482,0.45702684703186963,0.007072364284795261,0.0034295019790515397,0.6740020685900188,-0.014029173070548786,-0.021791394851876505,0.08859526646528537,0.08859526646528537,11.0,1.0,0.4722222222222222,0.4722222222222222,0.5706404576716658,0.42268226357005223,1962-06,0.1202059202059202
1964-07,0.05741268913723415,0.11850852151152513,0.11650108893990689,0.15015210628437028,0.23135381162481458,0.06023637874846142,0.07684975027092326,0.32548435326037634,0.013302850198252544,0.024148317206408684,0.4625879068244984,0.016819926258108815,0.019721213890392292,0.6769396565089982,-0.001451053077429254,0.013227485123246653,0.0927394171471361,0.0927394171471361,10.0,1.0,0.5,0.5,0.5405683104229501,0.42893252598943926,1962-06,0.12535392535392537
1964-08,0.011171234261010202,0.13715251387926428,0.08007708327124864,0.10401367972083557,0.24873114206258037,0.024019633874898156,0.027151636032084328,0.3242947775194469,0.06198303905199235,0.07942877392195095,0.4517461184220225,0.06305664099678499,0.08515012292210336,0.6652256926363228,0.01931812272870094,0.05498340018238075,0.09284244545982534,0.09284244545982534,9.0,1.0,0.4722222222222222,0.5,0.49930838665967237,0.4775865422632635,1962-06,0.0918918918918919
1964-09,-0.002654809073605148,0.13684736473251108,0.06442465559248557,0.08440083062668587,0.25851003344598816,0.004788383435546119,4.234132928361194e-05,0.33867521844769594,0.04408353322000633,0.053214530843482044,0.47144816491053637,0.041157607897464143,0.04083532647763096,0.690635904328453,0.0035777839175267384,0.008886300503148009,0.08705563970029102,0.08705563970029102,8.0,1.0,0.4722222222222222,0.5,0.47398014913706876,0.4791422778913011,1962-06,0.04967824967824968
1964-10,-0.0010415565951233698,0.13329647228148125,0.0648088221870024,0.08484100122678545,0.25903920724772767,0.0026900985260901854,-0.003358158147745428,0.34166447280139933,0.04350817075679023,0.05207631849235731,0.4747943343744436,0.03771006798991023,0.031676713719239476,0.6964204006008957,0.0036522045841322856,0.00731183523166525,0.08588255782190882,0.08588255782190882,7.0,1.0,0.4722222222222222,0.5,0.4792791679405,0.48130441687546216,1962-06,0.032175032175032175
1964-11,-0.010019107949704328,0.13797842184001252,0.05910795188034946,0.07820661861150639,0.2573635921645226,-0.0007039063927703403,-0.007720697851941817,0.3397138271789573,0.040553484052400016,0.04853763049121554,0.4715072814808496,0.03855275894651166,0.03637070273318971,0.6996234002706827,-0.0031559059419315454,-0.0107596408139671,0.08822572656121072,0.08822572656121072,6.0,1.0,0.4444444444444444,0.4722222222222222,0.5054205402773443,0.4706746296291843,1962-06,0.029601029601029602
1964-12,-0.028556012359127754,0.14347883587992188,0.050452778076761795,0.06713903335151465,0.2546114975262195,-0.010744102430014531,-0.021605830595176963,0.333341639871823,0.03260984088450613,0.036944625579438416,0.46340279198122064,0.03599449747518095,0.03197590641242631,0.6932853789688088,-0.05060540757421598,-0.12398007740016069,0.09569504571064244,0.09569504571064244,5.0,1.0,0.4166666666666667,0.4444444444444444,0.571056836929008,0.50681849117168,1962-06,0.007722007722007722
1965-01,-0.013551955680745669,0.1517783017402109,0.06883615754100617,0.0925759481150268,0.2718833055446639,0.003640905397012476,-0.0017200496497702749,0.34933384529636663,0.04568251322229324,0.05717224445038773,0.4890109073194541,0.04888904017948686,0.060053367165392293,0.7112539868705664,-0.03338342084708871,-0.0815820512956721,0.10612790379577243,0.10612790379577243,4.0,1.0,0.4444444444444444,0.4722222222222222,0.5448334999679256,0.5124467341200439,1962-06,0.04066924066924067
1965-02,-0.005623080600568475,0.14752667183855692,0.07383633732131438,0.09885094410593154,0.2714003994953173,0.007116644043129015,0.002807163008470857,0.3530618329287366,0.05110035143935461,0.06518964163361805,0.49238572669536473,0.05085727302095066,0.06170837895219331,0.7200061386370991,0.003259524716056117,0.012162958977096022,0.10447402470650002,0.10447402470650002,3.0,1.0,0.4722222222222222,0.5,0.5181822359723472,0.5291160038067859,1962-06,0.0537966537966538
1965-03,-0.018760405094697893,0.1398611251182435,0.06124372442924938,0.0825240735536503,0.2725791106824132,-0.014674347145367053,-0.030858289094794645,0.36134427701195054,0.03610159118802693,0.041242844704624484,0.5012905166276542,0.028534143313368798,0.004144329010393716,0.7393551880061522,-0.013224414528752436,-0.058600163076644,0.10128447864834818,0.10128447864834818,2.0,1.0,0.4722222222222222,0.5,0.5378966165546176,0.5743751820165302,1962-06,0.031402831402831406
1965-04,-0.10954695676136436,0.15679406447072536,-0.026311018037508953,-0.03173623087825867,0.2623944626435535,0.029748172093182302,0.039189327520137617,0.36035111569161643,-0.02225324771965032,-0.048104042358191296,0.49304281352120244,-0.019411699298057528,-0.04049579780026341,0.7350016530454422,-0.0018130465999264267,-0.006164326862355181,0.07781072588310574,0.07781072588310574,1.0,2.0,0.4444444444444444,0.4444444444444444,0.4608128267849633,0.5603574357603583,1962-06,-0.04195624195624196
1965-05,-0.07975045727592614,0.1822227193569229,0.01628727999977899,0.028208282012927636,0.297718784489785,-0.04458318005455417,-0.07993090049261298,0.40684147069634247,0.012928286713743896,0.00542003118835555,0.5220716377547749,0.009221812357156127,0.018927583016039987,0.7442449410557362,-0.01784681771708153,-0.060840973602740066,0.10795873928885379,0.10795873928885379,0.0,1.0,0.4722222222222222,0.5277777777777778,0.4119725362948293,0.6246320114270099,1962-06,-0.009009009009009009
1965-06,0.041912175463049005,0.14675803802199353,-0.04067317820715376,-0.04715566776016768,0.2720120625293659,0.029811192202645477,0.03386797489808158,0.3383644918016504,-0.007527402072562277,-0.009960680660534398,0.464005650435611,-0.00949156458124411,-0.012080714285264221,0.6984124337426553,0.01008720294124416,0.01306756762219363,0.08906784322321663,-0.08906784322321663,3.0,1.0,0.4722222222222222,0.5555555555555556,0.5290631134627067,0.5696460080029637,1962-10,0.044787644787644784
1965-07,0.011105805778538232,0.14565901024607117,-0.07291359746315906,-0.08257594483115017,0.27605466038950294,0.002301555323173865,0.0011995949237314535,0.35303107593800764,-0.042100177787220666,-0.05067021752342997,0.4821510801925251,-0.04734354760322287,-0.06465719559582131,0.7030359281133711,0.032154502851241086,0.05248038311383898,0.09368175060968835,-0.09368175060968835,2.0,1.0,0.4444444444444444,0.5555555555555556,0.5144373204436377,0.6187527004139948,1962-10,0.01698841698841699
1965-08,0.04374866590666426,0.15059986425547428,-0.04307865130152988,-0.05008508294971627,0.28646531410988096,0.035253640500079425,0.04115103978777695,0.35901056743057774,-0.006571826960765075,-0.005064885354215993,0.4915479381999719,-0.008761609629915127,-0.006217547863530168,0.711642034621372,0.02655239047698495,0.059354444987169415,0.09383374885638048,-0.09383374885638048,1.0,1.0,0.4722222222222222,0.5833333333333334,0.5169098304355445,0.621593542160879,1962-10,0.06640926640926641
1965-09,0.06183220064440602,0.1548191223451599,-0.027992987779437786,-0.0337208876947595,0.28551486740356147,0.04783595213595887,0.05613614729475409,0.3520644448545859,0.00922425970730497,0.014803435668664346,0.4789901401322108,0.08286583783692333,0.16217290577611806,0.7017179932701432,0.04475356232176886,0.09944038257263901,0.0955530883391655,-0.0955530883391655,0.0,1.0,0.5,0.6111111111111112,0.5107029810030589,0.6479527542509347,1962-10,0.09806949806949807
1965-10,-0.0166084695237125,0.1499914343777192,0.06414283052218987,0.07297209996299743,0.23448470210173666,0.1096317028844534,0.14824101639498072,0.30771226549590347,0.1490554270978082,0.22110009323639196,0.4340864891158788,0.08101898960427827,0.1376265681972564,0.6697505105952026,0.04933200944710269,0.12402426888136102,0.08958056948670999,0.08958056948670999,1.0,1.0,0.5,0.5277777777777778,0.480572357723154,0.5713041900041096,1962-12,0.05405405405405406
1965-11,0.017814418442592992,0.16827398179039937,0.11010649469852443,0.12478517848045136,0.25371650539734786,0.15696856939557433,0.1939503152351028,0.32003028140862555,0.12059790764897756,0.1563680445575057,0.4461343196598282,0.051434490995786446,0.09108410498367484,0.6552977507580839,0.023522235925369766,0.05756886702862315,0.10697076003785848,0.10697076003785848,0.0,1.0,0.5277777777777778,0.5,0.550547625240221,0.5159084782685125,1962-12,0.09652509652509653
1965-12,0.017921447835378933,0.15878768810020438,0.09837641810920839,0.12478517848045137,0.25791003460194895,0.14859999360605333,0.1939503152351028,0.3429824511891231,0.10549527415623898,0.17444018672586312,0.4656790862259322,0.043327015126257716,0.08562784885991818,0.6691349741772754,0.028918397810455496,0.07178189051005443,0.10686373064507246,0.10686373064507246,35.0,1.0,0.5277777777777778,0.5,0.5100317843152775,0.47518452463537386,1965-12,0.11222651222651223
1966-01,0.0643724743788254,0.165674173569047,0.14495399195906922,0.18329935442901898,0.25983497594731786,0.0991555419728241,0.16470116545041857,0.33077800264326973,0.06464988167741877,0.1224415529999441,0.44886978814731265,0.06069596620948401,0.11704764312496152,0.6539971442440345,0.005814053247517023,0.013838608680667022,0.11892688005019353,0.11892688005019353,34.0,2.0,0.5277777777777778,0.5,0.5354591525065642,0.41029045232551475,1965-12,0.16988416988416988
1966-02,-0.05183010367104435,0.19471964840540684,0.04237435384646697,0.058319779036990045,0.3202285985501091,0.10309499841828484,0.18583303029901507,0.40802052282611323,0.06062167500913187,0.17125889208358896,0.5162008047122943,0.008284559301315227,0.07777188862030017,0.7056001821677049,0.005101453571433735,0.04287156339672918,0.11014988270803436,0.11014988270803436,35.0,1.0,0.5,0.4444444444444444,0.47246197168816656,0.46867225877486085,1966-02,0.10733590733590734
1966-03,-0.07181920327046029,0.17733147013847073,0.008251478406388114,0.013558189082432594,0.29028350546657206,0.05925284019765021,0.1093400835598171,0.3772138608477691,0.020001077335999592,0.0784559680902878,0.48630345824596416,0.017997947274123252,0.06546870150890159,0.6891421784074696,0.0042534350257460475,0.07459996384158195,0.08537739235289285,0.08537739235289285,34.0,1.0,0.5,0.4166666666666667,0.442997264829357,0.43612528985268884,1966-02,0.07104247104247104
1966-04,-0.16508260893470392,0.1647939350711314,-0.08427617143050431,-0.09188931436542323,0.3182082663443035,-0.009049704103759635,-0.013536214749878057,0.4161873224507985,0.03899416638560348,0.07341845713570971,0.5335040463235179,-0.01853189797912234,-0.02353358057039853,0.726778113584199,0.011390753280417977,0.06980168428574444,0.07319329456928068,0.07319329456928068,35.0,3.0,0.4722222222222222,0.4166666666666667,0.3794767216406061,0.5461924827297013,1966-04,-0.025997425997425997
1966-05,-0.1406557531428454,0.1823888360229564,-0.0599380023938949,-0.06493946355677238,0.3140486631743222,-0.001670811575723111,-0.0030377802701580994,0.395617405286498,0.03442813799971763,0.06433796228936849,0.5203555382959668,-0.02077579744225453,-0.03430370565011302,0.7026255709116773,-0.02274982102036936,-0.04420042897105049,0.07571628958607302,0.07571628958607302,34.0,3.0,0.4722222222222222,0.3611111111111111,0.40640769929722703,0.4437500630810235,1966-04,-0.013642213642213642
1966-06,-0.13758820396389376,0.18371355896658134,-0.056572466434366905,-0.061144324297702446,0.3142929065322285,0.0010116455313683912,0.0008377160310653797,0.3950304287125818,0.036616039363495445,0.06953912894026001,0.5192445397079763,-0.018161070559550473,-0.02920197860544,0.7047544304620939,-0.019986706855746307,-0.03718778031300095,0.07644387966619128,0.07644387966619128,33.0,2.0,0.4444444444444444,0.3611111111111111,0.4084247264592894,0.4402221122916106,1966-04,-0.011068211068211068
1966-07,-0.15196958487011847,0.1751360543131857,-0.0784851691773709,-0.08447327922413284,0.29723114713039883,-0.027255931486652913,-0.03624335470930347,0.37327395286230947,0.004650469332757672,0.007153947067761704,0.5211057871845847,0.0057562053499878325,0.048216976080858974,0.7129568065589911,-0.00929074365601029,0.04248409858042153,0.06749630564598566,0.06749630564598566,32.0,3.0,0.4722222222222222,0.3611111111111111,0.3602511694380527,0.4348782901369056,1966-04,-0.024195624195624196
1966-08,-0.2936737195765368,0.34286599590041383,-0.11360260126507744,-0.13346628344565029,0.47613644927290233,-0.04360977647754873,-0.059324709140979495,0.539997546921743,-0.010070319640994693,-0.008473801551634685,0.6332640957072984,-0.020080389552316596,-0.005037508951949441,0.7614129777899509,-0.030672404781660997,-0.0158460127168938,0.16020743613088648,0.16020743613088648,35.0,4.0,0.4722222222222222,0.4722222222222222,0.23832956370944444,0.7542201456968075,1966-08,-0.05868725868725869
1966-09,-0.25864883751867535,0.3313444941967352,-0.08509693622076761,-0.0976303411142767,0.46626000920490474,-0.014430772894233763,-0.019047985476885992,0.547905259538595,-0.05719499163191517,-0.08525923701663614,0.6487244222533767,-0.05430790521439697,-0.09103024049654651,0.7617084858964638,-0.015958037886207522,0.026320742505642997,0.1610184964043987,0.1610184964043987,34.0,3.0,0.4722222222222222,0.4444444444444444,0.28998814025148856,0.6846259778588728,1966-08,-0.051222651222651225
1966-10,-0.203884496433645,0.3231035813598303,-0.042696232498618335,-0.04576383802332187,0.4476529055641865,0.019438298038890904,0.025869837539933535,0.5184360277174037,-0.015873624310467755,-0.02346509638165076,0.6267478974394337,-0.019825233949171992,-0.04083760347922832,0.757699136376039,-0.034483921529490806,-0.05278750300078163,0.15812065841032313,0.15812065841032313,33.0,2.0,0.4722222222222222,0.3888888888888889,0.36873799321735135,0.5590131491009316,1966-08,0.009009009009009009
1966-11,-0.1087006322213311,0.2726772880018401,0.039849496278024366,0.05220035967358318,0.4160006049543117,-0.038230703603162046,-0.04758405060167656,0.5178514659473388,0.017255980304967736,0.023582162998312655,0.6413899609644819,-0.05004577204812796,-0.09125108923015161,0.7967576239424227,-0.022226262220744468,-0.006221636123217129,0.16090099189491427,0.16090099189491427,32.0,1.0,0.5,0.3888888888888889,0.5451037734592835,0.5198170434625708,1966-08,0.04041184041184041
1966-12,-0.09185255535666775,0.28047463229603076,0.03556205171955105,0.045523615500125056,0.4336033068044073,-0.03400156526379889,-0.04130056893228331,0.529215555490795,0.00943336857788892,0.011724552280804311,0.6366140287148884,-0.039355836186948934,-0.06170415630069729,0.7838852018041716,0.005241627850829466,0.09426977090554067,0.13737617085679282,0.13737617085679282,31.0,1.0,0.4722222222222222,0.4444444444444444,0.39640732272107615,0.4778678300510295,1966-08,0.05276705276705277
1967-01,-0.1882023958717644,0.23612366530716997,-0.0681523058291058,-0.07464801112020984,0.4272212342752553,0.029005597982474565,0.03740256731985084,0.5572544254326214,-0.03710593000295021,-0.05452203596858244,0.6698523965633488,0.02014117631856112,0.031175585887838714,0.8198592593299802,0.01597100059977676,0.06141757591457056,0.1135543847515546,0.1135543847515546,30.0,2.0,0.4444444444444444,0.4166666666666667,0.373587679772417,0.5805190024808576,1966-08,-0.05688545688545688
1967-02,-0.17014020243278857,0.23326841603365972,-0.05247272102549689,-0.05647390768734208,0.4201765563269832,0.04180926749566921,0.05402020341232507,0.545237026898433,-0.021274929010512825,-0.031048731480119746,0.658158301866335,-0.007503408020424932,-0.007720469185754089,0.8135819391036292,0.03040219287142461,0.09672455614531318,0.11366629474544651,0.11366629474544651,29.0,2.0,0.4722222222222222,0.4444444444444444,0.36562897051735177,0.5902485306712615,1966-08,-0.007464607464607464
1967-03,-0.19602087594541812,0.23165920871996118,-0.07667811629837072,-0.08434920298053537,0.4087860555170379,0.014571468905454844,0.018216222809456787,0.5333194429739997,-0.04958379696733325,-0.07161886877218654,0.6413987778765202,0.006094913839610985,0.007533406406857243,0.8078225581178178,0.012808110428589486,0.02970601265319654,0.11167167296488276,0.11167167296488276,28.0,2.0,0.4444444444444444,0.5277777777777778,0.2939487078148947,0.7321033003866254,1966-08,-0.08005148005148005
1967-04,-0.19013856535540458,0.22931210819982756,-0.07173413296798059,-0.0786284082701997,0.4057509977004969,0.01936941462222855,0.02445364496414038,0.5283913495707813,-0.04395546327013692,-0.06339669104293658,0.6363215752500448,0.011773897073380241,0.016981874159900302,0.8026627422457635,0.01744083253946648,0.03963299360296732,0.11151015708520494,0.11151015708520494,27.0,2.0,0.4444444444444444,0.4722222222222222,0.3358019620458927,0.6507096390641757,1966-08,-0.05328185328185328
1967-05,-0.14460441048760808,0.211851392029858,-0.03812613521322815,-0.04000530464834257,0.3853538350715904,0.04907763868678605,0.06205230382727832,0.49590941779689507,-0.0064885185980590974,-0.009271459182969335,0.6222111400007384,-0.0036527977248150124,-0.009675477139799585,0.8082555058681632,0.006296381812542532,0.013581858708154496,0.10459910583926556,0.10459910583926556,26.0,2.0,0.4722222222222222,0.4722222222222222,0.3685334510179256,0.596117001809001,1966-08,-0.010810810810810811
1967-06,-0.1678806843947342,0.19934946456431604,-0.06728239490061207,-0.07308716453067504,0.3724878318440821,0.02008891373177291,0.0246108920989269,0.4759600680956967,-0.03212657628618911,-0.04453066046745031,0.6013211710691804,-0.02751803240845054,-0.046742662182936934,0.8059941376487836,-0.010145415827572534,-0.02191841015736911,0.09479351986405919,0.09479351986405919,25.0,2.0,0.4444444444444444,0.3888888888888889,0.42094021355950506,0.534953951984035,1966-08,-0.08185328185328185
1967-07,-0.15344886961145435,0.18955730505764495,-0.05496245261052865,-0.05918537439298588,0.3634915604139442,0.035406850743708466,0.04423857354574141,0.4631275007624396,-0.01636001082069904,-0.02279159663814955,0.5899694891932393,-0.010933750603504348,-0.020108226314092148,0.7879852195465773,0.005021243780764984,0.010653301619680266,0.09426349521846847,0.09426349521846847,24.0,2.0,0.4444444444444444,0.4166666666666667,0.42712979727944184,0.560840828361549,1966-08,-0.05148005148005148
1967-08,-0.14798667421875186,0.18967178059372897,-0.0503737422697198,-0.05412640857435163,0.362523465839935,0.03858287392483109,0.048260398883501886,0.4583452609150555,-0.01073097936753941,-0.014883465485378833,0.5811552767286622,-0.0034771880574077634,-0.00752471029543929,0.7901386302747456,0.010304524164940152,0.02207957297539648,0.09386026564440028,0.09386026564440028,23.0,2.0,0.4722222222222222,0.5,0.35646977614644704,0.6442216426829089,1966-08,-0.06872586872586872
1967-09,-0.14681649904880345,0.18941965059175783,-0.049320885033543975,-0.05293016085523405,0.3631611924394135,0.0401050971677565,0.05023460125704627,0.4590990142752551,-0.009274768215539428,-0.012869255488095342,0.5827460116965762,-0.0019701057761974537,-0.005124163225167516,0.7915606051312386,0.011735565131494242,0.02516203635300038,0.0938863381935694,0.0938863381935694,22.0,2.0,0.4722222222222222,0.5,0.3576712891531782,0.6431478150814072,1966-08,-0.07052767052767053
1967-10,-0.14682301934974562,0.18014899386223213,-0.05452908722687523,-0.05879414771462202,0.3578537754781814,0.03651262608357797,0.04543944889211308,0.4496209261821149,-0.01050152035487003,-0.014418362991554813,0.5765247669997937,-0.0017557440417610489,-0.0041095707933867034,0.782848449011072,0.00937835745758979,0.019683420684704127,0.0880288716351236,0.0880288716351236,21.0,2.0,0.5,0.5,0.35534428451644345,0.6408334888076154,1966-08,-0.08545688545688546
1967-11,-0.20066913127231087,0.1644115641740189,-0.11020613837633601,-0.12068266492872395,0.3108895624656889,-0.02961060249997384,-0.03848513521200934,0.42585374807424464,0.033645314796637904,0.04787442651783136,0.5704632780757396,0.02989651493942611,0.047001088439905726,0.7782004502987765,-0.03765054042669418,-0.09492736984250179,0.07998646634358687,0.07998646634358687,25.0,3.0,0.5,0.5,0.33984385467132266,0.7300338321452605,1967-01,-0.13513513513513514
1967-12,-0.21986699131565116,0.15390392040263035,-0.13421341445527538,-0.14703601223975324,0.30209601878828657,-0.051738690900674913,-0.0662911013105024,0.4198508186597273,0.013796480491191941,0.020826194013877815,0.5568200574385567,0.008149270608872732,0.012646558147895457,0.757603172083973,-0.023919579493432253,-0.04733390251419436,0.07283097907589789,0.07283097907589789,24.0,3.0,0.5,0.4722222222222222,0.3465744135534082,0.7151110382345122,1967-01,-0.20102960102960102
1968-01,-0.19873722340085112,0.15328951801695864,-0.11472505082096748,-0.12446300650850477,0.30283785481830044,-0.03276327781181152,-0.04193498056144846,0.41935257366415135,0.03109402172442497,0.04434336512920971,0.5595256987775128,0.02295207695803089,0.035290773959383084,0.7542223601593725,-0.0068951298762981545,-0.010683931563876863,0.07427421689234635,0.07427421689234635,23.0,3.0,0.5,0.5,0.3396213914890605,0.7260548814351598,1967-01,-0.1510939510939511
1968-02,-0.18692556169310517,0.1590096350403488,-0.1031531560040484,-0.11164351177902794,0.30425000090818205,-0.026634932131515448,-0.03368817843208772,0.4152469594377691,0.0318425446442314,0.04422525210768101,0.5603975742869489,0.024705132145751867,0.03696021626516078,0.7577744451858714,-0.0007717979316030465,0.003469901985657613,0.07528204991407722,0.07528204991407722,22.0,3.0,0.4722222222222222,0.5277777777777778,0.3130777531315055,0.7347571746327813,1967-01,-0.14517374517374518
1968-03,-0.20368679782747512,0.15723391637230624,-0.11907354369878802,-0.12937177810066341,0.2910666017939273,-0.04705333785788857,-0.058582125563741906,0.393551014026645,0.008097228995277967,0.012089294228475404,0.5333183046277543,0.004219912336741822,0.006093899096048952,0.7382622808849862,0.015801351160942775,0.028214797629907015,0.07431501972681173,0.07431501972681173,21.0,3.0,0.4722222222222222,0.5,0.32515909067515825,0.721216753117471,1967-01,-0.16988416988416988
1968-04,-0.24932007464091796,0.13190384068667405,-0.1767401410495871,-0.19178934361190977,0.25566856248657394,-0.10863874807707916,-0.13136352207361746,0.37782170416468336,-0.04142412517591817,-0.05294786533380641,0.5387136669172151,-0.023685654657627633,-0.03858962012243712,0.740334038788885,0.0016933871286175263,0.00176988919217552,0.057530731029008214,0.057530731029008214,20.0,4.0,0.4722222222222222,0.5,0.2925696201773232,0.7773586542013303,1967-01,-0.21312741312741312
1968-05,-0.21528683446510574,0.12696852648814677,-0.14374338661281552,-0.15542674095952946,0.24761718325891066,-0.07576102025107137,-0.08175911290804894,0.36104480496705066,-0.01184751851059713,-0.012569583835116612,0.5082908331891008,0.006430051063107431,0.009466805583749564,0.7123694978361949,-0.011223670836725447,-0.03171529129696606,0.05986009350557636,0.05986009350557636,19.0,4.0,0.4722222222222222,0.5277777777777778,0.3206985916273689,0.8016654380705124,1967-01,-0.1788931788931789
1968-06,-0.26185734501290975,0.1183388128235341,-0.19335526811585796,-0.21073672237249166,0.23438412902218358,-0.12618081381711002,-0.1526471364001514,0.346317053178246,-0.061386875168389796,-0.08062975178737097,0.4979092905083153,-0.03866863344620367,-0.06169553344059461,0.705554073274463,-0.006355663911784098,-0.011389532996447975,0.05181790185972321,0.05181790185972321,18.0,5.0,0.4722222222222222,0.5277777777777778,0.2919798009676366,0.8654484290492316,1967-01,-0.23809523809523808
1968-07,-0.24147321807055824,0.12074682976617106,-0.17332368127382314,-0.18864901239912565,0.23280934038304738,-0.11007557608043156,-0.13205883270011468,0.338475946192587,-0.05043732094157224,-0.06526746513121695,0.49304848180740396,-0.028997629540292457,-0.04624297174347167,0.6944579672297087,0.001955276021184003,0.003864192710181093,0.05282420567143259,0.05282420567143259,12.0,4.0,0.4722222222222222,0.5277777777777778,0.2974327612156592,0.8295755938568862,1966-08,-0.22342342342342342
1968-08,-0.22006380163082154,0.11789226009568453,-0.15270147499147524,-0.16534988940277656,0.22909985865184143,-0.08915868963273264,-0.10646139950722025,0.33072106349045516,-0.03109346305834454,-0.03897843566008737,0.4827344836818268,-0.012696930592888934,-0.021213496015006297,0.6845568720563685,0.015871921179275616,0.0135592241341304,0.05471391222804503,0.05471391222804503,11.0,4.0,0.4722222222222222,0.5,0.3415660499203631,0.7694678864247383,1966-08,-0.1969111969111969
1968-09,-0.22029066612383277,0.11785397376711074,-0.15289758198305373,-0.1655761635019522,0.2291472966411148,-0.08925611082166497,-0.106591945145445,0.3308103829298751,-0.031121550659878493,-0.03902767754484801,0.48280039350777865,-0.012764446252583182,-0.0213395277174824,0.6848004427104719,0.015791705875952338,0.01336265772941956,0.05471450262188063,0.05471450262188063,10.0,4.0,0.4722222222222222,0.5,0.341779684131572,0.7701226460390247,1966-08,-0.2030888030888031
1968-10,-0.21103524174295415,0.11513807334111498,-0.14461295837530497,-0.15643150629681907,0.22528672070420197,-0.08106903710402878,-0.0968552822005078,0.3266823809454433,-0.0225746478776232,-0.027530033138955568,0.4751239286938834,-0.004067668603448256,-0.007701720477736071,0.6737566896083996,0.02504680075135562,0.032541452971498186,0.05460373544613514,0.05460373544613514,9.0,4.0,0.4722222222222222,0.5,0.3556944924030805,0.766040795792158,1966-08,-0.20077220077220076
1968-11,-0.20602069527649958,0.11427829606881752,-0.139853293283583,-0.15122723456934278,0.22322130091395642,-0.07677503744781455,-0.09175611833702786,0.3240221947881942,-0.018411082999232723,-0.02195956264499691,0.4711643393238756,0.000497056008612822,-0.0005783370188280442,0.6670405967355103,0.02999228365554864,0.04265028532346213,0.05479346070715685,0.05479346070715685,8.0,4.0,0.4722222222222222,0.5,0.36262105333165756,0.7632168497026289,1966-08,-0.19356499356499357
1968-12,-0.18086259822696796,0.1113841833950271,-0.11847961750206412,-0.12779531280460757,0.22011252067047657,-0.05758409749407676,-0.06877808782605126,0.32312165928311415,0.0001082688069003674,0.002715744627818523,0.4662026591501658,0.019442259672081113,0.028637071817668922,0.6604830841191168,0.04858368748655038,0.09151017629389514,0.05367730102859386,0.05367730102859386,12.0,3.0,0.5,0.5555555555555556,0.33180679966275994,0.8103954331999423,1967-01,-0.16293436293436295
1969-01,-0.16376748953442602,0.11243850076535848,-0.1016850347525435,-0.10758784791612025,0.21890817153067174,-0.042898244854630285,-0.05094143588876134,0.32313862056141374,0.014652167991500292,0.0220537293860174,0.46140962791708223,0.030172989357395708,0.044067109129142495,0.6615302139146115,0.02329281829051337,0.04190574916632911,0.056179641618305826,0.056179641618305826,11.0,3.0,0.5,0.5555555555555556,0.339831090341537,0.7830302462834782,1967-01,-0.14054054054054055
1969-02,-0.16041609274694368,0.11273528562265835,-0.09809066915776024,-0.1037630445652652,0.22173951268774827,-0.03782795205618746,-0.04506799921225234,0.32554028122222517,0.019558045877486867,0.028503215121417357,0.4670480034177014,0.03522166541183199,0.05163064647971731,0.6685790069929971,0.06269138308210899,0.10300428179313054,0.05665304818167853,0.05665304818167853,10.0,3.0,0.5,0.5555555555555556,0.34337750285297364,0.7801320814501562,1967-01,-0.14105534105534107
1969-03,-0.1737144232770934,0.10994182245526547,-0.1107897917937715,-0.11750497504842132,0.21680162022427946,-0.049629141143892545,-0.05924105777536016,0.3195742791986538,0.009192256829157865,0.015007122645084225,0.45780522223375236,0.02639848723344905,0.03911080688990913,0.6525715435770386,0.019241011362182318,0.035240567209543744,0.05620944822867202,0.05620944822867202,9.0,3.0,0.5,0.5555555555555556,0.34880158837545405,0.8160022863879594,1967-01,-0.1492921492921493
1969-04,-0.1656438422138899,0.11236986099416992,-0.10190317316101566,-0.10793744526332688,0.22048606315688501,-0.04057534913118247,-0.04861149571597252,0.3249847894694305,0.018700498248217835,0.027806977636251964,0.4651094076722975,0.035386367158839804,0.05304447720916845,0.650462856369765,0.02008889090059063,0.030188192626334084,0.057706396950562996,0.057706396950562996,8.0,3.0,0.5,0.5555555555555556,0.35139655320667335,0.8015915963512257,1967-01,-0.13667953667953667
1969-05,-0.1565303997565186,0.10737487141751208,-0.09199755201685153,-0.09963025566072412,0.21104945322351668,-0.029688597288088127,-0.036446787813934144,0.31216967002291623,0.03108517098720969,0.0447748031564934,0.449294076168377,0.05356000214225836,0.08332184210507573,0.6288441250291089,0.037174010949802876,0.07310839336268836,0.05690014409579451,0.05690014409579451,2.0,3.0,0.5277777777777778,0.5555555555555556,0.3889153823187584,0.8285544773658324,1966-08,-0.13333333333333333
1969-06,-0.2141926381055699,0.10585622536127477,-0.14824859525584974,-0.1582272157508923,0.20409639662769224,-0.0870490385793612,-0.10189191676023363,0.30023165039467326,-0.02716075829974238,-0.03271623868010813,0.46447897343612454,0.07515851930185277,0.1204233089761825,0.6441245414231581,0.014712608199409009,0.02998791793659194,0.05596542235467766,0.05596542235467766,35.0,4.0,0.5277777777777778,0.5,0.39741132334617474,0.8138970085514496,1969-06,-0.20540540540540542
1969-07,-0.23059800038150666,0.10029500934367953,-0.167220865888691,-0.1778444291335935,0.1972600554896465,-0.10594795898225878,-0.12318511872802144,0.2900098175773879,-0.047338720252656126,-0.05839233840889535,0.44517759563624276,0.05071290966732397,0.07929652869019031,0.6353153709144586,0.03823111982192486,0.08368716620820413,0.05275357124791319,0.05275357124791319,34.0,4.0,0.5,0.5,0.39016168273246854,0.8385466834742871,1969-06,-0.2102960102960103
1969-08,-0.1833164917463213,0.11623783104812824,-0.11099683920450953,-0.11858914018053543,0.21560969170399766,-0.049170681831612356,-0.05814067487479449,0.31054822913552327,0.009897196310684439,0.015695362184639527,0.4438303477439405,0.09282128755431998,0.1430879625335129,0.6295265797712218,0.028228908496413397,0.056375567150854504,0.06472735156578592,0.06472735156578592,33.0,3.0,0.5277777777777778,0.5555555555555556,0.38399652763782893,0.8810004852423641,1969-06,-0.155984555984556
1969-09,-0.19718139428598377,0.1131209472467981,-0.13233236366802764,-0.14195780905052585,0.21853410324001635,-0.07190199116040097,-0.08768554995233413,0.32179165260524395,-0.01270736679333623,-0.014090444919495598,0.44957178412458515,0.06054535839102405,0.09304199894017434,0.6338345348989217,0.03843056792435878,0.06886915260435827,0.05522358523545798,0.05522358523545798,32.0,4.0,0.5277777777777778,0.4722222222222222,0.3871517205391212,0.7096277920618154,1969-06,-0.18146718146718147
1969-10,-0.22359318900198974,0.11516161570921446,-0.1578139189684894,-0.1699645016814306,0.22446980840347366,-0.09537807105311276,-0.11650441144564182,0.329596864200793,-0.03533045059787615,-0.044140171299521476,0.4594652851242531,0.03884921313937933,0.06023715573322783,0.6442256782858641,0.017957879036119933,0.03545166195554399,0.053628687320559254,0.053628687320559254,31.0,4.0,0.5,0.4444444444444444,0.3801850259518148,0.695436101514934,1969-06,-0.2254826254826255
1969-11,-0.2586248032648188,0.12021559956803736,-0.19041029797793385,-0.2060764580532094,0.23465300170748266,-0.12547454254096568,-0.15589075570494437,0.34791959087849983,-0.061203147034919726,-0.07996393277191989,0.4830707219690741,0.015486297425145627,0.025134414116867624,0.6643160008613637,0.03586631698298994,0.06604378235234933,0.05254834521160939,0.05254834521160939,30.0,5.0,0.5,0.4166666666666667,0.36027823819375865,0.6883829374845256,1969-06,-0.24581724581724582
1969-12,-0.38036916539726673,0.20397797232132386,-0.2436109344637729,-0.28031764377431506,0.30888560453526703,-0.17327499558896212,-0.22926693481586616,0.4082042862023844,-0.106686201471305,-0.15466739874450885,0.5447850541684671,-0.015114822493405353,-0.022518436575337194,0.7090143550550903,0.04976281923075229,0.10400034686920741,0.10005152162295161,0.10005152162295161,35.0,6.0,0.5,0.4166666666666667,0.3384345003709136,0.8756875378318115,1969-12,-0.3323037323037323
1970-01,-0.3398652080590668,0.21375904021862757,-0.1994607234299192,-0.22998073250661014,0.3387758897932285,-0.11734524276286155,-0.15886466930815524,0.4196303861292135,-0.06423715490658942,-0.09164410104739022,0.5298110785987417,0.008133413965934113,0.018831379681731392,0.7052805680526599,0.03100906399943756,0.05711787633001389,0.10988447555245665,0.10988447555245665,34.0,5.0,0.5,0.4166666666666667,0.3697984477990361,0.8305837618596611,1969-12,-0.28185328185328185
1970-02,-0.1652939444685324,0.1789737423071489,-0.04693412242190984,-0.04969769881281757,0.3460028463947823,-0.15739465580278567,-0.22848354588369055,0.4436872923714849,-0.09279348306380782,-0.15443544274838358,0.5637522503788647,-0.013391516716138417,-0.025612578212894612,0.7232544868252991,0.05584766738931905,0.13588927727768418,0.17352832863411372,-0.17352832863411372,35.0,2.0,0.5,0.4444444444444444,0.5425340398049905,0.723291634663924,1970-02,-0.21106821106821108
1970-03,-0.16602329306487398,0.1788698443044641,-0.04828942501604211,-0.05121609473622407,0.3440826453159565,-0.15703409458234485,-0.22586121344681553,0.4405036239674923,-0.09356887034713911,-0.15437339879061335,0.5612171504464645,-0.014114055291822452,-0.026467466109057505,0.7241739837516852,0.05637275257648862,0.13588927727768418,0.1694794691221719,-0.1694794691221719,34.0,2.0,0.5,0.4444444444444444,0.5383288916971979,0.7212038762212878,1970-02,-0.20025740025740027
1970-04,-0.1945180048349253,0.1639456158945852,-0.08508786332044525,-0.09251569103833257,0.317772001724139,-0.1877636383214226,-0.26434544020993644,0.4157466804797654,-0.12236766598900216,-0.19760921832273176,0.5317457054432986,-0.044940833633429635,-0.08372170465551247,0.7152221306733979,0.07752569935645197,0.18869506442975453,0.16582909210973232,-0.16582909210973232,33.0,3.0,0.4722222222222222,0.4444444444444444,0.5173003263373565,0.7542467695310044,1970-02,-0.23191763191763193
1970-05,-0.3602780378001785,0.26394652650687844,-0.17418726711629798,-0.21599671601863796,0.3768371727235963,-0.09459573910684388,-0.11450036043614806,0.48122348859795366,-0.16819144133861366,-0.2919235689530084,0.6051694437463282,-0.08080556579041008,-0.17519368557754203,0.7674490107868314,0.03360673618783448,0.09988349352507375,0.15079233715526202,-0.15079233715526202,32.0,4.0,0.4444444444444444,0.3888888888888889,0.43094256265690134,0.8474057818274031,1970-02,-0.3281853281853282
1970-06,-0.35585643941052364,0.2682555395423979,-0.16730808691457613,-0.20764514639161225,0.383298860321652,-0.08644776755046156,-0.10291486337237113,0.4871986087197791,-0.15947562158332898,-0.27553937164937903,0.6098780076334236,-0.07324814389612569,-0.15653326055160724,0.770744190512197,0.03981961905052032,0.12254746922280417,0.14821129301891137,0.14821129301891137,34.0,4.0,0.4722222222222222,0.4166666666666667,0.4048473335705946,0.882270732520345,1970-05,-0.2965250965250965
1970-07,-0.35588642810805904,0.27110746233299093,-0.17169970240000249,-0.21287022558740007,0.38690448220998686,-0.09302878071324377,-0.11223143957106149,0.48525625455660876,-0.1598476382991644,-0.2636796138428414,0.6032854145753209,-0.07966023093367781,-0.16129128420738578,0.7596524092097459,0.02657338027968374,0.08194651088003839,0.14301620252065897,0.14301620252065897,33.0,4.0,0.4444444444444444,0.4166666666666667,0.3774166461836696,0.8627273655493861,1970-05,-0.2906048906048906
1970-08,-0.35622169179514696,0.2742755132466966,-0.17243524956542494,-0.21336275432660998,0.3919696655337978,-0.09357079220267873,-0.11281197151815431,0.49189558235863606,-0.16052911641611936,-0.26416192504303826,0.6103317419298844,-0.08116745506586562,-0.1627652840153923,0.7669064449511213,0.02375006845204918,0.0737744174809546,0.14285893746853692,0.14285893746853692,32.0,5.0,0.4444444444444444,0.3888888888888889,0.3923224582829142,0.8163760740359517,1970-05,-0.2906048906048906
1970-09,-0.3792392987953643,0.26271785368402023,-0.20160518052398463,-0.24732582778938314,0.3771580498819496,-0.1242275563489918,-0.15495304945443752,0.4741977988928636,-0.18984003761401427,-0.3065021766898976,0.6014729379913571,-0.103784191790837,-0.21769328061523183,0.7721475245990795,0.01161576781700531,0.04036340531904283,0.13191347100598122,0.13191347100598122,31.0,6.0,0.4166666666666667,0.3888888888888889,0.3711262032891919,0.8395064683584746,1970-05,-0.31634491634491635
1970-10,-0.38737776119159023,0.2641933681671461,-0.20726134345869654,-0.2547566142692759,0.3801635848906052,-0.12819751174766902,-0.1610146574459248,0.4767525673718104,-0.1940479970860188,-0.3138460459890636,0.5962799218068322,-0.11255905188166579,-0.23396525416060648,0.7676805995358355,-0.027193798844860645,-0.05233020072304766,0.13262114692231436,0.13262114692231436,30.0,5.0,0.3888888888888889,0.3888888888888889,0.36797754798974697,0.8504503324346415,1970-05,-0.32664092664092664
1970-11,-0.35015162553681956,0.2844288545158618,-0.16944080564009284,-0.20811761669439707,0.4105673148519389,-0.08929920176996912,-0.10609611145448354,0.5084112759369155,-0.15146400027364376,-0.23612371101129748,0.6202998092529471,-0.08037603478927434,-0.13926137721081258,0.7918710284170728,-0.0037950882056535357,0.022813708057315175,0.14203400884242257,0.14203400884242257,29.0,4.0,0.3888888888888889,0.4722222222222222,0.2935827515561433,0.9076954563285854,1970-05,-0.2767052767052767
1970-12,-0.4117001068628146,0.2512937488362113,-0.24167435642627746,-0.29499359351388454,0.3952816196277461,-0.14425193386913482,-0.20315457880561005,0.5081065581958059,-0.06791440085515689,-0.10099898225900932,0.6454990497833266,-0.08985295235892739,-0.17246610674753932,0.8139903039009606,-0.005620254377274339,0.0011996024262248663,0.11670651334893012,0.11670651334893012,28.0,5.0,0.3888888888888889,0.4444444444444444,0.28973599899582597,0.9522639862065864,1970-05,-0.3171171171171171
1971-01,-0.4268921749265256,0.24655933764101898,-0.25764795693158615,-0.31433875293211366,0.384441313432042,-0.16300247567901727,-0.2281017367700037,0.4964427141173996,-0.08612203929120611,-0.1290700491091902,0.6339380115026659,-0.10905000049465785,-0.20968577426114446,0.8049528059487099,0.008338638802087418,0.03110643289868485,0.1125534219944122,0.1125534219944122,27.0,6.0,0.3611111111111111,0.4444444444444444,0.283862805978105,0.9741515509039035,1970-05,-0.3577863577863578
1971-02,-0.44284405751743233,0.2473804134006341,-0.2680386464110221,-0.3308320795820216,0.375966820626996,-0.17717615867842273,-0.24970906433585144,0.4909493624706839,-0.09592651477676709,-0.146011641918847,0.6330975636747215,-0.12005898914824716,-0.23689913540232044,0.7980377531098293,-0.003507976778974152,-0.0026528348075956125,0.11220096994125822,-0.11220096994125822,23.0,6.0,0.3611111111111111,0.4722222222222222,0.27154014796658626,1.0587223436074786,1970-02,-0.3904761904761905
1971-03,-0.4455945093040225,0.2495541150611805,-0.26867852411543375,-0.3330079808444405,0.36730914549454463,-0.18519864555312857,-0.25955687710963554,0.48469891970665097,-0.10197770747839761,-0.15461336503544548,0.6272717357788239,-0.12209283284704817,-0.23575553481385242,0.7967007825079875,-0.001979779554759834,-0.0009072701811864913,0.11258652845958211,0.11258652845958211,25.0,6.0,0.3611111111111111,0.4166666666666667,0.30722280555524756,0.9621023766175953,1970-05,-0.390990990990991
1971-04,-0.43129940461758076,0.24920872762777488,-0.250834745959712,-0.31436047508901954,0.373172919953372,-0.16106599722129927,-0.23135454586850168,0.4891722408742025,-0.07706501517788737,-0.1181858871739891,0.6305538076636805,-0.0988160866190456,-0.1981780194695623,0.7980539470656369,0.02247924589221648,0.07337119405346391,0.11693892952856116,0.11693892952856116,24.0,5.0,0.3888888888888889,0.4722222222222222,0.301464503097992,1.0642303007516416,1970-05,-0.34002574002574004
1971-05,-0.4496281697290736,0.23993811390151903,-0.28196381856025576,-0.3508674192646664,0.3669136080685904,-0.1932356732160773,-0.2745281422005058,0.4774770492618092,-0.1159759693315107,-0.17890903359663066,0.6132957842723588,-0.13819523086168475,-0.2706804243635188,0.7915620008425569,-0.013626069878657734,0.0009313167086296032,0.10223173901513172,-0.10223173901513172,20.0,6.0,0.3611111111111111,0.4444444444444444,0.27251161922331474,1.0048585924045306,1970-02,-0.3945945945945946
1971-06,-0.4462582264494747,0.23720240450121052,-0.2820074730237273,-0.34934591150187516,0.37070700897132386,-0.18956223868416308,-0.26941697327731207,0.47862768418801,-0.11483259059383093,-0.17683633025647713,0.611745764298534,-0.13795660407495705,-0.2690482286981622,0.79345969806122,-0.012128830148132458,-0.028496658281627642,0.10166269703992908,-0.10166269703992908,19.0,7.0,0.3611111111111111,0.4444444444444444,0.26927201452436017,0.9963695079060686,1970-02,-0.4015444015444015
1971-07,-0.4543091362448409,0.2321940005369318,-0.2934476101230745,-0.36288874592306464,0.36993638564919423,-0.1980211553930939,-0.281683759031432,0.4753741697187658,-0.12497498358371151,-0.19309323396108372,0.6076963612053239,-0.15108433098171145,-0.29723979473558987,0.7940360005025502,-0.02199021707258128,-0.0636279681783759,0.10575304027325605,-0.10575304027325605,18.0,7.0,0.3611111111111111,0.4166666666666667,0.27822689301464776,0.9559153887518642,1970-02,-0.4301158301158301
1971-08,-0.45109597164152465,0.23223547056559585,-0.28974298032872553,-0.35867667686017557,0.3685352518163853,-0.19504436531296634,-0.27761595604647277,0.47412293968257385,-0.12168395554645087,-0.1880000321093615,0.6063333753691265,-0.147372931179879,-0.28994693222210177,0.7911538580384528,-0.018963013168892064,-0.0534880536788202,0.10483086952968529,-0.10483086952968529,17.0,7.0,0.3611111111111111,0.4166666666666667,0.28430019864027095,0.9548981898598777,1970-02,-0.41312741312741313
1971-09,-0.46633693319239505,0.22744885469143333,-0.3062197002652373,-0.37964943958456865,0.35463335333322127,-0.21668559370146417,-0.307083995750098,0.4578070304729663,-0.14405439176840765,-0.2223661826118426,0.5841958256120428,-0.16539810416406106,-0.3182516196093865,0.7709354769806903,-0.033938940320418505,-0.10613331114470899,0.09728844142494203,-0.09728844142494203,16.0,8.0,0.3333333333333333,0.3888888888888889,0.29704167803767245,0.9309261888300562,1970-02,-0.4411840411840412
1971-10,-0.45852201998526265,0.22674667105028698,-0.29801479946487536,-0.3682580952650118,0.3524829296736529,-0.2090098438605073,-0.29552835527600396,0.4540379218448704,-0.13712208715003818,-0.21049188374146036,0.57581293689896,-0.15502322849092148,-0.2924095469762859,0.7592002696548759,-0.025208793187606916,-0.0739115863373278,0.09112008719919595,-0.09112008719919595,15.0,8.0,0.3333333333333333,0.3333333333333333,0.36363282127171564,0.8504943564476992,1970-02,-0.4046332046332046
1971-11,-0.439729842098651,0.22227790221727253,-0.2826452685210876,-0.34465606863852477,0.346993302160527,-0.1945084576945589,-0.27083106895592574,0.44476247383653633,-0.1254146409518342,-0.18808431504640427,0.5595953420652728,-0.1400130680267784,-0.25241002405539303,0.7394684506620277,-0.0128961109197559,-0.04110438001586475,0.09507377346012641,0.09507377346012641,17.0,7.0,0.3333333333333333,0.3333333333333333,0.3893365982694836,0.8359409855286078,1970-05,-0.38944658944658944
1971-12,-0.41296196688787834,0.22367706208518187,-0.2572750452993021,-0.3099323661694212,0.34166700119344096,-0.17514999310600723,-0.23795018020002903,0.441812762453255,-0.10544510188766963,-0.15289695214480825,0.5597474864626377,-0.11956010621934224,-0.2072918957661591,0.7388185995186406,-0.040053312817523994,-0.11040977788631738,0.10302960071845718,0.10302960071845718,16.0,6.0,0.3333333333333333,0.3333333333333333,0.41281391205569634,0.8086431577393373,1970-05,-0.37374517374517374
1972-01,-0.4094237880158291,0.22589326235618856,-0.2504882940387384,-0.30383585255298956,0.33888656401025763,-0.1709877103242286,-0.2331736186878168,0.4424505862578541,-0.09812144214743798,-0.14260529095207927,0.566167351997685,-0.11411828903844012,-0.20123472262020276,0.7376432468427755,-0.037036121794619244,-0.09013320497597932,0.10558793546283968,0.10558793546283968,15.0,6.0,0.3611111111111111,0.3888888888888889,0.3677036342455682,0.8853492481814534,1970-05,-0.3583011583011583
1972-02,-0.4004453389866587,0.2257508867747462,-0.24066556845989356,-0.2920949697385108,0.3367196052545725,-0.16212520643665437,-0.22104193798996963,0.4408740711823029,-0.08840776991612513,-0.12778296636323652,0.5656470917639522,-0.10475073732765147,-0.18455286423501413,0.7358322021958001,-0.02758788708328938,-0.06215417307569575,0.10835036924814795,0.10835036924814795,14.0,6.0,0.3888888888888889,0.4166666666666667,0.3585457758021082,0.9235130238840321,1970-05,-0.34954954954954953
1972-03,-0.3949091822591288,0.23028532689654746,-0.23176240987644806,-0.2825601987685404,0.3386592785216527,-0.15498435086474396,-0.21196737585438885,0.44619793884978703,-0.07879805808033993,-0.11354824466821023,0.5752801695801759,-0.09535821574650773,-0.1690254918400335,0.7464833972272604,-0.01785991887597293,-0.031563330020983986,0.11234898349058847,0.11234898349058847,13.0,5.0,0.3888888888888889,0.4444444444444444,0.34294064846460215,0.9654435877251573,1970-05,-0.31634491634491635
1972-04,-0.3879580870744373,0.22893242415810108,-0.22693045585017707,-0.27623110799039186,0.34056256139370916,-0.14841149271774146,-0.20318022711374856,0.4471591378154112,-0.07343306071569207,-0.10544732682235804,0.5762016814710731,-0.09152071645273106,-0.16277150795188136,0.748047818330128,0.029353277063990442,0.09153349675899965,0.11172697908404539,0.11172697908404539,12.0,5.0,0.4166666666666667,0.4722222222222222,0.3247041663372488,1.0051844144915019,1970-05,-0.3281853281853282
1972-05,-0.4026004444434442,0.23306144336552886,-0.23962691571969588,-0.2921012400834637,0.3471462755095283,-0.1598504953909008,-0.2195270445047715,0.45445869009618195,-0.08480984246907342,-0.123394178216407,0.5824588340962159,-0.10073579716912212,-0.17935730752788165,0.758394634940714,-0.02269666495391459,-0.048703197982362625,0.11049920435998062,0.11049920435998062,11.0,6.0,0.4166666666666667,0.4444444444444444,0.32448539193803555,0.9641390913264558,1970-05,-0.34517374517374516
1972-06,-0.38085184097582286,0.2507708896629667,-0.2059902168598271,-0.25527498837812007,0.36795787099303395,-0.12427616341380399,-0.15704603297572425,0.48274176537424734,-0.04423777370743299,-0.062028134511375926,0.608155838220863,-0.06992111185608922,-0.12152143854655541,0.7810136761084739,0.0019525130691403396,0.027550672441487397,0.12557685259770274,0.12557685259770274,10.0,5.0,0.4166666666666667,0.5277777777777778,0.29146204068851767,1.1098584239550373,1970-05,-0.2828828828828829
1972-07,-0.3697600628274431,0.26070652786877574,-0.18671366051425203,-0.23442321090238222,0.38371367189074274,-0.10034829269586416,-0.12485029843251799,0.4981578126144961,-0.019995152340852026,-0.02303640812406027,0.6299875111971075,-0.04616961645656689,-0.07794192311795918,0.8023561218495049,0.023983871809511774,0.08597563280666362,0.135336851925061,0.135336851925061,9.0,4.0,0.4166666666666667,0.5,0.3231244908257581,1.0421023907680087,1970-05,-0.23243243243243245
1972-08,-0.35603031013525765,0.25550604474927735,-0.1745905277308915,-0.21861609337805982,0.37726962678330056,-0.08812385391615452,-0.1068313384294454,0.4880902901482262,-0.00942795822190407,-0.005475008244013459,0.6209292268374406,-0.036702927804876086,-0.05911812345073316,0.7872899060055393,0.03332679608259857,0.11536053128177624,0.13741421675719775,0.13741421675719775,8.0,4.0,0.4166666666666667,0.5,0.34425321792798724,1.0365343765243216,1970-05,-0.2164736164736165
1972-09,-0.38000300613796895,0.2505467707614987,-0.19519986618478696,-0.24488070185957037,0.36942151398929196,-0.10751793062100075,-0.13518270423657827,0.4777895972410824,-0.02758570082306555,-0.0353175745580458,0.6059282102048711,-0.0542240773383173,-0.0940700009397316,0.7700494024766601,0.016228213195642178,0.0895542117929686,0.13512230427839855,0.13512230427839855,7.0,4.0,0.3888888888888889,0.5,0.34766313030619167,1.0865578644633536,1970-05,-0.25405405405405407
1972-10,-0.3788097343086971,0.25072953461223063,-0.19428791351697253,-0.2435103168294685,0.3694174930068995,-0.10694073192981998,-0.13418467603924036,0.4784096057653818,-0.026729108160662866,-0.03392108339958402,0.6059700119665914,-0.053165925032623816,-0.0917637514877377,0.7705689612692114,0.01705324059590748,0.09165561637511249,0.13529941747922847,0.13529941747922847,6.0,4.0,0.3888888888888889,0.5277777777777778,0.3289355031943105,1.1475361918527236,1970-05,-0.24555984555984556
1972-11,-0.39165798037403327,0.24585602578454638,-0.2079889539866931,-0.2600150211413397,0.3634913467466166,-0.12010839543247691,-0.15296617454112568,0.46451548708674645,-0.044637373566410586,-0.06230661123424045,0.5906007886416417,-0.06959685758168155,-0.12162149059812462,0.7535457413029713,0.0011118161071202845,0.04015941909035519,0.13164295923269353,0.13164295923269353,5.0,4.0,0.3611111111111111,0.4722222222222222,0.36585428229713385,1.0488185322180232,1970-05,-0.2815958815958816
1972-12,-0.32565265261014936,0.28403915136635166,-0.11637803513856988,-0.14698341691934272,0.3896706288080999,-0.038550781648196315,-0.05580728456604138,0.4806853917223905,-0.10560871926535204,-0.18138592349561614,0.5905714318837079,-0.024646785286871115,-0.031948876796108874,0.746766034408819,0.031807831922082135,0.10596271556859464,0.17866923569080667,0.17866923569080667,4.0,3.0,0.3888888888888889,0.5,0.39970800423683717,1.032921495423239,1970-05,-0.21055341055341056
1973-01,-0.31881623123543684,0.2882770354382989,-0.10716338011539399,-0.1352104614506836,0.39383993199730294,-0.02965915576664092,-0.0428063905288347,0.48644850652405147,-0.09765232354342192,-0.1692236976368034,0.5993945570924933,-0.014727391319065778,-0.010743990697157176,0.7557543236167561,0.041113735130642634,0.13867174730169876,0.1836057697847532,0.1836057697847532,3.0,3.0,0.4166666666666667,0.5,0.4038448306016955,1.023765280226156,1970-05,-0.18172458172458172
1973-02,-0.4375301452686719,0.2953943087838025,-0.2232677140449324,-0.2907435944538726,0.4132653062972847,-0.13777071648263245,-0.20581336655912427,0.47108904374385235,-0.09582862687787791,-0.14737240893309517,0.5666437174866669,-0.02651863646126737,-0.01074399069715718,0.7344942179552505,0.041245824210604354,0.13442959404387655,0.14678655081479924,0.14678655081479924,2.0,6.0,0.3888888888888889,0.5,0.27981883359588056,1.1305718938405205,1970-05,-0.3225225225225225
1973-03,-0.43847807218676893,0.2911180610257781,-0.22874829577117964,-0.2957963922973876,0.41331605023777146,-0.14071336978423926,-0.20919604377900675,0.4689229246296946,-0.10065258725396846,-0.15421327006022753,0.5598310614416229,-0.0351597657480048,-0.029944945612425243,0.731549138688881,0.0364770235255351,0.11361704338622128,0.1426816798893814,0.1426816798893814,1.0,6.0,0.3888888888888889,0.5,0.27411856628967207,1.126714817763945,1970-05,-0.32123552123552124
1973-04,-0.40955074368927497,0.3125518524893841,-0.18770960991738936,-0.24403657978499962,0.4374408961878709,-0.09906663170723812,-0.14911840807072044,0.49599244629788347,-0.05750827216768702,-0.09012186470924251,0.5778789921994312,-0.057167664137074935,-0.10267700693055773,0.7446152146896219,0.06117734755765381,0.192549751321241,0.16551416390427534,0.16551416390427534,0.0,5.0,0.4166666666666667,0.5,0.2918835821303596,1.088232250415061,1970-05,-0.2625482625482625
1973-05,-0.2706419685313538,0.1614353100979768,-0.1628248482543042,-0.17974301464155285,0.25248356416821266,-0.10201683447994339,-0.13186934697537284,0.3150730373779261,-0.06021546675541473,-0.08141776884798671,0.4320225489834007,-0.05881647199683065,-0.10058547661601483,0.64071549958762,0.03143230345271658,0.06670864528139657,0.0908989538898009,0.0908989538898009,6.0,5.0,0.4166666666666667,0.4722222222222222,0.4089068709893528,0.8644150371271778,1970-12,-0.24761904761904763
1973-06,-0.2801961642454864,0.1623585916528329,-0.1722386739504039,-0.19033910708559446,0.2501634486109568,-0.11385437844489184,-0.14667964075933654,0.3104935144215017,-0.07373896214360767,-0.09945590147282028,0.42377246440997324,-0.07291923136617674,-0.12256781615880827,0.633332542817492,0.017868094042438696,0.03506567504640396,0.08985705715989184,0.08985705715989184,5.0,5.0,0.3888888888888889,0.4722222222222222,0.39605202189313227,0.8705131642513302,1970-12,-0.24272844272844274
1973-07,-0.29740413505818875,0.17116921178124697,-0.18312728675034395,-0.20381968257438413,0.25860054659622916,-0.12475594016277522,-0.161460220447071,0.31515040287823276,-0.08700184127478262,-0.11802413510435526,0.4214390089404603,-0.016040908608057642,-0.0253627105421133,0.6452137221431795,0.011830547834244852,0.026014795222056804,0.09358445248380451,0.09358445248380451,4.0,6.0,0.4166666666666667,0.4444444444444444,0.40492909206806804,0.8444005100062848,1970-12,-0.2568854568854569
1973-08,-0.3296203753008947,0.17072432687452604,-0.21427839978704905,-0.2393964236539806,0.24925661866804993,-0.1612216981269977,-0.20672628499442253,0.30080009868779717,-0.126398735757344,-0.16900539570950995,0.4021702793542235,-0.057912673399902255,-0.0888833402168841,0.6286313293537933,0.03113927744524934,0.05772784042520476,0.09022395164691419,0.09022395164691419,3.0,7.0,0.3888888888888889,0.4444444444444444,0.3784191883386233,0.8795710074474646,1970-12,-0.2924066924066924
1973-09,-0.31975846634549826,0.17723849613779374,-0.200418253692389,-0.2248507516156865,0.25427840115562017,-0.14854488053729908,-0.19102115491966198,0.3075295760247552,-0.11268920205100792,-0.15179198652731052,0.4117262139782192,-0.1119535251541739,-0.18661032194543106,0.6424787398057579,0.043419354342000255,0.10059206507738659,0.09490771472981174,0.09490771472981174,2.0,7.0,0.3888888888888889,0.4722222222222222,0.36397195123249226,0.91468786805499,1970-12,-0.2857142857142857
1973-10,-0.3448543660592007,0.163724083417856,-0.23233959768444784,-0.2594789933377585,0.23912461475081181,-0.18052270464612294,-0.22950258800964912,0.2953168239583759,-0.1419061903773053,-0.1877558952543388,0.39829132065438755,-0.14104842456466532,-0.22490231204071284,0.6284872653540858,0.017147259649922527,0.028047307282800193,0.0853753727214423,0.0853753727214423,1.0,8.0,0.3888888888888889,0.4722222222222222,0.35243712134671945,0.9505965197350661,1970-12,-0.3202059202059202
1973-11,-0.33244473407587083,0.17199694365073095,-0.2167549557866794,-0.24228344729790935,0.23843671339215183,-0.17206577661976083,-0.2214235996252501,0.2999843993201742,-0.130667144829623,-0.17560500804968104,0.4025067221094632,-0.06170786833648302,-0.0754334975439065,0.6237515332469767,0.023339005805948332,0.07699504995588115,0.09016128677796151,0.09016128677796151,0.0,7.0,0.4166666666666667,0.4722222222222222,0.350187567268327,0.9257239124324758,1970-12,-0.3047619047619048
1973-12,-0.22366059108873562,0.08551980003581552,-0.17328524261403483,-0.18154180776830328,0.15895960017255525,-0.13002560540427435,-0.138833526761343,0.2318732896777653,-0.08707587310996563,-0.0898954648403794,0.3608480293238707,-0.011103438055330627,0.0036328368920135776,0.5892710431800692,0.006373238864362055,0.03815857003554036,0.0519446626766312,-0.0519446626766312,11.0,5.0,0.4166666666666667,0.4722222222222222,0.37613507606475977,0.7485482621687718,1971-12,-0.22805662805662805
1974-01,-0.1858617028673479,0.09142735990029854,-0.13235398960562725,-0.1386771894289382,0.17094443516271435,-0.08581675100230504,-0.08975144185528046,0.24897592511652225,-0.04014894877782503,-0.03200128512206776,0.37979528313419275,0.03641286713291783,0.0848557087767207,0.6074049606542453,0.003258651595801457,0.036598728742313937,0.04718451343840971,0.04718451343840971,32.0,4.0,0.4444444444444444,0.4722222222222222,0.41113333276216263,0.7102329609112601,1973-10,-0.1758043758043758
1974-02,-0.15692531379413877,0.09899494435206231,-0.09939657552739402,-0.10402814331283247,0.18549782800964307,-0.04912732404362404,-0.04959540604771062,0.2711116122685122,0.0006252468466431285,0.020013773414574075,0.40427744297997437,0.07801164542704446,0.16059427620542563,0.6362864532412221,0.044419907612006475,0.16206754615343597,0.052897170481306335,0.052897170481306335,31.0,3.0,0.4722222222222222,0.5,0.4124193199486755,0.7175518745483896,1973-10,-0.11145431145431145
1974-03,-0.06673081531538173,0.10384125157834605,-0.004548178803444193,-0.002972677869573439,0.19602374063164502,0.05065291057520378,0.06627680651216915,0.2782228440654186,0.09987570876704846,0.15296511570485508,0.4035156107778869,0.024847389562149123,0.06049636934193137,0.6398499163067706,0.0031532760849025516,0.06164943816094638,0.06375813744580827,0.06375813744580827,30.0,2.0,0.5,0.5277777777777778,0.49008585351554895,0.6851299854608113,1973-10,-0.0018018018018018018
1974-04,-0.1329788992056193,0.10388500139499375,-0.06865811960495213,-0.07176827492234435,0.19557700580688206,-0.011886678802866512,-0.005343374778973981,0.28203429420248854,0.041643668379985906,0.05349754519855601,0.4333052543328257,0.053821464708379556,0.09542508552169672,0.6646448707845524,0.02296578090242059,0.092528974004226,0.06121062428327499,0.06121062428327499,29.0,3.0,0.4722222222222222,0.5,0.47266991351391685,0.731239995302621,1973-10,-0.07927927927927927
1974-05,-0.12310491651276621,0.1047423959506784,-0.05425155533669189,-0.056545116591293916,0.19848971769888887,0.007374094382631493,0.008470617869056063,0.289224160463145,0.06701920085603086,0.08618124985934647,0.4506723346302494,0.07635679886143615,0.13719584670904586,0.6789325359687386,0.04048652364381129,0.13730993338981695,0.06655979992147233,0.06655979992147233,28.0,2.0,0.4722222222222222,0.5,0.519413734199994,0.7587844051970394,1973-10,-0.058944658944658945
1974-06,-0.1177078494902969,0.10307473995509325,-0.05038718545416324,-0.05231521273032306,0.20075394969996202,0.01340952424808045,0.015453465318902335,0.289723496147935,0.07151773726400104,0.09146439124744117,0.4508703679825314,0.07858160059820143,0.13906596994395412,0.6806867660461583,0.0427956281650265,0.1383691932055488,0.06539263675997387,0.06539263675997387,27.0,2.0,0.4722222222222222,0.5,0.5205442113911213,0.749420585400032,1973-10,-0.04221364221364221
1974-07,-0.21037308504709645,0.1638730926189256,-0.10007617733255869,-0.11510115279612403,0.2560029035281286,-0.03806701469815183,-0.04971148172050388,0.3363794166178948,0.016031438592735953,0.019737333771850888,0.49056774824388855,0.1198098924695911,0.20591184384268263,0.7201688590129645,0.029713267250000033,0.09358893866962517,0.09527193225097244,0.09527193225097244,35.0,3.0,0.4722222222222222,0.5,0.44983737209076136,0.8588961485712266,1974-07,-0.11737451737451737
1974-08,-0.24458320301170144,0.15226389409208063,-0.14097348389814565,-0.1626398560269201,0.24647409411459797,-0.07686706904406364,-0.0991776225877216,0.32860712990176016,-0.02097869958790573,-0.034944484936340864,0.4798843037850284,0.08195959440357287,0.14014696825254597,0.7091654522992415,0.046522690276794065,0.09739878225812577,0.08194334698478137,0.08194334698478137,34.0,4.0,0.4444444444444444,0.4722222222222222,0.44869825598487695,0.852014866165919,1974-07,-0.15727155727155728
1974-09,-0.17280578312971417,0.1490790886540996,-0.07411339304744885,-0.08176849596083163,0.2611855439155087,0.00010260943342461002,-0.0011019428340853941,0.35809148073828867,0.06425566137749524,0.08889772853628983,0.490720032539258,0.06338511612595456,0.09964132388240651,0.7083695100232509,0.04894921457220592,0.11806347843073978,0.09103728716888258,0.09103728716888258,33.0,3.0,0.4444444444444444,0.5,0.47561874943815474,0.811629994412599,1974-07,-0.09420849420849421
1974-10,-0.2138936570845842,0.14712433758243204,-0.11389992416618565,-0.1275643530381367,0.2554948226098304,-0.04024542543312941,-0.05251955801535893,0.349767570326815,0.0238274812769114,0.0329767412931698,0.4796092039479675,0.02528250339181492,0.039961204072231284,0.6988634446894948,0.05497781004775253,0.11614888240059883,0.08632930404644748,0.08632930404644748,32.0,3.0,0.4166666666666667,0.4722222222222222,0.47945979493711566,0.8230049743100744,1974-07,-0.16344916344916344
1974-11,-0.2851445172025337,0.14884794769117843,-0.18441561503264792,-0.2094160286620848,0.2491149731677761,-0.1165625639374985,-0.14905957075160559,0.3368137902604142,-0.057214714643217666,-0.07907964724154479,0.47470726170517347,0.03610103616473447,0.05667732900490706,0.7034316619677121,0.047739969693113234,0.11614888240059884,0.07572848854044881,0.07572848854044881,31.0,5.0,0.3888888888888889,0.4722222222222222,0.4030959981516067,0.8859310563508419,1974-07,-0.23886743886743886
1974-12,-0.23531424362823253,0.13978134854656063,-0.13515696177857411,-0.15225930901876772,0.23734882941119728,-0.06524710769624978,-0.0830042579840173,0.32763743902912035,-0.12994144506919258,-0.1870098565050912,0.47808860137602,-0.022138940454152385,-0.03765483072530303,0.7265550717421505,0.013351879224273538,0.017620260948350692,0.0888139696309648,-0.0888139696309648,35.0,4.0,0.3888888888888889,0.4166666666666667,0.5614163139998513,0.7932020589040909,1974-12,-0.2113256113256113
1975-01,-0.20916673648042033,0.13965199085170854,-0.11348550893863309,-0.126202819806567,0.2347519095808558,-0.048328708039237306,-0.06092127399626155,0.3269123322544503,-0.11147154129496248,-0.15887922439283886,0.4739341289580047,-0.010740961671986276,-0.019422542709456824,0.7205960552815969,0.023607184644724732,0.03944062922519221,0.08484561420995929,-0.08484561420995929,34.0,3.0,0.3888888888888889,0.4444444444444444,0.520596246704774,0.782518786204555,1974-12,-0.19897039897039898
1975-02,-0.2589414822865657,0.13650819275891818,-0.1673091502244855,-0.18528880227357244,0.22383716261279768,-0.2259294938284945,-0.27468758152849443,0.31081200455830177,-0.1675468617159124,-0.23118593047020644,0.4636796149938512,-0.06493312580846182,-0.09947493035526278,0.7166472226390471,0.029584637788761015,0.09511068844774681,0.08179246097717768,-0.08179246097717768,33.0,5.0,0.3611111111111111,0.4444444444444444,0.45097211753252986,0.8139252880275138,1974-12,-0.26975546975546977
1975-03,-0.1868838092580271,0.12215977388401326,-0.10307303744597965,-0.11263314798533074,0.20774857939163058,-0.044352694243024765,-0.05558157342114558,0.29251779336004785,-0.10251073614754898,-0.14072134529405636,0.44643049243435956,-0.10183962690159994,-0.16186722540506307,0.7128919347214525,0.013700883668196034,0.07407472361649134,0.07626537632646763,-0.07626537632646763,32.0,3.0,0.3888888888888889,0.4722222222222222,0.5138733262540824,0.8040410458079134,1974-12,-0.16705276705276706
1975-04,-0.15077965210803293,0.11245644333744086,-0.0770699865738332,-0.08341572842677586,0.20063481103214517,-0.01927340509538991,-0.024009635064926007,0.28549553219075446,-0.074895432504019,-0.10235424743546549,0.4335417693229444,-0.07105800032643494,-0.10868851748467992,0.6918190586093277,0.03946394260246,0.12857858360138666,0.07025532827261657,-0.07025532827261657,31.0,3.0,0.3888888888888889,0.5,0.49065250302342395,0.7838351599001547,1974-12,-0.1431145431145431
1975-05,-0.19284351350182227,0.10987736533677221,-0.1199203300400461,-0.13084631804669433,0.19215922271032512,-0.17452898362794952,-0.2087559183618939,0.27246716316870884,-0.12123037515172128,-0.1618861618288105,0.40975322662478475,-0.030116643388424208,-0.040504211905348954,0.6769606910957205,0.00589753295222327,0.04219241326086171,0.07136959352492295,-0.07136959352492295,30.0,4.0,0.3611111111111111,0.4722222222222222,0.48468249770125404,0.788901338604479,1974-12,-0.19485199485199486
1975-06,-0.20828466978226792,0.11034664583091591,-0.1351568088871225,-0.14779148283777138,0.190188442736199,-0.18806879160977422,-0.22414420699528403,0.2657018076119516,-0.13802530545959302,-0.1828964798815952,0.3955812479284431,-0.0519528600935851,-0.07357900782096145,0.6552964552085703,-0.018481832191752774,-0.014047605780177531,0.0697902075511779,-0.0697902075511779,29.0,4.0,0.3611111111111111,0.4444444444444444,0.4970280541883189,0.762120615469624,1974-12,-0.21724581724581724
1975-07,-0.20577317181544982,0.10754609118940232,-0.13479778704098047,-0.14735756802885153,0.18901027409592835,-0.18856033352856677,-0.225005314404289,0.26677970970111325,-0.13723614726827396,-0.18211490433713787,0.3983404483243386,-0.050412219576172514,-0.07143344555195713,0.6552089510526994,-0.014796298154874625,-0.004543378871280296,0.07085166590805589,-0.07085166590805589,28.0,4.0,0.3888888888888889,0.4722222222222222,0.46753824273783184,0.7973795336886255,1974-12,-0.21235521235521235
1975-08,-0.254936260446973,0.09208780416313868,-0.19092243545121362,-0.20775959590571974,0.1675649524895035,-0.13845532530508095,-0.16788566047932357,0.24214468415506524,-0.08661204448786963,-0.11011288980044116,0.37899114204638784,-0.09136463061108643,-0.14045810771363668,0.6475697043895243,0.014012271695560179,0.04252584097195715,0.06849611694492097,-0.06849611694492097,27.0,5.0,0.3611111111111111,0.4444444444444444,0.4814717570471361,0.8313158614199118,1974-12,-0.27232947232947236
1975-09,-0.2540591718156712,0.09734090201325948,-0.18550760841864256,-0.2021546609906069,0.17543876041134418,-0.13050780689205302,-0.1451423578694745,0.24807387582082113,-0.07935509908002766,-0.10101394115135795,0.38326991515156744,-0.08411025387387434,-0.13011960797198638,0.6530249306177468,0.019878749324764553,0.05422484888683021,0.06849504925913386,-0.06849504925913386,26.0,5.0,0.3611111111111111,0.4722222222222222,0.46342362525126424,0.882645928569473,1974-12,-0.2712998712998713
1975-10,-0.2874716662368447,0.09584111113724315,-0.2196022711192806,-0.23951863104688773,0.172783285324344,-0.1651160620264944,-0.1857940217037656,0.2400613807010142,-0.21275870289005624,-0.26117334051021424,0.3713088537769903,-0.11981647274813316,-0.1800414404970001,0.6399042541000587,-0.011207741754861392,-0.012939392702457612,0.06664758104157753,-0.06664758104157753,25.0,6.0,0.3611111111111111,0.4444444444444444,0.46011136147271037,0.8711645050926465,1974-12,-0.3021879021879022
1975-11,-0.2666402785204616,0.0969142522939008,-0.19833824901366373,-0.21633541322580685,0.17457565547106524,-0.14360500466834425,-0.16062682982296314,0.2444063843300488,-0.09439056623318677,-0.11578245831418434,0.38310097688430245,-0.0941673939027409,-0.1440836539329055,0.652790658857037,0.01140512994880726,0.036436668466395025,0.06726879069221409,-0.06726879069221409,24.0,6.0,0.3611111111111111,0.4444444444444444,0.47920180878764,0.8499819344409199,1974-12,-0.3016731016731017
1975-12,-0.26676542362150407,0.09714486661309431,-0.1979064759561213,-0.21574762568399927,0.17424968731343485,-0.14325246284702492,-0.16007770132916677,0.24426835590365326,-0.0936213088380724,-0.11462048370514077,0.37932807760815485,-0.09270090118464923,-0.14137534986072864,0.6501639262071803,0.012078838218953182,0.038465522247939775,0.06530081159929824,-0.06530081159929824,23.0,6.0,0.3611111111111111,0.4444444444444444,0.4835053366613697,0.853643760666728,1974-12,-0.30038610038610036
1976-01,-0.3235635807217261,0.102898767932727,-0.25023343268889037,-0.26939337331833535,0.1980694187556075,-0.1824106778257244,-0.21813634997508952,0.2738729648839903,-0.1283897661016661,-0.1623607740470695,0.3952195839547405,-0.1299576913455841,-0.19249585427278518,0.6564232228864916,-0.023306284863251137,-0.037453096969321274,0.06299263673506439,-0.06299263673506439,22.0,7.0,0.3333333333333333,0.4166666666666667,0.4539266848233831,0.8635059808386267,1974-12,-0.3642213642213642
1976-02,-0.3103288444422352,0.10276451239329285,-0.23922198596845315,-0.2567158329813812,0.20447762858566904,-0.1688426303954033,-0.2019385154732359,0.2861357186400162,-0.1123401460503038,-0.14204848500709893,0.4097317773831667,-0.11707601171960513,-0.17464403027732758,0.6724362983899446,-0.012692493168140017,-0.01699732143983424,0.06390749930376488,-0.06390749930376488,21.0,6.0,0.3611111111111111,0.4444444444444444,0.4173870073471928,0.8769850836516658,1974-12,-0.3521235521235521
1976-03,-0.30998791913988644,0.10455936491274014,-0.2382514545891962,-0.2601538647591537,0.2061549823525295,-0.16854836854752767,-0.2016020929021556,0.29007831546365087,-0.11096994679902131,-0.1403742862606747,0.41299521441603665,-0.11649326326937666,-0.17363012967210428,0.6744770123093986,-0.014345543689462304,-0.021859871603058592,0.06354305110100616,-0.06354305110100616,20.0,6.0,0.3611111111111111,0.4166666666666667,0.4387782838220498,0.8300595917727035,1974-12,-0.35495495495495494
1976-04,-0.31469484495871697,0.10757769758380345,-0.2420895699709345,-0.26475028215189017,0.20779501651341242,-0.17445188890089414,-0.20854611483407454,0.294197085403812,-0.11613825966176766,-0.14697237146238198,0.4165271634659057,-0.19870006528189854,-0.2838846903941138,0.6761353006211644,-0.02348791062000762,-0.04254639875085883,0.0630325431414408,-0.0630325431414408,19.0,7.0,0.3333333333333333,0.3888888888888889,0.45026907291174834,0.7871857542872532,1974-12,-0.3467181467181467
1976-05,-0.30314895968003397,0.10731062214940193,-0.23280354815963886,-0.2545859918074345,0.20950210868677274,-0.1658138873938678,-0.19813778457494985,0.29631378870548547,-0.10890616257245088,-0.13748169415813552,0.4215611343746691,-0.11635670862487886,-0.17269531013316947,0.6843646873175601,-0.016874999684639392,-0.02787410328588818,0.06292497898371158,-0.06292497898371158,18.0,7.0,0.3333333333333333,0.3888888888888889,0.44047722508471976,0.7625861245448756,1974-12,-0.3425997425997426
1976-06,-0.30326228656587806,0.11022061457906952,-0.2315884135603977,-0.2537168963446291,0.2116127545918941,-0.1656554898982838,-0.19813171918382158,0.3009348687739589,-0.10757142011772883,-0.13600067571156574,0.42619335738297487,-0.11612092303053771,-0.1727291699439282,0.6882834315911812,-0.017916843625518958,-0.03112631528701795,0.06325189065931447,-0.06325189065931447,17.0,6.0,0.3333333333333333,0.3888888888888889,0.4337677387710571,0.758496744209115,1974-12,-0.3510939510939511
1976-07,-0.3134529173182108,0.11527127033715173,-0.2386831820048544,-0.2619315725657611,0.2148716696036155,-0.17407822477243698,-0.2082427297026912,0.3078731023204433,-0.11375363142266655,-0.14416365271969692,0.4339936386375696,-0.12099712128159833,-0.16909218287839167,0.6926316276391732,-0.027180497424846906,-0.05210031645189307,0.06304129349012366,-0.06304129349012366,16.0,7.0,0.3055555555555556,0.3611111111111111,0.45121546533623574,0.7320283980655846,1974-12,-0.3613899613899614
1976-08,-0.3041843947187924,0.12345267189669508,-0.22490428837035573,-0.2472987436528423,0.22243385854278713,-0.16133953206955087,-0.18390565075609708,0.3213855779480267,-0.0977936993444993,-0.12399966117541089,0.45155105078284624,-0.10237314173265583,-0.14199815219640236,0.7090384063964795,-0.014113567175581616,-0.026452765896673596,0.06195822833958542,-0.06195822833958542,15.0,6.0,0.3333333333333333,0.3611111111111111,0.4550079270339005,0.7200676898521062,1974-12,-0.35546975546975546
1976-09,-0.3075067081870503,0.12201213604157413,-0.22761665496087222,-0.25038751979054535,0.22227221330965063,-0.16196922701421188,-0.1945610014705598,0.3204509662434809,-0.09768459064909725,-0.12426746058255116,0.45123462297804373,-0.10347926344850555,-0.1448194721248845,0.7113832779160367,-0.010769820196328286,-0.01910019546106746,0.06451255901153408,-0.06451255901153408,14.0,6.0,0.3333333333333333,0.3888888888888889,0.43408082474195275,0.7654484696788224,1974-12,-0.36653796653796655
1976-10,-0.2630793640468197,0.11877805128251953,-0.1838589427923829,-0.2012912900785612,0.22291763771434314,-0.11440181820318668,-0.13770729887127178,0.31778398403846103,-0.05112959040084404,-0.06374234739673003,0.4480874462947669,-0.13803702034598697,-0.20011658687847955,0.7085434853672904,-0.018511961187986564,-0.04586098638749225,0.0625543050220238,-0.0625543050220238,13.0,5.0,0.3611111111111111,0.4166666666666667,0.47119615927391134,0.7750342919403506,1974-12,-0.2954954954954955
1976-11,-0.281945632321481,0.1253089451593587,-0.1990101627368677,-0.2197348511832051,0.2300651596198592,-0.1296774760149477,-0.15754078807268684,0.33092040836666703,-0.06292663548834235,-0.08004325480440025,0.4659341286223265,-0.06955189695290212,-0.09645095076865623,0.7285218341162073,-0.030604261551273635,-0.07420757161255748,0.0665669674205635,-0.0665669674205635,12.0,5.0,0.3611111111111111,0.3888888888888889,0.47487790821297116,0.7507449021015195,1974-12,-0.3104247104247104
1976-12,-0.30942933243814913,0.13014853510309207,-0.22333647041691154,-0.24922190387018664,0.23536173110046746,-0.15373825973678026,-0.17838732232617652,0.3292225784999497,-0.09164959329148213,-0.1187524498462403,0.46582887728801553,-0.09395339764099922,-0.13399829528557977,0.7141632209068106,-0.0059164451917101445,-0.011152279442293656,0.06584593670101996,-0.06584593670101996,11.0,6.0,0.3611111111111111,0.3888888888888889,0.44008455079987463,0.7723277430242483,1974-12,-0.31608751608751606
1977-01,-0.3219468856756539,0.1268260702989286,-0.23843116373456863,-0.26572533384440056,0.22925719506729722,-0.17097965858184655,-0.19899489733428388,0.32360631359822,-0.10885020262659409,-0.1413229368924086,0.4574426597138223,-0.11199478218949983,-0.16118590554308462,0.7082479813047823,-0.022411775313190573,-0.04905698479813502,0.06542108042157707,-0.06542108042157707,10.0,6.0,0.3333333333333333,0.3611111111111111,0.45306027926033976,0.7459967230014044,1974-12,-0.33513513513513515
1977-02,-0.33630652413396245,0.12174843407712509,-0.2552379518016048,-0.2843974688376736,0.2205583468286922,-0.18944344183706632,-0.22130086386894995,0.3151529924881405,-0.1264557497815053,-0.1646109517324826,0.4468588938118541,-0.1314430249967221,-0.19133473964678316,0.6972591932049937,-0.03834741220378436,-0.08552493458043707,0.06716484958343144,-0.06716484958343144,9.0,7.0,0.3055555555555556,0.3333333333333333,0.48061271395553234,0.7307533713397948,1974-12,-0.34234234234234234
1977-03,-0.37140456721408743,0.1273025756341656,-0.28758276963018,-0.3210458315683891,0.22957149854376635,-0.2202442659703048,-0.25946537547389265,0.32724223504763267,-0.15593341707887806,-0.2049049060961864,0.46066323518125196,-0.15952809203723026,-0.23519245927812038,0.723428256413171,-0.06545450027932484,-0.15335541184746948,0.06795360410922602,-0.06795360410922602,8.0,8.0,0.2777777777777778,0.3055555555555556,0.4566558984526198,0.7208949894188751,1974-12,-0.38764478764478766
1977-04,-0.3371129943620203,0.14301807962496205,-0.24545450403130328,-0.2756908422721333,0.25750799541892805,-0.17207935546767905,-0.2027262638095553,0.3566473569502213,-0.10854218426430151,-0.14343902235765882,0.49361008094716347,-0.19631987325343034,-0.2996602267552027,0.7399275396894682,-0.03845810871553082,-0.08920910948154817,0.06730987039726571,-0.06730987039726571,7.0,7.0,0.3055555555555556,0.3055555555555556,0.4832775205455428,0.6846003011468672,1974-12,-0.3709137709137709
1977-05,-0.3337512877285982,0.14505641957751403,-0.24114027491783147,-0.2715591525104592,0.2616474446027971,-0.16670294257717644,-0.19682968444535662,0.36110940678569925,-0.10320162991046951,-0.1367910467744998,0.49915020202604593,-0.19133352985427524,-0.29381915237621403,0.7458423439234806,-0.0338333710876352,-0.07930064518501437,0.06861508729960841,-0.06861508729960841,6.0,7.0,0.3333333333333333,0.3055555555555556,0.4847451187761227,0.6805396550815314,1974-12,-0.3588159588159588
1977-06,-0.33184929939824326,0.14721656371393577,-0.2386666636444943,-0.2688596930666722,0.26527338942723416,-0.16394106272595618,-0.19348260532480943,0.3630547041841535,-0.1020491097645913,-0.13504909435537182,0.5005477969536083,-0.18907714831525418,-0.2895777178712026,0.7435295044443345,-0.03527872120396428,-0.08264895166652053,0.06700476791806059,-0.06700476791806059,5.0,7.0,0.3333333333333333,0.2777777777777778,0.5269489515140472,0.6493928843876533,1974-12,-0.3598455598455598
1977-07,-0.26809747185835264,0.14904559727586542,-0.17766529178751617,-0.19320670740501247,0.25777803947448646,-0.11169278423167082,-0.13428773221169416,0.3464434436585053,-0.16548978289364377,-0.21584906346369873,0.47959662445381074,-0.17153043505567228,-0.24640641373519642,0.7241638026796694,-0.0673923804036191,-0.1340658341935406,0.07607283877319071,-0.07607283877319071,4.0,6.0,0.3611111111111111,0.3888888888888889,0.4233052935818908,0.6958948011449458,1974-12,-0.3070785070785071
1977-08,-0.2456200453060082,0.15992003048576237,-0.15090441282957423,-0.16431631211264494,0.2717852182776292,-0.08465016074109037,-0.10236068955932935,0.3640403967159685,-0.13929001760249538,-0.1832819636242602,0.4980664187887991,-0.14923888352560644,-0.22780537124200154,0.7268658267061461,-0.058517006626422785,-0.11085173316790616,0.08130373319336329,0.08130373319336329,11.0,5.0,0.3611111111111111,0.4166666666666667,0.40442345904966515,0.6982406414978697,1975-08,-0.2906048906048906
1977-09,-0.2621772344571892,0.16695427925612324,-0.1530514490789542,-0.169618055915471,0.275743586997889,-0.08194384584188849,-0.1025401671515352,0.3712709710717789,-0.14438310082018946,-0.2022423365671751,0.4965583449729139,-0.15600221580081433,-0.24647486676138702,0.7231290346230089,-0.060112294224773447,-0.14560125526656317,0.09255917854171819,0.09255917854171819,10.0,5.0,0.3888888888888889,0.4166666666666667,0.45669111844355503,0.7631699991740452,1975-08,-0.28211068211068213
1977-10,-0.2770826945541664,0.15417099856416486,-0.1741762518339134,-0.1923121498021362,0.26431417508422544,-0.10065760960451244,-0.12526618563644726,0.3580764220190447,-0.16324226809009953,-0.2263085421325925,0.48279496608989,-0.1726973750134718,-0.278794757712597,0.711177368740591,-0.07281572440422275,-0.1719236217917165,0.0915704737596042,-0.0915704737596042,1.0,5.0,0.3888888888888889,0.4444444444444444,0.42699978132617555,0.8264945405307316,1974-12,-0.29832689832689835
1977-11,-0.26363816653838423,0.1526568599776068,-0.16196221848610365,-0.1784050535974336,0.26982107469598215,-0.08392587861222398,-0.10483587227583602,0.36774018770286987,-0.14914416391479182,-0.20825303557779748,0.49788790587163273,-0.15681710553399356,-0.25655149084453244,0.7404080073457634,-0.050371198919335745,-0.11076256322419142,0.09392105003227769,-0.09392105003227769,0.0,5.0,0.4166666666666667,0.4444444444444444,0.44012967803966974,0.8134705338739081,1974-12,-0.2694980694980695
1977-12,-0.3612615763767761,0.16502080698770216,-0.253019405884376,-0.2836199380515018,0.2951841619158886,-0.16764129924931678,-0.2143120544111946,0.36691682923148633,-0.2146929392647979,-0.2965326415160093,0.4967906784057331,-0.12950472826622536,-0.2318840090602366,0.7401982829674315,-0.03481792857409651,-0.08067027801514162,0.07764163832527438,0.07764163832527438,7.0,6.0,0.3888888888888889,0.3888888888888889,0.3683360791942359,0.8091300128139303,1975-08,-0.3467181467181467
1978-01,-0.4326150747975316,0.14956168796045485,-0.3286059915076324,-0.3682713593811727,0.28233107571333144,-0.23627471003139563,-0.30661947799580425,0.3562887302127311,-0.28770678432563285,-0.4046102477177351,0.49348480875970807,-0.192297067069613,-0.3775086134044623,0.7633763129299095,-0.06759874966156727,-0.21510202142062756,0.08163172561832177,-0.08163172561832177,1.0,7.0,0.3611111111111111,0.3611111111111111,0.35378390967530116,0.858292106247501,1975-03,-0.4061776061776062
1978-02,-0.44216837879176146,0.14997149550261696,-0.32994506175504923,-0.3758969132565657,0.2990159182324501,-0.21841547109178916,-0.3065211539668934,0.38271967277390445,-0.2810507935681517,-0.438609378746445,0.5448860927203243,-0.15970204327821333,-0.3004893906517932,0.7802090196927404,-0.051570476870053436,-0.14555000030640294,0.09952902971314964,-0.09952902971314964,0.0,6.0,0.3611111111111111,0.3055555555555556,0.48702383403584953,0.8333262172842398,1975-03,-0.3938223938223938
1978-03,-0.5416421735530844,0.16629503061269524,-0.42034519367224815,-0.48360526581088226,0.3267102882527845,-0.30333696915189606,-0.4385845893924193,0.4188369255909137,-0.23613903284243262,-0.3801428048651121,0.5794621253640279,-0.11897767478229976,-0.22478094831201548,0.7908008106018729,-0.031727210837579935,-0.09408124434091306,0.08230795515934297,-0.08230795515934297,0.0,9.0,0.3611111111111111,0.2777777777777778,0.32859076656649205,0.8555147592316492,1975-04,-0.4906048906048906
1978-04,-0.5779646650333907,0.17443092721261097,-0.44251157786910045,-0.5136289747770749,0.3272995021231051,-0.3238025809445289,-0.4658071357939146,0.41481296155391706,-0.2558446308392603,-0.41527786528053307,0.5709446031254963,-0.1346017228707595,-0.26975420739593,0.7856924994231946,-0.08552112821517781,-0.30723330788433095,0.06433569025631569,0.06433569025631569,3.0,9.0,0.3611111111111111,0.2777777777777778,0.3475118018050627,0.9116877420853577,1975-08,-0.49163449163449163
1978-05,-0.4818874365635925,0.16960671865808138,-0.34884506338046395,-0.4040064860707995,0.33026394936722825,-0.2228228196174462,-0.32528800822382786,0.421508369134142,-0.15124915648927648,-0.24894470504189456,0.5789887435317201,-0.027718892444379202,-0.051672290020238536,0.7876101298140012,-0.03658505585609869,-0.11944963473556335,0.08255112764571443,-0.08255112764571443,35.0,6.0,0.3888888888888889,0.3055555555555556,0.4812968428279154,0.8864130220333122,1978-05,-0.38507078507078507
1978-06,-0.4667523341796074,0.1733492818244096,-0.3325734175106053,-0.39950576148366546,0.3434863505114861,-0.20088087560093948,-0.29616606558362935,0.4420024461748442,-0.12462568232036482,-0.2082930135213899,0.6059464028445025,0.0022731560760167976,0.013703593471404913,0.8116869535975263,-0.05712298857085578,-0.22127688936199372,0.08163429173064995,-0.08163429173064995,34.0,5.0,0.4166666666666667,0.3611111111111111,0.4136536664803601,0.9440795374143889,1978-05,-0.349034749034749
1978-07,-0.4721501454685589,0.17234559449067866,-0.33769916030731933,-0.4059008576162853,0.34156558638076334,-0.20568653366701742,-0.30333853148120293,0.4398474210056577,-0.12901448685420633,-0.21601949429616757,0.6029537566858484,-0.0017712719461075363,0.0049254677612594715,0.8078042504345906,-0.06161655128820353,-0.23980614342891152,0.0826226185672006,-0.0826226185672006,33.0,5.0,0.3888888888888889,0.3611111111111111,0.414580584055327,0.9528175080051661,1978-05,-0.3678249678249678
1978-08,-0.4405691102672999,0.1645926088486541,-0.3129631347847168,-0.37270433686132265,0.2727489155507935,-0.2291113074282978,-0.303338531481203,0.36085172912365604,-0.16080662748326502,-0.2160194942961676,0.5325526714781406,-0.02768967652364159,0.004925467761259492,0.7748693000390482,-0.026794792899244007,-0.0789932295322983,0.08304782521901638,-0.08304782521901638,32.0,5.0,0.3888888888888889,0.3888888888888889,0.41839330325135965,0.9671556865852061,1978-05,-0.35855855855855856
1978-09,-0.4402164710169166,0.16387269556597986,-0.31269675953435633,-0.37248471992078364,0.27137423101142993,-0.22904301394489326,-0.30331613552247344,0.35844294651301983,-0.1612893381932822,-0.21678203020250197,0.5304175721872247,-0.027465002341882285,0.004931800663312556,0.7752648992347853,-0.02488945217514212,-0.073836064778817,0.08302409762662116,-0.08302409762662116,31.0,5.0,0.4166666666666667,0.3888888888888889,0.4224334898593388,0.9691656974374009,1978-05,-0.3734877734877735
1978-10,-0.42614489449637905,0.18461053125341942,-0.2845510622426761,-0.34393748681461345,0.30757365292893873,-0.19023997659819095,-0.2564600936611472,0.4085314529159233,-0.11280668122222519,-0.1415360040451049,0.5577658229884044,-0.10234538362402422,-0.1839965644027702,0.7807630433133689,-0.01941234218893178,-0.073836064778817,0.08340052501616624,-0.08340052501616624,30.0,5.0,0.4166666666666667,0.3611111111111111,0.4588255810739606,0.9078175591884675,1978-05,-0.3675675675675676
1978-11,-0.4426573472421435,0.1846292747407915,-0.3031518945876029,-0.3626718222795076,0.3089532173898294,-0.20921301127995331,-0.2782268317277392,0.41334515621445767,-0.13033470392776983,-0.16921997022204355,0.5499976341487087,-0.027080407894019387,-0.036883070783506916,0.7823291191727182,-0.030463094448963193,-0.10179699210976409,0.07998552496263595,0.07998552496263595,1.0,6.0,0.4166666666666667,0.3888888888888889,0.39117542271978395,0.9531574123432727,1976-01,-0.39253539253539255
1978-12,-0.43278178851267207,0.18630250834234027,-0.2925951193484019,-0.3493103502813312,0.31171668447505085,-0.19822496956105107,-0.26149920480799466,0.41433893868750016,-0.12100501085959994,-0.15283082799248976,0.5476082897064181,-0.020724093617756623,-0.023579666092171058,0.7767535254410758,-0.024821156825133174,-0.08251685863839331,0.08347143823134096,0.08347143823134096,0.0,6.0,0.4166666666666667,0.3888888888888889,0.39960771951895663,0.942812303236769,1976-01,-0.3758043758043758
1979-01,-0.32606769998680946,0.16421215374052928,-0.20854342411954818,-0.23758377036694608,0.299740177697841,-0.11154796725177345,-0.13464831156775256,0.3803832167058079,-0.05383290446706641,-0.0707963952866915,0.5235568766220048,-0.05581080202085548,-0.10088836058663916,0.7555344117281451,0.009883395905106493,0.02180651623760603,0.08848392961986343,0.08848392961986343,30.0,5.0,0.4444444444444444,0.4166666666666667,0.4545542315320003,0.8681277605961112,1978-08,-0.28416988416988415
1979-02,-0.3336107561492879,0.16719577450423082,-0.21130951701113354,-0.24331399489972905,0.308565966293837,-0.10789931011843562,-0.13066547834596465,0.38682006699177685,-0.050657591472263876,-0.06635306675630803,0.532064507347337,-0.055438735715652394,-0.103613230335903,0.7588110169393054,0.012441831051536262,0.03248785320421553,0.09029676124955877,0.09029676124955877,29.0,4.0,0.4166666666666667,0.3888888888888889,0.49734308909784053,0.8472354414815839,1978-08,-0.28185328185328185
1979-03,-0.3320652211593685,0.16789188712720876,-0.20987349976285213,-0.24100777932181652,0.30846629968808353,-0.1075634373230713,-0.13018530623701546,0.38702292905809393,-0.050389919685755506,-0.06596966833790976,0.5302533229655947,-0.05442451979245594,-0.10061884844840738,0.7586791714546033,0.011911585540108405,0.029476261609759354,0.09105744183755185,0.09105744183755185,28.0,4.0,0.4444444444444444,0.3888888888888889,0.49466851781538973,0.8430746359087888,1978-08,-0.27335907335907333
1979-04,-0.32522641477116504,0.17387923781300083,-0.19877885318497882,-0.22810314237232152,0.31725978736443894,-0.0945103902120458,-0.11296132616751173,0.39571419111356004,-0.037457183776649416,-0.04685988790574826,0.5404616826757965,-0.1427197072611719,-0.2478843242667046,0.7669935932262837,0.02201765914812245,0.057463361613961095,0.0971232723988435,0.0971232723988435,27.0,4.0,0.4722222222222222,0.4444444444444444,0.43967483682738534,0.920886095311447,1978-08,-0.24813384813384814
1979-05,-0.3271854309223566,0.1711029566529195,-0.1982569862672022,-0.22771030663330452,0.31471408646174465,-0.09004401342547673,-0.10768679107605462,0.3953354205977634,-0.029294722942640152,-0.03504644884658669,0.5429438654817762,-0.0336094013675222,-0.06215820671961746,0.7766436820405267,0.037380720065198755,0.11175879097325543,0.09947512428905209,0.09947512428905209,26.0,4.0,0.4722222222222222,0.4166666666666667,0.49738313541619006,0.9005827196916825,1978-08,-0.24633204633204633
1979-06,-0.3471913760370576,0.15252510183531215,-0.23282983204592145,-0.265312489958795,0.2814305975504305,-0.1361779934859898,-0.16774597329662888,0.35960300686350993,-0.07756523192098759,-0.10554888763825049,0.5039070095266014,-0.08033164086715239,-0.1468866570269444,0.7533173379829443,0.012439016332216418,0.0407716326578494,0.08690144203705358,-0.08690144203705358,22.0,5.0,0.4722222222222222,0.4444444444444444,0.4403404370626485,0.9598572577149695,1978-05,-0.2918918918918919
1979-07,-0.34123375241411147,0.15666305117876192,-0.22428264427150113,-0.2563518879085423,0.28933795368628756,-0.1252390168544487,-0.15351020211350672,0.3672843665135799,-0.06705095472171639,-0.09040457767679895,0.5119186385851309,-0.07062750498736763,-0.13007472508836054,0.7652849034792952,0.023394131187791448,0.07979322542986701,0.0874134347884345,-0.0874134347884345,21.0,5.0,0.5,0.4444444444444444,0.4432749018570053,0.9517789882102994,1978-05,-0.26151866151866154
1979-08,-0.3222411160111846,0.15479772401134118,-0.21014701285600634,-0.23712584515408877,0.2819898993869378,-0.11804299183022507,-0.14252942425327672,0.36147973592509985,-0.06048179709299377,-0.08009373961501072,0.5014459544226482,-0.0612114028558168,-0.10747014582582094,0.7537078113032906,0.023733717522793237,0.06901411225294501,0.08511527085709578,0.08511527085709578,23.0,5.0,0.5,0.4722222222222222,0.4137119866261738,0.9637654122650745,1978-08,-0.2537966537966538
1979-09,-0.2783784525960002,0.17064538685930897,-0.16071026679528394,-0.18124659668086598,0.3086009257623873,-0.06558330038470714,-0.07150534908035638,0.3865137420726925,-0.011858673457542426,-0.008480854546087543,0.5290365190168085,-0.11013496974043505,-0.1781216343891348,0.7778941447515973,0.06146430921943943,0.16933562378405165,0.09713185591513426,0.09713185591513426,22.0,3.0,0.5277777777777778,0.4722222222222222,0.4232627729013053,0.8915112094832737,1978-08,-0.19588159588159587
1979-10,-0.41115542409927547,0.26338393719477793,-0.25191516037048506,-0.3496405997667391,0.42560529427889154,-0.15383715318581345,-0.2561467960228908,0.5514090575560012,-0.0777769930420822,-0.15693681174343566,0.6696452805144072,-0.006292119944946606,-0.013963141065725953,0.8358070744831425,0.011867772471126768,0.05211561874726037,0.061514824332536244,0.061514824332536244,35.0,6.0,0.5,0.4444444444444444,0.2115730919234547,0.8887804657124958,1979-10,-0.3150579150579151
1979-11,-0.4264911336814688,0.2597500857531256,-0.2707032380804015,-0.3692787725632805,0.42886672291733946,-0.16927372386656409,-0.2765360220095528,0.557982486366747,-0.09183516203361053,-0.18152893468530212,0.6742722117307827,-0.022089153896744408,-0.05327330360728311,0.8258170188522259,-0.0327099352403017,-0.1327111788754123,0.059707474089627954,0.059707474089627954,20.0,7.0,0.4722222222222222,0.4166666666666667,0.20214783790288923,0.8552098689235592,1978-08,-0.3353925353925354
1979-12,-0.4263495662684635,0.2654025799513935,-0.26543435530455456,-0.37323679410236416,0.4402512038286767,-0.15942256294324797,-0.27100032111750344,0.5490600557057042,-0.09345108912509888,-0.18152893468530212,0.6669087431882555,-0.021998707571205957,-0.05327330360728308,0.818661765840735,-0.03462830905372855,-0.13271117887541234,0.06455209182465299,0.06455209182465299,19.0,7.0,0.4722222222222222,0.4166666666666667,0.2099493235690832,0.8605464129967844,1978-08,-0.3341055341055341
1980-01,-0.36457976529795977,0.2595188530570081,-0.2033579108588035,-0.2810824497693355,0.4246278100247712,-0.1007866644414566,-0.16897184452934283,0.5260877537347122,-0.03775632932890178,-0.07307130276227086,0.6469581789390518,-0.03992571576047165,-0.10387622482654778,0.8232766161486872,-0.007988316013193041,-0.033459658298753144,0.08349731552862422,0.08349731552862422,32.0,4.0,0.5,0.4444444444444444,0.2807152290048632,0.8625867724753201,1979-10,-0.25534105534105533
1980-02,-0.0661705316144362,0.280075622715883,-0.22493712851301847,-0.35980107133492173,0.46480622954402373,-0.1202188045663958,-0.2657128591103568,0.59288052685442,-0.047617268820544026,-0.15082387427821112,0.7099098221084842,0.01872318153623556,0.025846167428880813,0.8364063588734327,-0.0022596976080600027,-0.023751880083957597,0.2936305397204856,-0.2936305397204856,35.0,1.0,0.5277777777777778,0.4722222222222222,0.5154263961869525,0.583064070614919,1980-02,-0.15675675675675677
1980-03,-0.10779103826748812,0.26598406442536265,-0.2541936882398239,-0.39884710843363796,0.42013189627318054,-0.1693478117819009,-0.35975177725628343,0.5412989676816796,-0.10265516843909157,-0.27280829710688154,0.7014862154759094,-0.014485083439765515,-0.05426738588226362,0.8389402377765649,-0.017582969427911366,-0.08810528842872664,0.29105607016615,-0.29105607016615,34.0,2.0,0.5277777777777778,0.4166666666666667,0.5163991448871758,0.5485082625080819,1980-02,-0.2072072072072072
1980-04,-0.043851620413089515,0.24738171273401346,-0.16624275961126564,-0.22245370243194265,0.3932759746961824,-0.0940621415425967,-0.14367409706242693,0.49850150562117723,-0.14612206327371619,-0.38498428754958947,0.6907397628894181,-0.05101293396701679,-0.18254879505291838,0.8691321865007072,-0.0156274126097519,-0.13041348378226397,0.17860208201885314,-0.17860208201885314,33.0,1.0,0.5277777777777778,0.4166666666666667,0.5260435671189463,0.44883143910677753,1980-02,-0.18815958815958816
1980-05,-0.14744020051853768,0.19998128860391265,-0.040413677841492364,-0.044141038141155026,0.3913739675713945,-0.142843725366113,-0.22229674341593617,0.514861741291028,-0.07675520725220575,-0.1429945365338462,0.6864677669277581,-0.0774362685791406,-0.29633573150371284,0.8773832227509026,-0.00676058936612637,-0.04359416990256542,0.16283300337537598,-0.16283300337537598,32.0,2.0,0.5,0.4444444444444444,0.4240933407183982,0.5972950234821596,1980-02,-0.2398970398970399
1980-06,-0.18830220023789476,0.17522481056712552,-0.09133353525402899,-0.10374445765196441,0.3431746835099169,-0.18427628069494095,-0.2810097426727775,0.46159781367909564,-0.11874142408103265,-0.2131526164121891,0.6344135818597145,-0.11795052686106612,-0.39729810308610225,0.8637305617022393,-0.019465042821906867,-0.12086296601576495,0.15811785398036185,-0.15811785398036185,31.0,3.0,0.5,0.3611111111111111,0.49147208254189084,0.564335394842213,1980-02,-0.2993564993564994
1980-07,-0.15632217921610791,0.166337284515639,-0.06358894861019866,-0.07123153771029157,0.3224918333352328,-0.15064529215948655,-0.22636285016181987,0.4380158250920018,-0.08624053167965319,-0.15151287671372773,0.610286128814428,-0.08785550981779632,-0.27319499532673436,0.8511789724166275,-0.005287237944264968,-0.01749326022243966,0.14102804660505547,-0.14102804660505547,30.0,2.0,0.5,0.4722222222222222,0.4129783720848663,0.6574688735792897,1980-02,-0.23552123552123552
1980-08,-0.12285697251094133,0.1572181633087398,-0.03493061555609781,-0.037628002704360224,0.2993858456256101,-0.11443979006724056,-0.16544167861008968,0.4123302160704843,-0.05127414290041584,-0.08537245517379188,0.5879983409876708,-0.0562713908263844,-0.14267544217194697,0.8420619319696002,-0.01697860439753905,-0.09442330748306949,0.11965037708145027,-0.11965037708145027,29.0,2.0,0.5277777777777778,0.4444444444444444,0.4773194772010203,0.5968552836549635,1980-02,-0.19588159588159587
1980-09,-0.12135873213331858,0.15594952011586,-0.035163075289644005,-0.03798646657260869,0.29364802873458384,-0.1112711222266747,-0.15986047799199965,0.40897774022151523,-0.047526647554215984,-0.07825555168146606,0.5926380843431516,-0.05525049724773913,-0.13893162128287784,0.8419331829317185,-0.013688589203167963,-0.06644981458646293,0.11399389471934371,-0.11399389471934371,28.0,2.0,0.5277777777777778,0.4722222222222222,0.44404333463488105,0.6208574901820595,1980-02,-0.17631917631917632
1980-10,-0.1147994800271501,0.15206683387928285,-0.031238673371943776,-0.03348490624682286,0.2848759268250551,-0.10421734107081079,-0.1493132328856639,0.4056067771279298,-0.037875674172651065,-0.06231226497095653,0.5964508437977148,-0.05038504826702049,-0.12669775541891357,0.8419262730175257,-0.00684031514291015,-0.027027362752597962,0.10868005161406544,-0.10868005161406544,27.0,2.0,0.5555555555555556,0.5,0.42262602619732026,0.6458472373612233,1980-02,-0.138996138996139
1980-11,-0.07066514392940776,0.142249959369756,0.008223708325212556,0.012080169818439386,0.261675360245227,-0.05800712117277405,-0.08033166948868277,0.37499253024456575,0.004836211237274846,0.006423735052170039,0.5634754609769974,-0.009107398680564531,-0.015721940250342105,0.8233245292660716,0.014366954422062544,0.08364872927365177,0.08977330545068837,-0.08977330545068837,26.0,1.0,0.5555555555555556,0.5277777777777778,0.44571020853151344,0.6436337646840016,1980-02,-0.09987129987129988
1980-12,-0.0718035496653849,0.14323177281278393,0.007437025381880538,0.011189200602409773,0.2634935240351314,-0.059095770630537725,-0.08184609396066238,0.3755019723632852,0.0028710240364249375,0.0033641171456786994,0.5628868481419587,-0.009945701980060269,-0.017462139022786965,0.8235223456887361,0.013011537157823432,0.07638847394293381,0.09028217526412709,-0.09028217526412709,25.0,1.0,0.5555555555555556,0.5,0.4680566250750131,0.6076746383132615,1980-02,-0.11248391248391248
1981-01,-0.052947566592344744,0.13896443464003946,0.02473451820548259,0.030926141517465932,0.2573722435647763,-0.041456269944322895,-0.057215538038282554,0.3744763809491884,0.02400575675363095,0.035695177797301414,0.5621505677590808,0.00742233308579404,0.02143918886829101,0.823740134027296,-0.004365521647835711,-0.03921585952119798,0.08702171842606064,-0.08702171842606064,24.0,1.0,0.5555555555555556,0.5,0.49200217853145095,0.5949557802387879,1980-02,-0.06357786357786357
1981-02,-0.08820207574817496,0.13481607398102577,-0.010675720698501388,-0.009703946413798223,0.24771452263711632,-0.07559828487509414,-0.1030294721785237,0.35496057680023857,-0.013926145736129759,-0.02179462089415934,0.5340132155304361,-0.027668691235953384,-0.05551135985171611,0.8068808463072848,0.011139042886813045,0.053551695265580256,0.08983480813972491,-0.08983480813972491,23.0,2.0,0.5555555555555556,0.5,0.47332705135384473,0.6448310875308516,1980-02,-0.12638352638352637
1981-03,-0.0985294729390602,0.13035611361933086,-0.024015646952015857,-0.025055582794537398,0.24015320361353962,0.03874628289197941,0.047193391503758605,0.348886520852146,-0.023407575908779725,-0.035735449309204054,0.5297964735529451,-0.040362357136643746,-0.08336766577615526,0.7997910771257817,0.0012655558735498648,0.00763290408478081,0.08794918593893095,-0.08794918593893095,22.0,2.0,0.5277777777777778,0.4444444444444444,0.5174399474571992,0.5863785356091147,1980-02,-0.16241956241956243
1981-04,-0.09876186246621196,0.1348089023342302,-0.021161787727256406,-0.021713991847402702,0.24604602912621962,-0.08519323671423659,-0.11516412866546123,0.35168458591289525,-0.024384493671159874,-0.03699912990218747,0.5323390523197464,-0.037943630960591196,-0.07619295315854042,0.7998119693726102,0.00035661130949636696,0.001328146285042437,0.08944258265064425,-0.08944258265064425,21.0,2.0,0.5277777777777778,0.4722222222222222,0.49089387173028537,0.6211505792490669,1980-02,-0.15546975546975547
1981-05,-0.11430977244618902,0.13862359576204733,-0.031557006195261056,-0.03353695055526112,0.25339342327506603,-0.10007002273212114,-0.13541478351468234,0.35090750346107474,-0.041858000172421216,-0.06306606640500856,0.5228172609665633,-0.049160000141376094,-0.09872859504115841,0.7860444750855667,-0.01623506592864044,-0.0748945437653133,0.09683979816522627,-0.09683979816522627,20.0,2.0,0.5,0.4166666666666667,0.5630921385488209,0.59272495780233,1980-02,-0.1945945945945946
1981-06,-0.10596032522937635,0.1342678532069466,-0.02683324572483295,-0.027908397034597323,0.24859586675170717,-0.0942093272013837,-0.12508785041017767,0.3470768036232795,-0.03617228605268629,-0.05345147828751958,0.5121469474121162,-0.04435112026696643,-0.08238129396488542,0.7782403912621818,-0.011309265578818069,-0.04629955263791379,0.09347725796740611,-0.09347725796740611,19.0,2.0,0.4722222222222222,0.4166666666666667,0.5639226465672625,0.5794024324541481,1980-02,-0.1680823680823681
1981-07,-0.13389067502264684,0.1312346838779211,-0.05509424115260091,-0.05990731752917628,0.24064306346853206,-0.12078564141733576,-0.15818867906129663,0.3313248130643383,-0.0663381563920135,-0.09505254223086199,0.49064849842753055,-0.07193047960719846,-0.13150906162790843,0.7540896044424753,0.011478089388223723,0.04218402002791743,0.09352418291506043,-0.09352418291506043,18.0,3.0,0.4722222222222222,0.4444444444444444,0.5102706578189734,0.6425252075448107,1980-02,-0.2030888030888031
1981-08,-0.1054271214890014,0.14729918345915355,-0.017831912597689698,-0.01749748847715511,0.26710135712120986,-0.0890753246867395,-0.11698297207033419,0.35604463060662345,-0.036182943089849456,-0.052613532169680524,0.5247730763152292,-0.03524869339911676,-0.060673948302849105,0.7682676163124988,-0.018703094995727223,-0.05227757488078042,0.09584512911558261,-0.09584512911558261,17.0,2.0,0.5,0.5,0.4756581016721979,0.6806552823452562,1980-02,-0.15984555984555984
1981-09,-0.12144634343539644,0.14960601676785526,-0.0366225389565719,-0.03904055451666635,0.2709133489955039,-0.10540152026380473,-0.1380188248716304,0.3567177620608656,-0.05675202798723229,-0.07488496984770632,0.507016933306909,-0.052510739148209036,-0.09178755071150249,0.7410177018806449,-0.04361625697085282,-0.12937689103775218,0.09446899036037472,-0.09446899036037472,16.0,2.0,0.4722222222222222,0.4444444444444444,0.48730379004934743,0.6023741330514217,1980-02,-0.1824967824967825
1981-10,-0.12470857682441804,0.14396455557483043,-0.042360078400714624,-0.04549426461368092,0.2617967157809317,-0.10976070642509027,-0.1431436485539948,0.34421444399088447,-0.06261732356614237,-0.08292802197660822,0.5017506083646268,-0.05857162193206863,-0.10281114467018415,0.7409535873693864,-0.04355267396923503,-0.12592169902499234,0.0932471989786995,-0.0932471989786995,15.0,2.0,0.4722222222222222,0.4722222222222222,0.46045257795839617,0.6417102112709141,1980-02,-0.1783783783783784
1981-11,-0.15851601746413577,0.11929689312172781,-0.09070449490689614,-0.09735685376137777,0.22322205358011218,-0.1497783163474726,-0.18262048306821413,0.3078374187628762,-0.10168069540670549,-0.13264427166520573,0.45737292610148594,-0.10019296779418928,-0.1965567557055214,0.7312045866686483,-0.01286266324200255,-0.07669893953184104,0.08248700646738405,-0.08248700646738405,14.0,3.0,0.4722222222222222,0.4166666666666667,0.478228966109632,0.6057854810899633,1980-02,-0.19253539253539254
1981-12,-0.15911900017622355,0.12035486179387589,-0.09080762866570316,-0.0974970408240329,0.22479294312700854,-0.15008490643793015,-0.18296059868669057,0.3087411785567315,-0.10243731653072928,-0.13354052180774276,0.45896495462974624,-0.10012371796764964,-0.19611832860187497,0.7315041426015138,-0.013823464754944429,-0.08079948900651952,0.08266403445261225,-0.08266403445261225,13.0,3.0,0.4722222222222222,0.3888888888888889,0.5105799788932245,0.5780583959396804,1980-02,-0.19716859716859717
1982-01,-0.20119858636536775,0.1183020332876064,-0.13062283234651917,-0.14125138701391557,0.21914900655676514,-0.19078537546770472,-0.2314763857446013,0.30169256830440877,-0.14154214652354388,-0.1834414792148287,0.45246319248428357,-0.051596520149412406,-0.08883199278049624,0.7164805362650355,-0.034245530309521044,-0.11725967265465145,0.08659385963044236,-0.08659385963044236,12.0,4.0,0.4444444444444444,0.4166666666666667,0.4612697065888542,0.6648093391247946,1980-02,-0.24015444015444015
1982-02,-0.19288134881366867,0.11679489308061998,-0.12260237567655967,-0.1323430691371749,0.21707676962506825,-0.18294497390079317,-0.22182767184774072,0.29851154898151433,-0.13394323658281337,-0.17343121792902863,0.4476596945776853,-0.04419634576141819,-0.07571798780623955,0.7078272497759938,-0.026632100851275275,-0.09023575691330529,0.08606405315646046,-0.08606405315646046,11.0,4.0,0.4722222222222222,0.4166666666666667,0.47698991448405487,0.6621759964637727,1980-02,-0.23011583011583012
1982-03,-0.15623222255809294,0.11208552338531985,-0.08628724668647123,-0.09220196662038935,0.21112528808522493,-0.14809124905037724,-0.1790213320421965,0.2904907292083395,-0.09856465813360661,-0.1348846078909056,0.43074718598341993,-0.011040112691219659,-0.018378648928676723,0.6853311649023951,-0.043111707832986186,-0.14319122084741354,0.08428470768941801,-0.08428470768941801,10.0,3.0,0.4722222222222222,0.4444444444444444,0.5116562265500689,0.6827313707167179,1980-02,-0.1799227799227799
1982-04,-0.15816935057787207,0.10949895470208394,-0.09104921723976594,-0.09732534312459291,0.20609261628741984,-0.15025872716488906,-0.18107365839639275,0.2834418575463436,-0.10284556782446024,-0.13207462637627781,0.4249002058982878,-0.01613512178410131,-0.026831878362419046,0.6805194442113158,-0.049010080582771794,-0.15997571336310262,0.08127569281816555,-0.08127569281816555,9.0,3.0,0.4722222222222222,0.4444444444444444,0.4974437947203314,0.6747513992875411,1980-02,-0.20205920205920205
1982-05,-0.15912664069705362,0.10700673011551368,-0.09327793277500583,-0.0996119107818078,0.20227913800653696,-0.15190569341654572,-0.18271744735752957,0.28148318623118473,-0.10316591572070821,-0.13239849445281462,0.42193705192538483,-0.01673485135086959,-0.02775997259177111,0.6789936477548851,-0.0504231002162279,-0.16333458827233782,0.08070304129719735,-0.08070304129719735,8.0,3.0,0.4722222222222222,0.4444444444444444,0.4990159331254982,0.6776843677202424,1980-02,-0.19124839124839124
1982-06,-0.18133068789515405,0.10988035198503378,-0.11323706727743583,-0.12168664200663806,0.20481897821975598,-0.17207119621865954,-0.2068724172660355,0.2833412693951343,-0.12341038462917278,-0.17055046122118314,0.4132296307348219,-0.042917661044464414,-0.06023910728789947,0.6732414673041442,-0.06157090779999965,-0.17159029749776827,0.08227690825869088,-0.08227690825869088,7.0,4.0,0.4722222222222222,0.4444444444444444,0.4794740647887546,0.7009079556475232,1980-02,-0.225997425997426
1982-07,-0.17682594880128627,0.1087508567002243,-0.10919435482424333,-0.11706197698637842,0.2042532431855027,-0.1685867938596009,-0.20238240712899938,0.28261538790185275,-0.11985378231896138,-0.16410079495539215,0.4113151382411903,-0.03981607481022671,-0.06464197461821213,0.6683547504331233,-0.057236607694833984,-0.15368594712547373,0.08257546795070714,-0.08257546795070714,6.0,4.0,0.4444444444444444,0.4722222222222222,0.4581591276163962,0.7356638619749345,1980-02,-0.20926640926640927
1982-08,-0.17457244703255878,0.10721567734759184,-0.10718008869267998,-0.11431000088145933,0.2053790512713685,-0.1688824575531166,-0.20166572925802678,0.2847218618428548,-0.119010095096351,-0.15872303357617767,0.4117949041984556,-0.039136029869829385,-0.06162113357249688,0.6619942035331177,-0.00471873634221444,-0.014534222131213956,0.08487122691278096,-0.08487122691278096,5.0,4.0,0.4166666666666667,0.4444444444444444,0.4965577835791312,0.7027480091702828,1980-02,-0.1758043758043758
1982-09,-0.2418677399649208,0.13402185902975888,-0.15694654953628787,-0.17696380664443304,0.21922332523794227,-0.10295975970182296,-0.11651471314544042,0.29939529716285107,-0.15375967655242004,-0.2053792030372803,0.4252924400857103,-0.0739866057565658,-0.1126829704082415,0.6660793465134133,-0.032992681208002694,-0.07133610119161395,0.07713068537632986,-0.07713068537632986,4.0,5.0,0.3888888888888889,0.4722222222222222,0.40329174506574694,0.806385819204733,1980-02,-0.22805662805662805
1982-10,-0.2924797225289376,0.14672172083054624,-0.19489558056564293,-0.21366099632354174,0.2527304748598923,-0.12438950113859469,-0.14521947988663247,0.32032626645202367,-0.07943175878450871,-0.10076457368515333,0.45384426761978724,-0.08012065344332789,-0.1208112715296965,0.683009704238773,0.017525574792587355,0.05481413368147599,0.0788187262053959,0.0788187262053959,35.0,5.0,0.3888888888888889,0.4444444444444444,0.40754989082641463,0.8378794270867725,1982-10,-0.2398970398970399
1982-11,-0.2962303353913365,0.14086662780478068,-0.20225437563246812,-0.2210670911831814,0.24181555383319664,-0.13490860071057112,-0.15748876324156766,0.31185356694042077,-0.08818433674595723,-0.1120355127541179,0.43887807424234815,-0.08969970837375822,-0.1358644790272417,0.6730422067311548,-0.04245260856670328,-0.12136584117511828,0.07516324420815496,0.07516324420815496,34.0,5.0,0.3888888888888889,0.4444444444444444,0.4056684517066351,0.8429378483001468,1982-10,-0.25765765765765763
1982-12,-0.2917651009017031,0.14463477500799268,-0.19540754526283502,-0.2139613461507852,0.2484352962526039,-0.126254297016565,-0.1473398674340802,0.3176707791922307,-0.0801287238328661,-0.1017521411835972,0.44932722898349875,-0.08147647111663425,-0.12339466115680107,0.6825123520179978,0.018990807005327324,0.05967259101153131,0.0778037547509178,0.0778037547509178,33.0,5.0,0.3888888888888889,0.4722222222222222,0.38546098916107807,0.8823481761735754,1982-10,-0.23783783783783785
1983-01,-0.3016827268344917,0.1438112616016329,-0.20625433927178669,-0.22579403592760355,0.24611866615248376,-0.1383665358878117,-0.16245706374851254,0.3170674187086952,-0.09128729480042434,-0.11669893990286702,0.44875337639389107,-0.0934204725568139,-0.14328539191633802,0.6880742359632049,0.009859951737923162,0.030827591705706835,0.07610660231673,-0.07610660231673,0.0,5.0,0.3611111111111111,0.4444444444444444,0.39581077269618126,0.8445933901173058,1980-02,-0.25842985842985844
1983-02,-0.37364170773903943,0.1499269125463064,-0.2722266718659574,-0.30098783084465475,0.2534424779345923,-0.2022056556322445,-0.2456489312508585,0.33118732043624943,-0.14961672508371826,-0.19840494506718526,0.46493575921314817,-0.05914529146209619,-0.08594714710729832,0.7094832098086148,-0.013035686920354905,-0.0681385985941351,0.07265387689438463,0.07265387689438463,31.0,7.0,0.3611111111111111,0.4722222222222222,0.3116936546298086,0.9671711526091119,1982-10,-0.3142857142857143
1983-03,-0.3686978733581667,0.1485529461169597,-0.2646277369427551,-0.2931526142121234,0.2513450236474018,-0.1926157990401963,-0.2367687218212148,0.33918241906549756,-0.1310805016093495,-0.17889087792723624,0.47884373953893755,-0.033239475540543344,-0.06180170899970133,0.7291506330227215,0.01040356928112734,0.03269290633275557,0.07554525914604332,0.07554525914604332,30.0,6.0,0.3611111111111111,0.4166666666666667,0.387171573870242,0.8910475797899747,1982-10,-0.3016731016731017
1983-04,-0.426578371373954,0.15673697485532997,-0.3169417960290476,-0.35445807878682467,0.26861188085432086,-0.2386859692078143,-0.2981657310057449,0.35987964272115597,-0.17484471630810663,-0.24260680324274067,0.5026018424808129,-0.07501139221987987,-0.12126922666821895,0.7445643825774766,-0.01914674629233945,-0.04902436406488659,0.07212029258712938,0.07212029258712938,29.0,7.0,0.3333333333333333,0.3888888888888889,0.34114455058005716,0.8957393957367813,1982-10,-0.33487773487773487
1983-05,-0.4040276279844507,0.17265415018122302,-0.2842969992131475,-0.32194380141630446,0.29891244653878984,-0.19674054491061405,-0.2469421837232932,0.39266221788872857,-0.131727806675754,-0.18474192020236221,0.5335640863171935,-0.03401646128217968,-0.06786523650262631,0.76015138789695,0.0012274759462588998,-0.0013002543795463631,0.08208382656814611,0.08208382656814611,28.0,6.0,0.3333333333333333,0.4166666666666667,0.3376838163811016,0.9145821059605855,1982-10,-0.28314028314028317
1983-06,-0.38718874352950433,0.18543509606512185,-0.25998187042943965,-0.2961888471882542,0.3224130097457295,-0.1660162056074933,-0.2095131484414715,0.41473867764784667,-0.10268159543974567,-0.14494243869671558,0.5511372444888794,-0.009113357542187167,-0.02015649096527288,0.7852653924796505,0.024732602861792127,0.08672221424428721,0.09099989634125011,0.09099989634125011,27.0,6.0,0.3611111111111111,0.4166666666666667,0.34860304851367,0.8943167500589378,1982-10,-0.23294723294723294
1983-07,-0.41369488224737266,0.1925824260011504,-0.2831188643471459,-0.3238099427119903,0.3343043537849223,-0.1870276198685978,-0.2408637233571219,0.4266156323307983,-0.12443811255951905,-0.1792067946903586,0.5632844065602705,-0.03177304087700215,-0.0676565060970561,0.8036509356462593,0.002401243834235548,-0.0013851654629371813,0.08988493953538224,0.08988493953538224,26.0,6.0,0.3611111111111111,0.3888888888888889,0.33041471455749166,0.8684148582937694,1982-10,-0.28262548262548265
1983-08,-0.4591977306116249,0.19670853690652723,-0.32548869735463715,-0.37422032562127955,0.3395378542250087,-0.22840307900913262,-0.3002832757554546,0.43115316376835255,-0.16612924655009148,-0.24337015499994602,0.5688418708357236,-0.07253786408187156,-0.14997386592139797,0.8138929216042606,-0.036970887079547154,-0.15482857548408818,0.08497740499034528,0.08497740499034528,25.0,8.0,0.3333333333333333,0.3611111111111111,0.2968726857341568,0.8665767602587351,1982-10,-0.3572715572715573
1983-09,-0.473294615229481,0.19490688687087404,-0.34101664137825843,-0.39159099482469745,0.3348974534152483,-0.24600887229392362,-0.3238789538510971,0.4289467119977832,-0.1821802125311244,-0.26740762774364935,0.5723473655685494,-0.08485811064024129,-0.17477426175718128,0.8198520255486432,-0.047863171561516184,-0.19603931685516945,0.08170362040478352,0.08170362040478352,24.0,8.0,0.3055555555555556,0.3611111111111111,0.27647043442842983,0.8764968339391923,1982-10,-0.36293436293436293
1983-10,-0.481319101657804,0.1975236665761737,-0.3479059285090714,-0.399863158334302,0.33803843571136777,-0.2529982065659981,-0.335128211673324,0.43296262163323934,-0.18888367754821428,-0.2790174456858987,0.5792543552583669,-0.09007402741026128,-0.18642660017494236,0.831177934941577,-0.05214945147757817,-0.21299190935503556,0.08145594332350192,0.08145594332350192,23.0,8.0,0.2777777777777778,0.3611111111111111,0.261301517418838,0.8801342732377406,1982-10,-0.3528957528957529
1983-11,-0.5487505067489081,0.2110879776904712,-0.4089045692182626,-0.4741306366670308,0.35805611561281886,-0.3115380717997234,-0.42410724423564616,0.4587071067356258,-0.24485671755605629,-0.3722649259315408,0.6174418294913525,-0.13969484919521424,-0.29614538862391093,0.8565988126535743,-0.03344662781533998,-0.15000045106422039,0.07461987008187726,0.07461987008187726,22.0,10.0,0.25,0.4166666666666667,0.13270858393559112,1.0093760235831264,1982-10,-0.46383526383526386
1983-12,-0.5480142616561908,0.21080821476539588,-0.4082075918917457,-0.4732942709973631,0.3576913380270135,-0.3107956369987142,-0.4231683179525445,0.45924664159636575,-0.24344480437224755,-0.3706272904670733,0.6192971499479369,-0.13730032327770578,-0.2935460592296158,0.8597061320606288,-0.03064480867900658,-0.1415773979146961,0.07471999065882784,0.07471999065882784,21.0,10.0,0.25,0.4166666666666667,0.13437595508334407,1.0093399278198494,1982-10,-0.4592020592020592
1984-01,-0.5536624998158715,0.2105112306471386,-0.41396177176406185,-0.4801069844494581,0.3577546929637123,-0.3162471803702457,-0.43052959523840256,0.45991708636833395,-0.2484495588644164,-0.378327940318157,0.6202918823329695,-0.14202067291592918,-0.3047979871376049,0.8615495327592549,-0.03574286866063667,-0.1675462381664894,0.07355551536641364,0.07355551536641364,20.0,10.0,0.25,0.3888888888888889,0.13745438771388677,0.968297678252269,1982-10,-0.47953667953667956
1984-02,-0.532888430042235,0.21660312088594855,-0.3939676478294033,-0.4566087514082241,0.36639941919326385,-0.2978941524507461,-0.40175158407503003,0.4721391323683566,-0.23007683012795732,-0.34711377820241524,0.6400742140931603,-0.12236982748292305,-0.2540155323094491,0.8605641283525594,-0.03257106950106591,-0.1675462381664894,0.0762796786340108,0.0762796786340108,19.0,10.0,0.25,0.3888888888888889,0.13559064318630906,0.9340620025493886,1982-10,-0.4540540540540541
1984-03,-0.5338642824664696,0.2222704442956856,-0.3918599200405829,-0.45540668740223883,0.37713405425196683,-0.29292050295120176,-0.39902134670060013,0.4794594251283511,-0.2275467682770439,-0.3459307168857991,0.6406713189199081,-0.12455155329971832,-0.261291548043807,0.8594214754613567,-0.03635134043132788,-0.154204985010727,0.07845759506423072,0.07845759506423072,18.0,10.0,0.2777777777777778,0.3888888888888889,0.1312708896274526,0.9328655609595805,1982-10,-0.4682110682110682
1984-04,-0.5436356892182617,0.2221340972499275,-0.40054928533421413,-0.46623089585713234,0.3759998581114963,-0.30143753853293875,-0.41212905176626485,0.47889262332008825,-0.23515975434018407,-0.3592209610032286,0.6420163200206046,-0.13008456130087426,-0.27403465407581495,0.8612510028825586,-0.039964012408162726,-0.20273827786509763,0.07740479336112954,0.07740479336112954,17.0,10.0,0.2777777777777778,0.3611111111111111,0.13530000028204434,0.9037456141872061,1982-10,-0.4962676962676963
1984-05,-0.5338373182154127,0.22306969681624905,-0.39242298969200373,-0.4556102939800972,0.37892393625604465,-0.2936196877084963,-0.4001495063128822,0.481536641612185,-0.22856868780570722,-0.3474888667380681,0.6427127299728861,-0.12639161653666206,-0.2666152430439508,0.8623339231399789,-0.039007676782650894,-0.16445071461202926,0.07822702423531547,0.07822702423531547,16.0,11.0,0.2777777777777778,0.3333333333333333,0.14599304689515977,0.8515092791783899,1982-10,-0.5052767052767053
1984-06,-0.5442501330393735,0.22765725544215,-0.3981582607646795,-0.46532587615461235,0.38871465119127974,-0.2948047504933774,-0.40505393341980694,0.4870956560647267,-0.23167183970468566,-0.3542250078634662,0.6456289181353153,-0.12993811270913946,-0.27431580214198276,0.8596660891013737,-0.0457951744320475,-0.19480908959942853,0.0789242568847609,0.0789242568847609,15.0,11.0,0.2777777777777778,0.2777777777777778,0.1705696406301734,0.7982481177953772,1982-10,-0.5153153153153153
1984-07,-0.5263654141462296,0.2317387682187298,-0.3788706317232871,-0.4434012710427229,0.3926435627224794,-0.276459551183934,-0.3793038261333395,0.4990706090660908,-0.20872192504124587,-0.3214934692960037,0.6673641704612691,-0.10160811576383162,-0.2179761841439076,0.8685902819276885,-0.026284436599632244,-0.15530044742679927,0.08296414310350675,0.08296414310350675,14.0,10.0,0.3055555555555556,0.3611111111111111,0.14821776176879448,0.884766104265755,1982-10,-0.45791505791505793
1984-08,-0.5575632864682556,0.1982181578224018,-0.4253944681224156,-0.4910695085799111,0.3333001420479958,-0.33532387907524797,-0.4430785197044031,0.4375205423315154,-0.2658313194413067,-0.39227436597824117,0.6142910056779077,-0.1479634938313421,-0.27137335645019517,0.8528208244266666,-0.0385521842718524,-0.20381478168030137,0.06649377788834476,0.06649377788834476,13.0,11.0,0.2777777777777778,0.3611111111111111,0.14702871349675586,0.9315690566020336,1982-10,-0.5083655083655083
1984-09,-0.5533710295254564,0.20392930703909512,-0.4149079985373023,-0.4812618036425489,0.3425772250222008,-0.3207694402159255,-0.4340133546084909,0.4621213184010503,-0.23960191335921346,-0.3699749543444196,0.6533512078615169,-0.10976147750096905,-0.22320997590580555,0.854441310691036,-0.029670421575386692,-0.14346242334610357,0.07210922588290763,0.07210922588290763,12.0,10.0,0.2777777777777778,0.3333333333333333,0.1831733847441452,0.8985861104300299,1982-10,-0.48442728442728444
1984-10,-0.5424957967912993,0.20352257027149362,-0.4043679832994066,-0.46851150185945345,0.3409659161466904,-0.31108717999869284,-0.4202121216148211,0.459313420458019,-0.23076644711417985,-0.35543982290295156,0.6490325714878067,-0.1020068138493025,-0.2061605179245761,0.8490063212979747,-0.020976806261232536,-0.09808579025881772,0.07398429493184605,0.07398429493184605,11.0,9.0,0.3055555555555556,0.3611111111111111,0.18333226715658119,0.929159667857871,1982-10,-0.43886743886743884
1984-11,-0.578650701204575,0.2214772364134132,-0.41478618058569744,-0.500849140566467,0.3746766142075539,-0.3014384478440458,-0.4285248873916698,0.49440293161894056,-0.21285645212391013,-0.35300712148453983,0.6953733117673706,-0.06416435385271453,-0.1377786692289019,0.8601746171446178,-0.008578012220796946,-0.03355418877013164,0.07780156063810784,0.07780156063810784,10.0,8.0,0.3055555555555556,0.3888888888888889,0.20152501361784392,1.0488238514913608,1982-10,-0.42857142857142855
1984-12,-0.5805145579990109,0.22286055129675683,-0.415995308989936,-0.502672575284088,0.37537516721429265,-0.30340656267453703,-0.43176998586598614,0.49640235101611263,-0.21406234597534562,-0.3561702718176579,0.6983752024290856,-0.06496273349867425,-0.1407368816883072,0.8634333737325246,-0.007534912673295935,-0.029532862860554652,0.07784198271492282,0.07784198271492282,9.0,8.0,0.3055555555555556,0.3888888888888889,0.19712693864572342,1.0489903032275227,1982-10,-0.43397683397683395
1985-01,-0.5349153251617077,0.23689165435473575,-0.36509771965294074,-0.44553845246782986,0.3971135140348492,-0.25024144649654284,-0.35626018792247677,0.5228987995056565,-0.16007129658107716,-0.26751982486007625,0.677497653137275,-0.04924591858440002,-0.08915634656469605,0.8443521845764211,-0.0005033045708743649,0.0005836703231356609,0.08937687269387767,0.08937687269387767,8.0,7.0,0.3055555555555556,0.4166666666666667,0.21226609914587782,1.043144184183235,1982-10,-0.37194337194337196
1985-02,-0.5200973333862896,0.22378463723711392,-0.3555039148808295,-0.4324215606832594,0.3775495842465368,-0.24240992153500532,-0.3401447036639968,0.5017192661208582,-0.1510832216026271,-0.24910875425119633,0.6519059322186532,-0.04062105095423679,-0.0688517784916174,0.8221467095928922,-0.019679176495753736,-0.07249270157537176,0.0876757727030304,0.0876757727030304,7.0,7.0,0.3055555555555556,0.4444444444444444,0.23559577618997934,1.0986469543779902,1982-10,-0.3853281853281853
1985-03,-0.587675797746113,0.2307422632534299,-0.4177862079336731,-0.513983882495251,0.39301138742055464,-0.29831162813509376,-0.4318796982413376,0.5166222338480766,-0.2073001432868448,-0.3531649302035099,0.6718701150129567,-0.09299512400486094,-0.1888409342693855,0.811374609839166,-0.019898624339248373,-0.06681110329712744,0.07369191525086194,0.07369191525086194,6.0,10.0,0.2777777777777778,0.3888888888888889,0.18574808152710193,1.0531420937496991,1982-10,-0.4754182754182754
1985-04,-0.5909847956045903,0.23586398745647164,-0.4187043394287638,-0.513782741343137,0.39926334394561935,-0.2993537086760211,-0.43602925511980434,0.5244233764226833,-0.20793395561130543,-0.35707876490055335,0.68095970932541,-0.09359623440429111,-0.19451157578958214,0.820433474027854,-0.020246543728028144,-0.08011086742864058,0.07720205426145332,0.07720205426145332,5.0,10.0,0.25,0.4166666666666667,0.1626777808058741,1.1011730742023222,1982-10,-0.49266409266409267
1985-05,-0.5946259947631529,0.22988972976836905,-0.4274751128778341,-0.5202672056717346,0.38838734283786697,-0.31223283638301935,-0.4500294328019811,0.5148411344948027,-0.22028935193725424,-0.37394011734214944,0.6689695337222836,-0.10822389394396441,-0.22515352362215613,0.8119939757145258,-0.03320152948598109,-0.12971479455378238,0.07435878909141802,0.07435878909141802,4.0,11.0,0.25,0.3611111111111111,0.17831902801882438,1.0056546600415246,1982-10,-0.5132561132561133
1985-06,-0.5459886642420922,0.24285738574299423,-0.375902464943712,-0.45674899311016975,0.40651851798635924,-0.26128169740567325,-0.37723866427325276,0.5080451711321431,-0.1901770756202538,-0.2925579333244669,0.6300858188362516,-0.1047053908106712,-0.21762164310735166,0.7893725638792607,-0.06204574971550169,-0.21690498273676465,0.08923967113192233,0.08923967113192233,3.0,10.0,0.25,0.3611111111111111,0.20779981062659544,0.9483043820269116,1982-10,-0.49163449163449163
1985-07,-0.554422348623411,0.2444927051198956,-0.38337336740959266,-0.46716751155276637,0.41170595253830633,-0.26638969052505146,-0.38629361378251426,0.5155616029102162,-0.1937314769366243,-0.29959144019330264,0.6369018776934813,-0.10884088532693095,-0.21704500988196546,0.7953174811795194,-0.034223285671967064,-0.12222596479546052,0.08725483707064446,0.08725483707064446,2.0,11.0,0.2777777777777778,0.3611111111111111,0.19544183082290698,0.9541533044572684,1982-10,-0.510939510939511
1985-08,-0.5972137554337982,0.2558941483024127,-0.41583689058321816,-0.5186006041995173,0.43405017929074763,-0.2895605276055881,-0.43298924000912636,0.5456699594259788,-0.2104448232780562,-0.3385995472184973,0.6615722899897328,-0.12829366239380766,-0.26769090487464203,0.804540449442452,-0.05751510821117368,-0.21392575466818142,0.0786131512342807,0.0786131512342807,1.0,99.0,0.2777777777777778,0.3055555555555556,0.17751792912979603,0.9142071464244279,1982-10,-0.5351351351351351
1985-09,-0.5581319568702074,0.3361597648709634,-0.32899296096589153,-0.42929381663285776,0.4855864022477348,-0.22713820847040858,-0.3345587108704015,0.55498356795256,-0.17983451977847673,-0.2904769341411198,0.655328920990328,-0.11143539578585897,-0.2435026265184932,0.7827933332243024,-0.06011807871146705,-0.17509529899580942,0.12883814023734985,0.12883814023734985,0.0,99.0,0.2777777777777778,0.3333333333333333,0.18011179131505572,0.9039983327599136,1982-10,-0.49395109395109393
1985-10,-0.429130389610987,0.2523615609872074,-0.28152588195689127,-0.3354849366428641,0.34728958055629355,-0.22600314887400466,-0.29109747329667046,0.41343717135660096,-0.18731388679150035,-0.2708582037941684,0.5320163940597884,-0.11795773081972537,-0.2048697961501866,0.7125055832072815,-0.08864442959893551,-0.21805608125911824,0.09364545296812299,0.09364545296812299,21.0,12.0,0.2777777777777778,0.3055555555555556,0.24780413501073253,0.709816364860104,1984-08,-0.4512226512226512
1985-11,-0.44653898812769954,0.23473039178806687,-0.3061234210501135,-0.3608790818625271,0.3417251716143738,-0.24211921363066274,-0.3043184561100619,0.432807013372018,-0.1876341153719858,-0.25793460078620956,0.5579752791644075,-0.11275854051576946,-0.20486979615018658,0.726291275913286,-0.08644952181903705,-0.2180560812591183,0.08565990626517239,0.08565990626517239,20.0,12.0,0.2777777777777778,0.3055555555555556,0.24127784358531654,0.7313168345563186,1984-08,-0.4563706563706564
1985-12,-0.4752830523473017,0.20557781728745833,-0.347034433815666,-0.4035962215198778,0.2976496632774993,-0.2895959065967049,-0.3581791504822475,0.3852832955299689,-0.2349261352099733,-0.3161211924698401,0.5298912138906648,-0.14471326106235857,-0.23603684409600156,0.7136008137418598,-0.06914414390147344,-0.1660118462547989,0.07168683082742405,0.07168683082742405,19.0,99.0,0.2777777777777778,0.3611111111111111,0.19998674680745188,0.8362928061153232,1984-08,-0.48983268983268985
1986-01,-0.47619900990223707,0.20976906704312068,-0.34514996378815105,-0.4036373902989275,0.30434082335156637,-0.2860681428683489,-0.35705233144211623,0.3906735405876324,-0.23213349749044926,-0.3152270576997779,0.5352172371655222,-0.14183270230961115,-0.23434757657599312,0.7233735575590852,-0.06445067745770454,-0.1566196022088174,0.0725616196033097,0.0725616196033097,18.0,99.0,0.2777777777777778,0.3611111111111111,0.1999456717905695,0.8376634382545957,1984-08,-0.49472329472329474
1986-02,-0.5125023141887882,0.18512906745254387,-0.39261434681533214,-0.4531042529007578,0.2705052474801598,-0.33732547820886694,-0.4178443672047852,0.35211464733368314,-0.2844759435483276,-0.3784381234444385,0.499020114423717,-0.1893412459677489,-0.27072915204145964,0.7172263190287479,-0.09045171311237386,-0.2392244719554447,0.059398061288030435,0.059398061288030435,17.0,99.0,0.25,0.3611111111111111,0.18185051356938522,0.8826798988265041,1984-08,-0.5482625482625483
1986-03,-0.5530063765421216,0.1540197985482802,-0.44873765465821164,-0.5107125423305219,0.293009027618019,-0.35464436660480075,-0.44699142902759326,0.3711814464257977,-0.3017230001799138,-0.4117800203068757,0.498683625777886,-0.21540624477727702,-0.31885754102923275,0.7356562527571325,-0.09692209426123277,-0.2537915703924766,0.04429064777246716,0.04429064777246716,35.0,99.0,0.25,0.3333333333333333,0.1807986422723693,0.8968669535934454,1986-03,-0.5783783783783784
1986-04,-0.5593083456634419,0.14993168986353284,-0.4569809970598464,-0.5208870462837137,0.2865374994893369,-0.3637484701965847,-0.45839927312212037,0.36429484215527747,-0.3106796178631715,-0.4238291793030676,0.48897105524891366,-0.2255889587008507,-0.3801151025315682,0.724369730363943,-0.10913862677767214,-0.29564685019444825,0.04401337405946437,0.04401337405946437,34.0,99.0,0.25,0.3055555555555556,0.1959757964719035,0.8692610343764562,1986-03,-0.5961389961389961
1986-05,-0.570481722359483,0.15422794693024183,-0.46536482843541815,-0.5339395389299475,0.29503199756460174,-0.36939723793571977,-0.47013736281931495,0.3684845080844273,-0.3193343283888459,-0.43826602401951154,0.49806306061203864,-0.23101768259286967,-0.3513544193586269,0.7248676977301153,-0.11890808732697562,-0.33344141067062993,0.04492186587741387,0.04492186587741387,33.0,99.0,0.2777777777777778,0.25,0.2160018593156704,0.81151396357122,1986-03,-0.609009009009009
1986-06,-0.5789135776123747,0.14967105916519416,-0.4742142140712892,-0.543050914621682,0.2867400147422084,-0.3783303973187449,-0.48105768769617846,0.36189523595795425,-0.32575708172943474,-0.44809161554580806,0.4862265139293958,-0.2387836498284003,-0.36393123394390425,0.7167566658172032,-0.12268169491762515,-0.34820013088710267,0.04567316238074659,-0.04567316238074659,19.0,99.0,0.2777777777777778,0.25,0.2345315105003228,0.8286206967013341,1985-02,-0.6172458172458173
1986-07,-0.5389803741369487,0.1397913926228968,-0.4382003898427592,-0.4998686315774134,0.27089316229135874,-0.34368502634130177,-0.433089244402949,0.34663658894066923,-0.2890792226156202,-0.39596122633991354,0.4686445020008213,-0.20111990458279466,-0.33862843209640225,0.7064150082481413,-0.1429466046631684,-0.39223234852425115,0.04983680703136961,-0.04983680703136961,35.0,12.0,0.2777777777777778,0.25,0.35379338185348796,0.8166093900546146,1986-07,-0.5711711711711712
1986-08,-0.5115288497038747,0.1431602379220614,-0.40986073148584956,-0.4681158242434545,0.2774843099084509,-0.3144677939742931,-0.39621803616661355,0.3505093037214026,-0.26260762797004517,-0.3789635620314585,0.46909238584478047,-0.1783934705547656,-0.3212030167481755,0.6986503688273821,-0.13710387259273626,-0.3667192078958087,0.05188025716142741,-0.05188025716142741,34.0,11.0,0.2777777777777778,0.3055555555555556,0.3160201457762073,0.8551892537269559,1986-07,-0.5402831402831403
1986-09,-0.5299678678767942,0.14387602120556184,-0.42712866615476314,-0.48839482022326125,0.2794352654505513,-0.33023410132468123,-0.4179075218715916,0.34476448094750567,-0.28353831202957375,-0.40579479325516593,0.4621937269726489,-0.1996026442313119,-0.31620382850873247,0.7033966980290188,-0.14303273471929023,-0.3870863310979736,0.05040474548687368,-0.05040474548687368,16.0,12.0,0.2777777777777778,0.2222222222222222,0.40426892611315923,0.7779652423068953,1985-02,-0.5572715572715573
1986-10,-0.5315223010445856,0.14440547785806646,-0.4282783335432156,-0.4898243376345837,0.28046153501342796,-0.33100385786772085,-0.419218533223555,0.34477719316455446,-0.28502081194400136,-0.40763641580824206,0.46310855020763786,-0.2004187666326941,-0.3173835821180642,0.7024402538626192,-0.14444408017011615,-0.388963697243367,0.05020823743531533,-0.05020823743531533,15.0,12.0,0.3055555555555556,0.2222222222222222,0.401267346593284,0.779050689618099,1985-02,-0.5441441441441441
1986-11,-0.5228114060715326,0.1412579018907961,-0.42202566896231103,-0.48081100066875554,0.2737579194905281,-0.32748857219092015,-0.4117373537952381,0.342313582495008,-0.27857496851684416,-0.3975818304747028,0.4574596335744332,-0.19641970868417563,-0.3245806766548199,0.7037349638871762,-0.13841695915777896,-0.3695530877927312,0.050791294941253895,-0.050791294941253895,31.0,12.0,0.3055555555555556,0.2777777777777778,0.33368303843033403,0.832124215261807,1986-07,-0.54002574002574
1986-12,-0.517678259198607,0.13987716932095176,-0.41793257875393774,-0.47565654468941865,0.27122198768411765,-0.32427127330919636,-0.4067228047505956,0.3429936379837631,-0.27309128353296147,-0.390200052616568,0.4602895242294132,-0.18944819836237517,-0.33388371559573565,0.707669987052628,-0.1327893145407384,-0.3584898250381811,0.05100807516639361,-0.05100807516639361,30.0,11.0,0.3055555555555556,0.3055555555555556,0.3108899326583718,0.8615411332477335,1986-07,-0.5361647361647361
1987-01,-0.4847523044843464,0.13499327897352884,-0.3900785269481742,-0.4382510859823688,0.2598871000379691,-0.30248772301329124,-0.3715913157549263,0.3305918897879833,-0.2529008873838871,-0.35135651457731953,0.4508927370209013,-0.16853123776173307,-0.28719998754011433,0.689096811019225,-0.1170912801540584,-0.2767776703485371,0.05042794792737276,-0.05042794792737276,29.0,11.0,0.3055555555555556,0.3333333333333333,0.3158310343348046,0.8648459612070741,1986-07,-0.49935649935649934
1987-02,-0.4173726046690754,0.13086507490951615,-0.3228658991496301,-0.36208213497201036,0.2483128677040864,-0.23804873937480206,-0.28864684166995785,0.32075523741419265,-0.18573310278453908,-0.2614054212584164,0.4371890917656538,-0.10164817796180964,-0.16280209883471078,0.6696679283254364,-0.07421662515654895,-0.15452753001216366,0.055557385884431654,-0.055557385884431654,28.0,8.0,0.3333333333333333,0.3888888888888889,0.38099554418764897,0.906453581002033,1986-07,-0.4018018018018018
1987-03,-0.39702963892180565,0.12768791358785755,-0.3033145290084182,-0.33885238877803875,0.24207817820689564,-0.21935907918881956,-0.26429730530939016,0.3204762207035391,-0.16181971651051807,-0.2307175583810596,0.44042157410560395,-0.1481712750672698,-0.2450297524800581,0.6732134400907528,-0.048876958063896275,-0.1015885460636763,0.058177250143766734,0.058177250143766734,4.0,7.0,0.3055555555555556,0.3888888888888889,0.42113641062552076,0.8996339595918404,1984-08,-0.3709137709137709
1987-04,-0.4172179591370894,0.12369597390790409,-0.3274181938493206,-0.3650262869569625,0.23394915477458128,-0.24737751466416807,-0.29710210422343014,0.32301629703981466,-0.18271729802506215,-0.2530706556111592,0.4570698142943561,-0.08539825032169561,-0.15175923675443764,0.6862833466052107,-0.05421602857549809,-0.1313969932331912,0.05440151592113601,-0.05440151592113601,26.0,8.0,0.2777777777777778,0.4166666666666667,0.36021259228980507,0.9526579740069145,1986-07,-0.3799227799227799
1987-05,-0.4124058859874578,0.12508004901274847,-0.3206531380526764,-0.3578512199726024,0.2368411127310664,-0.23867056138111853,-0.2874226394150235,0.3288989959645777,-0.1711412965431026,-0.24051916496866782,0.44335627474639355,-0.15967277359755339,-0.2584407416492504,0.6740688072786601,-0.05794840440033627,-0.13139699323319118,0.05542588578715274,-0.05542588578715274,25.0,8.0,0.3055555555555556,0.4166666666666667,0.37467072584801375,0.9549650903467255,1986-07,-0.38223938223938225
1987-06,-0.39710923420900995,0.12317757299916314,-0.307143407098419,-0.3419571637742511,0.2319522745231964,-0.22769707808701853,-0.2724650804128792,0.3335807780716084,-0.15347015384159088,-0.21617116318945917,0.45952081412677426,-0.06148669261429731,-0.1074183776452953,0.6960766424003813,-0.03296441066659414,-0.09249738429881425,0.057766779437132876,-0.057766779437132876,24.0,7.0,0.3055555555555556,0.3611111111111111,0.44862707143896174,0.8578684837400806,1986-07,-0.3523809523809524
1987-07,-0.40333965401774363,0.12317813283336858,-0.3124227850469534,-0.34805900202721957,0.2300458084265506,-0.23354454395312355,-0.279973134839458,0.33477269327686804,-0.15624640467595455,-0.22013026900818053,0.46389956027034307,-0.0609388190110893,-0.10598944888291811,0.7016547074012778,-0.031864073617244366,-0.08780054765569768,0.06197188099460965,-0.06197188099460965,23.0,7.0,0.3055555555555556,0.3611111111111111,0.4506289727905624,0.868481066821667,1986-07,-0.3534105534105534
1987-08,-0.27923378667721205,0.12226086270023338,-0.19071922119919457,-0.20932815714860417,0.2299682550341107,-0.11274109458823861,-0.14164848167590893,0.30193394997039896,-0.060639284770100006,-0.07993940401619767,0.431834640524907,-0.15468494194756024,-0.2381200676089001,0.6930542306491071,0.0344331290649165,0.078792506177219,0.06990562952860796,0.06990562952860796,18.0,5.0,0.3333333333333333,0.4166666666666667,0.5188719763629553,0.836012484721274,1986-03,-0.2283140283140283
1987-09,-0.35475733209500276,0.13307079811611305,-0.25643874068749056,-0.282226773313589,0.2476988935941971,-0.1717464337149483,-0.21276970898212402,0.3365761894576773,-0.10607995646288175,-0.1448302251638863,0.4527931196940954,-0.10611095136888672,-0.16249571063595236,0.7051997497654047,-0.00298335055083671,-0.007643687361965854,0.0725305587814139,0.0725305587814139,35.0,6.0,0.3333333333333333,0.3888888888888889,0.4801086227375156,0.8699103337113779,1987-09,-0.29343629343629346
1987-10,-0.3414456382798625,0.11975102694573193,-0.26861454937562207,-0.293275815516705,0.23682599546712252,-0.19741100600470268,-0.23687448302964428,0.3144762605979335,-0.15018507811564333,-0.24193337322730402,0.4468698563068801,-0.06966493573891001,-0.1270533261977854,0.7077922767605767,-0.043102200352808595,-0.12220704705131889,0.05056488401702852,-0.05056488401702852,33.0,7.0,0.3055555555555556,0.3611111111111111,0.35907570902844826,0.7225470242245658,1987-08,-0.33178893178893176
1987-11,-0.1529106816108818,0.2083193931259849,-0.28693109964875413,-0.35695129103184353,0.31108510267916417,-0.22081769970261295,-0.3091502618133555,0.3967763439140511,-0.165689006208684,-0.25333933771059997,0.5081768852866548,-0.09402046445476059,-0.20252423834022104,0.7321695175511844,-0.013698308834489557,-0.050330712185661236,0.20404060942096178,-0.20404060942096178,35.0,3.0,0.3333333333333333,0.3055555555555556,0.780230138621565,0.5573762152487232,1987-11,-0.25328185328185326
1987-12,-0.16127048842269526,0.20753723481595057,-0.2955685171708282,-0.367176676888178,0.31012877264478095,-0.22918119487239835,-0.3203649077914951,0.3938370469360361,-0.1750132946534658,-0.2666696366686512,0.5012411656020237,-0.1055117354317464,-0.2273843909350689,0.7246137569004587,-0.07009135907394176,-0.2565684014238101,0.20590618846548292,-0.20590618846548292,34.0,4.0,0.3055555555555556,0.3333333333333333,0.7085061781104444,0.5894392180049861,1987-11,-0.2736164736164736
1988-01,-0.16957198701395793,0.2020885400732605,-0.30203260220134376,-0.3748176738063991,0.3026346137701383,-0.23612884154407676,-0.3288090369968845,0.3853899137401695,-0.18188619156465122,-0.2758947669062708,0.4929249162175213,-0.11140147938273659,-0.23940102077652237,0.7116521521897827,-0.03159222665612424,-0.10664250181773406,0.20524568679244115,-0.20524568679244115,33.0,4.0,0.3055555555555556,0.3055555555555556,0.7730009860256374,0.5775212156708216,1987-11,-0.2803088803088803
1988-02,-0.19741014709046673,0.19523676718657507,-0.32588866117512866,-0.40402077864374114,0.29514608911500395,-0.26014181743486153,-0.3597700372155933,0.37836506591699964,-0.20537830830059658,-0.3092709246640478,0.4932246985035101,-0.19715233746834593,-0.4210730145011213,0.7092777800579698,-0.054975332176086765,-0.18002354082008779,0.20661063155327442,-0.20661063155327442,32.0,4.0,0.2777777777777778,0.2777777777777778,0.8061462694378454,0.5758006862517228,1987-11,-0.32921492921492923
1988-03,-0.1780218552558144,0.19671874122745564,-0.30786307262620055,-0.3832845230750025,0.2947782238775662,-0.2431404004366755,-0.3381925579733739,0.38134895358050425,-0.18600070513801875,-0.28292537551672303,0.49928617936318165,-0.10815803049827422,-0.23599780187062125,0.7164887185601054,-0.03248788300177893,-0.1083322161023584,0.2052626678191881,-0.2052626678191881,31.0,4.0,0.3055555555555556,0.3055555555555556,0.7668387947187665,0.5866396670343975,1987-11,-0.27927927927927926
1988-04,-0.19549145983265448,0.20034024897664246,-0.32839631364557653,-0.408152305349093,0.30053478096528313,-0.261927694909074,-0.3647266490400558,0.38234786246738234,-0.20765325084422273,-0.3147493876117665,0.48874079069010357,-0.20116137462886802,-0.43216428013607056,0.7063341475909289,-0.056810883715088425,-0.19137751162659988,0.21266084551643855,-0.21266084551643855,30.0,4.0,0.3055555555555556,0.2777777777777778,0.81883236879823,0.5780971070048156,1987-11,-0.31145431145431146
1988-05,-0.2089646205165903,0.20463824220316995,-0.3464120694186384,-0.4289326046003425,0.30957117650410054,-0.27593274957015257,-0.38571462600077144,0.38504907721247,-0.2252372158851649,-0.34131032786748017,0.4851815016234121,-0.15798220949199537,-0.35577251624573786,0.7043280849942282,-0.07208124903160569,-0.24012374084700952,0.21996798408375226,-0.21996798408375226,29.0,5.0,0.3055555555555556,0.3055555555555556,0.736107273990143,0.6164376692788892,1987-11,-0.3544401544401544
1988-06,-0.21128792651386402,0.21309389910843118,-0.35640860772050903,-0.44234765713186436,0.3187062651146704,-0.2844847348982648,-0.40311572654744415,0.39506557955520677,-0.23248270305011504,-0.35892390302546917,0.4971565464116823,-0.1629569647852294,-0.2829370921220524,0.7139391617367666,-0.12480861286836868,-0.4650722738891962,0.23105973061800045,-0.23105973061800045,28.0,5.0,0.3055555555555556,0.3055555555555556,0.7472970992754244,0.6246138208005964,1987-11,-0.36525096525096523
1988-07,-0.21876224485269538,0.21125091461087658,-0.3629159898145612,-0.449163514368058,0.31806602875207285,-0.29002731735439563,-0.40981239158099747,0.3930012476106745,-0.23889290002937688,-0.3673971967801762,0.4962660595681021,-0.16842688858575286,-0.2911937530420032,0.7114704314051143,-0.13067329221623938,-0.47762681194811735,0.23040126951536247,-0.23040126951536247,27.0,5.0,0.2777777777777778,0.2777777777777778,0.8113339365224457,0.6065391513487998,1987-11,-0.3722007722007722
1988-08,-0.22687697671687496,0.21051436273504234,-0.37156693296747595,-0.46002918248636687,0.3166039474725308,-0.29864983042454124,-0.4220717989878666,0.3901931777083097,-0.24807075180494342,-0.38100634268791794,0.4933396164357527,-0.17717652153494998,-0.3061299556582436,0.7044460288576875,-0.1403627272330349,-0.5102127499440715,0.23315220576949197,-0.23315220576949197,26.0,5.0,0.2777777777777778,0.25,0.8952987151846621,0.5925326896945401,1987-11,-0.38507078507078507
1988-09,-0.22556406773724347,0.20898734737887226,-0.3696212292061297,-0.45954832761580483,0.3116449096535687,-0.29885829924847024,-0.4224743273949303,0.3879338525482965,-0.2462715340556819,-0.37909843815018035,0.4866687161280575,-0.1782125612819262,-0.3074038742941654,0.7020179593498675,-0.13928389389688878,-0.5135699792289105,0.23398425987856125,-0.23398425987856125,25.0,5.0,0.2777777777777778,0.2777777777777778,0.8115561606099722,0.6157809221885862,1987-11,-0.38275418275418277
1988-10,-0.22989670837194762,0.2076984948629795,-0.3735658143194794,-0.46437667065017324,0.307945921235639,-0.30422271132779694,-0.4293442317056851,0.3848212308398813,-0.25104655804095,-0.38597284040471597,0.4812677700713802,-0.18433260292892967,-0.33201745613449946,0.695904960175774,-0.14513929018028743,-0.5303633431634438,0.23447996227822562,-0.23447996227822562,24.0,5.0,0.2777777777777778,0.2777777777777778,0.8081899437403587,0.6203186242469905,1987-11,-0.38275418275418277
1988-11,-0.2096026056026332,0.21905041188598354,-0.35838873607618243,-0.4463176065218103,0.3310773107040212,-0.2822964400582072,-0.403835403727779,0.4052949935200665,-0.2318853874432489,-0.3609038736128988,0.5087612699272239,-0.16160774327638727,-0.2868283972247194,0.7072033908308945,-0.1366773525396954,-0.49563236131000066,0.23671500091917727,-0.23671500091917727,23.0,5.0,0.2777777777777778,0.25,0.9131689868497767,0.5760967436200056,1987-11,-0.3858429858429858
1988-12,-0.17701664130528463,0.23603331702411484,-0.3346571159318601,-0.4204343221741299,0.35849957555747025,-0.2528651072258746,-0.3707760755056912,0.43308478554742524,-0.2030515976282526,-0.3248923033199425,0.5360373316691133,-0.1934443950472743,-0.33984806148332425,0.7148414263865609,-0.1267063436917473,-0.4544053989918396,0.24341768086884538,-0.24341768086884538,22.0,4.0,0.3055555555555556,0.3055555555555556,0.780909158292577,0.5914233274761324,1987-11,-0.36344916344916345
1989-01,-0.17763958474570676,0.23763603706583378,-0.3359759875013521,-0.42251356461170475,0.3582860241841283,-0.2555871492228657,-0.37505528344343614,0.4339952035964194,-0.2051422786900224,-0.3287016916568962,0.535223810920158,-0.13769386582508233,-0.26494039565866717,0.7172422695629886,-0.12825937165039458,-0.46458536726691185,0.24487397986599804,-0.24487397986599804,21.0,4.0,0.3055555555555556,0.2777777777777778,0.8551521275047552,0.5680348746595111,1987-11,-0.36293436293436293
1989-02,-0.14067252235267472,0.2567787683921739,-0.30824590677323904,-0.39163916567292495,0.38867435206718015,-0.2221710747887261,-0.33552468631938187,0.4658161068732834,-0.17182849773711797,-0.2848927612977872,0.5537695546124433,-0.17218724662701493,-0.32393527167001274,0.7207736853645986,-0.11981240287962898,-0.47765120647284304,0.2509666433202504,-0.2509666433202504,20.0,3.0,0.3333333333333333,0.2777777777777778,0.8958700883363339,0.5339322756041136,1987-11,-0.3523809523809524
1989-03,-0.06285931596696616,0.3082586453427414,-0.25917720248879333,-0.33910619000486203,0.3901342029031143,-0.20703385903064989,-0.2900781506271976,0.44046157442778316,-0.23908539549586857,-0.370742712955813,0.5326783819518631,-0.24107022657210178,-0.4234844886523919,0.709144335740451,-0.1286859557195673,-0.34590065786254515,0.27624687403789594,-0.27624687403789594,19.0,2.0,0.3333333333333333,0.2777777777777778,1.0045028187008458,0.47096554791739514,1987-11,-0.33256113256113257
1989-04,-0.05765576345852677,0.31607911612660927,-0.2625787514703684,-0.3462296986526954,0.3982500400169449,-0.2093050285567791,-0.29668893913897615,0.4503638422504733,-0.24309187344935687,-0.3847876041902687,0.5419766689276507,-0.24401013515531486,-0.44244881046998435,0.7219898217795799,-0.12730254113295789,-0.332829530026679,0.28857393519416863,-0.28857393519416863,18.0,2.0,0.3333333333333333,0.25,1.1485296368052773,0.4575821648998493,1987-11,-0.3523809523809524
1989-05,-0.07618772574172002,0.29834574474599,-0.2755088068162212,-0.3609931923989769,0.3822544495859388,-0.2194504448157871,-0.31052437820040935,0.43238035098559835,-0.2529389360470611,-0.3970552348396402,0.5269637690067498,-0.25319389828225436,-0.46004366240022115,0.6980645902036758,-0.1388835678877579,-0.36743153405582507,0.28480546665725687,-0.28480546665725687,17.0,2.0,0.3055555555555556,0.2777777777777778,1.0358247124787476,0.5009545202210645,1987-11,-0.3541827541827542
1989-06,-0.10288941949163191,0.27894525157522115,-0.2873150797586959,-0.37108267758695646,0.36205563858350764,-0.23236634730134795,-0.3227405229330373,0.41063793483386074,-0.26448670788345074,-0.3804397153458186,0.5037467157672936,-0.2645035083069353,-0.4584268737354861,0.6801077651574963,-0.14790176371545405,-0.5447580238823283,0.26819325809532457,-0.26819325809532457,16.0,3.0,0.2777777777777778,0.25,1.0855137051307748,0.49521307512533674,1987-11,-0.35006435006435005
1989-07,-0.1480776638629911,0.29429222648674874,-0.3420328457910841,-0.44586508101729055,0.3820208556636013,-0.28421472930384895,-0.40138326607916,0.43281802804752445,-0.25073652660453244,-0.3877263088326924,0.5215004929915266,-0.25550900548016925,-0.46737497731397926,0.6882735727289668,-0.14559613619600534,-0.5232661853372662,0.29778741715429935,-0.29778741715429935,15.0,4.0,0.25,0.2222222222222222,1.1177660342967777,0.5044588039135325,1987-11,-0.41904761904761906
1989-08,-0.13937315522910967,0.29822168452306713,-0.3349407750970478,-0.43699880548163983,0.38641321042588533,-0.2771065943233767,-0.39148441429883307,0.4383540439792473,-0.2430448687039507,-0.3752355045599953,0.5244870831034268,-0.24730764781456804,-0.45197322848018157,0.6878433620290283,-0.14018197480707145,-0.5080431849692945,0.29762565025252985,-0.29762565025252985,14.0,4.0,0.2777777777777778,0.25,1.0041231397780523,0.5153766181859744,1987-11,-0.3987129987129987
1989-09,-0.12229808604445543,0.3063233720668739,-0.3213268886640697,-0.42276450176009733,0.3996055594207283,-0.2607182516883607,-0.3727011982822173,0.45546566282381384,-0.22442402634241873,-0.3510115731525489,0.5446113865173792,-0.22867537820440853,-0.38589063444061683,0.710191193087274,-0.12109249800420291,-0.46867297639822786,0.3004664157156419,-0.3004664157156419,13.0,3.0,0.3055555555555556,0.25,1.0255704217128592,0.500391363221173,1987-11,-0.3915057915057915
1989-10,-0.11819177338866098,0.302509373988161,-0.31516335945347473,-0.4142351274890319,0.39602874896471296,-0.25427050388979094,-0.3630131357571894,0.45210002752662887,-0.21776106113958116,-0.33952396120810796,0.5419188680543068,-0.2219843004072808,-0.37318361726902904,0.7063762231430964,-0.11490191269545114,-0.4383115024241593,0.29604335410037097,-0.29604335410037097,12.0,3.0,0.2777777777777778,0.25,1.0362601439853614,0.4986316060915328,1987-11,-0.38275418275418277
1989-11,-0.09836376300430753,0.2993303892377043,-0.2931061174488271,-0.38336838740078477,0.3894584252941585,-0.23446941842273442,-0.33204962764701557,0.4417355394289909,-0.200458276700343,-0.30887028883561196,0.5322269931965398,-0.20576077538817492,-0.37859592012545223,0.7029784946357206,-0.0946709876125798,-0.35176233470854096,0.2850046243964775,-0.2850046243964775,11.0,3.0,0.3055555555555556,0.2777777777777778,0.9664017407233688,0.5041057350917096,1987-11,-0.3518661518661519
1989-12,-0.09863059892115765,0.301352714799351,-0.29500671346976004,-0.3864346067991037,0.3916596950696132,-0.23615828426646165,-0.33508912336373625,0.44442974596515544,-0.20177074750145055,-0.3116683592587943,0.5337992076927685,-0.20679833353691884,-0.3818648116903087,0.7030218129518992,-0.09652463735765493,-0.36410540064082825,0.287804007877946,-0.287804007877946,10.0,2.0,0.3055555555555556,0.2777777777777778,0.9677817332645542,0.5049957036494638,1987-11,-0.35083655083655085
1990-01,-0.11673969325401001,0.2943838994752033,-0.3124303156585682,-0.4082045421651356,0.37630969444171214,-0.2579704425589704,-0.3631250859766407,0.42419717364696585,-0.28980346952738584,-0.4232299935091654,0.5147956976234727,-0.2295784314818175,-0.4172900110550797,0.6905482770486063,-0.11274754596727872,-0.291709984133488,0.29146484891112556,-0.29146484891112556,9.0,3.0,0.3055555555555556,0.2777777777777778,0.9590116476983541,0.5260002208028419,1987-11,-0.3889317889317889
1990-02,-0.15109763660759917,0.2915300888701207,-0.34590420768071883,-0.4503885135786264,0.36857272076274217,-0.2944226916436674,-0.41227113162433243,0.41943513253569537,-0.2604353523868529,-0.4043948820341706,0.5092203510135415,-0.2671654498827335,-0.46255534283428185,0.6914070097709403,-0.14542447136024197,-0.3682314985499338,0.2992908769710271,-0.2992908769710271,8.0,5.0,0.2777777777777778,0.25,1.0055179415650803,0.5310399539019146,1987-11,-0.4622908622908623
1990-03,-0.14589848803337999,0.2921330299122536,-0.3423039386949279,-0.44690222614970826,0.36790276055921717,-0.29136280376509516,-0.40871681720490727,0.4199996725277218,-0.2563372625713366,-0.3993655277055975,0.5106675156265905,-0.2623033952941092,-0.45651630799162063,0.6935631023134778,-0.13933992848573115,-0.3551348258916846,0.3010037381163283,-0.3010037381163283,7.0,5.0,0.3055555555555556,0.2777777777777778,0.9212290915653373,0.5507206921854491,1987-11,-0.47644787644787645
1990-04,-0.13194016074068338,0.29521905863680764,-0.3400941738947934,-0.44937615704314804,0.3759991482441158,-0.28313748582610054,-0.40837180296897835,0.43005076963219563,-0.32124837867078276,-0.4859167785137018,0.5222249908915094,-0.2562578792325839,-0.4744265288452874,0.7007481375767384,-0.13038419887122676,-0.32526300082127346,0.31743599630246455,-0.31743599630246455,6.0,4.0,0.3333333333333333,0.2777777777777778,1.003000405187359,0.5633811414537503,1987-11,-0.4803088803088803
1990-05,-0.13219947137213542,0.2910176457103236,-0.3468899634452878,-0.461157925832461,0.3764916961178169,-0.28383376664086424,-0.4188531231898797,0.4329314572713943,-0.3254706923502212,-0.5057393434449262,0.5219930907103475,-0.2597678520252735,-0.6378291260178736,0.7053866406991611,-0.12447416083332408,-0.5163406769996121,0.3289584544603257,-0.3289584544603257,5.0,3.0,0.3055555555555556,0.2777777777777778,1.0596666647491118,0.5855249286736868,1987-11,-0.47078507078507076
1990-06,-0.12925925396860588,0.2904508704882574,-0.3428198031041532,-0.45575731469517244,0.37569464786172646,-0.28014239444063743,-0.4128611471882038,0.4330866469022875,-0.32234115532052443,-0.5007368608049347,0.523745071808396,-0.25568250501534284,-0.6296837391915981,0.708106683303813,-0.12012647475008845,-0.4958389047530349,0.3264980607265664,-0.3264980607265664,4.0,3.0,0.3055555555555556,0.2777777777777778,1.0605232496296946,0.581896399430698,1987-11,-0.45894465894465897
1990-07,-0.13242753243813565,0.2889477200672717,-0.3450928334110123,-0.45809677722648995,0.37290555435028566,-0.2832999315924025,-0.4168233121540196,0.43166401951455874,-0.32654611701291797,-0.5074631683094947,0.5245342830309686,-0.2581936740950453,-0.6341594480512384,0.7103848224350385,-0.12140781923820056,-0.49717597328315916,0.3256692447883543,-0.3256692447883543,3.0,4.0,0.2777777777777778,0.2777777777777778,1.0562504797762167,0.5845180166575736,1987-11,-0.45997425997425995
1990-08,-0.22903257064936378,0.2764253957924475,-0.4294186787084574,-0.5541997372880141,0.3527285049237036,-0.37410508124470926,-0.5380634149222969,0.42710099182654127,-0.3201910291207664,-0.5074631683094947,0.5297045687629395,-0.24581171459980886,-0.5023570883060557,0.7137813119551707,-0.11237092835533369,-0.5156213542987258,0.3251671666386502,-0.3251671666386502,2.0,6.0,0.25,0.2777777777777778,0.8678017994015356,0.6420829987208878,1987-11,-0.5727155727155727
1990-09,-0.20597908747771546,0.284655595675286,-0.4162691279719121,-0.5421722091378695,0.36899840706672626,-0.3539606629623825,-0.514615641871336,0.4292176568929404,-0.30947354000791116,-0.5138818895771615,0.5244193086710502,-0.23914307922761288,-0.6221035724705554,0.7050493404147197,-0.10570218691093983,-0.46206251549615296,0.336193121660154,-0.336193121660154,1.0,5.0,0.25,0.25,1.035948353700323,0.612326046111961,1987-11,-0.5536679536679536
1990-10,-0.1789264625373594,0.2968338807679416,-0.4200795313332098,-0.5839557374918231,0.38909795689310495,-0.3451225721086276,-0.5687322636627733,0.4451741188530158,-0.2995653112328128,-0.5661289603582546,0.5279685779182608,-0.23230163556606723,-0.5276985018218046,0.7050380355716681,-0.08844729187502935,-0.34775748907260357,0.4050292749544638,-0.4050292749544638,0.0,4.0,0.2777777777777778,0.2777777777777778,1.108609489284254,0.6672508108326969,1987-11,-0.5248391248391249
1990-11,-0.5904677947511138,0.13002527417174234,-0.4893282038068846,-0.5758818131959126,0.19689547083875122,-0.43731351373725774,-0.573489061738694,0.25886345741023886,-0.38911198635420835,-0.5441255799070149,0.3715906283597702,-0.3014276493607967,-0.49885859677899796,0.596470914869727,-0.12650550184817877,-0.32989487320710764,0.03613199464664285,-0.03613199464664285,34.0,99.0,0.25,0.2222222222222222,0.4098890085535793,0.8551958887399149,1990-10,-0.6489060489060489
1990-12,-0.6007915205062698,0.133500894747021,-0.49604841864620997,-0.5862159893567004,0.19852141990052408,-0.4450341426591201,-0.5564146845667383,0.263083758204919,-0.39437935423874665,-0.5199338737615812,0.3732692378059275,-0.3079292301761473,-0.4808142429027311,0.5937932993896252,-0.13490885987206888,-0.34488180275993696,0.03546536394490196,-0.03546536394490196,33.0,99.0,0.25,0.25,0.357380613935674,0.8979306941903892,1990-10,-0.654054054054054
1991-01,-0.5854779169971996,0.1332534080379544,-0.4822540310185526,-0.568580510519286,0.19972214576872,-0.43076445558712434,-0.5660933592680881,0.26341454378465984,-0.3814255536610185,-0.5353961360504863,0.3789437122529319,-0.2919316346028273,-0.4694236576760344,0.6074644762250079,-0.11490951088132267,-0.304196893068098,0.036015778129366294,-0.036015778129366294,32.0,99.0,0.25,0.2222222222222222,0.41379970607486266,0.8500758836964604,1990-10,-0.6357786357786358
1991-02,-0.5771588669256007,0.12581404762148274,-0.483694319360783,-0.5516859753096313,0.23831113274344984,-0.400122656561103,-0.5599801349030799,0.301366870724511,-0.35327990622295036,-0.5294164913939007,0.4209240723651921,-0.26446343484544166,-0.4880983652401217,0.6353812017572876,-0.10514785006284677,-0.28873716297091506,0.03480484826265906,-0.03480484826265906,31.0,99.0,0.25,0.2222222222222222,0.3625116380412262,0.8250233373830654,1990-10,-0.635006435006435
1991-03,-0.5661113686233009,0.12370996207006818,-0.4745627484349491,-0.5407832314044355,0.23686677411334925,-0.39082373636082357,-0.5468190351894094,0.2989523953622607,-0.3448787464524508,-0.5157732052578564,0.41758445895122315,-0.25708790447066293,-0.4711961471856516,0.6298593129073728,-0.09999893883536137,-0.270144934295751,0.03469747711883597,-0.03469747711883597,30.0,99.0,0.25,0.25,0.3381678385735484,0.8465706832954617,1990-10,-0.6244530244530244
1991-04,-0.5613878554502146,0.13487782472447135,-0.4613959966271062,-0.529301824168663,0.24548415814476138,-0.37939784089693973,-0.534415910948828,0.3135692989696423,-0.32892282913559007,-0.4990401608501706,0.4367270334225138,-0.2376196751772427,-0.4492495973134717,0.6545765859577777,-0.07611661308173388,-0.22805611021661595,0.03459000186858141,-0.03459000186858141,29.0,99.0,0.25,0.2222222222222222,0.3936701666856385,0.8142120097943791,1990-10,-0.6066924066924066
1991-05,-0.5429565911267523,0.14960898426334296,-0.4331893631379543,-0.5010793644680372,0.2621581810210647,-0.3506126823236863,-0.5012449638047317,0.3378540164039601,-0.2950750950511775,-0.4586190060170077,0.45414454870282284,-0.2097534184510672,-0.40406851833479274,0.6637647616588843,-0.05595630646675624,-0.15567048514765533,0.041877226658715405,0.041877226658715405,26.0,99.0,0.25,0.25,0.3708784755404197,0.8274587766407449,1990-08,-0.5837837837837838
1991-06,-0.5343240460521278,0.1450076149448793,-0.4284005149884325,-0.49555671358739967,0.26749603466553495,-0.3389265522854689,-0.4959001724645058,0.3394754750891181,-0.2863478204957419,-0.45395020534718417,0.4594576013914097,-0.19870462681036227,-0.3910461408549147,0.6701317699317761,-0.044813730499942445,-0.13329199238964454,0.03876733246472819,0.03876733246472819,25.0,99.0,0.2777777777777778,0.2222222222222222,0.42906653738824946,0.7904954968189453,1990-08,-0.5758043758043758
1991-07,-0.5301396901519421,0.14948938611721369,-0.42124341359912043,-0.48859936781623514,0.2709282386384775,-0.33278068583031534,-0.4886625603122351,0.34529010500316315,-0.27861141953683155,-0.4444925683434047,0.46679797596698197,-0.1900984149450163,-0.3778205827400961,0.6815367876700507,-0.03367087427998062,-0.09886840817062295,0.04154032233570709,0.04154032233570709,24.0,12.0,0.2777777777777778,0.25,0.38561291763392164,0.8157557560749359,1990-08,-0.5711711711711712
1991-08,-0.5156500039137905,0.16119044514115607,-0.4004699372150521,-0.46830162906823375,0.27370913501717503,-0.3200687062771675,-0.47418271023767666,0.35465228746902855,-0.26223005653557546,-0.42424010933047385,0.47737170777000837,-0.17453980291589385,-0.34900352277867713,0.6861684234463998,-0.06392343597059862,-0.21530016931536827,0.04734837484555687,0.04734837484555687,23.0,12.0,0.2777777777777778,0.3055555555555556,0.3164459663893346,0.8611462306906137,1990-08,-0.5413127413127413
1991-09,-0.49675575457214094,0.15734179790047073,-0.3825844292305814,-0.44591560843427236,0.2693375560446341,-0.30131737679712467,-0.4451795341483822,0.34756727293381506,-0.24455184737319752,-0.3939052735867678,0.4692117529827024,-0.15628342987073793,-0.3109721888170734,0.6756955598739668,-0.04549715294526133,-0.1329441373746943,0.050840146137868636,0.050840146137868636,22.0,11.0,0.3055555555555556,0.3333333333333333,0.33376934795518753,0.8913201493952992,1990-08,-0.5063063063063064
1991-10,-0.48410467263908036,0.15673453730670636,-0.37058532356344936,-0.43122752479021936,0.2721791986061453,-0.28697131589056457,-0.42722870995196033,0.3488357442939806,-0.23145068005367245,-0.3753263967245683,0.4731958227825766,-0.14137943345028745,-0.2838075542833936,0.6844736387307369,-0.029937263540851536,-0.08743536744731754,0.05287714784886105,0.05287714784886105,21.0,10.0,0.3055555555555556,0.3611111111111111,0.3233100067191375,0.9194214621615913,1990-08,-0.4846846846846847
1991-11,-0.465027851625315,0.16618081022925382,-0.3453942031257143,-0.40463535270725326,0.2800256896422923,-0.26343721742808807,-0.39793132229574135,0.3616929522694449,-0.20464491416766353,-0.3384761778699631,0.48964332285908757,-0.11253337830863117,-0.23156618825772313,0.6964763430040931,-0.00587347954761382,-0.019694351844509513,0.06039249891806164,0.06039249891806164,20.0,9.0,0.3055555555555556,0.3888888888888889,0.31859081140976897,0.9425566439373998,1990-08,-0.43912483912483913
1991-12,-0.4644554292628317,0.17237057708628398,-0.34166459401755994,-0.4005673229557768,0.2789530257428506,-0.26573894525399555,-0.4022182967524158,0.3623590540392853,-0.2063233764711436,-0.342660001877107,0.492121281039442,-0.11388525561563435,-0.23336513925889388,0.7024948333926718,-0.0485498959079023,-0.16799873071547095,0.06388810630705488,0.06388810630705488,19.0,9.0,0.2777777777777778,0.3888888888888889,0.3098874645162689,0.9361074785194033,1990-08,-0.42985842985842987
1992-01,-0.4495874911375292,0.1754107189216099,-0.32997169137698096,-0.38351429309039275,0.2805231803298823,-0.2582935680932544,-0.3747786956138992,0.36692828881720263,-0.19937233329843781,-0.3160941682813785,0.5002489335855155,-0.10845853027320515,-0.183888552563747,0.7023959425083609,-0.04836942484758292,-0.1446771576282998,0.06607319804713646,0.06607319804713646,18.0,9.0,0.2777777777777778,0.3611111111111111,0.31275316934346875,0.8609284083164617,1990-08,-0.42754182754182757
1992-02,-0.47130291805402474,0.1662027038425805,-0.3589971556096453,-0.4150052841146963,0.27364312926167433,-0.28639798234066927,-0.41440832717682363,0.35431259240632174,-0.23188836634176663,-0.3643490442082567,0.48098041175819856,-0.14629694273320004,-0.27792056271119664,0.6966021482208553,-0.04142124918886125,-0.11217333861610089,0.05629763393932846,0.05629763393932846,17.0,11.0,0.25,0.3333333333333333,0.29810185149169627,0.8363676812413009,1990-08,-0.4931788931788932
1992-03,-0.4772364225503379,0.16369379598410191,-0.3659088362925737,-0.42227756842088043,0.27027655404081985,-0.2934222700191514,-0.4230327585759329,0.34940763365326516,-0.23960549560651515,-0.37482335285436436,0.4748493472145214,-0.15429301871723342,-0.2914901448829824,0.6888814489203727,-0.00873052429684082,-0.006594522019646736,0.05495885412945756,0.05495885412945756,16.0,11.0,0.25,0.3333333333333333,0.29583768900512847,0.8438886273884735,1990-08,-0.5016731016731016
1992-04,-0.47036096516304066,0.16351755357599865,-0.36010642259344955,-0.4149360873687732,0.2750551347929566,-0.2849002766631977,-0.41332904258689207,0.3529587356743576,-0.232372424503822,-0.36545155638201277,0.4816735332916219,-0.14558424291184885,-0.2772577486556951,0.7001830769646936,-0.04146123261712365,-0.11605600283363197,0.055424877794267635,0.055424877794267635,15.0,10.0,0.25,0.3611111111111111,0.2744893233822189,0.8709128254206638,1990-08,-0.4772200772200772
1992-05,-0.455131816046962,0.16687698986572724,-0.3443199490339438,-0.39701988190055265,0.2882402392725409,-0.26373071822173577,-0.3870925449554416,0.3672357197207946,-0.211275093985556,-0.3364293928790843,0.5023113152622618,-0.12158040964418067,-0.23697625489873417,0.7139751306830416,-0.025997019841454107,-0.07164299581244933,0.05811193414640925,0.05811193414640925,14.0,9.0,0.25,0.3611111111111111,0.28121344524629427,0.8515386239063258,1990-08,-0.4453024453024453
1992-06,-0.43440277948416617,0.1696382229950687,-0.3195437925693769,-0.3678701511978748,0.3098266695894346,-0.22462471909231643,-0.3327165264485078,0.38878926180601747,-0.17116056940934093,-0.27680731685446286,0.5150394791868271,-0.0856788200128429,-0.16018795130133254,0.7165476404014195,0.00038982120397825783,0.0006909847450650726,0.06653262828629125,0.06653262828629125,13.0,8.0,0.2777777777777778,0.3333333333333333,0.35390719325730075,0.8104576500430593,1990-08,-0.3889317889317889
1992-07,-0.41957139407469807,0.1727181820134377,-0.3067832258195014,-0.3526710481433148,0.3111761880312464,-0.21636758632533004,-0.32064520680831615,0.3909154703160009,-0.1642963597640072,-0.2648971266399415,0.5179299215636883,-0.08135357324804511,-0.1509278699721879,0.7227073162886769,0.002129607906718586,0.005044122486236932,0.06690034593138311,0.06690034593138311,12.0,8.0,0.2777777777777778,0.3888888888888889,0.2918088832320663,0.8531965071756072,1990-08,-0.36164736164736166
1992-08,-0.4441711153966505,0.18246313522687657,-0.32820764240487904,-0.37872942831787665,0.3209380672591394,-0.2402006374786841,-0.3635355003780541,0.40283186404092747,-0.18815347146079112,-0.31091833255923673,0.5343034249476264,-0.10459742172267222,-0.2009206251364415,0.7542619516612843,-0.019786082865808043,-0.058920322585058485,0.06544168707877379,0.06544168707877379,11.0,9.0,0.25,0.3333333333333333,0.2790864332118281,0.7872927598926959,1990-08,-0.42574002574002573
1992-09,-0.4397987457457019,0.18675866917031128,-0.32136473752628497,-0.3712242608346662,0.32069440649057207,-0.2364286738611715,-0.3581063041920064,0.40409008690769255,-0.18354285740154538,-0.3042091988955043,0.5358766142973617,-0.09996972670075291,-0.1770724638963656,0.7567477824507226,-0.01620713006751216,-0.04974156821671831,0.06857448491103568,0.06857448491103568,10.0,9.0,0.2222222222222222,0.3611111111111111,0.26163388317891223,0.8171389818445837,1990-08,-0.42574002574002573
1992-10,-0.45431258667186253,0.1760334861501225,-0.34146589124790083,-0.39276232434967934,0.31391286886339104,-0.2530779768426891,-0.38069647064544354,0.39234217564450197,-0.2028006785388157,-0.33215092825584747,0.5209074239972449,-0.12038361267104492,-0.22861547124438816,0.7385258340524031,-0.035670958241480984,-0.10185120530938874,0.06155026232218325,0.06155026232218325,9.0,10.0,0.2222222222222222,0.3333333333333333,0.2723289495038193,0.7987036636483756,1990-08,-0.44736164736164735
1992-11,-0.4323190099509078,0.16781577179341717,-0.32434906838308714,-0.3734297976182242,0.3084225693346838,-0.2338849388657657,-0.3518174733325435,0.38585629649492625,-0.18406533664648309,-0.2997502989768294,0.511606567171403,-0.10315965518413199,-0.19346932055529054,0.7151310443825408,-0.020837101029505842,-0.05733037678768219,0.05888921233268363,0.05888921233268363,8.0,9.0,0.2222222222222222,0.2777777777777778,0.3693633055372441,0.7240307078328544,1990-08,-0.40746460746460744
1992-12,-0.43691994305136617,0.16753722213208438,-0.3285695249736329,-0.37830126348545395,0.30532889770127863,-0.2394562791793156,-0.35900035620699666,0.38275735773406955,-0.18938140083942137,-0.3074770027373724,0.5072854175809399,-0.10884605964712248,-0.20324523056261387,0.7083332529474602,-0.07186710642426881,-0.2018470545236682,0.058618679565912046,0.058618679565912046,7.0,9.0,0.2222222222222222,0.3333333333333333,0.3059649080543933,0.7901573709771056,1990-08,-0.41647361647361647
1993-01,-0.4039044271571178,0.19074613429193912,-0.28257853714915776,-0.3283273192324499,0.3278359948977065,-0.1953812295297772,-0.298652803723307,0.399153087192344,-0.15001931576127164,-0.24490282773111652,0.5275021140547954,-0.06838169844573926,-0.1328837756237196,0.7173861860244412,-0.04772776769387167,-0.14416782595378638,0.07557710792466776,0.07557710792466776,6.0,8.0,0.2222222222222222,0.3888888888888889,0.2901938358326341,0.8272440296434546,1990-08,-0.3619047619047619
1993-02,-0.3727915422050845,0.21680438676063035,-0.24059029538516127,-0.28237745984732393,0.3490947980271124,-0.1599233053253218,-0.24985530221730096,0.42689217827205383,-0.11248464035467112,-0.1947083769141989,0.5330341352421798,-0.04776224584496102,-0.09386041939034552,0.728485751452222,-0.029683400393024584,-0.07834776594581752,0.09041408235776038,0.09041408235776038,5.0,7.0,0.2222222222222222,0.3888888888888889,0.2962255854820764,0.7815846442694103,1990-08,-0.3323037323037323
1993-03,-0.3945748199933644,0.22407743036060054,-0.25848183629030175,-0.3043731247948198,0.3486573957527574,-0.18281844095165187,-0.28671389603451364,0.4307349983181671,-0.1329687715300375,-0.23190564372819725,0.5356374224803934,-0.06925649189996967,-0.13844337810469082,0.7369175786917727,-0.05229018999051946,-0.1500505056314169,0.09020169519854448,0.09020169519854448,4.0,8.0,0.19444444444444445,0.3888888888888889,0.2659665002697222,0.796984077433812,1990-08,-0.3678249678249678
1993-04,-0.3973165299762718,0.2279544033182236,-0.2573576115142223,-0.30291839020808026,0.34935445734541476,-0.1828206865171621,-0.2854634583479433,0.43348648489609043,-0.1311654984066959,-0.22679335798324313,0.5392468263549899,-0.1247392036896052,-0.2537220923207101,0.7439817892486236,-0.0519828146293155,-0.1580977323011435,0.0943981397681915,0.0943981397681915,3.0,8.0,0.19444444444444445,0.3888888888888889,0.2708264527023342,0.804438585772827,1990-08,-0.37966537966537967
1993-05,-0.4069985482289072,0.22635574136085349,-0.26881602957027195,-0.3163875228467648,0.3521776211168816,-0.1920060306609235,-0.3038724313532483,0.43476924596178385,-0.141586639164316,-0.24899265340324822,0.5455248562063985,-0.1348445624844504,-0.28065816818459954,0.7494158702363846,-0.06588095954582285,-0.21070239716880756,0.09061102538214216,0.09061102538214216,2.0,9.0,0.2222222222222222,0.3611111111111111,0.2738986988528984,0.7741579249173666,1990-08,-0.4012870012870013
1993-06,-0.39521415679743765,0.22955980981403454,-0.2572104150099535,-0.3024878789047106,0.36536004705674374,-0.17557181768621508,-0.2809427831801549,0.4478568422420985,-0.1259774813331858,-0.22391311586889265,0.5661669709507261,-0.1179311152667207,-0.2510864398435623,0.7759983364420905,-0.0496406107208484,-0.18249545263109507,0.09272627789272686,0.09272627789272686,1.0,8.0,0.2222222222222222,0.3055555555555556,0.3276519705740435,0.6974666865689919,1990-08,-0.3866151866151866
1993-07,-0.38974317490851895,0.2314482284333844,-0.2503988857371694,-0.29454312814292677,0.3638474421765697,-0.1706874338467534,-0.2732352232558895,0.4476126372157412,-0.1202562785121931,-0.21365617728419734,0.5653089265464589,-0.11324371758701664,-0.24172040412268056,0.7750927502599784,-0.04547537071462706,-0.17156754243269848,0.09520004676559202,0.09520004676559202,0.0,8.0,0.2222222222222222,0.3611111111111111,0.28580278629750605,0.7546281453767714,1990-08,-0.3698841698841699
1993-08,-0.29555198682147454,0.15525974513638374,-0.20914801803685043,-0.27542645040011543,0.2749772896355977,-0.14252372357600698,-0.21559584344541302,0.34867619635303493,-0.10150937030703393,-0.16181382007312667,0.4783708290277238,-0.09825191639518496,-0.20549009604368454,0.735632433365476,-0.01673527844127608,-0.10119126798633295,0.05425003982001131,-0.05425003982001131,6.0,7.0,0.2222222222222222,0.3888888888888889,0.32620047940130403,0.6777784659259031,1991-03,-0.32972972972972975
1993-09,-0.24228789298763453,0.16041534392026927,-0.1590429853905905,-0.21680781190669596,0.24752984337472245,-0.11383634692181001,-0.1762999842827839,0.3246615965168628,-0.07381009066600687,-0.12729883382666776,0.47486488676292604,0.004135439429419461,-0.006497991588341643,0.7168443821963154,-0.0012451720501097442,-0.0963405841755621,0.052722518869588286,-0.052722518869588286,5.0,6.0,0.2222222222222222,0.4166666666666667,0.32275329343848697,0.6343512217211673,1991-03,-0.2942084942084942
1993-10,-0.26659204503787715,0.1667980024823927,-0.17922617047738218,-0.24943922967639054,0.2594608665937738,-0.13069098395303702,-0.20577268201077933,0.34052048412649716,-0.08823337491762204,-0.15368590407415356,0.4948668151402372,-0.007389467955112141,-0.027584814822335345,0.7312541036640926,-0.008736351421759636,-0.11389244344408554,0.052233023897828856,-0.052233023897828856,4.0,6.0,0.19444444444444445,0.4166666666666667,0.3000555295669344,0.6586454533252246,1991-03,-0.3382239382239382
1993-11,-0.2667178917287227,0.185568420552488,-0.1721163791194929,-0.2416428454102978,0.26879665263481684,-0.1296871951918681,-0.1873479319058135,0.35080343319068064,-0.0878806989049444,-0.14513952927621096,0.4899259085411862,-0.016957011744631094,-0.05316406266028225,0.7479302668621143,-0.03591758852279452,-0.1688016651487557,0.04666591001859932,-0.04666591001859932,3.0,6.0,0.2222222222222222,0.4166666666666667,0.28358781989612897,0.6470925480451061,1991-03,-0.33693693693693694
1993-12,-0.23467126674764774,0.2174713596707851,-0.12922142229353803,-0.18719921838570852,0.3002802018039628,-0.08906818310108727,-0.1455878467072869,0.37172985892051064,-0.05442290732479569,-0.09935220946130587,0.5092225608081958,-0.05503849588408275,-0.1259612710164502,0.7548954172251782,-0.029351980027691304,-0.14710004991697806,0.04753321619039266,-0.04753321619039266,2.0,5.0,0.25,0.3611111111111111,0.3368338811359104,0.5474928169971524,1991-03,-0.30038610038610036
1994-01,-0.22731275949623295,0.216929673266486,-0.1219696416393268,-0.1769453251065866,0.3036937412934306,-0.07983618287235092,-0.1316075956679666,0.37814828330707084,-0.04368034731411518,-0.08187379827814871,0.5209501362606032,0.02566559415784201,0.0422164775127142,0.7666008524084611,-0.01377524214412126,-0.09275838269576314,0.05036743438964622,0.05036743438964622,0.0,5.0,0.25,0.3888888888888889,0.3228709699228914,0.5670972800585742,1991-02,-0.26383526383526384
1994-02,-0.19653029440074493,0.09779067760894732,-0.25043104844633035,-0.267077471475445,0.18723489838995164,-0.2997313607357591,-0.34570369680109203,0.2755780512846469,-0.2510379405425766,-0.3131408993124821,0.4347765155767421,-0.16329013596597733,-0.23134680188985624,0.7118354730246478,-0.010579396183154519,-0.020977843331071815,0.07054717707470015,-0.07054717707470015,0.0,5.0,0.25,0.4166666666666667,0.41376381613282054,0.6230960736199229,1991-03,-0.2555984555984556
1994-03,-0.3366051252542919,0.17829713418298748,-0.23689722439957803,-0.2670774714754451,0.264122375728216,-0.2848926939512139,-0.3457036968010921,0.34630422425525215,-0.23893469444359927,-0.3102642244183208,0.48409673814781423,-0.16187791853591169,-0.2313468018898562,0.7303946147278841,-0.024142422273990303,-0.04466610038421817,0.10775258981093577,-0.10775258981093577,9.0,7.0,0.2222222222222222,0.3611111111111111,0.29967822983456727,0.6816085379021563,1992-01,-0.41055341055341055
1994-04,-0.4344459467228201,0.22793322185381537,-0.29198463542549685,-0.3374131013900046,0.3525867065502762,-0.21407454077932078,-0.2686983273593025,0.4247605460517728,-0.16896492607234273,-0.22994535626437723,0.5434695051467922,-0.18010527634079856,-0.28945870522671757,0.7481208134528031,-0.05219547230755615,-0.09802380977462724,0.11303658664830674,-0.11303658664830674,8.0,8.0,0.2222222222222222,0.3611111111111111,0.25653307080914134,0.8061103502529364,1992-01,-0.47361647361647363
1994-05,-0.42150486756797984,0.22564040496151433,-0.280623092214668,-0.32367127352104574,0.35001587070367896,-0.20296751263378668,-0.25248126158199463,0.42133272936949007,-0.1584398241500935,-0.21364545428422665,0.5359653647439085,-0.16859642167017513,-0.2670433325254137,0.7381995728760409,-0.04232863605932466,-0.04887345710158314,0.10578707563842099,-0.10578707563842099,7.0,8.0,0.25,0.3611111111111111,0.273079777643423,0.7957698901845127,1992-01,-0.43397683397683395
1994-06,-0.4218688751629595,0.23332740884338365,-0.27604938728563677,-0.31995863217776305,0.3624503139928948,-0.1953531844885956,-0.24507859689779787,0.43222840312025024,-0.15174491200981913,-0.20639480662356038,0.550517752716979,-0.16197504598590656,-0.2483610692613375,0.7583330163472082,-0.03209953986398558,-0.02030141077864326,0.10933120657628642,-0.10933120657628642,6.0,7.0,0.2222222222222222,0.3888888888888889,0.2538595690427616,0.832702027150102,1992-01,-0.42857142857142855
1994-07,-0.43280770631764537,0.221343400919246,-0.29276035184541616,-0.33748814901847546,0.3429353974393877,-0.21582723630222905,-0.26941205638014937,0.41293660976875074,-0.17153639882588279,-0.2317524241740322,0.5266076497995535,-0.18200836597382863,-0.28830050683516173,0.7251279419058541,-0.05640154145103742,-0.10406224478034662,0.10877375310898246,-0.10877375310898246,5.0,8.0,0.2222222222222222,0.3333333333333333,0.29153189530801243,0.7769438527005724,1992-01,-0.4512226512226512
1994-08,-0.4028856006842599,0.2309060617456217,-0.2616429412920511,-0.30145429380362504,0.3581403354493472,-0.18381515691994552,-0.22780750891292237,0.4247229828526989,-0.22454301879385083,-0.3021471178300896,0.5257980075201714,-0.16271655493126838,-0.24585978953991114,0.717935440249683,-0.045188232970606784,-0.04818493450125774,0.10143130688063473,0.10143130688063473,31.0,7.0,0.2222222222222222,0.3055555555555556,0.3321869601606007,0.7102021034286281,1994-04,-0.40205920205920204
1994-09,-0.4216509079520985,0.229433380722968,-0.2821840325753203,-0.3250097329030451,0.3568285646273017,-0.20474365236037292,-0.2542166366992539,0.42027187173005676,-0.24330926899954233,-0.3251054535924575,0.5219600051954744,-0.18149556868867545,-0.27282183737170257,0.7203000063241412,-0.06092958943806919,-0.19173474312510883,0.09664117504905323,0.09664117504905323,30.0,8.0,0.2222222222222222,0.3333333333333333,0.2715771763649633,0.7506961622792919,1994-04,-0.4296010296010296
1994-10,-0.4401022006353918,0.21427868310651,-0.30720975836722875,-0.35186419778376526,0.3329262179833194,-0.23362632743378922,-0.2883415333815732,0.39193541917934643,-0.27022295361025095,-0.3558719254673788,0.4916637034780109,-0.20837295961399524,-0.4476651354289909,0.6876910056668003,-0.0867997514841007,-0.2632558842244944,0.08823800285162642,0.08823800285162642,29.0,9.0,0.2222222222222222,0.3055555555555556,0.28649549022088966,0.74220109658674,1994-04,-0.4676962676962677
1994-11,-0.45695188011315135,0.2047813668927987,-0.3282771018650224,-0.37470461519244247,0.3179969574098155,-0.25713786090256546,-0.3161310157995388,0.37399899700415223,-0.29232685361017113,-0.3815490949933218,0.47945152868900526,-0.2260655460696489,-0.47666245151936615,0.668886284891521,-0.10703384110204099,-0.3119719592498222,0.0875252930678816,-0.0875252930678816,1.0,10.0,0.2222222222222222,0.2777777777777778,0.2999501824412631,0.7304929857066511,1992-01,-0.5021879021879022
1994-12,-0.43736033869431334,0.1949043616840904,-0.3103841850140067,-0.3531090010729573,0.3014209623151805,-0.24099082647460587,-0.2948553182920426,0.35643630459561265,-0.2768321821826811,-0.36063430233875243,0.46612880252746297,-0.2053697923489071,-0.4326972061506826,0.6507974776811615,-0.08506197638396198,-0.27149034064875815,0.08425133762135617,0.08425133762135617,27.0,10.0,0.25,0.3333333333333333,0.31225679285717783,0.7939455570244625,1994-04,-0.4540540540540541
1995-01,-0.5091884607289742,0.19842185953998615,-0.35608128239569076,-0.42122475034780027,0.3034318532978697,-0.2750529930815023,-0.35394106777191964,0.368081037470243,-0.22516809535335588,-0.3215522584755259,0.4816676970287857,-0.23275195543977673,-0.38912144494104844,0.6603696406102094,-0.1424625012508373,-0.33956518688693943,0.08796371038117401,0.08796371038117401,26.0,11.0,0.25,0.3333333333333333,0.3827192987319939,0.9339261545957506,1994-04,-0.44478764478764476
1995-02,-0.5325688757389988,0.19990284623077814,-0.37824170654068057,-0.4469603229107332,0.30866731330399166,-0.29427435625395726,-0.38148358374911495,0.40908981713126946,-0.21674709222701352,-0.3217908264813247,0.5208535528211845,-0.22085105999502094,-0.39474436609720237,0.6972550798521912,-0.08466716455649573,-0.2016724665240477,0.08560855282826574,0.08560855282826574,25.0,11.0,0.25,0.3333333333333333,0.34918623407438637,0.9512560608232331,1994-04,-0.4594594594594595
1995-03,-0.5379770814047439,0.21036799547707197,-0.3771528088905353,-0.44925301072558604,0.3272182383573552,-0.28782194246423853,-0.3780936622994241,0.4204388021674835,-0.2165557342935083,-0.32337035626470556,0.526266583502311,-0.2249264589595977,-0.40084286789222034,0.7153319628947736,-0.08038782783626398,-0.2016724665240477,0.08872407067915777,0.08872407067915777,24.0,10.0,0.25,0.3055555555555556,0.3603617915195869,0.9117271022352597,1994-04,-0.48185328185328186
1995-04,-0.5449580591732565,0.20964724101286106,-0.38586075801211683,-0.4584889169139472,0.3280568418320259,-0.2960019655430029,-0.3885125832604655,0.4156437492581206,-0.22953392846691567,-0.33846254536950743,0.5139977636998143,-0.23816310038850633,-0.40537755423474153,0.6996813631530853,-0.09725135072665796,-0.23471700388002792,0.08646914225930918,0.08646914225930918,23.0,10.0,0.25,0.2222222222222222,0.46795636267003965,0.8148993918722962,1994-04,-0.4864864864864865
1995-05,-0.5760553842770767,0.19826738943539723,-0.42302040256592843,-0.49962192485079165,0.31095912615990046,-0.336037979900545,-0.43835777950012544,0.40254925875933606,-0.2653430748675448,-0.386741397233667,0.5308335794626491,-0.24529476387269053,-0.4323559055715594,0.7122777960780812,-0.10524494302010967,-0.26875556459788463,0.0764334594262851,0.0764334594262851,22.0,11.0,0.25,0.25,0.38073428161299877,0.8736498883042473,1994-04,-0.5356499356499357
1995-06,-0.636044816208758,0.19472051775835883,-0.4816958182722859,-0.5722910572156825,0.30794852610701234,-0.3919434396932343,-0.5170174706657437,0.3875700579599439,-0.3288298870119616,-0.477988207175351,0.5339142210904116,-0.21282734555882982,-0.3814772506655385,0.7248617103875259,-0.13450734005262166,-0.35019630098026344,0.06409973131676816,-0.06409973131676816,4.0,99.0,0.2222222222222222,0.3055555555555556,0.24917549020461705,1.0000999583822925,1992-11,-0.5951093951093951
1995-07,-0.5917088863999781,0.1902704383637021,-0.439753709426409,-0.519816403637097,0.3019260963872019,-0.3505824465598703,-0.4582558668253227,0.38248215428226984,-0.28624817509338213,-0.4144021680331559,0.5314828671610504,-0.1672521298359263,-0.30053163667475147,0.7166949965778213,-0.08727011725166005,-0.2229749930104921,0.07189248276288118,0.07189248276288118,20.0,11.0,0.25,0.2222222222222222,0.4526341506198568,0.8689601510342173,1994-04,-0.5407979407979407
1995-08,-0.6023975697452583,0.18282186215878,-0.4545546233480779,-0.5353910758425275,0.28998862396379704,-0.3678918488089026,-0.4778221360441042,0.3724955620846361,-0.30117078664511876,-0.43438103837966857,0.5257718462308385,-0.17722052602855648,-0.3192592268564637,0.7031342502899807,-0.09930321373206183,-0.25256259786844637,0.06700649390273072,0.06700649390273072,19.0,12.0,0.2777777777777778,0.25,0.40108944095436083,0.9145822188767885,1994-04,-0.5462033462033462
1995-09,-0.633567615246102,0.17813746530386895,-0.48799764247631533,-0.5734091387068536,0.2842010521955317,-0.40132483937255464,-0.5210159206540413,0.3586545177818252,-0.3404831240179262,-0.4862520069950403,0.4970227366873994,-0.2274116944681153,-0.39675661026530357,0.697318670940999,-0.12375678868657626,-0.31809742184808015,0.06015847653924833,0.06015847653924833,18.0,99.0,0.2777777777777778,0.2222222222222222,0.4016471658699956,0.9067158521633404,1994-04,-0.5956241956241957
1995-10,-0.6208882665310955,0.18977719555010045,-0.4662874291146957,-0.5544633532153783,0.30377042819317424,-0.37342353587748556,-0.4935085307723071,0.376999960908899,-0.3137675427079906,-0.4564116807074108,0.5127811066665677,-0.20315425864798853,-0.36171392109851985,0.7183591829233328,-0.09714022264850652,-0.2565236053875282,0.06642491331571698,0.06642491331571698,17.0,12.0,0.2777777777777778,0.2222222222222222,0.42384047936295277,0.8972076129818559,1994-04,-0.5796653796653797
1995-11,-0.6755520232361351,0.2001422874175622,-0.5141202170452895,-0.615643411835206,0.3200520996729067,-0.41740273758528984,-0.5617458465624352,0.39424474510209856,-0.35756004810546305,-0.5294103173811314,0.5312155253535236,-0.24708144442474642,-0.4481781670876984,0.7390994719115787,-0.07940533057613826,-0.1987886579340412,0.05990861140092896,0.05990861140092896,16.0,99.0,0.25,0.2222222222222222,0.28663506614518774,0.9263357622295082,1994-04,-0.6293436293436293
1995-12,-0.6873674627060996,0.197207386566779,-0.5263870077441068,-0.6300792690961753,0.31539346202066715,-0.4299116752123977,-0.578633169028956,0.3872668852461033,-0.37124137603175,-0.5482495077361091,0.5197879629775759,-0.26306437639364505,-0.4731212493836015,0.7265916176427016,-0.09425048460505557,-0.25872190779683596,0.05728819360992421,0.05728819360992421,15.0,99.0,0.25,0.2222222222222222,0.2820406497465998,0.9397923711673674,1994-04,-0.6532818532818533
1996-01,-0.698605650570794,0.19776964858994148,-0.5378004646315798,-0.6437909829183069,0.3163296452841994,-0.44140011984003635,-0.594474989725044,0.38935886732625763,-0.38202054510145533,-0.5650820710156158,0.5241761127199285,-0.2724015395163662,-0.4919778688653636,0.7328338286006061,-0.1027433384775714,-0.2840045810119899,0.054814667652487103,0.054814667652487103,14.0,99.0,0.25,0.2222222222222222,0.2504418407194399,0.9448118748476182,1994-04,-0.6676962676962677
1996-02,-0.5826261646168163,0.18512956583107426,-0.4345126553170805,-0.5095967391493645,0.29825394334389577,-0.34400713035916625,-0.44707834917002776,0.36528131765360894,-0.29038166225204987,-0.41430381411772993,0.4936767853130701,-0.28773912923135747,-0.539419809094829,0.7214421053156861,-0.10551474658927244,-0.3250838051019824,0.12228253433147884,-0.12228253433147884,35.0,11.0,0.2777777777777778,0.25,0.42277487233800876,0.8961810967640981,1996-02,-0.6175032175032175
1996-03,-0.5880123272366948,0.16927200033051973,-0.45316462755192694,-0.5246311565191287,0.27184314940382615,-0.3714530421771957,-0.4707517267179937,0.342026059886053,-0.3155430037938193,-0.4386108221335158,0.47333800755563915,-0.21093554331721662,-0.35465159602920465,0.7071947216443564,-0.11071556980803844,-0.34600641822263367,0.11470404507286502,-0.11470404507286502,34.0,12.0,0.2777777777777778,0.2777777777777778,0.36508657273232703,0.9319729684849073,1996-02,-0.6265122265122265
1996-04,-0.6137593888878797,0.16539759342919394,-0.47798855046432737,-0.5559702516934678,0.26634361674854434,-0.39512442930370756,-0.503715148849252,0.3349465646551654,-0.33880994756007426,-0.47358470292292665,0.4637047109039191,-0.2331155350380477,-0.3945340556012631,0.6924164549604372,-0.12775000938040335,-0.399348975562268,0.117405009540684,-0.117405009540684,33.0,99.0,0.2777777777777778,0.25,0.40272584471350287,0.929855970870271,1996-02,-0.6491634491634491
1996-05,-0.5908240950374485,0.16274818313221281,-0.4566904690301882,-0.5307562270196404,0.26279469828429525,-0.3742342376396518,-0.4753197964826078,0.32944885317984013,-0.3192992865236328,-0.4443798652812727,0.45484692690823614,-0.21594883431089582,-0.3631536650300386,0.67928915870718,-0.1090593334809184,-0.32810610772210175,0.11000013603706305,-0.11000013603706305,32.0,12.0,0.2777777777777778,0.2777777777777778,0.4083709888612166,0.9524058928816485,1996-02,-0.6146718146718146
1996-06,-0.5935675325592005,0.16142549032963402,-0.46127970417578995,-0.5356319005725039,0.2608886310514781,-0.3797698827503267,-0.4813236960531283,0.3284724336770988,-0.32438510761363865,-0.4508937024652727,0.4559275998285379,-0.21993588393780758,-0.3703438804537124,0.6798648016986972,-0.11035925736777606,-0.3277194240846149,0.10737387537273868,-0.10737387537273868,31.0,12.0,0.3055555555555556,0.25,0.43930878342542906,0.9158756552000324,1996-02,-0.6290862290862291
1996-07,-0.5435765954570592,0.15651953842425942,-0.4244822579183538,-0.4822065805996464,0.2515584899197423,-0.35216795720755273,-0.4317430526740533,0.32271805425092703,-0.29802327176518995,-0.4003538932092172,0.45676337171278947,-0.1960293709142043,-0.3173015489852808,0.6786514169177305,-0.09551174567290041,-0.25273546075301995,0.09045290573272402,-0.09045290573272402,30.0,12.0,0.3333333333333333,0.2777777777777778,0.38030053697093064,0.8780071619502454,1996-02,-0.6157014157014157
1996-08,-0.5543266996008263,0.15418967422825197,-0.4359317024248203,-0.4949206464385467,0.24832048054448413,-0.3636530845227698,-0.44581360729208414,0.31583587537712987,-0.3118111890096176,-0.4172753025607153,0.4430047636285977,-0.21416418222549122,-0.3424555171393257,0.6593774257727778,-0.11588454960140113,-0.29653688604705775,0.08904019790117856,-0.08904019790117856,29.0,99.0,0.3333333333333333,0.25,0.415189943441858,0.8569682954446536,1996-02,-0.6277992277992278
1996-09,-0.5582170513009708,0.14879823577571064,-0.4406124357392525,-0.5000407500292671,0.240014150406888,-0.36851875453808575,-0.4514592958787483,0.3084073113539472,-0.3144633327227782,-0.42331246977325454,0.43782126229724405,-0.21217933809295814,-0.34723910442092726,0.6513378426862964,-0.1050729891703043,-0.24515128340445372,0.08479914673510702,-0.08479914673510702,28.0,12.0,0.3611111111111111,0.2777777777777778,0.40625535776172805,0.9076980912750484,1996-02,-0.6355212355212355
1996-10,-0.581236704718,0.14418760978623957,-0.4655753457843808,-0.5273562359113716,0.23356534916913,-0.39388020630072096,-0.4819383085667914,0.29431448085486284,-0.3451497561932125,-0.4527882492106365,0.41384518093568945,-0.24926715417122755,-0.3965476354683292,0.6369510529830795,-0.13153461324915555,-0.30631877255834783,0.08181411555964269,-0.08181411555964269,27.0,99.0,0.3611111111111111,0.25,0.429570725892533,0.8966452295615852,1996-02,-0.6687258687258687
1996-11,-0.6007409689972976,0.14826171062274812,-0.4804454723272412,-0.5462269482357693,0.2418071195566943,-0.4045452862195409,-0.5003833782770192,0.31903687965098065,-0.3418831713064675,-0.4635008953538458,0.4223780865494589,-0.2580349426699627,-0.40461019986825636,0.6521413106388803,-0.13810031080047075,-0.337570589407017,0.08034183202396927,-0.08034183202396927,26.0,99.0,0.3333333333333333,0.25,0.4095615970780749,0.9152588255040034,1996-02,-0.6761904761904762
1996-12,-0.6008051358801856,0.1479931077462836,-0.48069088655563824,-0.546523420124273,0.24148787192303747,-0.40480861348303715,-0.5005738984885328,0.3187878591303245,-0.3420703544006066,-0.4636311870280973,0.42203154325098613,-0.25827565744138037,-0.4049273259672234,0.6511994678753957,-0.1379834430539886,-0.3364782839453913,0.07974605466378237,-0.07974605466378237,25.0,99.0,0.3333333333333333,0.25,0.4099188846918479,0.9154611006678935,1996-02,-0.6697554697554697
1997-01,-0.5643613787409245,0.1425559599023945,-0.44803337425349454,-0.5074970979658271,0.23318305641979423,-0.3740801751197855,-0.4582533204194708,0.30921296097161555,-0.3120385243607519,-0.41854332627787205,0.40980697575032976,-0.22995215623837428,-0.35628866970846723,0.6303950057949473,-0.10989358173979374,-0.2510472406427162,0.07190869380293508,-0.07190869380293508,24.0,12.0,0.3611111111111111,0.2777777777777778,0.44039632758285074,0.9291004435292639,1996-02,-0.6193050193050194
1997-02,-0.564736664160226,0.14916851192572422,-0.44419861307067604,-0.5053217894617648,0.24539452228349087,-0.3664416146069284,-0.4527628659977456,0.316411780134295,-0.3090549601143072,-0.4156839564999809,0.4158414530915485,-0.22870918979043064,-0.3488870794417963,0.6224647947309835,-0.12375170142066198,-0.28291456753454214,0.07006096936237893,-0.07006096936237893,23.0,99.0,0.3611111111111111,0.2777777777777778,0.4258269047334471,0.9240020112670148,1996-02,-0.6144144144144145
1997-03,-0.5448512839777035,0.16204618309782082,-0.4153937329639228,-0.4765416828093449,0.2358315276061213,-0.35644714244172276,-0.4409571624999865,0.2935135934078029,-0.3103653475277772,-0.41097632365519593,0.38860722560743605,-0.2343957164866172,-0.3556276154765633,0.5997104690940269,-0.13373254378848085,-0.29945780131250327,0.07319528637593231,-0.07319528637593231,22.0,99.0,0.3611111111111111,0.2777777777777778,0.4445728913756257,0.904443225114457,1996-02,-0.602059202059202
1997-04,-0.48976492729642557,0.07994860102106295,-0.42951948777613824,-0.4562713010011578,0.1559030306843731,-0.37228386463654983,-0.4409571624999864,0.220987085768632,-0.3232396355413997,-0.41097632365519593,0.3242194882502925,-0.24544863756503318,-0.3556276154765633,0.5615435526079045,-0.14151632245608228,-0.2994578013125034,0.07394365549388321,-0.07394365549388321,21.0,12.0,0.3611111111111111,0.2777777777777778,0.4616276250956403,0.8368480271665882,1996-02,-0.5760617760617761
1997-05,-0.4798816988474892,0.08411517848016194,-0.42151411647008774,-0.4881168453658427,0.1631959321731617,-0.36663992504538834,-0.47253095600711165,0.23366662985123363,-0.3177402576341387,-0.44390601937994384,0.35233036051331773,-0.23539941024162608,-0.3722959441153465,0.5704797036844276,-0.14988819043963617,-0.33511031999159646,0.05816023854254149,-0.05816023854254149,20.0,99.0,0.3333333333333333,0.2777777777777778,0.3745332759297756,0.7900458545753799,1996-02,-0.5961389961389961
1997-06,-0.49904984480578773,0.07981157860878277,-0.44377250017144504,-0.48123225633520794,0.15820491111452561,-0.3894774300388802,-0.49444776150111025,0.2308807763115778,-0.33914226668133696,-0.46663372365327843,0.34562495868823495,-0.2596706683921838,-0.4013822945239173,0.5639047224903304,-0.17174666228029375,-0.37629860375221286,0.05555011136396204,-0.05555011136396204,19.0,99.0,0.3333333333333333,0.2222222222222222,0.42338672414589906,0.7447799414774915,1996-02,-0.601029601029601
1997-07,-0.5047425091330057,0.08761733495322555,-0.4451776346749047,-0.48479035428281103,0.16829737566043462,-0.39032893951013053,-0.4558038572221543,0.23891653210471597,-0.3423199331852269,-0.4693952837592005,0.3538157181577675,-0.2642080436117579,-0.40551226552676717,0.5972431163131351,-0.16260290599688781,-0.3689661502267942,0.0546046251398703,-0.0546046251398703,18.0,99.0,0.3333333333333333,0.25,0.3404474913845132,0.7677783423005856,1996-02,-0.6131274131274131
1997-08,-0.508418343441324,0.083241084609513,-0.45112479240561476,-0.48960030910486757,0.1592052811983188,-0.39883981084195547,-0.4632393019607862,0.23094779110562852,-0.3494605509237758,-0.47674517343602585,0.3465328983881516,-0.2699051093515699,-0.4172031473070555,0.5817316548081887,-0.1713680655317832,-0.3857956430110591,0.05476035396178158,-0.05476035396178158,17.0,99.0,0.3611111111111111,0.2222222222222222,0.39345728936625235,0.7479392976920127,1996-02,-0.6030888030888031
1997-09,-0.49854402989719315,0.08890437762639124,-0.43796328621931047,-0.4761295815576198,0.16864595448269695,-0.3836262090474434,-0.4481056336939501,0.23809550921420566,-0.3363022663343719,-0.4619599297404,0.3536534277303028,-0.25755940992529436,-0.39671204691054346,0.5994923803791643,-0.15723699753002565,-0.3643526618780683,0.05701091863112118,-0.05701091863112118,16.0,99.0,0.3333333333333333,0.2777777777777778,0.3200235519950785,0.7942029448597133,1996-02,-0.5951093951093951
1997-10,-0.4723489739867769,0.1011401832954081,-0.40544072411234255,-0.44325279624757374,0.19062077897956256,-0.3462457547156393,-0.4092011384823973,0.2576992025801304,-0.30187071226252055,-0.42209888204553925,0.38116522783747014,-0.22019303085281752,-0.3474126947078208,0.6245527489007535,-0.13225803633243838,-0.3194323679368849,0.06000760752110501,-0.06000760752110501,15.0,99.0,0.3333333333333333,0.2777777777777778,0.3310838286472083,0.7631943221542028,1996-02,-0.5861003861003861
1997-11,-0.4258174939849258,0.1082616998394504,-0.35589277273260017,-0.3886661739816548,0.20160750252895776,-0.295602021314342,-0.3497377902603688,0.27108617727294365,-0.2507267147963498,-0.30510843000645105,0.395282430866041,-0.24822281060968723,-0.40432056318761356,0.6263927458440186,-0.09895188305786015,-0.24380473077287387,0.06113734889150746,-0.06113734889150746,14.0,99.0,0.3611111111111111,0.3055555555555556,0.35010906016775983,0.7501924780527105,1996-02,-0.54002574002574
1997-12,-0.45234341251423676,0.11274689291489055,-0.37993067037633604,-0.4177962144409404,0.21269222017727513,-0.31573985301693974,-0.3771651212495909,0.28644835959979487,-0.2683692854827935,-0.3311268217706582,0.41249661063065757,-0.2641629071559374,-0.43741504060548153,0.650619717814244,-0.11122612360681455,-0.27984489676613583,0.06156587219138948,-0.06156587219138948,13.0,99.0,0.3333333333333333,0.2777777777777778,0.33235282820156953,0.7367518353851531,1996-02,-0.5678249678249678
1998-01,-0.42220641396622954,0.11053230073398986,-0.35023549731698855,-0.38384794726767013,0.20591665603264028,-0.2881278650750612,-0.3420176549423843,0.2770881601560212,-0.24178595092824193,-0.29484495448045966,0.39874063513366087,-0.24137457621877495,-0.3977831544180891,0.626375304132342,-0.09315477367969983,-0.23920403748158434,0.06180014221654595,-0.06180014221654595,12.0,99.0,0.3333333333333333,0.25,0.44512954113400444,0.6956811244082991,1996-02,-0.5263835263835264
1998-02,-0.37989019594675616,0.1083375308594658,-0.31073842056099776,-0.3390706550578035,0.20512721316837917,-0.24895762938377217,-0.2928174049748794,0.27628695534528064,-0.20353641229965014,-0.24328711488731164,0.3989443294998052,-0.19804806371906453,-0.31554487368872286,0.6308688092036636,-0.050010819379940785,-0.12712338646412272,0.054941964389865205,-0.054941964389865205,11.0,10.0,0.3611111111111111,0.3055555555555556,0.4111054702656858,0.7127326812423602,1996-02,-0.46563706563706564
1998-03,-0.35675114091740656,0.10332462260440065,-0.289937697554435,-0.31573344250568813,0.19908570303410494,-0.22801511451086032,-0.26650432571678967,0.26839357426551347,-0.1831981346622389,-0.21587749680623933,0.3925212026548297,-0.10293271428008555,-0.15689063410566645,0.6197533302614745,-0.06989696388491845,-0.14987513648329373,0.04981382464526679,-0.04981382464526679,10.0,9.0,0.3888888888888889,0.3333333333333333,0.4227490732264892,0.7316366171177959,1996-02,-0.42625482625482625
1998-04,-0.3520852460998196,0.1022910491827581,-0.2860871943965206,-0.3114133018530084,0.19794004351787814,-0.22437458782994468,-0.261805336365701,0.2683484671237334,-0.1789471646232007,-0.24422825965154055,0.3938171984022128,-0.09799490261961386,-0.14904424433415586,0.6226471701909367,-0.06401335164947745,-0.1370229841077025,0.04880703639077655,-0.04880703639077655,9.0,9.0,0.3888888888888889,0.3888888888888889,0.3663918143073554,0.7932940460816666,1996-02,-0.41364221364221365
1998-05,-0.3506787733450148,0.0965281671708055,-0.28694023588225,-0.3109747520118905,0.18733311623614504,-0.22698079795400058,-0.2644887922379747,0.2658854583264212,-0.1751118819074596,-0.23903262183708746,0.3925979191773752,-0.09144234616815114,-0.14115184004097647,0.6273274742735484,-0.05198753378042044,-0.1145784647967501,0.04893504104431046,-0.04893504104431046,8.0,8.0,0.3888888888888889,0.3888888888888889,0.387039336315915,0.8041958079771969,1996-02,-0.3958815958815959
1998-06,-0.33389565524535536,0.09178389837697075,-0.27039093013566734,-0.2921635478588881,0.1782355685342093,-0.21057554153602207,-0.24554623872349807,0.26250926961302434,-0.15226707659148916,-0.2092824593111217,0.3942697739913002,-0.061102779162216944,-0.09651738950613949,0.6304108157473612,0.03431719928668556,0.06800165125674258,0.04965886291515609,-0.04965886291515609,7.0,7.0,0.3888888888888889,0.4166666666666667,0.4176646913896774,0.8548246811634572,1996-02,-0.37425997425997426
1998-07,-0.34485754302907373,0.09513663591917497,-0.2798747681612186,-0.3026316576221911,0.18436667332022214,-0.21892647651877814,-0.25655695710484167,0.2671911649447351,-0.16235347243071263,-0.2233162416859853,0.39753617260657104,-0.07332173185882677,-0.11587945824548881,0.6375570255690306,0.021583504522752303,0.03803749097818277,0.05065364960448587,-0.05065364960448587,6.0,7.0,0.3611111111111111,0.3888888888888889,0.42273657305965656,0.8176511831296716,1996-02,-0.3806949806949807
1998-08,-0.2504932386243384,0.09322441819941656,-0.19246930546312874,-0.2040162684605601,0.1745166021387997,-0.1418721299748611,-0.1614996281135859,0.253000359948625,-0.09302295070021503,-0.12257450042574679,0.3843314089894357,-0.011281019147101392,-0.017344146363875292,0.6440549576322891,0.009236875356071853,0.02296512616388672,0.0814239769065232,-0.0814239769065232,35.0,6.0,0.3611111111111111,0.4166666666666667,0.433904427939703,0.7274204652832088,1998-08,-0.33178893178893176
1998-09,-0.06598247055249118,0.20178075499048073,-0.20003998041911367,-0.23694603981321863,0.2779183201559612,-0.14945630412216687,-0.19007600938213656,0.3422320841839534,-0.10672803176463237,-0.14941831144894252,0.4614653091468545,-0.027512800199821344,-0.04667714721412436,0.6962743570427996,0.003892358280436576,0.008588398296968478,0.1709635692607274,-0.1709635692607274,35.0,2.0,0.3888888888888889,0.4722222222222222,0.6159893547044187,0.6726950262795953,1998-09,-0.19588159588159587
1998-10,-0.06447114365123062,0.2012546372528518,-0.19610806758336585,-0.23148709876845713,0.2788151979474283,-0.14537714397508986,-0.1842358710312576,0.34168918912827173,-0.10425243297534294,-0.14533313171424164,0.4611172841003682,-0.026136732051393618,-0.04386242798018489,0.694413516410587,0.004823829922893414,0.01133421390243916,0.1670159551172265,-0.1670159551172265,34.0,2.0,0.3888888888888889,0.4722222222222222,0.6069517807226562,0.6618247526356962,1998-09,-0.1879021879021879
1998-11,0.051978239221180375,0.17721870722430463,-0.07073266750400047,-0.08517715053610228,0.32790981120477597,-0.17507516212257165,-0.23071477428972156,0.39213555490315954,-0.13060356334066353,-0.18389312693862012,0.5031946577377417,-0.05370331154237236,-0.09515328087349542,0.7139973329832372,-0.016784135916999288,-0.04878537972094277,0.1371553897572826,-0.1371553897572826,33.0,1.0,0.4166666666666667,0.4722222222222222,0.7662988658360933,0.5898864392880143,1998-09,-0.11016731016731017
1998-12,0.050144583687832645,0.17734203691748418,-0.07336697749759286,-0.08832662592828983,0.3265382523662859,-0.17727611158300288,-0.2336559364832386,0.39040672178970526,-0.13279430396352357,-0.18702504229648548,0.5016005680383763,-0.05535228410685692,-0.09793385916760425,0.7116576867941843,-0.01852560197409194,-0.0534871604707743,0.13847120961612247,-0.13847120961612247,32.0,1.0,0.4166666666666667,0.4722222222222222,0.7685631133793014,0.5952901314933674,1998-09,-0.11248391248391248
1999-01,0.05752737363322755,0.17890673593570453,-0.06836962236499543,-0.08287888622359145,0.3216714293064856,-0.16883339716913767,-0.22195272807281155,0.38496318887332986,-0.12429487066127548,-0.17477692047640472,0.49733600678389445,-0.04521791398436372,-0.07900810461249852,0.7030298072771629,-0.009585773703542572,-0.026123066161002052,0.14040625985681898,-0.14040625985681898,31.0,1.0,0.4444444444444444,0.4722222222222222,0.7836182893473741,0.5951606758811787,1998-09,-0.08854568854568855
1999-02,0.009564184908227793,0.17675753861003832,-0.11336796232757464,-0.1341348679162146,0.32145008405055864,-0.21399940039743529,-0.28154315612130054,0.3822643125931268,-0.17170404057280964,-0.24106308503654336,0.4932600898523685,-0.0945081860713003,-0.16467624632718755,0.701654792261717,-0.010920425850791157,-0.03081071413859655,0.14369905282444245,-0.14369905282444245,30.0,1.0,0.4166666666666667,0.4444444444444444,0.7711471159102321,0.600180369138787,1998-09,-0.16756756756756758
1999-03,0.05897603318426961,0.18553429335501012,-0.07097602883553523,-0.08650582363163843,0.33895296244844725,-0.17843364241470097,-0.23813251892122123,0.4056823563148241,-0.1316949927911799,-0.1885356230809691,0.5086501458210224,-0.05957422025912792,-0.09553836053036778,0.7095838364351887,0.019964416157235414,0.05375224483619888,0.14548185681590808,-0.14548185681590808,29.0,1.0,0.4444444444444444,0.4722222222222222,0.7817319445023463,0.5908043102679186,1998-09,-0.11557271557271558
1999-04,0.0795120304100733,0.1920455370395345,-0.0534911864514736,-0.06658531841812061,0.35271770700038574,-0.16476643811493302,-0.22110055693267447,0.42569752354702944,-0.11422347566810996,-0.16500963976237967,0.5281353966361597,-0.043279017081163156,-0.07358847912404778,0.7302354127479318,0.03886481099378024,0.10734245526596133,0.14609734882819395,-0.14609734882819395,28.0,1.0,0.4166666666666667,0.4722222222222222,0.7947808874939843,0.5646502117392194,1998-09,-0.0990990990990991
1999-05,0.04217187830730803,0.18241655289461559,-0.0861897751514571,-0.10382779790533606,0.3349261278707486,-0.19350668746883584,-0.25724120582779597,0.4025210416244027,-0.14594195303470664,-0.20813494715024508,0.5026111163205408,-0.07551124223057315,-0.12965520894918312,0.7125189866828079,0.01426207977453669,0.04980097669707881,0.14599967621264406,-0.14599967621264406,27.0,1.0,0.3888888888888889,0.4444444444444444,0.8157681380439635,0.5788137233973818,1998-09,-0.13307593307593307
1999-06,0.008781561116524601,0.17427069365253328,-0.11478657172375983,-0.13588617276721043,0.31807053824401355,-0.2167490872016684,-0.2849767126158884,0.38039743763841805,-0.1725556636117758,-0.24240322828419225,0.4862064470691342,-0.09753087625939254,-0.1635315660905859,0.6977483622881553,-0.006178571061831338,-0.008651756682531615,0.14466773388373502,-0.14466773388373502,26.0,1.0,0.3611111111111111,0.4444444444444444,0.7851376685516757,0.6127424028874224,1998-09,-0.16293436293436295
1999-07,6.829031241191878e-05,0.1768671448738615,-0.1304950120129473,-0.15520579713461743,0.31613842482711946,-0.23330505195985357,-0.3097971176514537,0.38071286935238957,-0.18563620578122697,-0.2655674370439687,0.48739733766554066,-0.1068817457613961,-0.18320718339827316,0.6979005817410022,-0.011950618565154295,-0.02332030335094555,0.15527408744702936,-0.15527408744702936,25.0,1.0,0.3333333333333333,0.4166666666666667,0.861312846918172,0.6151096448970554,1998-09,-0.1812097812097812
1999-08,-0.030613486570282778,0.16904495526821023,-0.1559742771173155,-0.18377733402669533,0.3014992486803584,-0.25420007100244124,-0.3337036482441448,0.3587630524966592,-0.21173423281903087,-0.2965438338556542,0.4613083781737875,-0.13568840776976232,-0.22523341805191052,0.6762232326200078,-0.04021399674169715,-0.11469639893930536,0.15316384745641254,-0.15316384745641254,24.0,1.0,0.3333333333333333,0.4166666666666667,0.8294639180637514,0.6434967048055317,1998-09,-0.20025740025740027
1999-09,-0.03036551424857707,0.16626257487874854,-0.15372732329531763,-0.18080924020126565,0.3029700376243684,-0.25516013177184,-0.3351221325470386,0.3612924411526041,-0.21188666982501203,-0.29665485072164777,0.4624010525690246,-0.13686713386732718,-0.22805878874262298,0.6760413380375235,-0.03841513605123677,-0.10607246131939055,0.1504437259526886,-0.1504437259526886,23.0,1.0,0.3333333333333333,0.4166666666666667,0.830204997352095,0.6436127599515057,1998-09,-0.19768339768339768
1999-10,-0.033529178770302,0.16701709548190163,-0.15806163810502263,-0.18661906032994643,0.30016005711490756,-0.25733662793421225,-0.3391589878904312,0.3581125880742614,-0.21412565492443486,-0.3053864297899472,0.4583848603945885,-0.1393599392406514,-0.22346621206943837,0.673959666954609,-0.046485337256529036,-0.1326293300283622,0.1530898815596444,-0.1530898815596444,22.0,1.0,0.3333333333333333,0.4444444444444444,0.778857014771594,0.6817616746653037,1998-09,-0.21364221364221364
1999-11,-0.011619026269253508,0.1747257679791721,-0.14071499987280858,-0.1681963501091296,0.3071562953025583,-0.23856117366488871,-0.31583133857862855,0.36845075851760306,-0.19327381567086502,-0.2752722221124575,0.4716670520421029,-0.19074059626332326,-0.34946388457231836,0.680212698805064,-0.03665683620306253,-0.09925748329395123,0.15657732383987608,-0.15657732383987608,21.0,1.0,0.3333333333333333,0.4166666666666667,0.8484350672253199,0.6253900918001748,1998-09,-0.1745173745173745
1999-12,-0.0013933134868962154,0.17541049006493184,-0.1301367780564042,-0.15564704694597892,0.30402738201183754,-0.22453583175768047,-0.2958235013643343,0.3657417657762543,-0.1792402306983477,-0.25338510102388806,0.46927846733164674,-0.17872072951137602,-0.32646090703423014,0.6758079965772832,-0.027137280191154786,-0.07260063536951424,0.15425373345908272,-0.15425373345908272,20.0,1.0,0.3333333333333333,0.4444444444444444,0.8012397083573932,0.6434300652879831,1998-09,-0.14954954954954955
2000-01,-0.040908746451407206,0.17120330147802357,-0.16566285846462517,-0.19585127110266612,0.29793970689997396,-0.25801439363751527,-0.33795987123247717,0.3604271846722717,-0.21248040139479335,-0.29994319855739865,0.46138637398092675,-0.21359122572896777,-0.3841263124054596,0.6648392338017676,-0.0653371871422365,-0.17300756602527023,0.15494252465125893,-0.15494252465125893,19.0,1.0,0.3055555555555556,0.4166666666666667,0.8024113143204314,0.6413321828859867,1998-09,-0.19768339768339768
2000-02,-0.005683997032109527,0.16776464485385828,-0.1258967194866476,-0.14918405798518725,0.2978133167112592,-0.21908384427800973,-0.2861789289574111,0.3625694424863291,-0.17268246941257953,-0.2424148848277217,0.46491306560641954,-0.1720402234392604,-0.2937360998508546,0.6627319614678717,-0.03029195433779828,-0.07717659947036697,0.1435000609530777,-0.1435000609530777,18.0,1.0,0.3333333333333333,0.4444444444444444,0.7775159898343814,0.6319597866736969,1998-09,-0.13925353925353925
2000-03,-0.0015240495613669707,0.16701345476071988,-0.12117022008024207,-0.14324253224083502,0.30225330720806043,-0.218054213468945,-0.28436321754113947,0.3610549389322671,-0.17592952317891936,-0.24609623478288142,0.4618138290078781,-0.10374722289328703,-0.16006263022307202,0.6668837012181031,-0.022030416565850416,-0.026022828759769558,0.14171848267946802,-0.14171848267946802,17.0,1.0,0.3333333333333333,0.4722222222222222,0.7358877316309276,0.661233324861769,1998-09,-0.12483912483912483
2000-04,0.04370189791833101,0.17440259711233172,-0.07799542346712564,-0.09357377439380936,0.32022594109326574,-0.17975027489585424,-0.23561066261797264,0.37615388124335525,-0.1407240182943649,-0.19756562254700255,0.47715758338722514,-0.07024410455198898,-0.11644570138016178,0.6843653337806719,0.014811418999197747,0.08349380163921248,0.13727567231214038,-0.13727567231214038,16.0,1.0,0.3333333333333333,0.4722222222222222,0.7633059910504301,0.6024544958271433,1998-09,-0.09214929214929216
2000-05,0.009566952325200655,0.16719945321748952,-0.10776799631107259,-0.12692362222552495,0.3065778794201651,-0.20557908459389518,-0.2700635782476333,0.4070840607163561,-0.13504722941685346,-0.19756562254700258,0.5064389276383314,-0.13179274096473925,-0.23948481808768096,0.6924894813025435,-0.0012287245289665152,0.0452347223880155,0.13649057455072558,-0.13649057455072558,15.0,1.0,0.3333333333333333,0.4722222222222222,0.7322548616048609,0.637552069257927,1998-09,-0.11402831402831402
2000-06,0.018892156688353017,0.16806114596149943,-0.09604402721435173,-0.11301964011849089,0.31284172527170007,-0.19505874708868529,-0.2563695199961434,0.41482141506296355,-0.1253153432035624,-0.18305798986182625,0.514605758935912,-0.12080181406659912,-0.21978786074559062,0.6926821960618941,0.000983777773522768,0.05266665730657032,0.13191179680684387,-0.13191179680684387,14.0,1.0,0.3333333333333333,0.4722222222222222,0.7234574069034851,0.6125026543824682,1998-09,-0.09678249678249679
2000-07,0.05946588952717984,0.17793031558875438,-0.05870377198162765,-0.07099342124327795,0.33181366372243176,-0.16090301273848456,-0.21430379565289065,0.4360726406748298,-0.09166102901607663,-0.13603943716735392,0.5309867886104019,-0.09736137426319187,-0.17647317943987262,0.6980880399489173,0.013616332054205024,0.08866658192563585,0.13045931077045778,-0.13045931077045778,13.0,1.0,0.3333333333333333,0.4722222222222222,0.744882755836721,0.5569316166196296,1998-09,-0.05945945945945946
2000-08,0.06649229997007268,0.17545861164555676,-0.04908692056488943,-0.059660521407743694,0.3331874361257397,-0.15298706213298813,-0.2031119016561145,0.43970039969304386,-0.08282416052034682,-0.12256539795071886,0.5333807917814691,-0.08444924628732649,-0.15067144505370647,0.7021219684389722,0.026705022444859963,0.19275917162369288,0.1261528213778164,-0.1261528213778164,12.0,1.0,0.3055555555555556,0.5277777777777778,0.6679645969947415,0.6096527555263259,1998-09,-0.036293436293436294
2000-09,0.0669613083699938,0.17526181119055842,-0.04718841714136136,-0.05739586442994627,0.3340806471304168,-0.15062867263921406,-0.19956345995892544,0.4392489501153617,-0.08213153206605302,-0.1211757184228929,0.5328284190449686,-0.0846592879145323,-0.14924282535847563,0.6997712396153276,0.02407219793938365,0.11800359964148692,0.12435717279994005,-0.12435717279994005,11.0,1.0,0.3333333333333333,0.5277777777777778,0.6615654436653063,0.6015351550994725,1998-09,-0.044015444015444015
2000-10,0.0771997551778315,0.1709714903526067,-0.029958273707249246,-0.037384125810881096,0.3311298927572231,-0.13033909553706027,-0.1700450532370774,0.43081499831041603,-0.06786049516777647,-0.09830898274055953,0.5221598652147328,-0.07210257553480916,-0.11888993642438729,0.683635249677972,0.02910367748933719,0.10131038847199934,0.11458388098871258,-0.11458388098871258,10.0,1.0,0.3611111111111111,0.4722222222222222,0.72466407810181,0.5061735735003509,1998-09,-0.021364221364221364
2000-11,0.06710024720668567,0.17476326190242852,-0.04177781760783387,-0.05095243805937377,0.33499442666533963,-0.14160233994996219,-0.18525669173246057,0.4354792577596953,-0.07899997241761712,-0.1147694576132258,0.5288279288461506,-0.08486851452529859,-0.14228251158626404,0.6932713119110333,-0.01646799410940698,-0.025300388598818266,0.1180526852660594,-0.1180526852660594,9.0,1.0,0.3611111111111111,0.4722222222222222,0.7104005685829842,0.512015842825091,1998-09,-0.05019305019305019
2000-12,0.13096635793826233,0.15543282707899186,0.0332148822933324,0.034920712908620484,0.3084030286688383,-0.06298785181450609,-0.08031319131355272,0.4100637765652733,-0.12692214618974412,-0.18126975124904351,0.5426658158996683,-0.09601798293015076,-0.17751901205728315,0.7073744785659061,0.0075670520312564145,0.0024137229038570683,0.09604564502964184,-0.09604564502964184,10.0,2.0,0.3888888888888889,0.5277777777777778,0.6998755498280383,0.51257723052315,1998-11,0.022136422136422137
2001-01,0.12745114203036426,0.15542274366135592,0.028629957526501597,0.028918643401198693,0.30888261853603455,-0.06894319201184955,-0.08829920099956723,0.4123236151558518,-0.13471324323744774,-0.1942151708026113,0.5468100843558292,-0.10526323870417428,-0.1971649091146538,0.7125995165956328,0.0001493134500817561,-0.017484528396367105,0.09853249862916558,-0.09853249862916558,7.0,2.0,0.3888888888888889,0.5277777777777778,0.7030146459065749,0.5233228412448337,1998-09,0.021879021879021878
2001-02,0.12752754156596308,0.16205627692738625,0.02476494549868709,0.025357738066700036,0.31402409304246504,-0.07160038880834112,-0.0925674781139361,0.41362078843305256,-0.13475631940302246,-0.1950935194274032,0.5437635549991933,-0.10647607070767938,-0.19947699369751054,0.7156789379336177,0.002538349401189777,-0.007608387549617505,0.10216980349926306,-0.10216980349926306,8.0,2.0,0.3888888888888889,0.5,0.7404874842415684,0.4925172645299736,1998-11,0.010038610038610039
2001-03,0.16075517133495204,0.1668693502329282,0.059366299295671485,0.06510260523908859,0.3012942533086693,-0.022309510419020916,-0.027427429228331506,0.39020334159379216,-0.07633016887239467,-0.11395025906714927,0.5522089059369301,-0.08175082343166054,-0.15397362184279553,0.7395969042110212,-0.05029291237034005,-0.15264138671688066,0.09565256609586345,-0.09565256609586345,7.0,2.0,0.3888888888888889,0.3888888888888889,0.9604368840619683,0.3554402445520106,1998-11,0.02882882882882883
2001-04,0.1588928323992381,0.16303851590178228,0.059939874426625434,0.06597963089392013,0.29617305305468156,-0.020863463279971458,-0.025493748969990526,0.38693336503597864,-0.07594861470809681,-0.11362009816000912,0.5440341248345267,-0.08282936460161543,-0.15534006558077598,0.7346505048758042,-0.05171490240979877,-0.1563261103015197,0.092913201505318,-0.092913201505318,6.0,2.0,0.4166666666666667,0.4444444444444444,0.8376186660237416,0.39203247612032666,1998-11,0.008236808236808236
2001-05,0.19839163450866004,0.1417092538761458,0.10815178785301297,0.12007346341222168,0.26830306893000133,0.02753738797763362,0.035765556680286865,0.3549928898167973,-0.027666319115956687,-0.04204151100278855,0.5083784951492777,-0.12534161642917332,-0.21675226771873718,0.7213914607539692,-0.037669646008104025,-0.12011618960697983,0.07831817109643842,-0.07831817109643842,5.0,3.0,0.4444444444444444,0.4722222222222222,0.8597516906653137,0.4037932386056437,1998-11,0.0537966537966538
2001-06,0.2042545884125448,0.14096194877163562,0.11417127994472576,0.12690437655957829,0.2651692317874472,0.03479522784438396,0.04490282681369314,0.3509870041796974,-0.020047578528535174,-0.03088234236308809,0.5023151696670337,-0.11675553362037014,-0.20061298166789185,0.7134189834566141,-0.029617270086591572,-0.09665392532623555,0.07735021185296653,-0.07735021185296653,4.0,3.0,0.4722222222222222,0.4722222222222222,0.8681191671637496,0.40047974986024604,1998-11,0.08906048906048906
2001-07,0.21233374042357203,0.1449077412816293,0.11998509724249955,0.13424686548643328,0.2656239581097878,0.04305353557826524,0.055627305687442175,0.3504175817939569,-0.010984820332760136,-0.01769398734516686,0.5011843746458731,-0.10706739420696475,-0.1840078914233886,0.7141098520689259,-0.018160033959571567,-0.04897503027435502,0.07808687493713873,-0.07808687493713873,3.0,3.0,0.5,0.5,0.8260256891191038,0.41315452718438045,1998-11,0.08983268983268983
2001-08,0.213247510610263,0.14641850826473637,0.11805285010801145,0.13296991780541864,0.27053124712560594,0.037360387250086016,0.04881449872408934,0.35562907704406244,-0.01796635473473745,-0.02864408042944415,0.5097082021731765,-0.11814160020732424,-0.21117905603140324,0.7157242181165584,-0.021717679222043706,-0.06557488317211703,0.08027759280484431,-0.08027759280484431,2.0,3.0,0.5,0.5,0.8394186776719267,0.424770740374193,1998-11,0.08828828828828829
2001-09,0.20432610079695732,0.14429764879530463,0.11353689009885329,0.12576901258837922,0.26620366103973225,0.03683605177316929,0.04881449872408934,0.35266989526191056,-0.01756678307970463,-0.028644080429444167,0.5032615096118851,-0.11231603172465106,-0.21117905603140327,0.7108031255092639,-0.017794168891210965,-0.04140866118113333,0.07855708820857807,-0.07855708820857807,1.0,3.0,0.5,0.5,0.8103532615503534,0.41305251000071397,1998-11,0.06537966537966539
2001-10,0.20081916080569714,0.13987461575410906,0.11076743169797153,0.12238115774205055,0.26219079118940347,0.03201988314237454,0.04233951444343074,0.34921286552379366,-0.024005209202679217,-0.03853540684505661,0.49763550137967383,-0.11956018124309879,-0.22459372089691645,0.7021870015172806,-0.02398567082260207,-0.0688627883720267,0.07843800306364648,-0.07843800306364648,0.0,3.0,0.5,0.5,0.821160655574592,0.4306789540079585,1998-11,0.07207207207207207
2001-11,0.1327825896977702,0.13699696592814226,0.04928236042214399,0.05457902874051049,0.23378016187206196,-0.009707406224104403,-0.024071030414491164,0.3216034594810706,-0.06323607699729675,-0.09490953050997257,0.4753804466243142,-0.07222799542890296,-0.1350213006878829,0.6801191174604946,-0.03047027019143252,-0.0739635062013908,0.0782035609572597,-0.0782035609572597,33.0,2.0,0.5,0.5,0.721667734597341,0.4634793657405655,2001-09,0.0380952380952381
2001-12,0.1692441793792559,0.1422432131437256,0.0826827534183443,0.09362600763681196,0.2435825639797268,0.021013176920139997,0.016590059860037976,0.3268057791216389,-0.029631911984429698,-0.07561967969112322,0.470929823379717,-0.04002689577487971,-0.08017604816504205,0.6732048122159477,0.00600429866473939,0.013732331582253149,0.07561817174244397,-0.07561817174244397,32.0,3.0,0.5277777777777778,0.5277777777777778,0.716384963560628,0.45222164878693977,2001-09,0.08133848133848134
2002-01,0.1645544874971706,0.14226380773140315,0.07823126742050136,0.08870023921267785,0.24311631287120336,0.017035710129476758,0.011370561347136859,0.3288886190576943,-0.03500944303694966,-0.05581721983167076,0.47244910918958044,-0.04641434225259393,-0.09188690976148949,0.6889616559198647,-0.040609465799740285,-0.09695205306012683,0.07585424828449275,-0.07585424828449275,31.0,3.0,0.5277777777777778,0.5555555555555556,0.6749200557226361,0.4836871282532345,2001-09,0.05842985842985843
2002-02,0.17836142739321437,0.13509106122528414,0.09624400993784706,0.10918391368623641,0.23004073650261192,0.03852722208171185,0.04039309438074618,0.32134557058280233,-0.016973986568596264,-0.028113601467533885,0.4607424386150158,-0.02623030105161036,-0.05309625903066931,0.685206470942995,-0.02655838690976832,-0.06234382351052069,0.0691775137069779,-0.0691775137069779,30.0,3.0,0.5555555555555556,0.6111111111111112,0.6254090902239791,0.5368821447260741,2001-09,0.10038610038610038
2002-03,0.20738208007168113,0.12928214770663068,0.12650925021336232,0.14394339868139622,0.22047222762994897,0.06946502601668485,0.08115756798379492,0.31007713295505784,0.013412412478175158,0.017326097078790154,0.46794453240049344,-0.08534200614811098,-0.1519859220507885,0.69960336235937,-0.025666201910748195,-0.062343823510520674,0.06343868139028483,-0.06343868139028483,29.0,4.0,0.5555555555555556,0.5833333333333334,0.694112531364422,0.48786602374293475,2001-09,0.1425997425997426
2002-04,0.22302559714899875,0.125426028661721,0.14328495746679717,0.16286343229399333,0.21820960220185695,0.08429702980111778,0.10491879160375776,0.3062289908005321,0.028337972289822336,0.03832120596600904,0.4604898942113752,-0.06973467855612654,-0.12453161326914168,0.6988496888316943,-0.013250359167002962,-0.033236052405657225,0.06016216485500539,-0.06016216485500539,28.0,4.0,0.5833333333333334,0.6111111111111112,0.6831235604133772,0.5159158877770958,2001-09,0.1364221364221364
2002-05,0.22982600787821741,0.12111144617279689,0.15223341543247035,0.17256888190666664,0.2201266938536422,0.08879721677414579,0.11078963577927935,0.3124362681375741,0.029657148658417728,0.039291269022163657,0.46337471129625457,-0.06704473604781609,-0.11895446880045288,0.7095184058007588,-0.013959209483901043,-0.03754268020643652,0.057257125971550804,-0.057257125971550804,27.0,4.0,0.6111111111111112,0.6111111111111112,0.6924408090431018,0.5135562516579025,2001-09,0.13204633204633204
2002-06,0.2674253266939201,0.1085541626587471,0.19632408757017708,0.22078705844780716,0.21240751920248258,0.1283018012150027,0.15879794972635852,0.3103652802401821,0.06414103555682159,0.0853554499239689,0.44454898081248434,-0.023747140697571213,-0.04223412053573545,0.6984861340304143,0.015846170025891785,0.04346934513316601,0.05855220884526385,0.05855220884526385,10.0,5.0,0.6388888888888888,0.5833333333333334,0.7686744346807333,0.4521517796005466,2000-05,0.17786357786357787
2002-07,0.3331228125105886,0.10479685169055555,0.2627639675658603,0.2882084288486235,0.207305281908896,0.19394153033695918,0.23233598183136653,0.3026724441298143,0.12991362042098745,0.16793482983553953,0.45732184288349476,0.026084613230628557,0.04586091214170901,0.7016266343101869,0.0008809155662409093,0.001509463818096936,0.05364939838664384,0.05364939838664384,9.0,6.0,0.6666666666666666,0.6388888888888888,0.7642980479642446,0.455350512715925,2000-05,0.26383526383526384
2002-08,0.3215990302622581,0.10722167330821247,0.2532317353688299,0.27111625808082457,0.2102682159282294,0.18752661111843907,0.22491368612664558,0.3121387658952211,0.12257133001096181,0.15842433660393399,0.46164958233075687,0.02723939047273995,0.050050479224881685,0.7051428361910358,-0.0035741111829650104,-0.009362364933500511,0.05581696972994593,0.05581696972994593,8.0,6.0,0.6666666666666666,0.6111111111111112,0.7630196747307441,0.3950333417783812,2000-05,0.24066924066924067
2002-09,0.34438848054270554,0.10751198415218313,0.2757312384047603,0.29540006376607314,0.2101464295900214,0.21018879653014164,0.23743252023578545,0.30355291368074244,0.15053933841584322,0.19360169805826466,0.43815532855228395,0.06458212477995358,0.10206473333721386,0.6844037817044591,-0.029142210902113063,-0.07357801073223898,0.05453678498159087,0.05453678498159087,7.0,7.0,0.6666666666666666,0.6388888888888888,0.7479266480762622,0.39605508359687225,2000-05,0.28751608751608754
2002-10,0.34896863487192636,0.10920917957285427,0.27896939548512245,0.2994442353773365,0.2137681719908271,0.21195076235432328,0.24013845970052503,0.306441637469748,0.15255033356036724,0.19680273933629608,0.4399705598687215,0.06696299520084495,0.10641459957621434,0.6869080519965377,-0.0277898312489915,-0.07023723898412224,0.05643796928844269,0.05643796928844269,6.0,7.0,0.6666666666666666,0.5833333333333334,0.8249445248152195,0.3406621867068125,2000-05,0.2885456885456886
2002-11,0.3885843810329107,0.10235934927075997,0.31936469417655056,0.3426225176128795,0.19983527123531766,0.25344738576758535,0.2885680477481275,0.28956208273680467,0.192770350997428,0.24917645011818904,0.4187324948102912,0.10541989851279245,0.1675290776351727,0.6649345584582236,0.0037889118171712762,0.010360147704074698,0.05779557483312697,0.05779557483312697,5.0,8.0,0.6944444444444444,0.6666666666666666,0.7764358728233823,0.4195006343007753,2000-05,0.33719433719433717
2002-12,0.36871686362245293,0.11179153463822332,0.29444199931414805,0.3174993356003185,0.21850765279593257,0.2235392675346458,0.25592089060475975,0.30894582742551685,0.16345168424274956,0.21341842346781453,0.443510399487402,0.07404629802145456,0.12401634751502948,0.6938601703932219,0.031333238317969504,0.08679874553480121,0.058493074370195186,0.058493074370195186,4.0,8.0,0.6944444444444444,0.6111111111111112,0.8218015517107106,0.369610279346413,2000-05,0.32972972972972975
2003-01,0.37799774108329093,0.11726344434016801,0.29786263187752393,0.32396820640497825,0.23016138025150806,0.22071080954902125,0.25574816574898795,0.3185510833928003,0.16030734320237833,0.21239671145456523,0.45536131205707986,0.0668144164325089,0.11373689969198662,0.7038760185703282,0.021796738562842727,0.0627813052507981,0.0669421276272088,0.0669421276272088,3.0,7.0,0.6944444444444444,0.5833333333333334,0.884478726357885,0.3562754877066937,2000-05,0.3415701415701416
2003-02,0.3796802945098271,0.11733147595530757,0.29969876975261306,0.32595135961459115,0.229831689733393,0.22301057879427896,0.25834948758355347,0.31554582785169755,0.1645816925629,0.21635989659933544,0.449954093787662,0.07295940653944309,0.12097758644085298,0.6962279426391427,0.030131739791887213,0.08176191423793681,0.06442461119196408,0.06442461119196408,2.0,7.0,0.6944444444444444,0.6111111111111112,0.8442571197472833,0.3774890233283065,2000-05,0.3425997425997426
2003-03,0.41772850235840253,0.12151361910187666,0.335558103273479,0.36580403579179577,0.23722901397265553,0.25730860130753386,0.3009989796077068,0.32722558222334247,0.1964507815496307,0.260795690576705,0.4667613319661385,0.102093389121324,0.17338406486741015,0.724201973451894,0.0007326818166018561,-0.00592720829148005,0.0672630871890944,0.0672630871890944,1.0,8.0,0.6944444444444444,0.6388888888888888,0.8323549990393879,0.3479744150278332,2000-05,0.38095238095238093
2003-04,0.46309036790838903,0.11122763046037634,0.38660683286862496,0.4193877182715722,0.2164923827635929,0.3142235559983761,0.3655108533738657,0.3083798916568095,0.2510388825762935,0.3288508021556267,0.44450791278842766,0.15743307410028834,0.25446688293057446,0.7114006847711504,0.045924814252735806,0.12500213525671905,0.06973419690247423,0.06973419690247423,0.0,10.0,0.7222222222222222,0.7222222222222222,0.7745238056738597,0.3929456070726738,2000-05,0.4718146718146718
2003-05,0.4408014030649777,0.1108605600615626,0.36124253488568875,0.39586865754365763,0.2189036186886472,0.28370564120387765,0.33363672273498074,0.30157798441501416,0.22437454129803394,0.29729445992553283,0.4522888118046514,0.23285567464380183,0.38527084361572217,0.7191689641500206,0.1054731025997887,0.28571841301301876,0.09202316174588554,0.09202316174588554,35.0,8.0,0.7222222222222222,0.5833333333333334,0.9653745699979466,0.32298779084551027,2003-05,0.42445302445302446
2003-06,0.43857070053621455,0.1090206144864748,0.36082080258894744,0.39532417422963123,0.21534962642015212,0.2849904665959066,0.3345470604044807,0.29990338659077187,0.22468952025388278,0.29659609760134076,0.4523372395905474,0.23178315492694374,0.37968940386513067,0.7176135191776345,0.04259688256112898,0.12277628486264494,0.09135767308771098,0.09135767308771098,34.0,9.0,0.7222222222222222,0.5833333333333334,0.9597813664792912,0.32036227848650684,2003-05,0.4151866151866152
2003-07,0.4050315979202033,0.09800402467884987,0.34073159356941085,0.3645465478539284,0.19196434280338004,0.2790846470893345,0.31558871671637406,0.27887399219001857,0.22206361298385757,0.28072889520865213,0.4347143035048141,0.22615652530488625,0.3503410294874628,0.682477304212297,0.1256719091931498,0.32217142556384165,0.08129892147360934,0.08129892147360934,33.0,9.0,0.75,0.6666666666666666,0.7737385444426628,0.36613492828473265,2003-05,0.4149292149292149
2003-08,0.40045615761529585,0.09088205297156736,0.341962929604174,0.3627593577407202,0.18176338481756568,0.28347016572167777,0.3303741123250035,0.2671873189474743,0.22848987540813226,0.2849224989309186,0.4299649313577321,0.23080450469736188,0.35263544011455294,0.6734493187032041,0.13937926147314694,0.3267185781854719,0.08162695720326546,0.08162695720326546,32.0,10.0,0.75,0.7222222222222222,0.7027415019124785,0.42553135331890857,2003-05,0.44684684684684683
2003-09,0.3810861874568575,0.08997375311699657,0.3237791319524217,0.3511122748544144,0.17952441075600936,0.2667415589937341,0.31047591459136015,0.26448391071039745,0.2126282358206509,0.2640661698540708,0.4232384362125939,0.2137738316459379,0.323321310748308,0.6642173313053791,0.12214885375977289,0.29755991453533226,0.07668460647085329,0.07668460647085329,31.0,10.0,0.7222222222222222,0.6944444444444444,0.7126118986312651,0.4070255367992377,2003-05,0.4023166023166023
2003-10,0.38619329078840425,0.09356847792192567,0.3267011201669569,0.3559801798129871,0.18035928702349832,0.27151828789140575,0.3170901421167277,0.26327402727919585,0.2187999153809445,0.27234820564976814,0.4238624519702326,0.21702332150968953,0.330804126218721,0.6723299161390988,0.12015548166884546,0.26904549968508773,0.0754765163826594,0.0754765163826594,30.0,9.0,0.7222222222222222,0.6666666666666666,0.7452138240933932,0.36403055005394064,2003-05,0.42162162162162165
2003-11,0.38746528370250105,0.09441441776250573,0.32759371805307225,0.35717691523422723,0.18017462589675626,0.273210096853032,0.31902863976823354,0.26264137365617507,0.2209149768980192,0.29020861155819516,0.42307123052151585,0.21855520146850865,0.33261462637231154,0.6732857207173198,0.12055976167950949,0.26807066008770436,0.07481566137088302,0.07481566137088302,29.0,9.0,0.7222222222222222,0.7222222222222222,0.6876161376278832,0.4316734648737427,2003-05,0.41827541827541825
2003-12,0.37209641450679626,0.10564659651495194,0.3051924375392239,0.3341975398967167,0.19876106265445984,0.24622481999686657,0.29858345672491743,0.282870736500572,0.19295976586941163,0.2557414953755568,0.4452782977958391,0.1943050580777017,0.29919692759154004,0.7105714359078025,0.09168481309282883,0.19832171812684135,0.07820742600556918,0.07820742600556918,28.0,8.0,0.6944444444444444,0.6944444444444444,0.7037641549050742,0.41552085135354405,2003-05,0.3938223938223938
2004-01,0.3540570281452912,0.10613295970155188,0.2879157013918304,0.31481226067203255,0.1995492395009739,0.22969932163872778,0.2771537316533508,0.2816706870461244,0.17852180326154482,0.2353404672219635,0.44049530530826586,0.1792254948496891,0.27212456793846773,0.7059435577690671,0.07630884835958927,0.15353544241177486,0.07382231436804465,0.07382231436804465,27.0,8.0,0.6944444444444444,0.6944444444444444,0.6840750803682498,0.4281710021928229,2003-05,0.37425997425997426
2004-02,0.35164280201905657,0.10782306553894563,0.2849267490817118,0.31203503976806757,0.2026717969392072,0.22623862930409144,0.27400570397427204,0.28410896556325793,0.17584898005944824,0.23271657709877425,0.4419866636571495,0.17627997357140446,0.26811402597353406,0.7107477942168251,0.07154471951374859,0.14201776463106877,0.07254811643100073,0.07254811643100073,26.0,8.0,0.6666666666666666,0.6388888888888888,0.7383460973966399,0.35957401303505665,2003-05,0.355984555984556
2004-03,0.33583276742746426,0.1173712530577023,0.2645848221860294,0.29357567726628303,0.22044549679382064,0.20201559946585546,0.25277304519142424,0.3044115891581363,0.15104560983842139,0.20803966392521336,0.4680075023329862,0.15069196438233706,0.24065865345866275,0.7263888000958014,0.05596344350464538,0.1361585422807567,0.07220226542236918,0.07220226542236918,25.0,7.0,0.6666666666666666,0.6388888888888888,0.7173960603683287,0.36507404065463905,2003-05,0.35804375804375804
2004-04,0.32877911702377866,0.11732868986745609,0.2589267039127063,0.28716237080422546,0.2209284950738608,0.19724787327307694,0.24661299983887297,0.301352037823494,0.2451285624578762,0.3240595187570186,0.45824112974895076,0.1517236017941351,0.2389180841395849,0.7102008357176318,0.06271484386737208,0.1487773529141923,0.06925130955320968,0.06925130955320968,24.0,7.0,0.6666666666666666,0.6388888888888888,0.7031467621544559,0.35885434105540254,2003-05,0.3487773487773488
2004-05,0.26123778781032586,0.11773420302733925,0.19121215295386804,0.21173989411087232,0.22204627178037192,0.12916969927602395,0.15862370225399736,0.308572581439012,0.18063358665822968,0.23730253271015914,0.46556328619076764,0.08725907454426365,0.12289442881913697,0.688388437489631,0.06757228056082182,0.14877735291419228,0.07061069123734426,0.07061069123734426,23.0,5.0,0.6388888888888888,0.6666666666666666,0.6241776896376053,0.4864118314950936,2003-05,0.26615186615186615
2004-06,0.257592056372601,0.12147173592033879,0.18576873182392453,0.206177157725927,0.22927558839009238,0.12202689900274459,0.15015742589138248,0.31467376276777653,0.17252079165786632,0.2269303779327626,0.4722973611931412,0.07932173773424768,0.10988457411689173,0.6975366795054051,0.06064378343171781,0.10421410331566847,0.06910358475375222,0.06910358475375222,22.0,5.0,0.6388888888888888,0.6388888888888888,0.6458778841414704,0.4491899509394448,2003-05,0.26846846846846845
2004-07,0.2659882036118622,0.11846865396004592,0.19605517748867404,0.2177186357531396,0.22322165350184484,0.13421861559180673,0.1665083781922544,0.30673014648254426,0.18351436958169245,0.24231533292365096,0.4634535635624018,0.09099924043658252,0.1289891406441576,0.6868196692578494,0.07203341080885665,0.15740477718477375,0.06776980089173101,0.06776980089173101,21.0,5.0,0.6388888888888888,0.6111111111111112,0.681144921887792,0.40540008250830345,2003-05,0.27773487773487776
2004-08,0.2617769297443317,0.12024968817510674,0.19089936202532004,0.21212971692531155,0.2266728609083834,0.12817141863730222,0.15884239443474735,0.31086754850121423,0.17779744895807983,0.23487158056255555,0.46880422974944186,0.08470641487417979,0.11906543013386159,0.693830749130243,0.06605933065937898,0.1442960538455139,0.06804492056413275,0.06804492056413275,20.0,5.0,0.6388888888888888,0.6388888888888888,0.6476498157968992,0.44105794017515937,2003-05,0.2828828828828829
2004-09,0.21161160781291116,0.14110089072637239,0.12859462023671867,0.1473770982506616,0.2335607185331876,0.07419569804124987,0.08241659628391917,0.3216475672148258,0.1260217693366505,0.1560500477672381,0.47080471267198526,0.038264868387456276,0.043957236748427296,0.7033152365087727,0.033129570330550834,0.06995976432349732,0.06834370746367213,0.06834370746367213,19.0,4.0,0.6111111111111112,0.6111111111111112,0.636334667261955,0.47092545759365123,2003-05,0.22754182754182753
2004-10,0.2260124822237569,0.14297588127493624,0.14149446499667942,0.16247612448237692,0.23545174638493013,0.08682876410531179,0.09824077787225631,0.32660084964175057,0.1407101699102437,0.17644155239374956,0.47784505493762836,0.05130445871821566,0.06460365222875193,0.7116836889064245,0.046046325313441806,0.10313853959287639,0.07204335290491096,0.07204335290491096,18.0,4.0,0.6111111111111112,0.6388888888888888,0.6217424880035481,0.4915107958653936,2003-05,0.26151866151866154
2004-11,0.2270191987858623,0.1427575992392983,0.14229696636984707,0.16350450195381228,0.2349878953748377,0.0875611300526862,0.09921519107019564,0.3261747855340663,0.1416777371021912,0.1779305217283083,0.47721992899308385,0.05203710278475364,0.0658558077185284,0.7105918588716306,0.046756982905491996,0.10560343386056076,0.07242881004899737,0.07242881004899737,17.0,4.0,0.6111111111111112,0.6388888888888888,0.6242846203455198,0.4932980238801367,2003-05,0.25353925353925355
2004-12,0.22514794504514332,0.14314011028236237,0.14025202052632244,0.16106407011361806,0.2371379575153071,0.08450220918498642,0.0953437318832149,0.32878717080231223,0.13885905352494518,0.17417266210078097,0.4850897439161916,0.0461565159692756,0.05721810879856238,0.7296082741485852,0.03866993662483453,0.08774550079057633,0.07271849213748491,0.07271849213748491,16.0,4.0,0.6111111111111112,0.6111111111111112,0.650876408150441,0.45993592162354885,2003-05,0.2494208494208494
2005-01,0.22349421922764592,0.14288387874563566,0.13864030073317682,0.15895243954963295,0.23630122752890237,0.08316288670149175,0.09349551017511042,0.32844555666793407,0.13788429728420773,0.1726781078930689,0.48456733297662913,0.04516883772075863,0.05560456141663378,0.7281255631578966,0.03762084697520568,0.08472516525708905,0.07313510702235196,0.07313510702235196,15.0,4.0,0.6111111111111112,0.5833333333333334,0.6811337549076594,0.4321007453395492,2003-05,0.25045045045045045
2005-02,0.21339631799785075,0.1490741984361974,0.12546888458045333,0.1446926445546952,0.247724501500997,0.06728263876911882,0.07404337873492713,0.3397688657871551,0.1215725480701014,0.15186293908090817,0.4981276444630127,0.02816885303671009,0.0280705666619758,0.7466806862546149,0.022436596369031264,0.047446234507191154,0.07198587399158862,0.07198587399158862,14.0,4.0,0.5833333333333334,0.5555555555555556,0.7028171525469182,0.4117169950633493,2003-05,0.22728442728442727
2005-03,0.15693853890730858,0.15886919908221203,0.06811035199738198,0.07737086261583032,0.262553631567932,0.010137502623821933,0.0011485425805492359,0.36500939910689856,0.06742337125995528,0.07850101608554926,0.5025922924885308,0.06372909613860094,0.0756117986161071,0.7361874720012423,0.0029677359449603053,-0.03360670846517067,0.07956767629147825,-0.07956767629147825,3.0,3.0,0.5555555555555556,0.5277777777777778,0.6595347924409901,0.4140183643895888,2002-07,0.1770913770913771
2005-04,0.16353904561393823,0.1569034419397123,0.07500891158805903,0.08579153678779752,0.25994074857153604,0.016871840450474223,0.009798211880277585,0.36052161915732506,0.0736229087719767,0.08725515181109267,0.4957268233616532,0.06957590877435972,0.08536747963285292,0.7294274651210072,0.00901663989925596,-0.01892269864108598,0.07774750882614069,-0.07774750882614069,2.0,3.0,0.5555555555555556,0.5277777777777778,0.6703165589731076,0.41247929552948276,2002-07,0.18146718146718147
2005-05,0.1565243166690926,0.15666225900658132,0.06826373963963682,0.07833922780187412,0.26130721755403724,0.009308733608261122,5.403303993227443e-05,0.3588752429395986,0.06427672829160397,0.07455379101302069,0.4969294894844786,0.06165105218939111,0.07454648663745622,0.7304121795615116,-0.0003579242002936514,-0.04759966485692136,0.07818508886721846,-0.07818508886721846,1.0,3.0,0.5277777777777778,0.5,0.6999081756833803,0.3955553377157002,2002-07,0.1601029601029601
2005-06,0.1152986666659538,0.1714904049296454,0.019687089820564385,0.020751806105020806,0.28828515083318246,-0.045429846766500304,-0.07483609690185515,0.3878378375639715,0.010074071143255444,-0.0027779980644531037,0.5270171410939497,0.08767113950520607,0.13089031578282037,0.7391897195934818,-0.03062209562952291,-0.1268099061151817,0.09454686056093303,-0.09454686056093303,0.0,2.0,0.5,0.4444444444444444,0.7359097432902223,0.3869551279667586,2002-07,0.11196911196911197
2005-07,0.02672664336461093,0.1491458593626814,-0.060171203135650816,-0.06904608641011066,0.25960294990242255,0.004185148020213925,0.0033971711750931414,0.3536491333755579,0.05897990296886412,0.07203200520788848,0.4959280734762352,0.06066530628275734,0.08519222024444904,0.7203432037395691,-0.02418741658504314,-0.06657249536918237,0.09577272977472154,-0.09577272977472154,1.0,1.0,0.5,0.4444444444444444,0.6664911214764504,0.4864212712930912,2002-09,0.04684684684684685
2005-08,0.027056679168613866,0.15109022474236464,-0.06553879825098148,-0.0755067342059303,0.26403542748804404,0.0036795445526133295,0.00277112593281034,0.352763117837643,0.058056211622031575,0.07135174621937479,0.5034022834091356,0.05868082166888622,0.08215954961995191,0.7183837313198929,-0.027782106283499038,-0.08004089605622497,0.10256341337454411,-0.10256341337454411,0.0,1.0,0.5277777777777778,0.4722222222222222,0.6587263273102691,0.53954546280911,2002-09,0.04839124839124839
2005-09,-0.07250129447196323,0.1277715687933225,0.0031905269005398345,0.005810855786596627,0.23050334656530835,0.06404878704270704,0.07436979896516158,0.32290131455427595,0.00931227128843937,0.009976975857975103,0.47227449966071355,0.024207204901755156,0.028555935397523387,0.7079881114252545,-0.06052339030368074,-0.1731168615837442,0.07831215025855988,0.07831215025855988,7.0,1.0,0.5,0.5,0.5054566488584129,0.6464313881094524,2003-05,-0.015701415701415703
2005-10,-0.10500757316353478,0.12273040162011045,-0.029981083857511973,-0.030196376764518303,0.21700393497462214,0.0276493984736424,0.03198468814364105,0.30633689047706136,-0.026960852468296423,-0.03871170635115255,0.4569165269036953,0.06509019057348293,0.09773490096969008,0.6954818695090764,-0.029493824348298326,-0.11974995579542529,0.07801251027392746,-0.07801251027392746,3.0,2.0,0.5,0.4444444444444444,0.5537697720059666,0.6267790706409591,2003-02,-0.06460746460746461
2005-11,-0.12554275385939742,0.1290701432665901,-0.04591155916382731,-0.0475478008307747,0.22495710396068178,0.013246918874169645,0.015451248579383434,0.31609633756422506,-0.042982398548207595,-0.061276896548663855,0.4720225681514794,0.053217944240549944,0.08228435662706979,0.7132057579771274,-0.09558258437307422,-0.28793885880185466,0.08462124321030837,-0.08462124321030837,2.0,2.0,0.5,0.4166666666666667,0.5733208355358347,0.6187528056245919,2003-02,-0.08185328185328185
2005-12,-0.1335145498835412,0.12478013155690423,-0.05539676534635988,-0.05783654976237,0.22247298149696065,0.005763203850821595,0.00673812641837507,0.3130469056741846,-0.05094000847378415,-0.07271253838235583,0.4673681736637544,0.04567181114764496,0.0708031100646281,0.7117767273383772,-0.05262207986750915,-0.1938281674308499,0.08753786578565101,-0.08753786578565101,1.0,2.0,0.4722222222222222,0.4166666666666667,0.5746170546783946,0.6329650031476125,2003-02,-0.11068211068211069
2006-01,-0.13422004081271258,0.12241427144215068,-0.05715042380260985,-0.05970749258691505,0.22158850211353448,0.005287720745978472,0.006177166515412956,0.31136218212027095,-0.0512320220437854,-0.07338099101549136,0.46509573104589386,0.045555595917088965,0.07105203842720237,0.7119330501893664,-0.052749100887021075,-0.19892046266469657,0.08806580667775221,-0.08806580667775221,0.0,2.0,0.4722222222222222,0.4166666666666667,0.577920333561959,0.6365003062797298,2003-02,-0.10527670527670528
2006-02,-0.22991004454065375,0.12579287645050796,-0.14374960701741324,-0.15503666981942962,0.23253748887863332,-0.07063606696990062,-0.0840600100329492,0.32002549480716197,-0.010712126270415569,-0.011012990798784835,0.46371257725244436,-0.007144377192317387,-0.01351834022054693,0.7204866891769274,-0.11032990520094871,-0.2923758325408212,0.07487337472122413,0.07487337472122413,2.0,4.0,0.4444444444444444,0.4722222222222222,0.4684120824540409,0.842624050560083,2003-05,-0.18532818532818532
2006-03,-0.22898644247753172,0.12661843053290736,-0.14162417612800007,-0.15288598309733245,0.23059517932865484,-0.06988387430762921,-0.08317187790615387,0.31948737689370116,-0.008551382604894998,-0.008040844905949956,0.46196419738258476,-0.007670042162224533,-0.014635884359621213,0.721334639463133,-0.05952626269478947,-0.1852201609472279,0.07610045938019933,0.07610045938019933,1.0,4.0,0.4722222222222222,0.4444444444444444,0.5041951325337001,0.8040823803626406,2003-05,-0.18687258687258687
2006-04,-0.2699228079605617,0.13722096784802107,-0.1761451883013242,-0.19199218962373565,0.2411327057119007,-0.10513129309019358,-0.12599234062357767,0.33763608579335525,-0.0391803133307982,-0.048405300312697595,0.48113463351988944,-0.039468068812479426,-0.06435626626728572,0.7444587955039088,-0.09145628498536099,-0.2781222666967222,0.07793061833682602,0.07793061833682602,0.0,4.0,0.4722222222222222,0.3888888888888889,0.5168538707717251,0.7583296577010823,2003-05,-0.23474903474903475
2006-05,-0.198322367342695,0.12215662950327129,-0.11958863064894126,-0.12955842787139643,0.23239481951964094,-0.0485366978832913,-0.058176273746806784,0.3160350226836812,-0.1024454031226845,-0.13283732345386676,0.4618475344747744,-0.10053780546175455,-0.15896027154817327,0.7379263665996493,-0.08392241617249925,-0.2391660630631388,0.07080944227074079,-0.07080944227074079,13.0,3.0,0.4722222222222222,0.3055555555555556,0.7098773977905105,0.5899973693075976,2004-07,-0.18687258687258687
2006-06,-0.11245257146737395,0.11622758583592369,-0.04374642029665469,-0.04498208229532158,0.20781868299838135,-0.09788908980386946,-0.1117072276090955,0.2855070180443128,-0.0519648244629173,-0.058172228157063355,0.43659678518389083,-0.053164289294703994,-0.08121643737544738,0.7165690152164073,-0.048719767718539815,-0.1359851034045183,0.06747048917205234,0.06747048917205234,10.0,2.0,0.4722222222222222,0.3611111111111111,0.6443796967475183,0.5353380895250358,2004-05,-0.10810810810810811
2006-07,-0.11690672926726245,0.12908956923475381,-0.034440399261842024,-0.035067276612560754,0.21884070629320274,-0.09177614630089194,-0.10602006952243714,0.30759818907350855,-0.03507517573602504,-0.03609740353380015,0.4525142863245531,-0.03883771829058509,-0.06101468269889073,0.7280260916038699,-0.03104214756544253,-0.10424017835204835,0.08183945265470172,0.08183945265470172,9.0,2.0,0.4444444444444444,0.4166666666666667,0.6089108484667648,0.629780869112174,2004-05,-0.09678249678249679
2006-08,-0.11387414094199172,0.1450877505309089,-0.01983763978025918,-0.019020309457778023,0.24733616991578955,0.04643317614381355,0.06753750025668093,0.3361546601986605,-0.011133227871039608,-0.0034710182807144384,0.47819097135024663,-0.10319198327760926,-0.16260683126191833,0.7326821311070714,-0.018651187457989493,-0.08205107939377175,0.09485383148421372,0.09485383148421372,8.0,2.0,0.4444444444444444,0.4444444444444444,0.5843482063831056,0.66675831175497,2004-05,-0.09858429858429858
2006-09,-0.10336463557461546,0.14669841004091916,-0.008876153380616878,-0.006853093309874299,0.2500195749800349,0.05767303451371472,0.08125289798553482,0.34012260192734034,-0.00036234743051412213,0.010613474216830182,0.48416454159532907,-0.09313979640021595,-0.14784255897779364,0.7282822140176234,-0.016800939026303804,-0.07641674935191711,0.09651154226474118,0.09651154226474118,7.0,2.0,0.4444444444444444,0.4444444444444444,0.5914295753852231,0.6540317725637556,2004-05,-0.08262548262548262
2006-10,-0.10243806222132028,0.14864959112569548,-0.008571105061182178,-0.006530724054872848,0.2533585480723814,0.05754889635669139,0.0809181697243787,0.3446049141392804,-6.995526448435437e-05,0.010919011775525867,0.4906980104929262,-0.09232257643196443,-0.14586338581809666,0.7346382630616364,-0.019016543107917283,-0.08054178614709025,0.09590733816644745,0.09590733816644745,6.0,2.0,0.4444444444444444,0.4166666666666667,0.6171976474987837,0.6115855662013318,2004-05,-0.06666666666666667
2006-11,-0.1123528636172535,0.14943864550058744,-0.018004033310562877,-0.016985256572215637,0.25519476776920474,0.04876561921399897,0.07048452162541742,0.3445397398521327,-0.00764277221360564,0.001338081018152579,0.4873582834326588,-0.09781196832609841,-0.15282123858452462,0.7272695970968365,-0.0720148951968574,-0.1790990228332842,0.09536760704503783,0.09536760704503783,5.0,2.0,0.4166666666666667,0.4722222222222222,0.5342668656745683,0.6849940496353439,2004-05,-0.07001287001287002
2006-12,-0.11172086651456598,0.14894518457372286,-0.017082189173265063,-0.01595785590553807,0.2544003315412735,0.04992323739627711,0.07197100736151751,0.3432118585127248,-0.006506955156065735,0.002870707008236666,0.48501526455155847,-0.09660779882156988,-0.1510811519997513,0.7252430390964193,-0.07035467292169262,-0.17659362000961643,0.0957630106090279,0.0957630106090279,4.0,2.0,0.4166666666666667,0.4722222222222222,0.5390739072757793,0.6881308816683188,2004-05,-0.08159588159588159
2007-01,-0.07732334005864992,0.14759633950489365,0.016437780785275306,0.021174772225775976,0.25100874307987897,0.08213089282911082,0.11053947742205857,0.3442629467365385,0.022890814873341638,0.040655753301667874,0.49328385797233687,-0.07177527043420276,-0.11706108894820269,0.7199094052210961,-0.009662497562757937,-0.07070629283267744,0.0984981122844259,0.0984981122844259,3.0,1.0,0.4444444444444444,0.4166666666666667,0.6509187537943905,0.5938142004270763,2004-05,-0.06924066924066924
2007-02,-0.07895684349955395,0.14718018564078822,0.014962153941773058,0.019548078613245954,0.2501830871924472,0.08069062958651754,0.108846803514918,0.34375079880043263,0.020982961541112947,0.038165768807482604,0.4934334211715163,-0.07453289724297196,-0.12194052200603686,0.7196187603005116,-0.01285719038523914,-0.079059035867801,0.09850492211279986,0.09850492211279986,2.0,1.0,0.4444444444444444,0.4166666666666667,0.6523600073316215,0.5975661729742242,2004-05,-0.07361647361647361
2007-03,-0.08284882557321696,0.14536388631643046,0.009615055305161694,0.013563452855180205,0.246778654295803,0.0741235330527961,0.10035379206849653,0.3407159803757077,0.014371348732556414,0.029041463620110605,0.4850953828506237,-0.07746631610994714,-0.12194052200603686,0.7138253945553199,-0.014462528242527917,-0.079059035867801,0.09641227842839716,0.09641227842839716,1.0,1.0,0.4444444444444444,0.4444444444444444,0.6051027674188574,0.6290676586882158,2004-05,-0.10218790218790219
2007-04,-0.0627246191210858,0.14978653518205656,0.04348389258842519,0.05258554849641619,0.25567958957736825,0.11856903755175988,0.16118309944952466,0.34575268958543204,0.0547012814461069,0.08741633625332548,0.48151684075203777,-0.04156443710719596,-0.06519641155156367,0.7113709500399659,-0.08930224598790053,-0.2189507134674193,0.11531016761750196,0.11531016761750196,0.0,1.0,0.4444444444444444,0.4722222222222222,0.6653512314959251,0.7108596107720385,2004-05,-0.05019305019305019
2007-05,0.06494364891034336,0.13204703677519827,0.1548755722116838,0.17349826841188187,0.23731272075284995,0.08318335064477468,0.10046846500909655,0.3159124393965618,0.029652245053915286,0.03350443402871034,0.4676506681381318,-0.07369055674102212,-0.1574917545588122,0.7023917027628247,-0.053305274331174636,-0.14749709569192085,0.10855461950153843,0.10855461950153843,16.0,1.0,0.4722222222222222,0.5,0.725281092927642,0.5990017756019744,2005-10,0.05276705276705277
2007-06,0.03994057341503484,0.1210766115658495,0.11984100557141342,0.1331569201320701,0.2251084953013872,0.051188667510310065,0.060718729779494184,0.30423058321360696,-0.0010252897151370073,-0.007017180844187233,0.4551472044490561,-0.100617631294128,-0.19499360458448337,0.6787171137745023,-0.07514000096806553,-0.18860377528410857,0.09321634671703521,0.09321634671703521,15.0,1.0,0.4722222222222222,0.4444444444444444,0.7654684791038273,0.5424787798067509,2005-10,0.005662805662805663
2007-07,-0.027397808691636136,0.13390564580235054,0.05840872525099435,0.06685396636872808,0.2246619659583623,0.0002522134824788802,0.0020255948739125967,0.313734930163496,-0.05682560635582666,-0.07811443150486391,0.4594046674132217,-0.07173699239458158,-0.1138383067528858,0.6760022604349104,-0.05547622489563466,-0.12821538253989864,0.09425177506036424,0.09425177506036424,14.0,1.0,0.4444444444444444,0.4444444444444444,0.6709069813770704,0.5846717503120196,2005-10,-0.05431145431145431
2007-08,0.07961955744864481,0.22282248776643354,-0.07005905792759454,-0.08806918235256075,0.33608557149717083,0.006024203308723384,0.005258544836815654,0.4105086720466393,-0.043968715960393465,-0.07474394039343626,0.5331155823437403,-0.05969811293092628,-0.11383830675288574,0.7263436111796268,-0.04572665860792201,-0.12821538253989861,0.16768873980120563,-0.16768873980120563,35.0,1.0,0.4444444444444444,0.4444444444444444,0.8217987180345687,0.5181047488925266,2007-08,-0.04066924066924067
2007-09,0.0753544370348097,0.22171331853058968,-0.07400896979911509,-0.09269583520552681,0.3344899269304618,0.0019661612999951014,-4.895323684994564e-05,0.4086006159754893,-0.04796058677241572,-0.08035768929529248,0.5309052874813752,-0.06353049670298609,-0.12037529730465771,0.7280031672057334,-0.045880279493449305,-0.12821538253989861,0.16805027224033656,-0.16805027224033656,34.0,1.0,0.4444444444444444,0.4444444444444444,0.8192543357121531,0.5235332037588056,2007-08,-0.039382239382239385
2007-10,0.07127832849220046,0.2251970388139308,-0.07957789592438298,-0.09952966196280762,0.33962205103644766,-0.002926242716043857,-0.006560090315331427,0.41571575628986857,-0.05390031030084955,-0.08967311473526941,0.542870219807951,-0.0687840465557652,-0.13165994528795302,0.7315379933535574,-0.052594729386942415,-0.1470584934846534,0.1708079904550081,-0.1708079904550081,33.0,1.0,0.4722222222222222,0.4166666666666667,0.8646910994226331,0.49883928543392775,2007-08,-0.023680823680823682
2007-11,0.20192075761041575,0.22199534689643136,0.04526002677202707,0.04870657583610087,0.39387950233258023,-0.07603754899531057,-0.13155792169510913,0.4872853915233563,-0.010121595936783833,-0.03820548493791259,0.5948981649957951,-0.08606325856813353,-0.24088494729530668,0.7746049724298021,-0.024694560685512585,-0.1470584934846534,0.15321418177431492,-0.15321418177431492,35.0,2.0,0.4722222222222222,0.4722222222222222,0.9343090612469174,0.4640014486754233,2007-11,0.04453024453024453
2007-12,0.19616143901723399,0.22115810191494817,0.04012560245696112,0.04257540272403884,0.39206710943729345,-0.08045749955704931,-0.13757335268633486,0.4861872549881076,-0.01405199362698014,-0.04405639210554671,0.5918317054443478,-0.08858835499993677,-0.24397027729087647,0.774457137232853,-0.027931800129190623,-0.15189826903616419,0.15358603629319514,-0.15358603629319514,34.0,2.0,0.4444444444444444,0.4444444444444444,0.9862356983594448,0.44570604040739636,2007-11,0.002059202059202059
2008-01,0.3232481924526194,0.21162909085698567,0.16716889282255984,0.19775386041126675,0.37895254564018005,0.04376559543802705,0.03977734581648308,0.5073069583077278,-0.050897509489814245,-0.14873957109082991,0.6249022134481431,-0.02778588713903269,-0.10185821571811234,0.7829503408369634,-0.0613379187596144,-0.33259106766768687,0.1254943320413526,-0.1254943320413526,35.0,3.0,0.4444444444444444,0.4444444444444444,1.1602080397746215,0.36248209502761325,2008-01,0.08906048906048906
2008-02,0.32197910403893126,0.21046229607664854,0.16827113748013525,0.19805408490028625,0.3761188831619993,0.047286345321989894,0.044795315886594994,0.5029994462880855,-0.0453789620394911,-0.13519835535919367,0.6191582585338213,-0.02469809053294623,-0.09170843789463509,0.7794956902792828,-0.054896439185612475,-0.2872616414301998,0.12392501913864507,-0.12392501913864507,34.0,3.0,0.4444444444444444,0.4166666666666667,1.2276997079642493,0.34029652276672134,2008-01,0.10424710424710425
2008-03,0.3840852997177511,0.19612771332056694,0.23640791939956765,0.27786783075372123,0.3503998404194241,0.12024634692033562,0.14794359783650723,0.46755254050694706,0.032034418309056734,0.0002600320127925473,0.5930664661042722,0.04838472605187525,0.012622919813163404,0.7650464373866432,-0.0390631626490742,-0.2817403981537825,0.10621746896402995,-0.10621746896402995,33.0,4.0,0.4722222222222222,0.4722222222222222,1.170493357943931,0.33975797868029156,2008-01,0.20128700128700128
2008-04,0.39587679643136353,0.19957499573183868,0.243078470868242,0.28758229784615436,0.35770459912908503,0.1220115078829329,0.15198194491008843,0.4788219726400891,0.029281795920663305,-0.006700786027702637,0.6072311410762146,0.04261406854300372,-0.005785125650252188,0.7913789765644182,-0.058916582676323465,-0.26915676093268953,0.10829449858520929,-0.10829449858520929,32.0,3.0,0.4722222222222222,0.4722222222222222,1.195657008901903,0.34055164611761213,2008-01,0.20154440154440154
2008-05,0.42389965834964066,0.2014422063299439,0.2671563451565694,0.31737214971126726,0.3610227183435149,0.1429858516449736,0.18292721808293586,0.4839313585594932,0.047349947737362896,0.02295003092781511,0.6101811371648261,0.056216674670353683,0.018541495326111473,0.7922242776257681,-0.043713150466303474,-0.22710233255938517,0.10652750863837351,-0.10652750863837351,31.0,4.0,0.5,0.5,1.1686162444931434,0.3443669088132867,2008-01,0.2344916344916345
2008-06,0.352305460486919,0.18923866816351523,0.20339405105240216,0.2368448952972102,0.3376781085295499,0.08658744648743304,0.09950661044651664,0.4519881719892119,-0.0033628413026875643,-0.0587166080650817,0.5860113473121049,0.10209964227903282,0.15423058104103723,0.7845580451497497,-0.05413623118434353,-0.2521413711306319,0.11546056518970885,-0.11546056518970885,30.0,3.0,0.5,0.5277777777777778,1.0492657608062292,0.44737401989859943,2008-01,0.17734877734877735
2008-07,0.34931073432595483,0.1764189880263854,0.21608059351641368,0.24660758507993236,0.31343924852500715,0.11260404145014107,0.13229461965905723,0.418053863228679,0.033599961426614706,0.007701310638197929,0.5462098675706714,0.1303823015538474,0.19657947718706292,0.7534210885624979,-0.026101875455087152,-0.13407504208421853,0.1027031492460225,-0.1027031492460225,29.0,4.0,0.5,0.5,1.073821730303643,0.3946064135587306,2008-01,0.21853281853281853
2008-08,0.33565039908408395,0.17315263923232918,0.204554505145839,0.23283132221232403,0.3080979049548876,0.10238586179703023,0.11828496957221114,0.41102575123737545,0.024457982214229953,-0.005677520552880616,0.5426018033286903,0.1240757544078833,0.18629720630066124,0.7472590362017586,-0.03087263686915312,-0.1407140900415501,0.10281907687175995,-0.10281907687175995,28.0,3.0,0.4722222222222222,0.5,1.062407623785838,0.4097540700112304,2008-01,0.20823680823680824
2008-09,0.36652772126565103,0.15694087834294382,0.2463584565134062,0.27768858206893243,0.27841435203351744,0.15334650083669904,0.1826450143722822,0.37055940195544834,0.0827912508814844,0.08333012200687784,0.5018254185366938,0.08800542441961688,0.08355870355565789,0.715474478129436,0.002832338780395917,-0.031518389319153954,0.08883913919671871,-0.08883913919671871,27.0,4.0,0.5,0.5,1.1007746851926061,0.3880818938427291,2008-01,0.2592020592020592
2008-10,0.1819393671155669,0.1587096992550577,0.2787942468620106,0.4264010859802874,0.2838024308008644,0.20245460581995767,0.3428145513412825,0.37794562234915485,0.14500236730426086,0.2514539916617057,0.5023947286326116,0.1352389038060288,0.26548790275766454,0.7029771465479939,0.04800939902686606,0.10386931628765884,0.2444617188647205,0.2444617188647205,35.0,3.0,0.5,0.5277777777777778,0.7296613665167305,0.44092283028076695,2008-10,0.24993564993564993
2008-11,0.22656898634189118,0.15112537859945738,0.3231271557472529,0.4676713628773047,0.25578836575059904,0.256255088742569,0.4168182154397676,0.35948202678787483,0.1900023509066793,0.3315807380628879,0.49171942745593417,0.10551223115470128,0.13997496514473312,0.7048547803788142,0.02880690291932836,0.032456798167524406,0.24110237653541342,0.24110237653541342,34.0,4.0,0.5,0.5555555555555556,0.7573094780649856,0.45101718995834505,2008-10,0.28416988416988415
2008-12,0.15487425718628803,0.1754002956839697,0.2368670623954142,0.34287221612386076,0.26659410171891657,0.19423751068716355,0.2983378108705686,0.35611421836014306,0.15239034356900025,0.25778759568404186,0.48064137869037526,0.09417874728640915,0.16875156540846073,0.6983380528848623,0.03884497933148404,0.09787358346527528,0.18799795893757268,0.18799795893757268,33.0,4.0,0.5277777777777778,0.6666666666666666,0.45378615657785115,0.4558557296956957,2008-10,0.31557271557271555
2009-01,0.15305004640124933,0.16988331581021168,0.23265604289729994,0.3364260124529529,0.26080914722541926,0.1900489076261363,0.2911411467466859,0.35077443005259257,0.14789187792990016,0.2484749061445359,0.47418271669404605,0.0900637175416354,0.15900729794951582,0.689096045184062,0.03407209909350465,0.07978972160859933,0.18337596605170361,0.18337596605170361,32.0,4.0,0.5277777777777778,0.6666666666666666,0.45328080379733643,0.4601656389243621,2008-10,0.30862290862290864
2009-02,0.08938504958508386,0.1456347372255503,0.1622320551293048,0.228254583769523,0.24872229480916366,0.213796812424834,0.3381141059143556,0.3291855081769353,0.17354883133204058,0.30802447123459453,0.46702341339890757,0.10460182845897059,0.1940375293476166,0.680458459421188,0.03740637266701491,0.12621505109625528,0.13886953418443904,0.13886953418443904,31.0,3.0,0.5277777777777778,0.6111111111111112,0.46899089314874337,0.5135230652710299,2008-10,0.2241956241956242
2009-03,0.07767817225111938,0.14991077630457883,0.15210264351557568,0.21072503151361469,0.25147668277292634,0.2025258957575902,0.3144670029724205,0.328479103513175,0.16429739350480607,0.2829241447695401,0.46008344078071167,0.09896130854353807,0.19805237460991093,0.6802107026426567,0.02930298560265678,0.021073823235315023,0.13304685926249532,0.13304685926249532,30.0,2.0,0.5277777777777778,0.6388888888888888,0.43684308022899926,0.5637426781906004,2008-10,0.2241956241956242
2009-04,0.1052898421486295,0.146820429436045,0.17690242762836253,0.23060604498369552,0.24882752993308435,0.2266570307986659,0.32774172272204816,0.3432335547811256,0.18060989995862772,0.30875595712814097,0.49209020336748227,0.10800413581488133,0.22450608783531872,0.7160455307975881,0.03800106670105201,0.12041823556107843,0.125316202835066,0.125316202835066,29.0,3.0,0.5277777777777778,0.6111111111111112,0.4717412280552947,0.478083038715318,2008-10,0.25070785070785073
2009-05,0.16017296996792035,0.12842670355451755,0.2259954901260601,0.29041761967827434,0.24403579532249745,0.16674237871896283,0.23482878439809574,0.3374585047035887,0.21462430670798502,0.3348554546547657,0.48900851042527477,0.1369504037696659,0.27170717768790525,0.7292933943882058,0.052187893927190615,0.16921364504132747,0.130244649710354,0.130244649710354,28.0,4.0,0.5555555555555556,0.6111111111111112,0.5351045223830699,0.44044611025359476,2008-10,0.3225225225225225
2009-06,0.1853788693347742,0.11584957238564571,0.2442472653059922,0.3138648209699691,0.22158641466018716,0.1905176038874475,0.26557582807313385,0.3110426683051076,0.23597436348722128,0.3618035462248377,0.4567458593973786,0.16193599657001526,0.2926573111039852,0.7170023335935338,0.029687936766639847,0.10416789870856141,0.12848595163519488,0.12848595163519488,27.0,5.0,0.5833333333333334,0.5833333333333334,0.5779366657589056,0.37656063694799463,2008-10,0.3619047619047619
2009-07,0.1803336465036635,0.11768882681072308,0.2404901441451215,0.30918275252858385,0.22324802467178798,0.18653369127490926,0.2603292855738998,0.3129885169480368,0.23240443243406544,0.3571576160417418,0.4564569970563829,0.1590706970307747,0.3083941953902731,0.7152137141134235,0.02680752251219745,0.097880656401266,0.1288491060249203,0.1288491060249203,26.0,5.0,0.5833333333333334,0.6111111111111112,0.5500428216742468,0.4135188892289433,2008-10,0.36036036036036034
2009-08,0.19499625315769345,0.11468168184270083,0.25168939766053566,0.3190605894709476,0.21693829461177713,0.2011386136910433,0.2749170305465637,0.30815934022010716,0.24623394048845526,0.3691153926674073,0.45884810242564444,0.17174061571850033,0.3008182889119199,0.7186046310624611,0.08008593544615904,0.24082276416077653,0.12406433631325417,0.12406433631325417,25.0,6.0,0.6111111111111112,0.6111111111111112,0.5483453797781229,0.3741949638999597,2008-10,0.3781209781209781
2009-09,0.1893686669011101,0.11421585653605043,0.24617302559423757,0.3118041785775138,0.21512174432689987,0.19598827526133872,0.2676095112942734,0.305981410977292,0.24117661645736002,0.36132205656308614,0.4552241109423715,0.16695193244011636,0.2923119463596575,0.7128143527576811,0.07582556068252859,0.228964162703444,0.12243551167640387,0.12243551167640387,24.0,6.0,0.6111111111111112,0.6111111111111112,0.5462472340266848,0.3849668433605868,2008-10,0.3498069498069498
2009-10,0.18806924660530946,0.11493257301738379,0.24519946710487756,0.3109396236000266,0.21692175361031404,0.19450309598158352,0.2661220113788649,0.30783265669501464,0.23969272153932897,0.35991734370947387,0.4567322768986174,0.1656782980281881,0.2908661874619244,0.7153471935957298,0.07401696256089063,0.22583087552316933,0.122870376994717,0.122870376994717,23.0,5.0,0.5833333333333334,0.6111111111111112,0.545001878799335,0.3862584073142528,2008-10,0.35135135135135137
2009-11,0.194313467364734,0.11297090061034874,0.2500991754341929,0.3169815901758526,0.21470777621392462,0.19986089626976147,0.27300316318426054,0.30543654038781354,0.2446633040080574,0.36634333641221667,0.4576437341926075,0.16950247910720703,0.29650331564899846,0.7166431706225019,0.07800197168754064,0.23376370642981883,0.12266812281111847,0.12266812281111847,22.0,6.0,0.6111111111111112,0.6388888888888888,0.5235691567365324,0.40316301901342716,2008-10,0.3637065637065637
2009-12,0.20314576552334343,0.10691657888169764,0.2561264311643982,0.32431501116026246,0.20571713025666163,0.2071675228987234,0.28202047664295776,0.29384235727173524,0.25083645839836927,0.3732713985520533,0.44759745032878595,0.174645775334348,0.3029939792006349,0.700707486571421,0.08439405053015694,0.24448655602322833,0.12116924563691908,0.12116924563691908,21.0,6.0,0.6388888888888888,0.6666666666666666,0.5094530793746083,0.4263976759727979,2008-10,0.3624195624195624
2010-01,0.20479988466054447,0.10776596225223896,0.2586239512763874,0.3275571338738387,0.2063069649517074,0.20940732124923842,0.285230877983351,0.29469661693395827,0.25355382555370864,0.3778306055037348,0.44729696505631833,0.17733707648674535,0.30837460862410104,0.7002188029201736,0.08671816950402751,0.25256488941851174,0.12275724921329426,0.12275724921329426,20.0,6.0,0.6388888888888888,0.6666666666666666,0.5135179548704947,0.42970291281440137,2008-10,0.3799227799227799
2010-02,0.2054954235091436,0.10676052474784646,0.258919910949356,0.32653717834745205,0.20676317194672258,0.20887716170395088,0.2834867647231656,0.2931627612288708,0.25211274698554864,0.37357404089120827,0.44264911009780245,0.17730764850468386,0.3046279908167961,0.6934137736602867,0.08635453897179447,0.2448707995669658,0.12104175483830845,0.12104175483830845,19.0,6.0,0.6666666666666666,0.6666666666666666,0.514725800314624,0.43008994872757894,2008-10,0.37683397683397685
2010-03,0.20510848579770424,0.10437108999723277,0.25649394409606663,0.3227260041172987,0.20004462977330048,0.20939058732792148,0.2824108304238801,0.2886734166698076,0.25302557124181624,0.37271636224091664,0.4466942394041716,0.17522651407852646,0.30019735806071385,0.6987551675600306,0.08650848543240665,0.24130938675058253,0.11761751831959444,0.11761751831959444,18.0,6.0,0.6666666666666666,0.6944444444444444,0.4882098881163019,0.45695001818071806,2008-10,0.364993564993565
2010-04,0.20426688361646084,0.1047419729067024,0.25579192234140796,0.32189826314479797,0.2006876530497216,0.20859398680830593,0.28143952682197004,0.28950125971879814,0.2522834877403011,0.37182291066523326,0.44758981434378886,0.17451601140797085,0.29919238290134736,0.7001702729637816,0.0856956696854921,0.23969223327938008,0.11763137952833724,0.11763137952833724,17.0,6.0,0.6666666666666666,0.6944444444444444,0.4873332739834327,0.4576355384554262,2008-10,0.3572715572715573
2010-05,0.2300245610500974,0.10401154854489567,0.2838067239061675,0.3533552185406031,0.19872399349417574,0.23483293003403755,0.3134520880972889,0.2799488716330788,0.2768325895443979,0.40148413227339924,0.4186158551019763,0.20513083726767709,0.32980299793667744,0.6871013147016182,0.06630270794276862,0.16108343772251357,0.12333065749050576,0.12333065749050576,16.0,7.0,0.6666666666666666,0.6666666666666666,0.5447628404304892,0.41862071113152766,2008-10,0.38481338481338484
2010-06,0.2378849392996882,0.1104528945647986,0.2978990336681856,0.3697483245351829,0.20743292223462315,0.24520536225858877,0.32780955709918297,0.28802150347320465,0.28899281335737537,0.4212262376236724,0.42162469515331685,0.21640010689173544,0.3782181179087276,0.6758133906620524,0.07828779738845648,0.20981137745022949,0.13186338523549465,0.13186338523549465,15.0,7.0,0.6666666666666666,0.6388888888888888,0.5944145414565775,0.41119704446247657,2008-10,0.41827541827541825
2010-07,0.23722331018647377,0.11139873266617985,0.2978888070197434,0.36970391310163464,0.208773496986486,0.24486047972076205,0.3274653149687959,0.2892061324857412,0.2886624663088284,0.4209523480701007,0.42264332426891804,0.21599527035588625,0.37771547856656523,0.6746993130730348,0.07873067654381408,0.21121558547983005,0.1324806029151608,0.1324806029151608,14.0,7.0,0.6944444444444444,0.6388888888888888,0.5948501739392624,0.41374908800588106,2008-10,0.425997425997426
2010-08,0.2146177670657852,0.11508572318105684,0.2759488747624127,0.3447958040729706,0.21320524149887787,0.22365934154529837,0.3013702937773112,0.2977554793014288,0.26871757811114605,0.39630233400480236,0.4359094932984313,0.19509299222014628,0.34622475799883184,0.6961480241345869,0.05640752437619475,0.16326994396171973,0.13017803700718542,0.13017803700718542,13.0,6.0,0.6666666666666666,0.6111111111111112,0.5946297165422659,0.39787370833052627,2008-10,0.4120978120978121
2010-09,0.2210543599809907,0.1151937287186454,0.28148367995012985,0.3514839042521893,0.21416761721772334,0.2295631036893442,0.3088533613877542,0.29965058537470785,0.2744064965730579,0.4037216192641106,0.4394811149412675,0.20105299107737115,0.35577520492371373,0.7051172927468796,0.061703273323194176,0.17505110626845716,0.13042954427119846,0.13042954427119846,12.0,7.0,0.6666666666666666,0.6388888888888888,0.5673370551901846,0.4086038207722745,2008-10,0.42805662805662803
2010-10,0.21103784919339835,0.11696111739149899,0.27243764174724705,0.33976142250032487,0.21550301225118668,0.22070718604378817,0.2966688181811507,0.3017634385796778,0.2659903741690142,0.39149655893655555,0.44186013411399466,0.19244535138598157,0.33952549546144123,0.7054626076332884,0.09162275221557485,0.26664734569898263,0.12872357330692646,0.12872357330692646,11.0,6.0,0.6388888888888888,0.6111111111111112,0.5854520481705121,0.3924014527130232,2008-10,0.398970398970399
2010-11,0.20008975730832038,0.11212578856120733,0.25694201261712946,0.3227318603164681,0.20846106872408698,0.20809617604960368,0.2809723456250325,0.2979819782838703,0.253486854421434,0.375089269947935,0.449965446308726,0.17642516292527488,0.2926972836169225,0.7076646856263321,0.08337731730403462,0.2523764761480373,0.12264210300814773,0.12264210300814773,10.0,6.0,0.6388888888888888,0.6388888888888888,0.5380334803012287,0.4132021954720807,2008-10,0.39665379665379663
2010-12,0.22517636513806566,0.09550198186031736,0.2733843262550035,0.3420908765343425,0.181962213864161,0.22974050419590733,0.30619129203407,0.2638891682434131,0.27109599603188583,0.39228221132139623,0.41572257743783464,0.1944527793769424,0.31366640861554035,0.692798537949605,0.08832782872256043,0.2791659806010263,0.11691451139627684,0.11691451139627684,9.0,7.0,0.6666666666666666,0.6944444444444444,0.5109729057809703,0.4448318058810873,2008-10,0.41287001287001285
2011-01,0.19958722690260852,0.09561802120996517,0.2455248971026331,0.3120161664422524,0.1876092788812397,0.2013296292784954,0.266161846796883,0.27707898988366597,0.24431347296101477,0.35531013163323394,0.4497948373929434,0.1613357712600301,0.27889418481262485,0.6860597538515709,0.08306385215910403,0.2743187009422484,0.11242893953964397,0.11242893953964397,8.0,6.0,0.6666666666666666,0.6666666666666666,0.4958451645968101,0.40956091739434547,2008-10,0.3812097812097812
2011-02,0.2079461857826147,0.09394188727962853,0.16263705467723316,0.16967151436890415,0.1850736957784615,0.2065908561039962,0.27413245755532106,0.2737573495213878,0.2493638875035246,0.3639477712353931,0.44426782579861357,0.16712494438447148,0.28960635863756334,0.671033527790045,0.09288486586746793,0.2995374609945917,0.11274499924305759,0.11274499924305759,7.0,7.0,0.6944444444444444,0.6944444444444444,0.4831794749893588,0.4364882156674959,2008-10,0.38481338481338484
2011-03,0.20195597988811076,0.09666864520647135,0.15584093773039512,0.16264545564737964,0.18839322168152756,0.19959744949293573,0.2656919695629497,0.27879550458772945,0.24272317116275954,0.3561523453980343,0.4524114308345349,0.15990101366772197,0.2794275547410592,0.6812127666085754,0.08619151934727821,0.2872081593300893,0.11179949995705424,0.11179949995705424,6.0,6.0,0.6944444444444444,0.6944444444444444,0.4752988633414244,0.4376374806774303,2008-10,0.37142857142857144
2011-04,0.19376415239118439,0.09664483195911075,0.147968660121874,0.15431485052938054,0.19218028871603973,0.19323847106435696,0.25747452328280374,0.2842297820455156,0.2368564460218535,0.34850657265137586,0.4606300876777712,0.1532685430876976,0.269607442678049,0.6967952516494673,0.0772440256658886,0.2687810734566791,0.11206694859173011,0.11206694859173011,5.0,6.0,0.6944444444444444,0.6944444444444444,0.4673323594882759,0.44559669577413125,2008-10,0.364993564993565
2011-05,0.18257891525017583,0.10506368043477958,0.23244579512649227,0.29774208053906637,0.19945069643232133,0.2772451584188833,0.3878800366292272,0.29174237911407636,0.23344031325422948,0.3440607171407402,0.4662642430921154,0.1506061617113832,0.2669382387449944,0.7114155367363654,0.07172803760985243,0.26218816327415,0.11516316528889059,0.11516316528889059,4.0,5.0,0.6666666666666666,0.6944444444444444,0.46004960684398777,0.4646343761221398,2008-10,0.3698841698841699
2011-06,0.21354922416599242,0.11411880046290683,0.2678103286710296,0.34376063078800767,0.2122030702951757,0.3144473489874053,0.441344558857277,0.305060597185555,0.2702955356994983,0.407934813366971,0.4776793000241328,0.1882189502792677,0.3361917485894308,0.7161204577811711,0.07484516325315795,0.25180248251896425,0.13021140662201536,0.13021140662201536,3.0,6.0,0.6944444444444444,0.7222222222222222,0.4637690641529006,0.4583772822165682,2008-10,0.4306306306306306
2011-07,0.21138455693342575,0.11609815398336466,0.2662741114260832,0.3479457958562088,0.21931342441100798,0.3150728219673747,0.4532259898412263,0.3164991627452466,0.26912478836667936,0.4116120047076823,0.4939503450891956,0.18522839545374534,0.34752877047889547,0.7345666422515104,0.0714684354391808,0.3550139154974561,0.13656123892278318,0.13656123892278318,2.0,6.0,0.6666666666666666,0.7222222222222222,0.46049925483759124,0.45745211331074714,2008-10,0.44324324324324327
2011-08,0.3031309941795509,0.20308586043330182,0.19313647910898016,0.21470645611031391,0.30112362861152,0.24623528542841733,0.35087148851374683,0.3804581615625125,0.2892041236413592,0.45555719644482945,0.5259318448831437,0.2104132751881858,0.37907992904078436,0.7622720042069704,0.08240770571594024,0.3014636485406467,0.14358284586443726,0.14358284586443726,1.0,7.0,0.6944444444444444,0.7222222222222222,0.5685795872676697,0.41734844726751297,2008-10,0.4749034749034749
2011-09,0.2958235808732681,0.20670178772892095,0.18493891244018842,0.2054698906304265,0.30851017229074396,0.23955377131431754,0.3455600560852035,0.3908222677829354,0.2837098936051099,0.45495397255659165,0.5380312591434898,0.20473999026402093,0.3773573108506276,0.7721672878630583,0.07913829035586457,0.3026903416643692,0.14766900644817482,0.14766900644817482,0.0,7.0,0.6944444444444444,0.7222222222222222,0.5601824946212652,0.4210919529588512,2008-10,0.4574002574002574
2011-10,0.4482984724751233,0.24178728527357535,0.3013433604501189,0.3507991986630817,0.3404238122006636,0.3612933360988664,0.45875251252460353,0.4256720369291694,0.30948059333724587,0.41605748215165256,0.5747517304500936,0.21887192862920532,0.3542868140696999,0.7854809229885686,0.09079351432635556,0.35048080630361156,0.09749927381204154,-0.09749927381204154,33.0,11.0,0.7222222222222222,0.8055555555555556,0.6372928159434801,0.39872073224737264,2011-08,0.5371943371943372
2011-11,0.4318747418548074,0.2683313176762694,0.26887199128550776,0.3193133381476873,0.37737974166618393,0.3351154443775106,0.4420167655733978,0.4739508111106531,0.27645158776477413,0.3911130447090454,0.6107136673019201,0.19337249760137648,0.36314497250302435,0.7987760031372902,0.0791306033449771,0.3081705168506433,0.11256140370712014,-0.11256140370712014,32.0,10.0,0.6944444444444444,0.7777777777777778,0.6495893573322242,0.3841107550480028,2011-08,0.5166023166023166
2011-12,0.49303440218870115,0.30113079479082405,0.27953052822791724,0.3504628660550755,0.41312221018497947,0.2001278186723811,0.26624715347111927,0.5214401826128321,0.2769260310537759,0.4293865490621964,0.6478803461949488,0.1872790563304861,0.39711826882680357,0.8150508443535284,0.06875398487904784,0.25946198648169694,0.14257153613362566,-0.14257153613362566,31.0,9.0,0.6666666666666666,0.7777777777777778,0.751275943901977,0.47244029408135274,2011-08,0.5184041184041184
2012-01,0.4999985806799397,0.3069583996330617,0.28478365345363954,0.3578962473911347,0.42178531667674607,0.2042761103314502,0.27312624801874325,0.5343460230066057,0.28319476592217513,0.4436382665875293,0.6608221121209146,0.19451974563557825,0.4135746149716512,0.8267067970003767,0.07821453806683921,0.3034490441194387,0.14210233328880517,-0.14210233328880517,30.0,9.0,0.6666666666666666,0.8055555555555556,0.724813436103336,0.5028056175998366,2011-08,0.5338481338481339
2012-02,0.6325631114181709,0.35182275157489784,0.3964212679392398,0.514772044990858,0.4842103882962443,0.3075632834875365,0.44099587569479226,0.5660214683440299,0.25265205568033267,0.40078248796042154,0.6753291458093236,0.17928523574754088,0.40891745970929383,0.8248660545726272,0.07891673727654357,0.2653131243596914,0.11779106642731307,-0.11779106642731307,29.0,99.0,0.6666666666666666,0.8611111111111112,0.7359927578100574,0.13521331849515977,2011-08,0.6324324324324324
2012-03,0.6564311735020086,0.36204391826493487,0.404202994297151,0.5372848030345787,0.5007753157906853,0.30755182566501,0.4587968513784762,0.577153328036904,0.254340913982045,0.41934045446152646,0.6818915743460109,0.18137203969115318,0.407283548913234,0.8331419428580064,0.07599917433085902,0.28950772742319303,0.11914637046742993,-0.11914637046742993,28.0,12.0,0.6666666666666666,0.8888888888888888,0.739981800272143,0.1760816340345683,2011-08,0.6131274131274131
2012-04,0.6932692288519893,0.366899009532196,0.42181681978302155,0.5798956546042716,0.5043183594655273,0.3201462984053374,0.5046319634470464,0.5920082649275906,0.25526840157193564,0.4546956798799329,0.6903425987641515,0.18251516125067987,0.41851535831195597,0.8169438904202684,0.08884844447454694,0.2983140355252286,0.11337357424771777,-0.11337357424771777,27.0,12.0,0.6666666666666666,0.8611111111111112,0.8090222688716506,0.1630534650403096,2011-08,0.6344916344916345
2012-05,0.6811326095856897,0.3692598825714112,0.41349477397729345,0.5642303112465085,0.5033052578122085,0.31633931302406004,0.4897066038662241,0.5681111391300028,0.2693683133860617,0.4961179400377477,0.6538963511424268,0.20719159299517967,0.41851535831195597,0.7915147419464582,0.10744642707513563,0.3618330788000152,0.11690229833918109,-0.11690229833918109,26.0,12.0,0.6666666666666666,0.8611111111111112,0.7936689938180412,0.1528194945720287,2011-08,0.6337194337194337
2012-06,0.7035285860391368,0.3645416467652892,0.4306431323487277,0.590236551583498,0.4936672119213765,0.3339834262676377,0.5192039470440167,0.5651355581283037,0.2804842657403431,0.5388678889611898,0.6432599939953475,0.22200254680628717,0.46945639589080085,0.7736960079554144,0.1243618762192618,0.38816705569172116,0.11329203445563873,-0.11329203445563873,25.0,99.0,0.6666666666666666,0.8611111111111112,0.8197338674427374,0.15764987587101614,2011-08,0.6581724581724582
2012-07,0.701335833807825,0.3664684865127694,0.42665179803371134,0.5859327381108215,0.49688616254314955,0.3288980895792807,0.5128023783781654,0.5666860593420284,0.2765800375367222,0.5335052727430478,0.6463397671902857,0.21687612644648685,0.4603939251973737,0.775808163455406,0.11983394437589771,0.3722812833972833,0.11540309569700336,-0.11540309569700336,24.0,99.0,0.6666666666666666,0.8611111111111112,0.8190447293793875,0.16872648549742825,2011-08,0.6316602316602317
2012-08,0.7254495833377979,0.3648337374429041,0.4410066427609595,0.6166559222543188,0.49421766818932095,0.34013234867059916,0.5470044993665982,0.5674762916069798,0.28301619923337445,0.5602886872516903,0.6464247553876056,0.22146396081052414,0.4910099969530518,0.7701101101909821,0.12503256640838822,0.3722812833972832,0.10879366108347899,-0.10879366108347899,23.0,99.0,0.6666666666666666,0.8611111111111112,0.8496534813734509,0.18970450115081053,2011-08,0.6306306306306306
2012-09,0.7504092260043728,0.370038203505178,0.46162995838401977,0.6494004179886174,0.5020596502935015,0.3585999026963292,0.5835998795986432,0.5754292678385925,0.30134196494947624,0.602544858300699,0.6573201635063992,0.23743398828189136,0.5363520282549352,0.7817551996446725,0.14032439726686546,0.42795445497473394,0.10100880801575518,-0.10100880801575518,22.0,99.0,0.6944444444444444,0.8611111111111112,0.8641687161149081,0.10498145788182042,2011-08,0.6733590733590734
2012-10,0.7438350410635355,0.3668279663629536,0.4567553347697533,0.6404642573452747,0.49732528052349706,0.35462808696807185,0.5732348312285918,0.5722990956520245,0.2959535506718783,0.5874577019991066,0.6529924432768605,0.23280290606404808,0.5178427119700774,0.777591555284064,0.13529159351569686,0.4008625087031236,0.10337078371826047,-0.10337078371826047,21.0,99.0,0.6944444444444444,0.8333333333333334,0.8904206629605279,0.1130655752653496,2011-08,0.6517374517374518
2012-11,0.7369153802944016,0.35814216411971206,0.45920315715448995,0.634275009138556,0.48412993207407456,0.36150915004689294,0.5693495102950308,0.5628021884689651,0.300504751761202,0.581396086125975,0.639136045555708,0.2413136056851489,0.5153639515701799,0.7657094727885685,0.14316546400047972,0.44000049304008637,0.10264037115584534,-0.10264037115584534,20.0,99.0,0.6944444444444444,0.8333333333333334,0.8821982872826976,0.11231838469614464,2011-08,0.6545688545688546
2012-12,0.7402693555585129,0.3593987262785839,0.4604330284670545,0.6375842451279834,0.4853592754013905,0.3623571733021504,0.5726096110040562,0.5652134968293131,0.3001807926050843,0.5882549282570442,0.6408127207345903,0.24131745336158578,0.5227591609103774,0.7694029466873388,0.1411940697784589,0.44891191013063786,0.1026851104305293,-0.1026851104305293,19.0,99.0,0.6944444444444444,0.8611111111111112,0.8574395669756767,0.1342398263396057,2011-08,0.6638352638352638
2013-01,0.7530661798231825,0.35051617621609527,0.47606858233120164,0.6569262663331391,0.47413214839804013,0.37838028823967795,0.5962378232840515,0.5488835287602924,0.31930754302980274,0.6194260824927249,0.6247805217404424,0.2593294702934212,0.5707441901082784,0.7598638738828791,0.1525790075657041,0.45487483378060745,0.09613991349004314,-0.09613991349004314,18.0,99.0,0.6944444444444444,0.8611111111111112,0.8712304015345429,0.1301652307518894,2011-08,0.6916344916344916
2013-02,0.7700084693162864,0.35478511753652014,0.4844623181598917,0.6782936965107974,0.4813621935367005,0.38258770423175403,0.6192147287405859,0.5513733045425272,0.3262397846101282,0.6475502200552533,0.6298114169466577,0.26310945587342016,0.5921279781037234,0.7630604965638018,0.15586492968246202,0.4943518920392615,0.09171477280548901,-0.09171477280548901,17.0,99.0,0.6944444444444444,0.8611111111111112,0.8890287892237058,0.12191920797297132,2011-08,0.6916344916344916
2013-03,0.7772962563758986,0.357605671731789,0.4865428398855832,0.6875986348216772,0.4843191551637882,0.38351768918026874,0.6299606514643193,0.5583094765687082,0.3233594186709796,0.6542075769067389,0.635885362085971,0.26028588395276414,0.6011524903219381,0.772794340850177,0.14897122518038108,0.4977250295681891,0.08969762155422145,-0.08969762155422145,16.0,99.0,0.6666666666666666,0.8611111111111112,0.8977794671343249,0.1251589016015237,2011-08,0.7088803088803088
2013-04,0.7651529027983502,0.3598137443429849,0.47597554649904317,0.6720397826274357,0.48552952238750596,0.3749395051815908,0.6137105017530895,0.5647767807702896,0.3112495738396219,0.6322271372429304,0.6434633891699383,0.24801022917612536,0.5817354115029074,0.7806381886738325,0.13776472995580907,0.5178253507906513,0.09311312017091455,-0.09311312017091455,15.0,99.0,0.6388888888888888,0.8611111111111112,0.8856350015482304,0.13486669001057688,2011-08,0.7158301158301158
2013-05,0.7481193169376159,0.4167341395264647,0.41808534378218576,0.6284076441731955,0.492494050991896,0.3580870325921036,0.651002952395816,0.541799830425866,0.31903915831761065,0.6251293340455191,0.6263199167743155,0.2521031978015959,0.5808121027239368,0.7750687732639606,0.13430105141304235,0.4754789219485111,0.11971167276442019,-0.11971167276442019,14.0,99.0,0.6388888888888888,0.8333333333333334,0.8983756878031858,0.12784909021316943,2011-08,0.6934362934362934
2013-06,0.659689418498629,0.4247494952536722,0.3233942283547675,0.4918409161128186,0.49550373053170715,0.26737459967433863,0.48219381304744735,0.5488994897578516,0.22509853530583876,0.4380867638065054,0.639703196755585,0.2354648383788311,0.6022030757852882,0.7825896497071404,0.12233456417891182,0.4617411891052396,0.16784850238581045,-0.16784850238581045,13.0,11.0,0.6111111111111112,0.7777777777777778,0.9071493088343062,0.28888137498857,2011-08,0.5858429858429859
2013-07,0.6597237563468232,0.4276100337120186,0.3205552294626647,0.49012875881520124,0.4925979879379489,0.26900857021175384,0.4811042298002218,0.5491321333832029,0.22416723975262098,0.43403831962187756,0.6425297761531178,0.2311734909125129,0.5853495821445249,0.7893850599097161,0.11469191580891008,0.4412336443099196,0.1695949975316216,-0.1695949975316216,12.0,10.0,0.6111111111111112,0.75,0.9416920292489692,0.2594837019537064,2011-08,0.5794079794079794
2013-08,0.6556090868136445,0.4304161877665069,0.3045914779942293,0.4701533184334981,0.49362157570602677,0.2530455446171385,0.45832075177715087,0.552393165808147,0.2051155094313978,0.40215848015130623,0.6460365268097779,0.2078724903852006,0.5311743395652646,0.7893898069142252,0.09096349153969154,0.34958398715179256,0.185455768380146,-0.185455768380146,11.0,9.0,0.6388888888888888,0.6388888888888888,1.1193454792169568,0.21527907565480395,2011-08,0.5356499356499357
2013-09,0.6632126580366675,0.4305979857761764,0.31036311029183977,0.4805023048408686,0.49510940722477953,0.25749982101870406,0.4672300733416355,0.5539091090305532,0.20931694772379167,0.4113159126320408,0.6463709978955444,0.21051621462557446,0.5362255678653081,0.789675460140578,0.0930866948338601,0.3540674485523193,0.1827103531957988,-0.1827103531957988,10.0,9.0,0.6666666666666666,0.6388888888888888,1.1281058739645018,0.21030708230001388,2011-08,0.5444015444015444
2013-10,0.6783415502438385,0.43229039704756594,0.32554525134971823,0.5068270987338988,0.49981647243128596,0.2704365798711786,0.49282056153723114,0.557952204295213,0.22299145692796024,0.44111778456145895,0.6493739332312688,0.22434204661943516,0.5764465184029084,0.79540213013121,0.10516704816391222,0.4080911345650028,0.1715144515099395,-0.1715144515099395,9.0,10.0,0.6666666666666666,0.6388888888888888,1.1370823192621238,0.18545685265342307,2011-08,0.5984555984555985
2013-11,0.6799894525696796,0.43282543425878545,0.3267291964531891,0.5079342778951389,0.49989774362649037,0.2719866159342417,0.49741639230195567,0.557922937652171,0.22462804298479416,0.44600799956188397,0.6502328094219889,0.22737022833783258,0.5894203698592329,0.7970277904379941,0.10756018834068146,0.42807260479680426,0.17205517467454046,-0.17205517467454046,8.0,10.0,0.6666666666666666,0.6944444444444444,1.0473134304774234,0.2166549929088002,2011-08,0.6084942084942085
2013-12,0.6842323257025973,0.45625187850890253,0.30538585513572136,0.48861188482825657,0.5153420480856469,0.25632062769488584,0.4359694016060791,0.5667744776490449,0.29902728892870384,0.5856585346200653,0.6472526151833279,0.2322026690229168,0.520535076219233,0.7931733338387857,0.11103812844969119,0.37971525565411657,0.19562044087434055,-0.19562044087434055,7.0,9.0,0.6666666666666666,0.7222222222222222,1.019427052793962,0.25569719730521057,2011-08,0.563963963963964
2014-01,0.6809246058300015,0.4577410348474716,0.30186536789468377,0.48323562015836397,0.5158023903293903,0.2537842663832114,0.43112420806801804,0.5670029814462555,0.2961839106647512,0.5807370235448327,0.6467271095339083,0.23016368320571798,0.5402823528873065,0.7980274597889944,0.10487057836937663,0.3654768436014918,0.19768898567163745,-0.19768898567163745,6.0,9.0,0.6388888888888888,0.75,0.9780770076280055,0.28619088910067725,2011-08,0.5734877734877735
2014-02,0.6778028870319636,0.45503976229591164,0.30194135189260024,0.48084758840602476,0.5104561439506261,0.25616758000172796,0.4315619969648569,0.5616490919188111,0.29845280781247663,0.5828248953167552,0.6420284004509486,0.23205973010450437,0.5434426942593628,0.7993073983595707,0.10214773010510012,0.39167422402925484,0.19695529862593886,-0.19695529862593886,5.0,10.0,0.6388888888888888,0.7777777777777778,0.9398750071384953,0.3241748942198929,2011-08,0.5716859716859717
2014-03,0.6719029970878136,0.4700444527494096,0.28517242716263874,0.4613603580664915,0.529055367559208,0.2366210091367232,0.4055713852699883,0.5828722676812707,0.28089903504272645,0.5630403399469646,0.664640858021165,0.2136236670234722,0.5178982912468882,0.8191833126653137,0.08647337046624466,0.3135445771049597,0.2105426390213222,-0.2105426390213222,4.0,9.0,0.6388888888888888,0.7222222222222222,1.006018583143916,0.26398782636683366,2011-08,0.5528957528957529
2014-04,0.6691487214533959,0.46865793235484443,0.2844863787346387,0.4583016262267994,0.5267297458706733,0.23682253205506884,0.40332216845475927,0.5797026342235707,0.28030131247817813,0.557838724540111,0.6618535041417284,0.21287399737796942,0.5105965975124616,0.819026235046441,0.08387067382910973,0.3374554947938822,0.21084709522659645,-0.21084709522659645,3.0,9.0,0.6111111111111112,0.75,0.9656907868719542,0.2948273327415451,2011-08,0.5601029601029601
2014-05,0.673947596667899,0.4748630270323689,0.27812538038243445,0.4543542176930445,0.5345762093978511,0.2283514396040293,0.3945326750204263,0.5878664721883801,0.27277155387572677,0.5556510538653114,0.6707756450084906,0.20366258841016785,0.5011161180675876,0.8268145824088252,0.07359628610270436,0.2845124341267193,0.21959337897485431,-0.21959337897485431,2.0,9.0,0.6111111111111112,0.6944444444444444,1.055248524194123,0.2539133837706009,2011-08,0.5575289575289575
2014-06,0.6694076845121899,0.5078621867481117,0.2454114439838603,0.4215215694992574,0.5745696855453619,0.1897197042893076,0.3460452921370016,0.6338765965404624,0.2392329540555136,0.5304231932012102,0.7121574314321065,0.17387904394852255,0.44442156356415874,0.8534679496895938,0.05590387262906162,0.22873502967027373,0.247886115012932,-0.247886115012932,1.0,8.0,0.6111111111111112,0.6666666666666666,1.0968653210736254,0.24129156232003054,2011-08,0.5292149292149292
2014-07,0.6711003183797866,0.5047437827996678,0.24773238363443553,0.42573304889218067,0.5703268495350661,0.19272275604868616,0.35202291547705433,0.6288267904604173,0.2417912141779089,0.5359626485549337,0.7068985297346034,0.17630636395319915,0.45140193531738054,0.8493325125243482,0.056835885690403085,0.23727935077740983,0.24536726948760568,-0.24536726948760568,0.0,8.0,0.6111111111111112,0.6388888888888888,1.1488203904397145,0.22571983360160777,2011-08,0.5405405405405406
2014-08,0.4390570156561588,0.1488126285373109,0.3290308908795262,0.371322192339386,0.2735699408245843,0.42127147384238467,0.5500854549590465,0.3702769141427054,0.34977019322087954,0.5049801755819214,0.49588194478119363,0.2569028411054096,0.4272004605805484,0.738888724782641,0.07723331600658148,0.2294326299003212,0.1613007301764457,0.1613007301764457,21.0,8.0,0.6111111111111112,0.6944444444444444,0.8248920038203853,0.477754958867643,2013-06,0.5166023166023166
2014-09,0.398307581578478,0.1730428854384611,0.2711861023544894,0.3103386076184841,0.3085268953543936,0.3707159253117923,0.49894218720351596,0.384037632177826,0.3152439159427523,0.4551472332347575,0.5174244086537884,0.21725477127737394,0.39822655888250796,0.7478354978263275,0.04798922527698711,0.1559518081730312,0.16954721050094812,0.16954721050094812,20.0,7.0,0.6111111111111112,0.6666666666666666,0.8260960399289051,0.49046163358724937,2013-06,0.47696267696267697
2014-10,0.44172856275834405,0.14719871066347098,0.3327870801643706,0.3733517176500728,0.26974152405371765,0.24209337971144232,0.29581258010277967,0.39079386879176453,0.33168398718211134,0.4888284635626844,0.5191153785525799,0.23671348466187803,0.41311390576979307,0.7665091346577436,0.053617841683011286,0.20277952052395132,0.16106192548609277,0.16106192548609277,19.0,8.0,0.6111111111111112,0.6666666666666666,0.8617485909706223,0.4351222072294075,2013-06,0.5091377091377092
2014-11,0.43514749753651644,0.1504430882602046,0.3261466041144473,0.36502844718130556,0.27619250020617464,0.23503707952330471,0.2854052194071604,0.3981757176042967,0.32341787409923567,0.4733126978428665,0.5226444042050776,0.23323627652998757,0.3958835006524435,0.7618820042915897,0.05990088139053914,0.15426273631279805,0.1584563039500015,0.1584563039500015,18.0,7.0,0.6388888888888888,0.7222222222222222,0.7805537844425329,0.506423598172778,2013-06,0.503989703989704
2014-12,0.44053468169777116,0.1465613725627356,0.33451132220057184,0.3733736783627089,0.26889664972770877,0.24601326269652699,0.29776174757467516,0.3892461974557327,0.3330748338388944,0.48339892439566795,0.5115681280785038,0.24458642930202942,0.40625669806630876,0.7481623687133002,0.07343276315406498,0.2157474848620341,0.15690840377036191,0.15690840377036191,17.0,8.0,0.6388888888888888,0.7222222222222222,0.7834215356063441,0.4950246066342959,2013-06,0.5078507078507078
2015-01,0.49316543326003254,0.12528223152497744,0.3996401875702168,0.44164134354538026,0.23158576680748877,0.4789975244724632,0.6025163646777354,0.33544697468781615,0.40146342513203087,0.560382569492068,0.4897237478208803,0.28629327741140126,0.4790161579116252,0.7392721170239698,0.10000131679479383,0.2909331641246031,0.14771371939508754,0.14771371939508754,16.0,10.0,0.6666666666666666,0.7222222222222222,0.8344012620114232,0.4433642648195863,2013-06,0.554954954954955
2015-02,0.5108332502867536,0.1237787976035074,0.41592208402153147,0.46055019477402165,0.22640138270943858,0.3372330886028205,0.4057257232269112,0.3288295668120384,0.41577302112621706,0.5810807076133852,0.48014484866083645,0.29974741615933476,0.5031008622474512,0.7272603452375559,0.11026407623035343,0.32087467915689316,0.147246641317194,0.147246641317194,15.0,10.0,0.6944444444444444,0.7222222222222222,0.8599323207731794,0.4479076580066287,2013-06,0.5758043758043758
2015-03,0.4891482273312802,0.12253755256465432,0.39520906733055616,0.43665010141636645,0.2251656762261759,0.47388535494554684,0.5975856594949857,0.3264213837885889,0.3962611824807564,0.5541080340189463,0.4802802572933784,0.27831061930077466,0.47036873443050947,0.7363161521096735,0.08202959045954604,0.24943526694075313,0.1480250338998978,0.1480250338998978,14.0,9.0,0.6944444444444444,0.6944444444444444,0.8790344541656603,0.4414248543224267,2013-06,0.5518661518661518
2015-04,0.4829137268798182,0.12518251224313584,0.38747020055657266,0.4288676524811231,0.23012030439115838,0.46747844410204636,0.5914717886995697,0.33364863515636717,0.388544823218969,0.5464320553424947,0.4899310634743616,0.2693896329791507,0.458680492910182,0.7483908783588442,0.07233082897051878,0.2257282990000241,0.14936332238826983,0.14936332238826983,13.0,9.0,0.6666666666666666,0.6944444444444444,0.8717440954018997,0.44469290402307765,2013-06,0.54002574002574
2015-05,0.40085412353086475,0.12948678980308098,0.3084489192467734,0.3398369550558613,0.25036935135116134,0.3947139182572657,0.4973759812668522,0.3649237904604508,0.3129648350987339,0.4400110908886645,0.4960413136240891,0.21939589627813633,0.3529121653414227,0.7552559624922033,0.034413454296883625,0.09633512542321615,0.14569810967389624,0.14569810967389624,12.0,7.0,0.6666666666666666,0.6666666666666666,0.8126421195264492,0.45612637875454304,2013-06,0.4664092664092664
2015-06,0.33484436535344597,0.14071193077764377,0.236147794804446,0.26096875058596175,0.2641773700521133,0.1495480632083247,0.17562507425724552,0.38761409303989547,0.23612765295151797,0.33404789414578157,0.5229050461235534,0.1412334032466865,0.24118114150445222,0.7589318550937735,0.026618208267540716,0.07523849245851326,0.13751261392537695,0.13751261392537695,11.0,6.0,0.6388888888888888,0.6388888888888888,0.788453409058799,0.49345197084475156,2013-06,0.364993564993565
2015-07,0.3612819092300923,0.1410228278741681,0.2635716146241674,0.29102233006949846,0.2630497576171836,0.17902298207451053,0.21274763584372822,0.3840957342488632,0.26289194297846225,0.3712973094021532,0.5225476071748026,0.16696298242459684,0.2843992304917483,0.7619482651514456,0.0010897747151172358,0.003472151095436424,0.1366424467229605,0.1366424467229605,10.0,6.0,0.6666666666666666,0.6388888888888888,0.8020710681661055,0.4463667495974767,2013-06,0.3927927927927928
2015-08,0.37883853792735456,0.12506722105333679,0.29187076503885523,0.318576751136725,0.2358625287899214,0.3689143027395725,0.45722297980010523,0.34233890025539704,0.2948740161352038,0.40591509411805593,0.49292546607297716,0.19016090149346004,0.31610183273588727,0.7566675611878659,0.05168383624339913,0.16041990630731973,0.1299462336240016,0.1299462336240016,9.0,7.0,0.6666666666666666,0.6388888888888888,0.817331241051263,0.4260976705170494,2013-06,0.41106821106821106
2015-09,0.3477132956866942,0.11923051097066822,0.2729491594649398,0.2934334579267834,0.22171665747309577,0.3372136514609118,0.40800394723991595,0.31955301560407423,0.275864834390554,0.36771228501693975,0.4768887411407658,0.17720661745590058,0.2834265547912452,0.7481446009102256,0.04440390347210896,0.10302038508436266,0.10922666195950381,0.10922666195950381,8.0,7.0,0.6388888888888888,0.6666666666666666,0.7107688434965692,0.407373907906947,2013-06,0.4038610038610039
2015-10,0.3095615454808914,0.11545244842652105,0.23581028067865978,0.252993925012567,0.21962326531372542,0.3023548157285389,0.36639239183413036,0.317054770343037,0.24011536714664064,0.3187078795867795,0.46213234386935254,0.14743951065482916,0.23027445349700665,0.7351616553079756,0.029191513331342227,0.0676692249184234,0.10847137962940495,0.10847137962940495,7.0,6.0,0.6388888888888888,0.6944444444444444,0.6638545415125451,0.5237917678165841,2013-06,0.3637065637065637
2015-11,0.3055823652669162,0.12566279089235638,0.2237710243776167,0.24207757955365583,0.2358350708912417,0.2954974430854508,0.36107128569548014,0.3437602834763032,0.22523395224105286,0.3021732308219943,0.4898938484762514,0.13009534504729395,0.19802350232546176,0.7337207026755151,0.07211019795375877,0.1636248784849695,0.11300037911296812,0.11300037911296812,6.0,6.0,0.6388888888888888,0.6388888888888888,0.7278638592652752,0.46503738298148173,2013-06,0.3722007722007722
2015-12,0.30439005930699486,0.12152297863807464,0.22632512016428716,0.2438498548088297,0.22830489732834047,0.29492057492946044,0.358311670827925,0.33141226169518306,0.22868561085377997,0.30442328524663886,0.47812669055738394,0.13443797893393178,0.20997608291947614,0.7296765701997756,0.07126930825826286,0.15791297499974277,0.10910808851938802,0.10910808851938802,5.0,6.0,0.6388888888888888,0.6388888888888888,0.7203748353752838,0.4549976259912848,2013-06,0.3613899613899614
2016-01,0.3164732120516983,0.13758515293293308,0.23276408546835534,0.2715238029791954,0.23893706399086023,0.17109987409558186,0.20775324003941803,0.32884574501211594,0.22580183139338997,0.3226140574996377,0.488720871759491,0.1285311089561538,0.22204906058876936,0.746286950943071,0.02431589800837156,0.0630365320344019,0.09403237863592523,0.09403237863592523,4.0,6.0,0.6388888888888888,0.6944444444444444,0.6474230496896523,0.46445580185744234,2013-06,0.37194337194337196
2016-02,0.32490633066844615,0.12193834067452478,0.25150891876717635,0.291950458968402,0.21292380366680544,0.1967427355689221,0.23810811046479957,0.2983760497506589,0.24817835187311862,0.34773154685318886,0.45483209107955724,0.15400396466777963,0.2616217525605211,0.7181846972494768,0.04145981394305522,0.09313737137058714,0.08921273993607648,0.08921273993607648,3.0,7.0,0.6388888888888888,0.6388888888888888,0.7051957310940723,0.37290617244369595,2013-06,0.39227799227799226
2016-03,0.34718101709694366,0.11879223703865342,0.2757128016773316,0.3159280578064298,0.2079658834993427,0.22206382987683299,0.2656871205143096,0.2913959039674614,0.2722573006281077,0.37294810324862876,0.4358331832451506,0.18536042211674766,0.29976502817924827,0.7161504625381742,0.016714926402792582,0.04097951896921655,0.08863782924599783,0.08863782924599783,2.0,8.0,0.6666666666666666,0.6944444444444444,0.6641632444624044,0.4047950466515529,2013-06,0.41287001287001285
2016-04,0.3476581917189477,0.12147223463613158,0.2733941964591896,0.31332496450655856,0.21244511631043142,0.2177764688882408,0.26078199780178235,0.29623205435968647,0.26900095478626096,0.37007518519702853,0.4400529467434525,0.18107374983908836,0.2958400881862366,0.7166842580127786,0.01195076918145576,0.028026211088307437,0.09059677879944433,0.09059677879944433,1.0,8.0,0.6666666666666666,0.7222222222222222,0.6454970579875703,0.46148867975136565,2013-06,0.41853281853281854
2016-05,0.3188687818748578,0.12419805802587074,0.24528118799939783,0.28132762218449286,0.21642092464396215,0.19063895797910888,0.22718846927075284,0.30175064235706966,0.24119698370340664,0.33383725167987244,0.45578439982228847,0.149931679175855,0.2486781991353244,0.7206431037729888,0.0393904527024321,0.09200856135647865,0.08893640019079968,0.08893640019079968,0.0,7.0,0.6388888888888888,0.6388888888888888,0.6934342666585124,0.36835236673275124,2013-06,0.39716859716859715
2016-06,0.3996942940653125,0.12177120670199136,0.3275649535592769,0.37821915770351594,0.2166697404968947,0.271353236167269,0.3299582133174888,0.3052345220830849,0.2188932215144905,0.29527619071255157,0.47292302296821936,0.11956546327940093,0.19684358523407294,0.714549623288786,0.018136017257304918,0.040557914906751626,0.037643306821353806,0.037643306821353806,26.0,9.0,0.6388888888888888,0.6388888888888888,0.7548048525715919,0.2593239474508213,2015-09,0.45842985842985845
2016-07,0.34311695703753337,0.11652119677634569,0.27380910773143824,0.3155438924402597,0.21778643336435238,0.21357563990275544,0.27510314921066537,0.31194613502300517,0.15756860775914472,0.21655442507482334,0.45117748490227527,0.0747525564046532,0.11623452728735885,0.6821336109740284,-0.02113776238281656,-0.05284151902912777,0.04015281945949384,-0.04015281945949384,14.0,7.0,0.6111111111111112,0.5833333333333334,0.7816049125103083,0.2936406444268535,2014-10,0.37657657657657656
2016-08,0.3628076552905978,0.1158178372696159,0.29340132543258257,0.33873796851429483,0.22002195440418093,0.23095476713976726,0.2981110216778112,0.3148590381688758,0.1741216050490135,0.2404986710753819,0.4562906074421073,0.08936569541772685,0.14149306845525186,0.692325383794793,-0.009633002845568736,-0.03252146336097423,0.04316578758786821,0.04316578758786821,24.0,8.0,0.6111111111111112,0.6111111111111112,0.7652902425935996,0.29557981442059084,2015-09,0.4064350064350064
2016-09,0.3479724034659827,0.1131244997630078,0.27925560370959884,0.32129423986983463,0.21639203585093475,0.21652635749365481,0.27870507973019937,0.30841741628644936,0.16062609138737166,0.22062994740500447,0.44697144181022563,0.07646227853246934,0.1198129082925084,0.6770885553768009,-0.021843571258916582,-0.05422621049760394,0.04113729971329194,0.04113729971329194,23.0,7.0,0.5833333333333334,0.5833333333333334,0.7961803444894114,0.302716874197883,2015-09,0.37915057915057915
2016-10,0.3472831168989372,0.12081753653357376,0.2740723216770257,0.31464648437844445,0.2192125622542307,0.21444870837079058,0.2755388935236934,0.3136585933454994,0.15721803441292762,0.21545502257503862,0.45164107420220884,0.07360594100292245,0.11486100771253978,0.6808979650428821,0.02377611380046198,0.05475306284677209,0.0407363498091059,-0.0407363498091059,11.0,7.0,0.5833333333333334,0.5555555555555556,0.8340891814299735,0.28292965857104185,2014-10,0.3799227799227799
2016-11,0.3067195409763937,0.1306719600788236,0.235476250445339,0.27069475579559527,0.22939477291095728,0.18165186430771624,0.2165003469737176,0.32605393079035255,0.12895259766217962,0.176695529406244,0.46677835883804175,0.052228629443057784,0.07818860871324376,0.6933618201668874,0.020399575868433675,0.041522856437541916,0.040621365619068206,-0.040621365619068206,10.0,6.0,0.5833333333333334,0.5833333333333334,0.7099389320514589,0.2782355759271239,2014-10,0.3621621621621622
2016-12,0.3538783702768056,0.13659812445158306,0.27572297325442785,0.302801069794078,0.25723232891377673,0.20670142422457088,0.26753141874471525,0.3481446734385688,0.1546854071006405,0.21338058567677234,0.5028776967272104,0.06615402413950013,0.10978370631377869,0.7331997268102075,0.021370083641195185,0.05051164566552522,0.05107730048272752,-0.05107730048272752,35.0,7.0,0.5833333333333334,0.5833333333333334,0.7716950677643211,0.2546568975575032,2016-12,0.3866151866151866
2017-01,0.3515301732992097,0.1359043896677841,0.2737062856051932,0.30054665381847845,0.25597456421716147,0.20494965601895435,0.26531975944437797,0.3467731984660708,0.1529549946851251,0.21104824872499528,0.5016740375302421,0.064253036400281,0.10645357495527161,0.7308911589038535,0.01900351495156148,0.04407545941231885,0.050983519480731265,-0.050983519480731265,34.0,7.0,0.5833333333333334,0.5833333333333334,0.7701393460817011,0.25795801348289227,2016-12,0.3783783783783784
2017-02,0.3442616773861069,0.13421151863198924,0.26863396703375303,0.2946266199702282,0.2617969977530708,0.19674000622854682,0.2551433310099276,0.3583772346120929,0.1423173884578325,0.19709587000474582,0.5169756109573289,0.05294777107439396,0.08716740936321793,0.7556861005283116,0.005893389761537142,0.008972002458125194,0.0496350574158787,-0.0496350574158787,33.0,7.0,0.5555555555555556,0.6111111111111112,0.722080305215852,0.2740434290167861,2016-12,0.3575289575289575
2017-03,0.3472584994139956,0.1341845377831202,0.2710001010831708,0.29709472015120175,0.26188312226110255,0.1984277340855369,0.25739748414996155,0.3578302692839205,0.14390002264237325,0.19934027326704137,0.5143432086432284,0.05495217313022362,0.0908904847291317,0.7532033581793413,0.00893419895748033,0.01774036263851019,0.05016377926279392,-0.05016377926279392,32.0,7.0,0.5555555555555556,0.5833333333333334,0.7629736480549899,0.25789327531099565,2016-12,0.35855855855855856
2017-04,0.35315526499796296,0.13344620681649164,0.27696356299073693,0.30357026294932904,0.25410055859402597,0.20807542719568606,0.26918668687999137,0.3457272352894627,0.1557607708765946,0.21490103230066765,0.5006051105176594,0.06733256299859615,0.1113041804842456,0.7294587083004489,0.02136537152648599,0.04788919124939177,0.049585002048633975,-0.049585002048633975,31.0,7.0,0.5833333333333334,0.6111111111111112,0.7350872517735086,0.27224894743489164,2016-12,0.3732303732303732
2017-05,0.36382349863638436,0.1332042603354503,0.2878496947088688,0.3155280410468013,0.2589642090623261,0.21612179604820345,0.27965278571081625,0.3535101682441411,0.16219697302130473,0.22415259972597984,0.5084633324678499,0.07381855864451527,0.12278465310374662,0.7442020200033362,0.02817969497746477,0.06523300771096734,0.048295457589583146,-0.048295457589583146,30.0,7.0,0.5833333333333334,0.6111111111111112,0.7430970586575945,0.25816520272811616,2016-12,0.390990990990991
2017-06,0.3514456063642432,0.13654060373459376,0.2731312104475037,0.2998852217749845,0.2580204348632964,0.2034550897134519,0.26432486532823335,0.34979359828758894,0.15081756169349372,0.2090686970864496,0.5056493263596793,0.061424759404038604,0.10246563865793643,0.737104078952947,0.015808257008673516,0.036767645474045735,0.05156038458925877,-0.05156038458925877,29.0,7.0,0.5555555555555556,0.6111111111111112,0.7358008884482081,0.2776445230794335,2016-12,0.38172458172458174
2017-07,0.3526868918887477,0.13513331433338013,0.27578469981711595,0.30175387947540516,0.26097246161003884,0.20417166848033108,0.2642261023309852,0.3545635603858708,0.15091048200119345,0.2082902942109849,0.5077362872589423,0.06374235088388512,0.10588953344167626,0.7445271724057706,0.020211320417775118,0.04823213025556213,0.05093301241334247,-0.05093301241334247,28.0,7.0,0.5833333333333334,0.6111111111111112,0.7332267576271657,0.27049624654939136,2016-12,0.3755469755469755
2017-08,0.3483530287615236,0.13573638938652063,0.27167199317028257,0.29719780685399855,0.2635717164435508,0.19945447428546456,0.2586357977598018,0.35885012975999037,0.14562920726889245,0.2015236951935509,0.5141053371385473,0.05792148101709285,0.09619622463434836,0.7539115947644603,0.01366608647372465,0.031383319151146505,0.051155221907525195,-0.051155221907525195,27.0,7.0,0.5555555555555556,0.6111111111111112,0.7264720723752158,0.2707163989715301,2016-12,0.36087516087516086
2017-09,0.34318902147495584,0.13910249027345775,0.26508562034479716,0.29071526514107554,0.2656890929986541,0.1940096518922282,0.25235598337301335,0.360784099867423,0.14061561521937183,0.19519434246303585,0.5196379244693348,0.051422215737073784,0.08550966426881944,0.7593209382741816,0.006129273467365895,0.012899201846791221,0.052473756333880406,-0.052473756333880406,26.0,7.0,0.5277777777777778,0.5833333333333334,0.7538916593348258,0.25467393962719254,2016-12,0.3431145431145431
2017-10,0.31903557172393976,0.14919804308290097,0.23817856098917248,0.2782442914562544,0.2869331609907985,0.16353381580947066,0.21573750734939887,0.3788520669498309,0.1137188999279812,0.16051371678172757,0.5250921303380679,0.034464949065733615,0.05651145796343978,0.763481145465485,0.0017560994878213672,0.012899201846791218,0.052200814827661646,-0.052200814827661646,25.0,6.0,0.5277777777777778,0.6388888888888888,0.6550932874101345,0.3000692769304001,2016-12,0.31557271557271555
2017-11,0.32619668889340886,0.14738846232838024,0.2426458478972105,0.28762193749916315,0.2924282830725611,0.16042639320125932,0.21639593715852137,0.37994479444705304,0.11081546700745104,0.15990460576975649,0.5274286434537798,0.02721055368381415,0.04689539044031783,0.7721696052124978,-0.006270581317658852,-0.0036024754601524135,0.05868900975590691,-0.05868900975590691,24.0,6.0,0.5,0.5833333333333334,0.7442264436747419,0.28079141372668465,2016-12,0.3009009009009009
2017-12,0.33001863203929255,0.1512950123591983,0.24335082870346553,0.28849331965432434,0.28963065287517775,0.16410666923236417,0.22067274060745196,0.3800071450667157,0.11233541828826848,0.1620818672616546,0.5245754080452313,0.02952096466518874,0.05025044342247534,0.7659162619199787,-0.0019139093062990854,0.00768295776355462,0.05561041890870805,-0.05561041890870805,23.0,6.0,0.5277777777777778,0.6111111111111112,0.718182836911481,0.303526449334096,2016-12,0.28906048906048903
2018-01,0.3331483387250303,0.16766411413174614,0.23375241956644213,0.2774863059960588,0.29217401344605887,0.1599395112361311,0.21512463049524427,0.3720372708332985,0.1125943657581545,0.1620818672616546,0.5215946041748843,0.023932646514444097,0.03672744282517619,0.7559257732696594,0.0003404204754797746,0.01746117682259584,0.05566203272897158,-0.05566203272897158,11.0,6.0,0.5277777777777778,0.5833333333333334,0.7716466393209499,0.3029591713575924,2016-01,0.28262548262548265
2018-02,0.2282655080109364,0.14977993244241317,0.13437314778018272,0.15538408356202948,0.26452298049794104,0.06244431575092236,0.08280130002780342,0.378449915230165,0.13386155183477647,0.20354689040151763,0.5182733647825745,0.04621059966780991,0.08901753317629367,0.7638996819177573,0.011039478524074425,0.02982529307990658,0.09744476400716803,0.09744476400716803,35.0,4.0,0.5,0.5833333333333334,0.7126118883828072,0.4650371250437452,2018-02,0.19768339768339768
2018-03,0.23328872404488663,0.14813325141561987,0.1406152859352468,0.162713794651108,0.2638509511170572,0.0682212962064812,0.09038785486960639,0.3789750752462499,0.14024393994417375,0.21323180592826146,0.5191922520151875,0.05252286632278985,0.10008471137020604,0.7652913971744589,0.015449345329890944,0.04122389425227068,0.09875740820443127,0.09875740820443127,34.0,4.0,0.4722222222222222,0.6111111111111112,0.6832137916491694,0.4903998624793355,2018-02,0.2157014157014157
2018-04,0.23071260029282056,0.1480906208268796,0.13753759554320963,0.1579690842331163,0.26388747768514226,0.06468103901373443,0.08504278780331079,0.3740370359899219,0.1339844531051185,0.20113069853135568,0.5122483001209807,0.047025298501292924,0.0881754853774064,0.7571467415758274,0.015191293353416744,0.040832686902994256,0.09461277126664427,0.09461277126664427,33.0,4.0,0.4722222222222222,0.5833333333333334,0.7165734976357406,0.46487349600678896,2018-02,0.18815958815958816
2018-05,0.24197321381510842,0.14475532976171734,0.14817720888123387,0.17050890218324938,0.26082315430043046,0.07296962750224156,0.0965565474317783,0.3734294417693355,0.14593426315610608,0.22190764778966526,0.5117765268166676,0.056290559583690024,0.10642475666244713,0.7556890813751653,0.018974642868941974,0.05090930522128005,0.10110070991967632,0.10110070991967632,32.0,4.0,0.4722222222222222,0.5833333333333334,0.7416129772517951,0.473654002583927,2018-02,0.2164736164736165
2018-06,0.25111395610276227,0.14408142571725932,0.1590335247090621,0.18371389577018626,0.26431761801211234,0.23587479970707684,0.3098187360742176,0.3825525663905845,0.16031249180858254,0.24677672438111922,0.5246129115159702,0.06952370485728507,0.13243124180370883,0.7725783842934235,0.02446275181897882,0.0649669498492997,0.10780116373309018,0.10780116373309018,31.0,4.0,0.4722222222222222,0.5833333333333334,0.7418333508753999,0.45263412698578137,2018-02,0.23938223938223938
2018-07,0.24575669750055432,0.1467705238936607,0.15252243838638171,0.17652276464251923,0.2692802372060851,0.2303453012607366,0.3040030107245291,0.3865363824743029,0.15585970605643779,0.24136215285801346,0.5298414324826489,0.06482684870608878,0.12543172600578126,0.778834642368356,0.01897367240101041,0.0502734595526694,0.10875200562530127,0.10875200562530127,30.0,4.0,0.4444444444444444,0.5277777777777778,0.8114427672934813,0.4009369509445143,2018-02,0.2205920205920206
2018-08,0.20794087385783772,0.16552201216942425,0.10646858097089087,0.12402930179578028,0.3003307064715561,0.1891122555652461,0.2566228058260724,0.41967823470816357,0.11594695759773335,0.18842742569013063,0.5682082762860738,0.024891492019674163,0.054084345676330074,0.7950057396570808,0.0006646395998251009,0.0007659174660096021,0.1123534907202966,0.1123534907202966,29.0,3.0,0.4166666666666667,0.5277777777777778,0.7561703701374336,0.4170180263286424,2018-02,0.18455598455598454
2018-09,0.21762979514945777,0.17455028715619142,0.1034610329355587,0.12572373960539407,0.3152543277490406,0.19549185347843973,0.28535835278673016,0.42768958436899807,0.12195090269205586,0.2143267913581596,0.5812725284033745,0.02149632938115,0.05384388627758722,0.8032833826930461,-0.0052510013362469824,-0.018272983820972248,0.12736350150026918,0.12736350150026918,28.0,3.0,0.4444444444444444,0.4722222222222222,0.8973418925567884,0.4019878601702307,2018-02,0.19047619047619047
2018-10,0.1902149742673175,0.17061860912466603,0.07957105762760314,0.09294873309862717,0.2959989846843208,0.16087857673615616,0.22192870236187257,0.41171347694729293,0.08583925540048457,0.1441928887509752,0.5580818440356196,0.0878909850124994,0.20697710704826544,0.7993470921585516,-0.006903536335006143,-0.01827298382097227,0.10862824754476105,0.10862824754476105,27.0,3.0,0.4444444444444444,0.5277777777777778,0.7724884805527636,0.4717504135968467,2018-02,0.18584298584298584
2018-11,0.17919535622893198,0.1617748698468901,0.07417266924727323,0.08537041638380712,0.28572275468850894,0.15463844198490628,0.20984357788040234,0.40938225412774426,0.07435988627222444,0.12536165622044967,0.5630072417102104,0.07377185256394048,0.1741561593222843,0.792778006841858,-0.012140729489371083,-0.03663271927431683,0.1065716957575473,0.1065716957575473,26.0,2.0,0.4444444444444444,0.5277777777777778,0.7629868495133552,0.4838183925141841,2018-02,0.14723294723294722
2018-12,0.29096805951486054,0.19697764323505204,0.15232230313155037,0.1736987390995769,0.3183275507893882,0.06690829652858298,0.07568777419133692,0.4233562408196821,-0.0070177690494372565,-0.01603795104535814,0.5883975841362727,0.015383157749059961,0.04331492829801834,0.8152632757997131,-0.0009146985775400042,0.008068505399347644,0.1172693204152836,-0.1172693204152836,35.0,3.0,0.4444444444444444,0.5277777777777778,0.916294016720695,0.42504142556900487,2018-12,0.21081081081081082
2019-01,0.2236395611177586,0.2345971011150999,0.05956456308932433,0.06703600093491874,0.35402550517759507,0.14309166154003786,0.1943465964782075,0.46548565432930633,0.0651374853571723,0.10925704062839214,0.6123412802862372,0.0674819518501963,0.16102658384825128,0.825789683041475,-0.024623586668661598,-0.08358671598530965,0.1566035601828398,-0.1566035601828398,34.0,2.0,0.4166666666666667,0.4722222222222222,0.9501780663179931,0.43819170990970163,2018-12,0.13513513513513514
2019-02,0.1626303600767957,0.25959217088304276,-0.013886821177682102,-0.02330091612057337,0.3868884963594363,0.07267198558721544,0.09843905021105011,0.4943059004655043,-0.0003695754351277003,0.007980438661671195,0.6397843221133914,0.005429371049198498,0.038655892780742655,0.8241908738147247,-0.021644096496235273,-0.08358671598530965,0.18593127619736904,-0.18593127619736904,33.0,1.0,0.3888888888888889,0.4166666666666667,0.9830440578772139,0.43112372692716,2018-12,0.0416988416988417
2019-03,0.12364656336254967,0.259191251418555,-0.05710814325306404,-0.07754423494266889,0.39032228186446327,0.034339970086908256,0.04671058495069006,0.5089152100301595,-0.04836432575624381,-0.06923262884968419,0.6669347627119666,-0.04457381674710924,-0.06467867918695447,0.8229284459185301,-0.020120300959317484,-0.05169357322320201,0.20119079830521858,-0.20119079830521858,32.0,1.0,0.3611111111111111,0.4444444444444444,0.8979974310700838,0.5020164589716052,2018-12,0.005662805662805663
2019-04,0.12425494312831137,0.2620009803943476,-0.05670993283562186,-0.07697695980806717,0.3938433423062375,0.034353988506452195,0.0465572151148497,0.5114166225412364,-0.04685423461689288,-0.06666804163860961,0.6686698668000001,-0.042574949246381166,-0.05978504342936723,0.8257751930790644,-0.018065159390804476,-0.04288006396865189,0.20123190293637852,-0.20123190293637852,31.0,1.0,0.3611111111111111,0.4444444444444444,0.8913603037424265,0.4956420925193963,2018-12,0.011325611325611325
2019-05,0.15181451242583832,0.24625815352618735,-0.021169345214772685,-0.03215398491797878,0.37294630067360807,0.06782264996223875,0.09276299531311265,0.4879334936916734,-0.012950018648773336,-0.011394759959156859,0.6421687972830933,-0.00926995527174864,0.010666548668868571,0.8148086308591583,-0.03473687962671368,-0.1041539627326007,0.18396849734381715,-0.18396849734381715,30.0,1.0,0.3888888888888889,0.4444444444444444,0.934351000767307,0.48180540386862847,2018-12,0.05945945945945946
2019-06,0.1339480000322553,0.24090899059120446,-0.026841369024364983,-0.0383250927608732,0.3691618180858089,0.05875813957835754,0.07935577443725474,0.4844844864393648,-0.018211420739791505,-0.019299688720443315,0.642410889008479,-0.014069115576199184,0.000262726670664735,0.8085036322961445,-0.04014258760676638,-0.11202660624233012,0.17227309279312847,-0.17227309279312847,29.0,1.0,0.3888888888888889,0.4166666666666667,0.9349384888986998,0.4445665396357885,2018-12,0.04221364221364221
2019-07,0.05845928935258158,0.2145700950401301,-0.08340922924976983,-0.10504657764534722,0.34320717412190827,0.0016424730540962225,-0.006264659377298518,0.46427423192054335,0.08168906173750683,0.11556874946583931,0.6510560054553737,0.06336446695938261,0.13365058087614334,0.837726862184784,-0.0303851413266333,-0.07323347781782542,0.16350586699792888,-0.16350586699792888,28.0,1.0,0.3888888888888889,0.4166666666666667,0.8395740771182798,0.5022636204492306,2018-12,0.021621621621621623
2019-08,0.05629164718604159,0.20639538367941382,-0.0765227950070218,-0.09471122323969268,0.33824000051656894,0.008318585304971534,0.003844424030222739,0.4546202640101978,0.08320872820757054,0.11547684874631634,0.6426238697953,0.061743334242799666,0.12308404131121609,0.82570046961935,-0.02937869347263583,-0.06452240695904217,0.15100287042573426,-0.15100287042573426,27.0,1.0,0.3611111111111111,0.4166666666666667,0.8164180081293247,0.48933630811563883,2018-12,0.023423423423423424
2019-09,0.07259073331544659,0.21147344763767884,-0.061579836834627005,-0.07734875564209942,0.33997310122578556,0.019947522645236936,0.019388847126036828,0.46042528583151576,0.09636911819259805,0.13557233898347265,0.6480904557572477,0.07835693456202925,0.1566486091732057,0.8340399853771505,-0.011325800412728019,-0.015842063474379275,0.14993948895754605,-0.14993948895754605,26.0,1.0,0.3888888888888889,0.4444444444444444,0.7733322221032409,0.49163199438056104,2018-12,0.06229086229086229
2019-10,0.08727817228153112,0.2150935682946614,-0.04722518816742155,-0.06045989710798346,0.3453141441144871,0.034204978184042084,0.03885405457340802,0.47091003935477893,0.11274321669274398,0.16133910600938803,0.6661602285749209,0.09550729891420817,0.19388643065824573,0.8504590285054173,-0.01973932660739851,-0.044222564258557355,0.1477380693895146,-0.1477380693895146,25.0,1.0,0.4166666666666667,0.4722222222222222,0.7335619687728641,0.4955693389097422,2018-12,0.10733590733590734
2019-11,0.11587395422434774,0.20683239407059026,-0.023699512596041597,-0.032836902902796006,0.33551465693736193,0.0631371245144787,0.0842012722071837,0.4560712418870983,0.1444904375923069,0.21696399947427975,0.6511074450647583,0.13098730191580102,0.2892573604970262,0.8545226944753815,-0.006280226664297065,-0.004407511832519654,0.1487108571271438,-0.1487108571271438,24.0,1.0,0.4166666666666667,0.4722222222222222,0.8139438388844589,0.5148135191149278,2018-12,0.15933075933075933
2019-12,0.05280677336428978,0.21902051122917932,-0.0954660929088954,-0.11920795185410153,0.36292217437607605,0.0019526919187155465,0.0035364409857466727,0.49469275467944085,0.09115895631107916,0.14065594066932183,0.682520735440162,0.0997996846825298,0.21532564694695439,0.8439245333792481,-0.009467724171084317,-0.022870053079330266,0.17201472521839134,-0.17201472521839134,23.0,1.0,0.4166666666666667,0.5555555555555556,0.638564867237366,0.6826912673123235,2018-12,0.12998712998713
2020-01,0.038764771810615155,0.21660768924504387,-0.10798467994583691,-0.13390065299325443,0.3607835944225005,-0.010307006936977744,-0.013086218357831823,0.4876905051599792,0.07567110233393361,0.11387734879309909,0.6737024264669107,0.0858611579627413,0.18350570851556294,0.8332941101633131,0.005509061133932651,0.011511109775173322,0.17266542480386965,-0.17266542480386965,22.0,1.0,0.4166666666666667,0.5555555555555556,0.626722555188605,0.6986052556500357,2018-12,0.0833976833976834
2020-02,0.055396250896503865,0.20099139101722618,-0.08114273558306875,-0.1005746646457298,0.3405460716819858,0.013660601813673725,0.01967080293606699,0.4636898883818259,0.09731558742438272,0.1454242602357459,0.6497150106953771,0.10589599966553104,0.2173138115950901,0.8115316880197073,-0.004030525075334536,-0.025325485579834803,0.1559709155422337,-0.1559709155422337,21.0,1.0,0.4166666666666667,0.5555555555555556,0.6428833138070862,0.6824248434227554,2018-12,0.10990990990990991
2020-03,0.47559933151153044,0.5409828156358928,0.03804736892410746,0.05157773864100379,0.6123044658384675,-0.01963824902741353,-0.10413564868777059,0.6718789181560825,0.028546125370880863,-0.008577499868665848,0.7708662324515625,0.034558630620937794,0.05991977502206928,0.884668714394775,0.027470045857249405,0.11957817740130264,0.42402159287052665,-0.42402159287052665,35.0,2.0,0.4166666666666667,0.6111111111111112,1.0216887285051597,0.4165125303007108,2020-03,0.17271557271557272
2020-04,0.4417354058580431,0.5327035445145831,0.008379527269058887,-0.00800055051949116,0.6037622115447251,-0.049426904468258516,-0.17296254086579863,0.659790554347957,-0.0038476850855448876,-0.09789653008060574,0.7576611236461047,0.004639903177527113,-0.04614452404600981,0.884332463667565,0.013832694828265905,0.05397482449317093,0.44973595637753433,-0.44973595637753433,34.0,1.0,0.3888888888888889,0.5833333333333334,1.046031921995916,0.43372874379218196,2020-03,0.10810810810810811
2020-05,0.4417137087513818,0.5324160573044578,0.014442702384916066,0.004362698770659698,0.604379623536706,-0.043309021936556696,-0.1531462728878525,0.6598605303774012,0.0012151477888358336,-0.040625619267314166,0.7556240931119717,0.010412640474378725,-0.02535294928275304,0.8798037236613901,0.02096018172593241,0.08637055042869632,0.43735100998072224,-0.43735100998072224,33.0,2.0,0.4166666666666667,0.5833333333333334,1.0368559020537944,0.42093294245542123,2020-03,0.12123552123552124
2020-06,0.45347302842991294,0.5315863727211817,0.031022354867333134,0.036137381503358434,0.6052454966165947,-0.02751440999433465,-0.1134139307868833,0.6609532219085115,0.01675641273526333,-0.0008933355219828339,0.7534659391615882,0.09027609217438502,0.2142184845903308,0.8828208930965508,0.028792324738957424,0.11893168319104061,0.4173356469265546,-0.4173356469265546,32.0,2.0,0.4444444444444444,0.6111111111111112,0.9928633874021653,0.42653132341433453,2020-03,0.1510939510939511
2020-07,0.45055201813557477,0.5224700552933733,0.028494727404904094,0.03129009750242368,0.5942446116457422,-0.029485580730586592,-0.11734421919378418,0.651596025278076,0.016843547631889878,0.0004099667685256552,0.7432370861784655,0.09087224552843196,0.2206887204384118,0.8721548967038619,0.025880149901210712,0.11232777392898657,0.4192619206331512,-0.4192619206331512,31.0,2.0,0.4166666666666667,0.5833333333333334,1.0486362199095076,0.41680266555696976,2020-03,0.16731016731016732
2020-08,0.45405066370790964,0.5270986816908895,0.03294865589659907,0.039457557050010736,0.6013408331050442,-0.026363803251355986,-0.1096830944565934,0.6599581128802675,0.02046586083848792,0.008532353753210513,0.7493705250087384,0.09189792390069808,0.21922315969646147,0.8709543288322609,0.03231474610965245,0.12603566410617853,0.4145931066578989,-0.4145931066578989,30.0,2.0,0.4444444444444444,0.5833333333333334,1.04413009210156,0.40233058029039465,2020-03,0.17657657657657658
2020-09,0.4471075226063422,0.5231555960312912,0.0281790597843196,0.03035648036972371,0.5965699982092912,-0.03060915329557591,-0.11740235803619617,0.6537143954272946,0.015150491955351139,-0.004515283714119642,0.7430055327977768,0.08665235336334567,0.19787461681072852,0.8651389414182659,0.027262343551732928,0.10024302169014013,0.4167510422366184,-0.4167510422366184,29.0,2.0,0.4444444444444444,0.5555555555555556,1.091894766054263,0.3868207518664553,2020-03,0.14517374517374518
2020-10,0.4429507139618702,0.5256524657070393,0.021532843449646424,0.017830275938109322,0.5989707116839351,-0.03724671358660834,-0.13247510618764574,0.6564458887492326,0.008831386120565351,-0.0201068199357002,0.7468830689012561,0.08133526722294541,0.18262984972681934,0.8718332448814206,0.019961913855109564,0.06936524725110005,0.4251204380237609,-0.4251204380237609,28.0,2.0,0.4444444444444444,0.5555555555555556,1.0890731845732615,0.3923867939249861,2020-03,0.12432432432432433
2020-11,0.44954613313743386,0.5240579076721636,0.029944802377228085,0.03359095889741956,0.5980662257122055,-0.02931198639038389,-0.1146843212372013,0.6554329661234075,0.016620267021912532,-0.0012355286290887339,0.7441024813605993,0.08761594526032386,0.20046319453463965,0.864241921439913,0.029553989015912205,0.10542717448602554,0.4159551742400143,-0.4159551742400143,27.0,2.0,0.4722222222222222,0.5555555555555556,1.0939456045116416,0.3840498394014156,2020-03,0.15032175032175032
2020-12,0.45260386901596067,0.5224943667541151,0.03430450819852489,0.04165402086284862,0.5966091193784089,-0.025030396869406703,-0.10479706315912726,0.6541606053052956,0.021044262130006836,0.009597991547907626,0.7419933172958569,0.09136151265417125,0.2113370071102044,0.8600742361966582,0.034356326393253714,0.12421706450769497,0.4109498481531121,-0.4109498481531121,26.0,2.0,0.4722222222222222,0.5555555555555556,1.0965372597506693,0.38060061121592254,2020-03,0.15958815958815958
2021-01,0.4405320527028383,0.5307190209782794,0.018424912705723377,0.011963736449775239,0.6054280842473699,-0.040994907918474564,-0.1411972413502637,0.663456710176459,0.005158134201138255,-0.02975344810081278,0.7536523402267653,0.0768951889058929,0.1669483423528749,0.8545641472695168,0.03517239862202405,0.1187338001708997,0.4285683162530631,-0.4285683162530631,25.0,2.0,0.4722222222222222,0.5555555555555556,1.0813964114091286,0.3880816489739518,2020-03,0.12097812097812098
2021-02,0.5164364826925848,0.5607146776238436,0.07759949098492715,0.12684336213213276,0.6402930037964389,0.015318415321450576,-0.021228389492054134,0.687504056799183,0.05226761123490888,0.07563314020508988,0.7602209733075501,0.06856499150749233,0.1372152066662784,0.8527905274704778,0.03357829569693312,0.10952257037323598,0.38959312056045203,-0.38959312056045203,24.0,2.0,0.5,0.5833333333333334,1.0825626304579539,0.3105692230251041,2020-03,0.20128700128700128
2021-03,0.47766353249603416,0.5711945930948726,0.05953527697347342,0.09086014714100428,0.654364849602005,-0.0013473621220179714,-0.0560135006852783,0.7019917684590353,0.033516694257971276,0.0034427286021196882,0.7721400260685081,0.08486691524531222,0.14737619065398733,0.8571180857175268,0.02266092053129251,0.05585151679531115,0.38680338535502995,-0.38680338535502995,23.0,2.0,0.5277777777777778,0.5555555555555556,1.0584767513321165,0.27820696183007093,2020-03,0.16602316602316602
2021-04,0.49056763913274154,0.5783290724782323,0.07162563182929434,0.11424073248578828,0.6642535023697379,0.009381911345215497,-0.03254380347062015,0.7111100249353276,0.043324810903712624,0.05222818796697824,0.7783219817321297,0.09201320205545563,0.16795598009623502,0.8618297248624958,0.031520131246304775,-0.006474297643786355,0.3763269066469532,-0.3763269066469532,22.0,2.0,0.5555555555555556,0.6111111111111112,0.9664521187148133,0.29229137443428155,2020-03,0.1758043758043758
2021-05,0.4918606753394572,0.5741479726291723,0.07264505269191562,0.11597561653153081,0.6585193325909353,0.011041086665487095,-0.028519532780965542,0.705981382002691,0.04569562442369747,0.058589804274369335,0.7733157559991224,0.06071189960144464,0.1046960957431011,0.8591414409864807,0.03210328534708842,0.06226431746416313,0.37588505880792633,-0.37588505880792633,21.0,2.0,0.5277777777777778,0.5833333333333334,1.0183443781876518,0.2780072203373124,2020-03,0.209009009009009
2021-06,0.49121638235147874,0.5725473825834541,0.07329590697702884,0.11710465849678657,0.6564365598290054,0.012062538526301328,-0.025932381811983797,0.7040246410518445,0.04679858681119232,0.06157052304685944,0.7716227609122217,0.06164204453645356,0.10776459935881866,0.8578188605158573,0.03265880779590284,0.06537377303629008,0.37411172385469227,-0.37411172385469227,20.0,2.0,0.5277777777777778,0.5833333333333334,1.0176233889690234,0.27850118573651556,2020-03,0.20823680823680824
2021-07,0.4765680829879684,0.5607679164851596,0.06637255590158436,0.10351084928415967,0.6422959557888457,0.00673569710247719,-0.03646858664177289,0.6908254147157604,0.04223445942203935,0.05135358132561134,0.7571419476521294,0.055228920298086646,0.0886383737574873,0.8436364113694312,0.02403319093941784,0.062416865376111914,0.37305723370380867,-0.37305723370380867,19.0,2.0,0.5277777777777778,0.5833333333333334,1.006714183253388,0.29740766291615006,2020-03,0.18404118404118405
2021-08,0.47575594767184726,0.5600288109862618,0.06603055688629636,0.10283314301320412,0.6411805197099596,0.006658762225989229,-0.036491739501470874,0.689966908216563,0.04235160820775461,0.051851707477739206,0.7566551319780663,0.05515246760005199,0.08877438976057114,0.8440306246858081,0.02320632321795009,0.05997057349148694,0.37292280465864325,-0.37292280465864325,18.0,2.0,0.5277777777777778,0.5833333333333334,1.0061423257984918,0.29850204488357845,2020-03,0.1842985842985843
2021-09,0.4677923581591694,0.5529539382639506,0.059134203908192164,0.08933722987155998,0.6326104885276965,0.00026438392466242733,-0.050073230117778145,0.6806357744594256,0.03575725837249298,0.03517918373654854,0.7478872198169891,0.04889778795095445,0.06987706594684936,0.8360786603704389,0.016169845435539593,0.03489472666489881,0.37845512828760963,-0.37845512828760963,17.0,2.0,0.5,0.5555555555555556,1.0559831804345232,0.2966831920699712,2020-03,0.1783783783783784
2021-10,0.49859905997198045,0.5795554858116191,0.08280067608430655,0.13862776879696107,0.6643051520271188,0.02199756903050028,-0.003318327523618361,0.706445002275758,0.0522305356050727,0.05285254299583019,0.7532244133206992,0.05035472506332326,0.07412199208450145,0.8335768008070555,-0.007293582434887469,-0.05498944030872529,0.3599712911750196,-0.3599712911750196,16.0,2.0,0.5277777777777778,0.5555555555555556,1.0640373421916447,0.23936123405084883,2020-03,0.18043758043758043
2021-11,0.5044214483606395,0.5848320845464189,0.08326402237549015,0.14237186491591658,0.6718783287877328,0.02057906863397463,-0.007918912651447016,0.7104903222691168,0.04838487514916819,0.04191093219150125,0.7547451586331675,0.04616074287403557,0.05950271525353499,0.8390992577604446,0.033950610419934336,0.09436695176177085,0.36204958344472316,-0.36204958344472316,15.0,2.0,0.5,0.5833333333333334,1.020462813235331,0.2516645590213048,2020-03,0.17065637065637065
2021-12,0.47285431236246944,0.6504684745380472,0.015534658605176535,0.005544991660044418,0.6899403834670785,0.04328585705854319,0.05854732856679924,0.7135935180096341,0.026656237449448027,0.03326822794409509,0.7578303663745581,0.05775748365807973,0.15210574218134548,0.8477223088192777,0.0214908762516404,0.05205162328381301,0.46730932070242515,-0.46730932070242515,14.0,2.0,0.4722222222222222,0.5555555555555556,1.0289267559799198,0.2517896366819976,2020-03,0.131016731016731
2022-01,0.40418320847923017,0.6235321407299803,-0.03617229271132147,-0.10426592355027937,0.6844682661803049,0.006862470551841682,-0.0010720114645920696,0.7249797213655454,0.03547277142770387,0.05115258496599174,0.7681023078174021,0.03738507238442408,0.07094763575468854,0.8562212902249966,0.024112456143304886,0.062396489893007646,0.5084491320295097,-0.5084491320295097,13.0,1.0,0.4722222222222222,0.5,1.07956589839739,0.2936541041322204,2020-03,0.0537966537966538
2022-02,0.3672268635234781,0.6002121816808081,-0.06424766137773658,-0.15833842140789814,0.6543640596806882,-0.02531950139425214,-0.07423885311334263,0.6987731000950353,0.0066048250338463935,-0.024837965252867387,0.7648168680718519,0.054081707843328025,0.1065868375431171,0.846978587073094,0.014265932329914932,0.003426624956756572,0.5255652849313763,-0.5255652849313763,12.0,1.0,0.4722222222222222,0.5,1.0559274962518834,0.341875261622898,2020-03,-0.007207207207207207
2022-03,0.34386856922166986,0.595722195297418,-0.08385643420508683,-0.19542559566104536,0.6463240261448683,-0.047524619739419446,-0.12222315266780358,0.6924304034086001,-0.014420514287583381,-0.07767311711073768,0.7566720829847495,0.0317046306772281,0.03695121054436748,0.8461506104066496,0.0017901522517938925,-0.07480715002819456,0.5392941648827153,-0.5392941648827153,11.0,1.0,0.4722222222222222,0.5,1.0323664545309172,0.3637331254887815,2020-03,-0.07927927927927927
2022-04,0.28139232291693533,0.5963153049474869,-0.10548333326049807,-0.2277102593414198,0.6453507305010405,-0.07367027684625538,-0.1949325221848054,0.6904747071293312,-0.04439487854175859,-0.13760712072346185,0.7590296177292746,8.197087412885448e-05,-0.000606533111537575,0.8585694023195393,0.02059971518243324,-0.0028117663094316503,0.5091025822583554,-0.5091025822583554,10.0,1.0,0.5,0.5,0.9043312887444611,0.35717954973930915,2020-03,-0.11196911196911197
2022-05,0.2185529353532211,0.5784372640575886,-0.14868219642980318,-0.2817267167454886,0.6336312133649922,-0.1136409594504512,-0.270491659707192,0.6853670121235091,-0.08079521444828884,-0.24335780476862234,0.7566150648108233,-0.035561634864618136,-0.15380110833272898,0.8635114866054308,0.015340286227920252,-0.002811766309431638,0.5002796520987098,-0.5002796520987098,9.0,1.0,0.4722222222222222,0.4722222222222222,0.8785283543627915,0.38345417298972184,2020-03,-0.1994851994851995
2022-06,0.19540645445291743,0.5718559948846599,-0.18267929743586128,-0.33938246779254766,0.6265511271250951,-0.14651730843380137,-0.32133421417843483,0.6731057428374927,-0.11573746693005853,-0.3236807564031529,0.7489153056853308,-0.06561555542423346,-0.2248667095973234,0.8656954847436078,0.011594305449674611,0.03750085022077414,0.5347889222454651,-0.5347889222454651,8.0,1.0,0.4722222222222222,0.4444444444444444,0.9368646676400756,0.40753043881945505,2020-03,-0.25637065637065637
2022-07,0.24891303272890208,0.6053952613978264,-0.1497231866961045,-0.2888281693987948,0.6518683483230843,-0.11912193019779746,-0.28213540998416997,0.6926551143353428,-0.09226496047497916,-0.2358760651925868,0.7653866751665113,-0.044373217193618635,-0.1429536766012073,0.8660684719005772,0.021922991868729216,0.07095740189036939,0.5377412021276968,-0.5377412021276968,7.0,1.0,0.4722222222222222,0.4722222222222222,0.9340734924291565,0.377225959251794,2020-03,-0.21492921492921493
2022-08,0.23709868967072734,0.5990174191022098,-0.16409250040104192,-0.31725151101991433,0.6457570758573357,-0.13278867196607053,-0.31770916915604,0.6880137151136027,-0.10448733906482717,-0.2722300398815788,0.759141757732508,-0.05684941877108507,-0.1826242797403033,0.8635822493652658,-0.006908015235202468,-0.03129179083362284,0.5543502006906418,-0.5543502006906418,6.0,1.0,0.4722222222222222,0.4444444444444444,0.9918644280398754,0.3785688355081276,2020-03,-0.2517374517374517
2022-09,0.07869695975763438,0.5059149170081173,-0.2720063130452616,-0.4636288576550538,0.6814388773216193,-0.1503320447684811,-0.31917134486028087,0.714302944582447,-0.12755047506473216,-0.3196238103008762,0.7776469136290777,-0.08364005354889001,-0.2468805000726828,0.8747561115390085,-0.01632337166949337,0.007200308388913316,0.5423258174126881,-0.5423258174126881,5.0,1.0,0.4444444444444444,0.3888888888888889,0.9648787413131491,0.48881403576667654,2020-03,-0.29781209781209783
2022-10,0.033846916595044595,0.485292612004916,-0.3039615516468565,-0.5046451163380234,0.6460027292218848,-0.19209247063251236,-0.38769530145078673,0.7017715173799796,-0.15327224457227678,-0.32548201242038766,0.7618721055571367,-0.11143668571493924,-0.30422494130844,0.8632578085007782,-0.04086287485158113,-0.08418943213251746,0.5384920329330679,-0.5384920329330679,4.0,1.0,0.4166666666666667,0.3055555555555556,1.1612669937740765,0.4635717940275312,2020-03,-0.36061776061776063
2022-11,0.014002728498344616,0.474265450129574,-0.31852002021172676,-0.5242066534041441,0.6343007738812225,-0.20631411162178964,-0.4123720882391663,0.6902153738541409,-0.16711058863494938,-0.3528774599879865,0.750162245969449,-0.1250799100626281,-0.3362174451936648,0.8584403758189183,-0.0491626334554145,-0.11584463677737009,0.5382093819024886,-0.5382093819024886,3.0,1.0,0.3888888888888889,0.3333333333333333,1.042905012663103,0.5010318606047989,2020-03,-0.37142857142857144
2022-12,0.02041423268513159,0.46717853296100376,-0.2988426202241353,-0.4853856413483952,0.6286138389491189,-0.1885222092849789,-0.3686702613722775,0.6848664593110945,-0.15008072861411262,-0.30680785924037224,0.7469341181476121,-0.10766541192136825,-0.27546767517951876,0.8558427295091052,-0.03324028733866187,-0.07972348666091379,0.5057998740335267,-0.5057998740335267,2.0,1.0,0.3611111111111111,0.3611111111111111,0.9474049026903208,0.5044245909128071,2020-03,-0.3261261261261261
2023-01,0.027659102887675972,0.47323895795520504,-0.2922352990927451,-0.4755497957942843,0.6359709779806879,-0.18223365752450113,-0.3568290442059837,0.6922543960656281,-0.14418786677326664,-0.2943244351834698,0.7555312240059392,-0.10141475460041002,-0.25898286065433307,0.8657552688057034,-0.026906825144565567,-0.05684457566899724,0.5032088986819603,-0.5032088986819603,1.0,1.0,0.3611111111111111,0.3888888888888889,0.8795339051536823,0.5157002759583134,2020-03,-0.30347490347490347
2023-02,0.03193723975853694,0.47535930579839436,-0.3004405489759643,-0.4951911421535972,0.6328889195327277,-0.19029366842783407,-0.37923440963919763,0.6874674422505903,-0.15213161191167832,-0.3179565549658214,0.7466317121875519,-0.11076313763576187,-0.2956646201426334,0.8548002784708619,-0.03513018287232669,-0.13749795064459158,0.5271283819121341,-0.5271283819121341,0.0,1.0,0.3888888888888889,0.3055555555555556,1.1631948432146428,0.46709359535249106,2020-03,-0.3287001287001287
2023-03,-0.4565474160733409,0.28224369865843335,-0.2806008242269362,-0.3366287081082063,0.3843412406896188,-0.21695471045480375,-0.27478033706018845,0.43649696896442747,-0.18444159261076232,-0.24950993335713725,0.5259651185300646,-0.12866845730357349,-0.16735439778474873,0.7148681727469237,-0.06026356606365348,-0.061175829451050746,0.11991870796513471,0.11991870796513471,29.0,8.0,0.3888888888888889,0.3055555555555556,0.265424013823039,0.7559529485848145,2022-09,-0.3940797940797941
2023-04,-0.45378612205131047,0.28408374213956794,-0.277434393476439,-0.33291798811032497,0.38672326879730495,-0.21371847010161307,-0.27057835659860174,0.43303606838894443,-0.18496870004573046,-0.23288907537847386,0.5220658278350695,-0.12970136283494565,-0.16735439778474875,0.7122991104091624,-0.06112305242061059,-0.06117582945105073,0.12086813394098556,0.12086813394098556,28.0,8.0,0.3888888888888889,0.3055555555555556,0.2656621278287346,0.7521919071164779,2022-09,-0.38970398970398973
2023-05,-0.4537759322510272,0.2871693609784006,-0.27673361406100155,-0.33226884370502535,0.3890324005403072,-0.21393419632200872,-0.2707263021822144,0.4390379429881838,-0.18310536024019675,-0.24688197741002005,0.528899564414339,-0.1277049173816788,-0.18387516322863487,0.7206162242552627,-0.059264705290878746,-0.06247193925915185,0.12150708854600173,0.12150708854600173,27.0,8.0,0.3888888888888889,0.2777777777777778,0.2847817876290125,0.7203836732721568,2022-09,-0.3981981981981982
2023-06,-0.44101188477911774,0.2805585493518493,-0.2634382564908764,-0.3161317752858585,0.3793106199336552,-0.20093521206503676,-0.25295546629604615,0.4300794302800805,-0.16880216219748004,-0.22701157460673763,0.518836635556634,-0.11262515738300191,-0.16152921247483143,0.7047987048999661,-0.045788778154549396,-0.027369047741568397,0.12488010949325928,0.12488010949325928,26.0,7.0,0.3888888888888889,0.3055555555555556,0.3053226050842863,0.7517585849278511,2022-09,-0.3685971685971686
2023-07,-0.4196598349401178,0.2825155924758061,-0.24269940456095496,-0.29055067205007895,0.38150875806422235,-0.18069265642501955,-0.22531363644812516,0.43437210002439475,-0.14758043184805544,-0.19751060223735467,0.5248806532588655,-0.1444927381727146,-0.21583372571021267,0.7112664329284988,-0.027745526106114377,0.01892876661883972,0.12910916289003888,0.12910916289003888,25.0,7.0,0.4166666666666667,0.3611111111111111,0.27826910960287826,0.7958953325105018,2022-09,-0.3552123552123552
2023-08,-0.42807972321419663,0.2782707695079611,-0.2546404755584737,-0.3038996140211669,0.3730007960346057,-0.1955976067719342,-0.24345751465272397,0.4318916257992263,-0.15889241769922835,-0.2126727980051252,0.5276809120293375,-0.15273721318180503,-0.22877678709668448,0.7104706324915977,-0.0388089279643837,-0.08396415539622196,0.12418010919302974,0.12418010919302974,24.0,9.0,0.3888888888888889,0.3611111111111111,0.262763036060843,0.7999439035342538,2022-09,-0.3915057915057915
2023-09,-0.43929772524891947,0.27486745750733116,-0.26834160222396186,-0.31966896277525386,0.36793292500192665,-0.21045875332411745,-0.26204445602516757,0.42789494019136076,-0.17316487452700352,-0.2317906067290826,0.526079120786043,-0.16672879897311357,-0.24964185639639525,0.7092010232525103,-0.05283459421521971,-0.1039463974409356,0.1196287624736656,0.1196287624736656,23.0,10.0,0.3888888888888889,0.3333333333333333,0.266380145063384,0.7738325885196997,2022-09,-0.41853281853281854
2023-10,-0.46552941612985155,0.25181410794530956,-0.30793635022426863,-0.36214774931511445,0.33498715688761377,-0.2558840808320407,-0.3150002755656428,0.4076083886917489,-0.21043546533056415,-0.26303099066661223,0.5238363479979288,-0.13769640952282386,-0.20019609215402365,0.7119991078045466,-0.07227142637540297,-0.14241365721282356,0.10338166681473704,0.10338166681473704,22.0,11.0,0.3611111111111111,0.3611111111111111,0.21579054511022155,0.8303828978685948,2022-09,-0.4566280566280566
2023-11,-0.4948000231458987,0.23419192503227967,-0.3418020889488225,-0.40052426641438915,0.3186000880831128,-0.28665811003337777,-0.364604465654379,0.39686121155571896,-0.23553000124994874,-0.3181310990624776,0.5186570739681622,-0.15596058253371134,-0.2350709395581631,0.7040593621247083,-0.08214762592616975,-0.16894632191388284,0.09427575673150945,0.09427575673150945,21.0,99.0,0.3333333333333333,0.3055555555555556,0.2521614288034724,0.8036710610777861,2022-09,-0.48725868725868726
2023-12,-0.5308342693992182,0.21084146986994615,-0.3866106693833606,-0.44948056096259864,0.3298430539202239,-0.30520905104941837,-0.4031576749580888,0.40142161551073857,-0.25624658724707167,-0.3606664208860039,0.5348766475234301,-0.1649582597232012,-0.26857955563061037,0.7082856623314028,-0.08645024789532957,-0.1907614982094534,0.08135370843661949,0.08135370843661949,20.0,99.0,0.3055555555555556,0.2777777777777778,0.2681067165394285,0.8177025613218045,2022-09,-0.5150579150579151
2024-01,-0.5381115463036805,0.21203792165754753,-0.39300731578710335,-0.45740538221712757,0.33025497979585405,-0.3121076582117158,-0.41225677572946207,0.40244557263419206,-0.26270536100725395,-0.37012160365310975,0.535852955428054,-0.17141048566510664,-0.2793686795202957,0.7081573271851037,-0.053497175239301545,-0.11366773369978314,0.0807061640865529,0.0807061640865529,19.0,99.0,0.3055555555555556,0.25,0.28431659067861226,0.7923242013606049,2022-09,-0.5186615186615187
2024-02,-0.5311729314350941,0.21208722454749235,-0.3862797304059643,-0.4493332522314232,0.3280034237238948,-0.30708840152873557,-0.40500844456779816,0.4007039081606061,-0.25742107277341625,-0.36213979854455336,0.533067145714295,-0.1669934987945861,-0.2714390767427572,0.703191839113286,-0.050768151165694574,-0.10731319498586503,0.08183967920367069,0.08183967920367069,18.0,99.0,0.3055555555555556,0.25,0.2955642663395517,0.787078925825343,2022-09,-0.5160875160875161
2024-03,-0.5413921728714303,0.21383585183599677,-0.3911899573531071,-0.45768929337155867,0.32392339978250106,-0.31386244907714905,-0.41616314904955964,0.3984169629383885,-0.26153680708681526,-0.3718012424473578,0.5284424302818951,-0.17020453936316496,-0.2806785913035894,0.698808230439805,-0.05053648364397755,-0.10728601841964462,0.08370287949987154,0.08370287949987154,17.0,12.0,0.2777777777777778,0.25,0.31310635823853994,0.8061734546165527,2022-09,-0.5148005148005148
2024-04,-0.5562741060600196,0.20712889345249993,-0.41002177987644645,-0.478002500059785,0.3249349164345026,-0.3268397350522436,-0.43292206080107437,0.3948364673215334,-0.2774827175417333,-0.3925124574077928,0.5260698356486508,-0.18481971398473282,-0.3032558056622104,0.6968716356365028,-0.06421770550495813,-0.16842618123561134,0.07827160600023458,0.07827160600023458,16.0,99.0,0.25,0.25,0.2913151207347584,0.818201103656056,2022-09,-0.5657657657657658
2024-05,-0.5612318453083958,0.20565857190930348,-0.414646603173302,-0.4836551079465192,0.32017129773243513,-0.3330264913224037,-0.44056127035760945,0.39009082058636496,-0.2831906391507107,-0.4002721259359088,0.5192505440221391,-0.19113073054508145,-0.3130164768684418,0.686474052700455,-0.07194047125892321,-0.18690803601185613,0.07757673736187676,0.07757673736187676,15.0,99.0,0.25,0.2222222222222222,0.33146824705540334,0.7962450200798957,2022-09,-0.5624195624195624
2024-06,-0.5696301476162748,0.20203583636466532,-0.4237779307690853,-0.49401154582602486,0.3118429503620021,-0.344506791102575,-0.45387882517476086,0.3810715898184792,-0.2945297636814738,-0.41458767646937755,0.5066800217350951,-0.20385145344016373,-0.33148494571276127,0.6710217523056661,-0.0852110866838558,-0.21422950867337448,0.0756186017902501,0.0756186017902501,14.0,99.0,0.25,0.2222222222222222,0.3331178745938046,0.8072142201185735,2022-09,-0.5691119691119692
2024-07,-0.5655853983997116,0.20467810491407143,-0.418692993405963,-0.48856261360464964,0.31827400780654447,-0.3371680282402116,-0.44687607150248965,0.38802209585790454,-0.28711155345566486,-0.4068419975468893,0.5165010134080635,-0.19490541739700074,-0.3206622194879926,0.6848282832615762,-0.07410110613373827,-0.157696861352921,0.07702278479506186,0.07702278479506186,13.0,99.0,0.25,0.2222222222222222,0.3326964956557349,0.8020378896155638,2022-09,-0.5564993564993564
2024-08,-0.5093816110247321,0.2000665016079386,-0.36806988809958235,-0.42628561528203074,0.31072129485505523,-0.2899117788808833,-0.37736443738036746,0.3785983746184219,-0.2419685849358728,-0.3345646538124555,0.5035164144575663,-0.15373600580728589,-0.24263975669355559,0.6744575351865849,-0.08319651313453795,-0.1838252947528284,0.08309599574270138,0.08309599574270138,12.0,12.0,0.2777777777777778,0.25,0.38294306025387503,0.7879571825240927,2022-09,-0.5196911196911197
2024-09,-0.515227372762656,0.19871241785972935,-0.3727531201808032,-0.4323729483631726,0.30307924804846553,-0.29792344277245053,-0.3863957810496606,0.37153838953177515,-0.24883911719137422,-0.3431736728136285,0.4928934994371576,-0.1618290613177503,-0.25384220431704424,0.6609169021381244,-0.0923496176443475,-0.2407193531724106,0.08285442439948348,0.08285442439948348,11.0,11.0,0.2777777777777778,0.25,0.39231070174933225,0.7986575689791461,2022-09,-0.5019305019305019
2024-10,-0.4801730671067299,0.1927855734588382,-0.3406995009299486,-0.3936823406537348,0.2930851736345402,-0.26813627603907103,-0.3457314347610363,0.35991689617919587,-0.21978588077969485,-0.30015514127417425,0.47748907547704583,-0.13472655379977294,-0.20782309059668388,0.6405535110879114,-0.06925864673896938,-0.18194459937242807,0.08649072645299521,0.08649072645299521,10.0,10.0,0.2777777777777778,0.2777777777777778,0.4257604402592248,0.8101408365895306,2022-09,-0.46615186615186616
2024-11,-0.4641111047035566,0.19086338625447777,-0.3263647062329726,-0.37645166692966514,0.2953201283335483,-0.25097811533293235,-0.3241066080619603,0.3605642987745988,-0.2038912975004483,-0.2781348756233127,0.4795551701392579,-0.11801540321287211,-0.18186865213673198,0.6454819051483536,-0.09385781383579714,-0.19714856382825335,0.08765943777389157,0.08765943777389157,9.0,10.0,0.3055555555555556,0.3055555555555556,0.40980295425098173,0.8300688464554112,2022-09,-0.45276705276705276
2024-12,-0.4707350810566323,0.19132023604262047,-0.3325368193103871,-0.3839099999106349,0.29605271591468507,-0.25688435846213376,-0.33249112671669356,0.3615678431451639,-0.20956016062182117,-0.2867216937968407,0.4810077588630081,-0.12328393037690881,-0.1910326299580487,0.6479009711998808,-0.09907409580406029,-0.21039281349972783,0.08682508114599757,0.08682508114599757,8.0,11.0,0.3333333333333333,0.2777777777777778,0.4403086304989362,0.8030313131527496,2022-09,-0.46846846846846846
2025-01,-0.4635716439936089,0.1957875571783541,-0.3225206596473229,-0.37350381341174616,0.3007147915621875,-0.24692806373434106,-0.32090046496713465,0.3682232098882971,-0.19829305855939852,-0.2726247942775528,0.4893974658306043,-0.11099564127500305,-0.17281902725022374,0.6583725048530054,-0.08729545457093724,-0.18813230690986754,0.09006783058186274,0.09006783058186274,7.0,10.0,0.3333333333333333,0.2777777777777778,0.44949992892128077,0.7969233395765044,2022-09,-0.4548262548262548
2025-02,-0.4561279331191512,0.20275300750390285,-0.3094917049441265,-0.36085350412849987,0.303532303068336,-0.23660550729095473,-0.3083182382783022,0.3749412728595144,-0.18496069019574538,-0.2553836036365944,0.49659179158269845,-0.09697988319953076,-0.15067722241431472,0.6669883387043363,-0.031765130683746735,-0.10045800430118938,0.0952744289906513,0.0952744289906513,6.0,9.0,0.3333333333333333,0.2777777777777778,0.4674214579686903,0.7937958553406612,2022-09,-0.425997425997426
2025-03,-0.3747878705774159,0.19180717281010606,-0.23616777785427168,-0.27113065210976683,0.28822789177469965,-0.16648399696388383,-0.21307260506474926,0.3551482193331851,-0.11812031027108004,-0.15814664813402407,0.4787299984324533,-0.12153414004705765,-0.1824940277245904,0.6678462566291783,-0.034740060567568114,-0.11755761944312795,0.10365721846764919,0.10365721846764919,5.0,7.0,0.3611111111111111,0.3055555555555556,0.5535052697188653,0.7682453374846828,2022-09,-0.3498069498069498
2025-04,-0.3620084805280605,0.19546243885869044,-0.21820729525676866,-0.2513307724803392,0.2929074136233964,-0.14651729204328,-0.18970862947098255,0.3605300880163186,-0.096767474197474,-0.1314270377030394,0.47924182929729287,-0.09538546633154883,-0.14018202593139303,0.675546009774597,-0.0012213833118709415,0.0419661624369011,0.11067770804772137,0.11067770804772137,4.0,6.0,0.3333333333333333,0.3333333333333333,0.5449628374933365,0.8004104528500898,2022-09,-0.3261261261261261
2025-05,-0.31854891721342643,0.20603439377484545,-0.16250437042938023,-0.18827990376244783,0.29330539147948365,-0.09640781715636823,-0.12611076331515123,0.36872470221138665,-0.03928739203557079,-0.05056164180386722,0.49829662893468835,-0.03540206202759098,-0.039101730190005166,0.6816407996673042,0.000565624622620829,-0.0016328001182992393,0.13026901345097855,0.13026901345097855,3.0,4.0,0.3611111111111111,0.3888888888888889,0.5485280399176173,0.8558456664234804,2022-09,-0.2862290862290862
2025-06,-0.3024858350002043,0.21911930599429727,-0.13646270732783766,-0.15888958627879526,0.3027780900842173,-0.07307580981622712,-0.09640234245546202,0.3852189971603362,-0.010611677873054504,-0.008754399318013051,0.5222405943397049,-0.002588332729725502,0.022786744561500993,0.6992745468426634,0.019449416516494875,0.05722697366063463,0.14359624872140908,0.14359624872140908,2.0,3.0,0.3611111111111111,0.4444444444444444,0.49787267065958407,0.927648347778025,2022-09,-0.24607464607464608
2025-07,-0.3169393937503933,0.22010351072226997,-0.14936294661590832,-0.17472897621669867,0.3035266043613385,-0.08584853198831789,-0.09679169207759275,0.38606647544795036,-0.023006561416181372,-0.02708491466446813,0.527268898064885,-0.01695084832034485,-0.004109541652700073,0.7047069431244174,0.004794939746317033,0.014805909710492223,0.14221041753369457,0.14221041753369457,1.0,4.0,0.3888888888888889,0.4166666666666667,0.5184824289716712,0.8985769150399444,2022-09,-0.27155727155727155
2025-08,-0.3199574978556413,0.22019451338243545,-0.14999500983885758,-0.1759676900506962,0.3057403117220158,-0.08396440579776286,-0.11190925876590165,0.38828477999178,-0.020250451332489254,-0.023075247805079368,0.5270296813280034,-0.013361540352765492,0.0031616561915559695,0.7060441797735076,0.010534594601248466,0.03320483424523799,0.14398980780494508,0.14398980780494508,0.0,4.0,0.3888888888888889,0.4166666666666667,0.5272362804850264,0.909859839629659,2022-09,-0.261003861003861
2025-09,-0.18195116723251778,0.1181762177150148,-0.0965405933322104,-0.1035049272334982,0.22448552246688097,-0.01970670149370119,-0.012344498703677181,0.32196073733261354,0.050742448121282736,0.07204940955675468,0.45836595028899707,-0.047842933496647685,-0.08961907646607271,0.6714001959870773,-0.00402726149065451,0.010856883366936652,0.08343763169222676,-0.08343763169222676,29.0,3.0,0.3888888888888889,0.4166666666666667,0.6309192614856598,0.7539085607344295,2025-03,-0.19047619047619047
2025-10,-0.10496893188038608,0.13056255572412714,-0.014753817182594022,-0.013449979857458522,0.23452031184060051,0.05707811686432539,0.06995164329769188,0.3185997076358656,-0.0010184200280601377,-0.0054961938863841405,0.44693980399421585,-0.007213079519541601,-0.022255686606728768,0.6800090914964371,0.024762527423996834,0.06703134312301083,0.09151895202292756,0.09151895202292756,11.0,2.0,0.3888888888888889,0.4444444444444444,0.6409412280724034,0.6964486132485984,2023-10,-0.1148005148005148
2025-11,-0.0937807507109291,0.12729889630110924,-0.0052724402720106716,-0.0030251832898872404,0.23776354003002276,0.07153135979045704,0.08792362593471059,0.3229121927529908,0.012329248793093698,0.013208892189591025,0.4477442014922454,-0.07446388534432659,-0.1354824811502259,0.6816820562829933,-0.013185286270879068,-0.031126950152603035,0.09075556742104185,0.09075556742104185,10.0,2.0,0.4166666666666667,0.4444444444444444,0.657889235281148,0.6904277019690442,2023-10,-0.11737451737451737
2025-12,-0.11858943812063824,0.12975211151791952,-0.028469305949769274,-0.028597812738699973,0.24411173003617592,0.05095987493452091,0.06319421948973704,0.3369457963772352,-0.013518600450136389,-0.02418945565681374,0.46904824040100007,-0.021058075962989316,-0.0586415769068615,0.7004531203998025,0.012692204937391085,0.035442766633083767,0.08999162538193828,0.08999162538193828,9.0,2.0,0.4444444444444444,0.4166666666666667,0.6719612100810914,0.6776213564494623,2023-10,-0.14131274131274132
2026-01,-0.12193964180669385,0.1280040860767622,-0.03266446605542453,-0.03322019877170977,0.243370352711752,0.047796588316153486,0.05932323256378897,0.3382340581156909,-0.018365158796157948,-0.03142666272673005,0.4717658227979984,-0.025729987073828856,-0.06784206173628084,0.6975479351529108,-0.03978896694250625,-0.10807811976377073,0.09172838867327644,-0.09172838867327644,25.0,2.0,0.4722222222222222,0.3888888888888889,0.7193755059223176,0.6517792975521242,2025-03,-0.155984555984556
2026-02,-0.12777870048136739,0.12876262538129774,-0.03786354628804464,-0.03901682796559627,0.24619589925991475,0.04414030301958378,0.05497425617169299,0.3362464225912448,-0.01874212630762998,-0.03128603955750216,0.4669618102515357,-0.0229680575969887,-0.06044125637164371,0.7041709317156443,-0.04522205619720137,-0.12657442228572918,0.08876187251577114,0.08876187251577114,7.0,2.0,0.4722222222222222,0.3888888888888889,0.7131536910845858,0.6571093723650936,2023-10,-0.15315315315315314
2026-03,-0.17122940542776954,0.12510818610430308,-0.08405798437306078,-0.08988400323058338,0.24351669559318898,-0.0015546857598844506,-0.0021090337381699264,0.3353038592415051,-0.06550907386950171,-0.09783537949490198,0.46680841433936604,-0.06885317745152787,-0.1403148717453808,0.6952944262748143,-0.09037895737720131,-0.2510986601641117,0.09341567636483583,-0.09341567636483583,23.0,3.0,0.4444444444444444,0.3611111111111111,0.7074562355080245,0.6604330544163587,2025-03,-0.20694980694980694
2026-04,-0.14122046806545735,0.12660428401485382,-0.05444543695519947,-0.05723625892871516,0.24943476480525337,0.02974301586701572,0.037140245927108156,0.3477447843848938,-0.03763902474760109,-0.05916166599836029,0.4857809851392167,-0.041487896025508765,-0.0966371681137423,0.7117045272819899,-0.05997191342974578,-0.17133365493715552,0.09403798951279263,-0.09403798951279263,22.0,2.0,0.4722222222222222,0.3888888888888889,0.6802289057464374,0.6575418664882332,2025-03,-0.14234234234234233
2026-05,-0.10177893264153115,0.12653419322330237,-0.015730031515577104,-0.014602610763206946,0.24035490377775176,0.06167313374032601,0.07680346642766571,0.33841367996175414,-0.0050112123754982515,-0.01246655372376774,0.473535692755985,-0.014104865912373412,-0.04866726102378557,0.7025344918750371,0.014487601388644172,0.036626794353085766,0.08807066012029252,-0.08807066012029252,21.0,2.0,0.4722222222222222,0.3888888888888889,0.7228321465240324,0.621905122445002,2025-03,-0.08416988416988418
2026-06,-0.12570004302475463,0.1280248623694657,-0.03880898151805269,-0.04004595589842541,0.24747356557135794,0.04226140141162136,0.052807210175852486,0.3436165124390199,-0.02299125776019616,-0.037725545258848414,0.47933028386789367,-0.028285545908551337,-0.07205315831802654,0.719460307184474,-0.05315947225921088,-0.15690876466580328,0.08893493675903155,-0.08893493675903155,20.0,2.0,0.4444444444444444,0.4166666666666667,0.6451719694884199,0.6703371927710814,2025-03,-0.11737451737451737
2026-07,-0.14602703030160388,0.1267685088178598,-0.06009705417418327,-0.06350472604484524,0.2503476780815024,0.0236710295849214,0.02954915791770541,0.3458435202252019,-0.041060783640603636,-0.06325358556887473,0.48203445158413677,-0.04327560877752681,-0.09735295184258401,0.7253868645689091,-0.07368576235868071,-0.22139214927541923,0.09030178834137922,-0.09030178834137922,19.0,2.0,0.4444444444444444,0.3888888888888889,0.6647781444074187,0.6553563673754544,2025-03,-0.15701415701415702
2026-08,-0.11378081028542157,0.13739840468403453,-0.021924874132586186,-0.021416671446170602,0.2609059418178034,0.06064450119198541,0.07671346829021858,0.3593128302268532,-0.005144158286906045,-0.012410472466180909,0.4999942066036465,-0.011470462645316624,-0.043849749650705074,0.7496017153468705,-0.04540246535049821,-0.1451901181373661,0.092364138839251,0.092364138839251,1.0,2.0,0.4722222222222222,0.4166666666666667,0.6472157149843657,0.651931623083583,2023-10,-0.0924066924066924
