,rho,C1_abs_share,rho_ex_top1_static,rho_trim1,C2_abs_share,rho_ex_top2_static,rho_trim2,C3_abs_share,rho_ex_top3_static,rho_trim3,C5_abs_share,rho_ex_top5_static,rho_trim5,C10_abs_share,rho_ex_top10_static,rho_trim10,max_abs_influence,max_influence_signed,max_influence_pos,n_to_flip_sign,S_raw,S_demeaned,mean_abs_c_same,mean_abs_c_opp,max_influence_month,spearman
1953-05,,,,,,,,,,,,,,,,,,,,,,,,,,
1953-06,,,,,,,,,,,,,,,,,,,,,,,,,,
1953-07,,,,,,,,,,,,,,,,,,,,,,,,,,
1953-08,,,,,,,,,,,,,,,,,,,,,,,,,,
1953-09,,,,,,,,,,,,,,,,,,,,,,,,,,
1953-10,,,,,,,,,,,,,,,,,,,,,,,,,,
1953-11,,,,,,,,,,,,,,,,,,,,,,,,,,
1953-12,,,,,,,,,,,,,,,,,,,,,,,,,,
1954-01,,,,,,,,,,,,,,,,,,,,,,,,,,
1954-02,,,,,,,,,,,,,,,,,,,,,,,,,,
1954-03,,,,,,,,,,,,,,,,,,,,,,,,,,
1954-04,,,,,,,,,,,,,,,,,,,,,,,,,,
1954-05,,,,,,,,,,,,,,,,,,,,,,,,,,
1954-06,,,,,,,,,,,,,,,,,,,,,,,,,,
1954-07,,,,,,,,,,,,,,,,,,,,,,,,,,
1954-08,,,,,,,,,,,,,,,,,,,,,,,,,,
1954-09,,,,,,,,,,,,,,,,,,,,,,,,,,
1954-10,,,,,,,,,,,,,,,,,,,,,,,,,,
1954-11,,,,,,,,,,,,,,,,,,,,,,,,,,
1954-12,,,,,,,,,,,,,,,,,,,,,,,,,,
1955-01,,,,,,,,,,,,,,,,,,,,,,,,,,
1955-02,,,,,,,,,,,,,,,,,,,,,,,,,,
1955-03,,,,,,,,,,,,,,,,,,,,,,,,,,
1955-04,,,,,,,,,,,,,,,,,,,,,,,,,,
1955-05,,,,,,,,,,,,,,,,,,,,,,,,,,
1955-06,,,,,,,,,,,,,,,,,,,,,,,,,,
1955-07,,,,,,,,,,,,,,,,,,,,,,,,,,
1955-08,,,,,,,,,,,,,,,,,,,,,,,,,,
1955-09,,,,,,,,,,,,,,,,,,,,,,,,,,
1955-10,,,,,,,,,,,,,,,,,,,,,,,,,,
1955-11,,,,,,,,,,,,,,,,,,,,,,,,,,
1955-12,,,,,,,,,,,,,,,,,,,,,,,,,,
1956-01,,,,,,,,,,,,,,,,,,,,,,,,,,
1956-02,,,,,,,,,,,,,,,,,,,,,,,,,,
1956-03,,,,,,,,,,,,,,,,,,,,,,,,,,
1956-04,-0.17532513974589803,0.13528804125113109,-0.10131759631641842,-0.11080032017201193,0.24643227758944317,-0.04051760378437186,-0.04088425942137124,0.3567984314850146,0.019856748982028653,0.030042161116395766,0.5208897335770183,0.10962073738534432,0.18142767832347853,0.7421103358858072,-0.011395083240460378,-0.01149667769919257,0.06452481957388606,0.06452481957388606,29.0,3.0,0.5277777777777778,0.5,0.36138638138179213,0.7022963753321493,1955-10,-0.1335907335907336
1956-05,-0.2681261179953192,0.11204939661687907,-0.20054550590791703,-0.21427447075453823,0.22341187501269813,-0.13337919639808207,-0.15971221980994144,0.32569861200987066,-0.07168675981738623,-0.09112221290409685,0.5153568537096297,0.042702254746565464,0.07154511014051425,0.7292828569570136,0.013453678139683387,0.0670638867635442,0.059709006405316956,-0.059709006405316956,4.0,5.0,0.5277777777777778,0.4444444444444444,0.3664130290623617,0.7623511297416979,1953-10,-0.23063063063063063
1956-06,-0.32942068397726354,0.11566907466032669,-0.2585373569744671,-0.2777724783495439,0.2257770657784955,-0.1910619253349406,-0.23169432974619467,0.33125698796876824,-0.1264226270713479,-0.1651838113566796,0.5195844350593568,-0.011013421499975808,-0.017026373569585338,0.7112280791921144,0.01053286353782258,0.059585265851055676,0.06262991847558408,-0.06262991847558408,3.0,6.0,0.5,0.3888888888888889,0.35423838879833164,0.7495027901082213,1953-10,-0.29292149292149294
1956-07,-0.36828307581720343,0.11749002223337028,-0.2918818102651193,-0.32336148125970626,0.2223907488659577,-0.22366709620077418,-0.2633053400425889,0.32453052487541745,-0.1572477696742302,-0.20598557372467535,0.5135641615083452,-0.034323211519142305,-0.054221900100018754,0.7347897127755085,0.01318926297640454,0.06206635092645406,0.0723760864112808,-0.0723760864112808,2.0,6.0,0.4722222222222222,0.4166666666666667,0.32899496072719386,0.8488015268814298,1953-10,-0.33719433719433717
1956-08,-0.2861598385080833,0.1136684746763145,-0.2121522105190972,-0.2337024370915117,0.2140443000731398,-0.1467992024294796,-0.16837297420952121,0.3075511622373365,-0.08591846052481798,-0.09366053507047849,0.4806172657330099,-0.08112997417986702,-0.1363982731666426,0.742264927302121,0.03591412500464319,0.13061919658276688,0.08577822796482493,-0.08577822796482493,35.0,5.0,0.4722222222222222,0.4166666666666667,0.42574385767016065,0.7810358196588248,1956-08,-0.26666666666666666
1956-09,-0.21378473402132103,0.12686889355398384,-0.13440503216711752,-0.14798445173878286,0.2384401762173105,-0.0645967844145869,-0.06861129894178786,0.3318438869552495,-0.0061556764112370085,-0.00436630543989848,0.5052671777655618,-0.008389332380271293,-0.018166944255522382,0.7330283609087069,0.03893740336089643,0.10780324831277291,0.08097352124085233,-0.08097352124085233,34.0,4.0,0.5,0.4166666666666667,0.4805479027523924,0.6995563920015296,1956-08,-0.1940797940797941
1956-10,-0.28479486469168885,0.1323457690673859,-0.1970055526272078,-0.21778495821627505,0.247176652295233,-0.12083444180615395,-0.13735693212771902,0.34011192580918853,-0.0591874108069204,-0.07495303279539312,0.5085267611171145,-0.058610759691447356,-0.1005956171623511,0.7374824431693069,-0.003917461176545243,-0.004389600951896463,0.09117709494304244,-0.09117709494304244,33.0,5.0,0.4722222222222222,0.3888888888888889,0.473172631655014,0.7541925957899683,1956-08,-0.2537966537966538
1956-11,-0.23519894958311005,0.1273765009529564,-0.14962235267987067,-0.16400088774826302,0.23682064339193667,-0.07609342708644122,-0.08160636236522642,0.3234989864592526,-0.01785947051346294,-0.019398698247082596,0.4776286322059426,-0.015206381363574677,-0.027208391544533587,0.7183985916003682,-0.027945368502250316,-0.06321445134365752,0.0776433100959717,-0.0776433100959717,32.0,4.0,0.4722222222222222,0.4166666666666667,0.5094142703324743,0.7558655852569507,1956-08,-0.19485199485199486
1956-12,-0.23272561916760012,0.13303950173466622,-0.14183286636068876,-0.15568814298826972,0.24659667735391474,-0.06425046295093598,-0.06700007440511802,0.3289064591943064,-0.008016317777043674,-0.0059155723818059645,0.4770613292522785,-0.006730786495477657,-0.013202632873180738,0.7201916791834757,-0.020128209018577387,-0.045328335842197746,0.0770374761793304,0.0770374761793304,21.0,4.0,0.4444444444444444,0.4722222222222222,0.46372490575417474,0.8436168457203671,1955-10,-0.17683397683397684
1957-01,-0.30628327253556187,0.12059421646359705,-0.22084856801714223,-0.24218477674475325,0.22283090678958398,-0.1484192120738702,-0.16902900345810146,0.31718520049344257,-0.0815741224914299,-0.08187540609968616,0.4683433529778977,0.025513534543581833,0.046228286188816296,0.7220161597653397,-0.007327346834128434,-0.013674243889684516,0.0768997001960916,-0.0768997001960916,30.0,5.0,0.4166666666666667,0.4444444444444444,0.4398674262657458,0.88788966794983,1956-08,-0.26126126126126126
1957-02,-0.3692995792443123,0.11671742197479479,-0.28514311376171003,-0.30964541428401526,0.21936363527077446,-0.21113237603286958,-0.24510806178913558,0.3057927284094247,-0.14881462714542276,-0.17149436027230558,0.46100206933372345,-0.03690443138309765,-0.024310588844716045,0.718326673173902,0.011948644984808103,0.037552496634224344,0.07261054966086045,-0.07261054966086045,29.0,6.0,0.3888888888888889,0.3888888888888889,0.4396598421452352,0.8673055937992828,1956-08,-0.3232947232947233
1957-03,-0.3881437962299507,0.12090812876568797,-0.2994653114132715,-0.3267440221127275,0.22817422058102277,-0.22079240007556733,-0.25841553452403715,0.31781994507613165,-0.15504291656544192,-0.18099031520298217,0.4729907370749608,-0.041234929768070826,-0.029671908232148176,0.7260263662204381,0.009782691866672926,0.039963465146779,0.07372836167797109,-0.07372836167797109,28.0,6.0,0.3611111111111111,0.4166666666666667,0.40284197051228593,0.9346505917015507,1956-08,-0.33719433719433717
1957-04,-0.43226034181543577,0.12775654821490345,-0.33943198889241266,-0.37234049135727004,0.24196914367654143,-0.2564447192149857,-0.3042418705880207,0.3366725923789608,-0.18763286352530553,-0.22721267416259386,0.4961680685318085,-0.07174289501240391,-0.08017835371237107,0.7562196061551305,-0.02055221715064255,-0.021854071423244064,0.07634963693582147,-0.07634963693582147,27.0,6.0,0.3333333333333333,0.3333333333333333,0.42925041438749073,0.8450048723412557,1956-08,-0.37425997425997426
1957-05,-0.43467281882905323,0.12739553682550345,-0.3419549621787465,-0.3750841247408535,0.24141971754501818,-0.2589687139469779,-0.30734527043676596,0.3358544682073814,-0.19023955833524353,-0.2307629648842542,0.494181433224796,-0.07500995758031322,-0.08565453924574953,0.752373579628383,-0.02430326426459009,-0.031705930967995365,0.07536924469038359,-0.07536924469038359,26.0,6.0,0.3333333333333333,0.3333333333333333,0.4274700985386482,0.8476329100616934,1956-08,-0.3747747747747748
1957-06,-0.41938702509870457,0.12995907954459773,-0.3272879953716231,-0.35863029534957686,0.24710910289302476,-0.24426645104626107,-0.28908269522411006,0.34374527066160626,-0.17578260736856255,-0.21076714848604433,0.49874691372000146,-0.06593648517528616,-0.06925048511799896,0.7505084951593805,-0.02022625761705597,-0.01633730888815154,0.06750474764586173,-0.06750474764586173,25.0,6.0,0.3055555555555556,0.3611111111111111,0.38942901034154914,0.8583096962128174,1956-08,-0.3425997425997426
1957-07,-0.4670356874644555,0.13776642543133683,-0.37046304514224443,-0.408328844041871,0.2630918908812181,-0.28261136930132497,-0.3393217554528552,0.36550772973282775,-0.21081907199391461,-0.26203116187374703,0.5236192694476288,-0.09998474407922403,-0.12844875899641134,0.7673169488039128,-0.04623804516296666,-0.08773404270755021,0.06821954024141502,-0.06821954024141502,24.0,7.0,0.2777777777777778,0.3611111111111111,0.31493611109859965,0.8887138480668583,1956-08,-0.3806949806949807
1957-08,-0.47017879448702615,0.12824344549180441,-0.38409957962332864,-0.4191195496186703,0.245045704444432,-0.3056998867080989,-0.3594829449324478,0.3393593494277285,-0.24239493977718932,-0.29707144907314975,0.4920513157524177,-0.13990545560262896,-0.19184313271279888,0.7443697737828937,-0.02894952148828054,-0.018454203327272226,0.062403296484978776,-0.062403296484978776,23.0,8.0,0.2777777777777778,0.3055555555555556,0.31983393193097903,0.7989772423314673,1956-08,-0.4303732303732304
1957-09,-0.48395892115655254,0.11997614618214252,-0.4042602251455783,-0.4386048804621279,0.22947519553549303,-0.3315213372448576,-0.38566435454500003,0.3168604931378041,-0.2734723459156819,-0.33293343394792535,0.46385271207635353,-0.1758272010601647,-0.24587862344183883,0.7089982715173148,-0.012979984825497682,0.0590538389219788,0.05879767608575276,-0.05879767608575276,22.0,9.0,0.25,0.25,0.35063958082107893,0.7442340173284834,1956-08,-0.4831402831402831
1957-10,-0.4583928384515911,0.11621007490342065,-0.38642887016933897,-0.41652858321821995,0.2227898429255028,-0.3204285422989269,-0.36708967631731293,0.30629914097145133,-0.26871477754276213,-0.3212342634537423,0.4529922548602827,-0.17787395669401893,-0.24504563502969834,0.6999950991957413,-0.024915576190817086,0.01104827231890626,0.051511907724652695,-0.051511907724652695,21.0,9.0,0.2777777777777778,0.2222222222222222,0.3518915943899482,0.6735315036044741,1956-08,-0.4805662805662806
1957-11,-0.4607914488701903,0.09929001999310572,-0.40202795390493445,-0.4592622735901302,0.19754649140379016,-0.34387615110092173,-0.4178960814550733,0.2868196831986638,-0.29104098441513965,-0.3688701794544743,0.43786863244435176,-0.2016446466047283,-0.31048797334846046,0.6874401918287838,-0.05393899527767191,-0.10840970349922248,0.04244822039293883,-0.04244822039293883,20.0,11.0,0.2777777777777778,0.2777777777777778,0.22932949244622436,0.7084998321122656,1956-08,-0.5155727155727156
1957-12,-0.3642457951369368,0.090692657663637,-0.3222122801541341,-0.34260379654062334,0.17758227420958583,-0.2819413685608301,-0.3232360331902896,0.26176757261995887,-0.24292383292759082,-0.29805674572252855,0.4197244654295803,-0.1697152227534923,-0.23093257123971372,0.6562267962583807,-0.06010299479089782,-0.176834327126665,0.10392139284779278,-0.10392139284779278,35.0,99.0,0.3055555555555556,0.25,0.19294000466338282,0.536483810065305,1957-12,-0.5222651222651222
1958-01,-0.34194998851146513,0.09438383834552479,-0.2977732022172509,-0.31671608787192673,0.1820356974184039,-0.25674734954554973,-0.2881218271991739,0.26551498299970355,-0.21767448893971053,-0.26620286503184326,0.4127781751201175,-0.14874727977609004,-0.20116912712925522,0.6466714825768316,-0.039272449759790766,-0.11057973934406035,0.09005083365379452,-0.09005083365379452,34.0,99.0,0.3333333333333333,0.2777777777777778,0.220683006896404,0.5451953718025121,1957-12,-0.46924066924066926
1958-02,-0.339096004647678,0.09876558333752934,-0.2930365255851178,-0.3125527195340521,0.1905774583541291,-0.2502199189077734,-0.2822967202127522,0.27162639272886074,-0.21242262586574198,-0.26101955434023855,0.4152841940836416,-0.1454275930812833,-0.19761112510159454,0.6491770897228074,-0.036351287697075865,-0.06223128888591581,0.09070006206064896,-0.09070006206064896,33.0,99.0,0.3611111111111111,0.2777777777777778,0.22269713679531455,0.542128135793149,1957-12,-0.47335907335907335
1958-03,-0.33154736056334855,0.0978085629567398,-0.28511560274660186,-0.3037030951201472,0.18867885797989237,-0.24197758493197036,-0.2720274463375728,0.2694498865133744,-0.20363389883635793,-0.2490486671959006,0.4083764300212412,-0.1376825810020691,-0.1861948928984403,0.6404301200891733,-0.027521871019220257,-0.0770807952382826,0.08248932871984266,-0.08248932871984266,32.0,99.0,0.3611111111111111,0.2777777777777778,0.2505534933045041,0.5426804827985477,1957-12,-0.444015444015444
1958-04,-0.3201379423377319,0.10513903493845003,-0.27090687678715836,-0.28944573273227553,0.20292805572173123,-0.22511743526216768,-0.2542726617558811,0.28124411797488913,-0.18844615330960715,-0.23133941974625563,0.4213654828782011,-0.1228347074310221,-0.16724151700139722,0.6535984528422575,-0.04329109051973984,-0.07358067678938063,0.07851691802900684,-0.07851691802900684,31.0,12.0,0.3888888888888889,0.3055555555555556,0.2356284678098242,0.5518696451091474,1957-12,-0.4229086229086229
1958-05,-0.3242365673504704,0.10137453515263894,-0.27647915039858134,-0.2945917221471026,0.19556429145875234,-0.23210647379163182,-0.26082225086067773,0.2760599580461801,-0.1941850657551092,-0.2370092767851524,0.41422936274956934,-0.1290936316935022,-0.1742958618468826,0.6463801237819935,-0.04848517813267042,-0.08118964155938485,0.07602393228119475,-0.07602393228119475,30.0,12.0,0.3888888888888889,0.2777777777777778,0.25700882239266615,0.5353218492766586,1957-12,-0.42857142857142855
1958-06,-0.3324383555692495,0.102760718354899,-0.28299081739212,-0.30309877717128103,0.19832240105400828,-0.23700739075612215,-0.26935511779608035,0.2766230143457004,-0.19932983626821096,-0.24622357428990185,0.41544745738869854,-0.13252875646668846,-0.1824949619827017,0.6461113685350396,-0.05006186766807669,-0.0877143190374947,0.08169574373894434,-0.08169574373894434,29.0,12.0,0.3611111111111111,0.2777777777777778,0.26031721888426074,0.5476351782217823,1957-12,-0.4463320463320463
1958-07,-0.3242964392879199,0.09920345048872746,-0.27726465893941404,-0.2969798212406615,0.17768861183045306,-0.24005529927847635,-0.27475115020139446,0.25293969068633276,-0.20437919936156881,-0.24379542012469813,0.39328441535403624,-0.13784257960565616,-0.1824949619827017,0.6341305803463945,-0.023658810050304423,-0.03871835384584206,0.07868796256093036,-0.07868796256093036,28.0,12.0,0.3611111111111111,0.3055555555555556,0.2383146169382232,0.5588734464559061,1957-12,-0.4463320463320463
1958-08,-0.3645051223734154,0.12116754780262054,-0.3047282883106086,-0.32929790998739766,0.20232516662184,-0.2646899645096537,-0.3014840054012625,0.277606565455142,-0.22755061682387884,-0.27919505287852764,0.4136573173978608,-0.1604312984049903,-0.22034337402408397,0.6595702429110042,-0.03911254260872405,-0.06659734329004782,0.07267753412822231,-0.07267753412822231,27.0,99.0,0.3333333333333333,0.2777777777777778,0.22546155621901187,0.5773959555869099,1957-12,-0.48725868725868726
1958-09,-0.38999453831023567,0.11583237026575788,-0.33076089638585127,-0.35595342070542135,0.19014026375479282,-0.2927617848681794,-0.33360528250332144,0.2623488542345932,-0.25583620195442436,-0.31340955682782956,0.39772132705986485,-0.18661026309680398,-0.2560793970339414,0.6424757527858377,-0.0614492568979487,-0.10581293507501703,0.07791457221653242,-0.07791457221653242,26.0,99.0,0.3055555555555556,0.2777777777777778,0.21241374691432746,0.6066902426923664,1957-12,-0.5217503217503218
1958-10,-0.36956918894504787,0.11392705775898246,-0.3136240286268997,-0.3367940449739464,0.2005321421463469,-0.27109562996792663,-0.31105165039571925,0.28353896367104875,-0.2303341986710387,-0.27778643537521536,0.41619618022052884,-0.16519138366987784,-0.2234389827831501,0.650089067647037,-0.05033565631463602,-0.13157805404515507,0.06609574905264404,-0.06609574905264404,25.0,99.0,0.3055555555555556,0.2222222222222222,0.26576382453803693,0.5378940074778918,1957-12,-0.48494208494208496
1958-11,-0.3764513852517058,0.11574203304200302,-0.31570032045996455,-0.3398624718949333,0.19644153398339692,-0.2733424969320795,-0.31415101899621456,0.2746198376861967,-0.23230800782963185,-0.2811726539396373,0.4044769508215602,-0.1641481726650636,-0.22565720063471184,0.6383046571576028,-0.04141590536015082,-0.0623979234134868,0.06903656636556343,-0.06903656636556343,24.0,99.0,0.3055555555555556,0.25,0.28861768828080736,0.5841984325309988,1957-12,-0.4643500643500644
1958-12,-0.38018958191865543,0.1134839566105056,-0.32044903987040235,-0.3446234168128598,0.1945998068965519,-0.2777478069426041,-0.31889790309113775,0.273095831884282,-0.23642570978049215,-0.28594658080120366,0.40162438804508244,-0.1687653475314133,-0.23157661002151597,0.6310781930755446,-0.047975633311271186,-0.07415631934678199,0.06870185374826548,-0.06870185374826548,23.0,99.0,0.3055555555555556,0.25,0.2843423659945897,0.5876191355964535,1957-12,-0.46048906048906046
1959-01,-0.3860061946164653,0.10497242995731514,-0.3309798750196851,-0.354444683210619,0.19354221330326746,-0.2845517871208556,-0.3261976964377878,0.27821543953166344,-0.24016626599279586,-0.2910200866358283,0.4057864161661876,-0.17329383735206472,-0.2376878321124079,0.6357922191353029,-0.05272529541739632,-0.13921405799920855,0.06403778724906273,-0.06403778724906273,22.0,99.0,0.3055555555555556,0.19444444444444445,0.34547907901179864,0.5492610470572027,1957-12,-0.47335907335907335
1959-02,-0.3950210368718718,0.10466817606592399,-0.33931102992104967,-0.3635203704740626,0.18920243792924923,-0.29431737002367736,-0.33720241858533057,0.2707583497108071,-0.250908947492558,-0.30340487409125555,0.3951180948446358,-0.18471803325092173,-0.25253309258742684,0.6204058753134798,-0.06480781519238188,-0.10434144924540306,0.06857561296629494,-0.06857561296629494,21.0,99.0,0.2777777777777778,0.19444444444444445,0.3430812509985431,0.5595622430174246,1957-12,-0.4851994851994852
1959-03,-0.38140727563366833,0.11696809144698465,-0.3191499552001138,-0.3433778127978407,0.2021172184775003,-0.2738285652330134,-0.315291442233116,0.2852139436047987,-0.22959958466890776,-0.2797835951927777,0.39787005119055163,-0.1696373564919854,-0.22552907925069926,0.6280118402274547,-0.04714231593884364,-0.07252865819233265,0.0690441242804864,-0.0690441242804864,20.0,99.0,0.3055555555555556,0.25,0.29332281480186223,0.5921911103850055,1957-12,-0.46589446589446587
1959-04,-0.3861568200063361,0.11756607879322861,-0.3224883057106825,-0.34815128745648577,0.20217271663398384,-0.27666914608432963,-0.3200520146607754,0.28378115664405695,-0.2324736759048259,-0.28473769545399374,0.3957830557529851,-0.17181847171877054,-0.2303938798730648,0.6291400331875057,-0.04544280106370715,-0.07004318904465484,0.07254251405131551,-0.07254251405131551,19.0,99.0,0.3055555555555556,0.25,0.3021634005754103,0.6012947890889058,1957-12,-0.47464607464607467
1959-05,-0.3694626252894592,0.11683401356644948,-0.30857610436821464,-0.33173540417240677,0.21368939999806136,-0.25810118416058575,-0.2987369946656636,0.3074397165662945,-0.20924443057607828,-0.2577035562436034,0.41743832698500377,-0.15192009077020996,-0.2029209845016986,0.6362974575457911,-0.037864512048557585,-0.10130272631510179,0.06512623352392616,-0.06512623352392616,18.0,99.0,0.3055555555555556,0.2222222222222222,0.33178757472510434,0.5566247315332825,1957-12,-0.44144144144144143
1959-06,-0.36446115593174255,0.11823362411138011,-0.30360802477757787,-0.3262991479452801,0.2172227442901354,-0.2526597606239008,-0.29284723650274225,0.31388368156418983,-0.2029097784370961,-0.25025432671513187,0.42600488428469213,-0.14520262190194685,-0.19421314172162293,0.6446039854855404,-0.03269283565851424,-0.09155652340177406,0.06663883836311296,-0.06663883836311296,17.0,99.0,0.3055555555555556,0.2222222222222222,0.3286157380624849,0.5494666557896738,1957-12,-0.44478764478764476
1959-07,-0.3511106801266143,0.12560645533375667,-0.28741705107583737,-0.3095184534191663,0.2264703089436771,-0.23627011870367945,-0.27455224373409565,0.32509392717301405,-0.18625918464417318,-0.23053398684845516,0.4419247720730566,-0.1270155695212147,-0.17082259419300116,0.6507410506780821,-0.021127169487225927,-0.049928123501032325,0.06453055125359614,-0.06453055125359614,16.0,99.0,0.3055555555555556,0.2222222222222222,0.34120217803328506,0.5363746867392064,1957-12,-0.4198198198198198
1959-08,-0.3757938718693831,0.13054914041144314,-0.3094099229147164,-0.33516396300321477,0.23134830526617758,-0.2581537706849834,-0.30192728193249035,0.32821433480098927,-0.20889760906021845,-0.26046777777687596,0.4469276804085847,-0.14853213556713105,-0.2024248073271462,0.6638558531627227,-0.06771323602111232,-0.1916000682976248,0.07413677842217314,-0.07413677842217314,15.0,99.0,0.2777777777777778,0.19444444444444445,0.3317597870738678,0.5336242767222581,1957-12,-0.47001287001287
1959-09,-0.31015691244206806,0.11724124448444896,-0.246563268001955,-0.26528986991606884,0.22452450686514525,-0.30475553363521773,-0.3558443463918542,0.31697928400186237,-0.25460649052435114,-0.3204371600488828,0.46196998496593555,-0.17596106907068296,-0.2447567191746555,0.681051544364042,-0.05712750624888362,-0.15623129598787883,0.08435808046091126,-0.08435808046091126,35.0,10.0,0.2777777777777778,0.19444444444444445,0.5806502259442209,0.5144842592097217,1959-09,-0.4120978120978121
1959-10,-0.3067589877778404,0.11670545341673741,-0.24390415471069551,-0.2621444036757022,0.22598034345107093,-0.3027570597845693,-0.35353770374691695,0.31801745004042625,-0.25318802250916733,-0.3177840715056379,0.4605432279848012,-0.17642696535042904,-0.2449422527314424,0.6822846494765409,-0.05700221163162936,-0.1473327655473353,0.08525025097309819,-0.08525025097309819,34.0,9.0,0.3055555555555556,0.19444444444444445,0.5795441754607966,0.5101163379465514,1959-09,-0.41132561132561135
1959-11,-0.3249074649745281,0.11910689266891579,-0.26111485693669156,-0.28150552150988134,0.23390621228438174,-0.3226003665922631,-0.3789775969947942,0.3274709080280399,-0.27248793541377486,-0.3441515260305388,0.47037123637563844,-0.19595177171671316,-0.2850387238305878,0.7008869335407906,-0.07248958421173342,-0.19381209144139874,0.09047332904129995,-0.09047332904129995,33.0,10.0,0.3055555555555556,0.16666666666666666,0.6144943364961956,0.5019575764361887,1959-09,-0.4640926640926641
1959-12,-0.33470588602279333,0.11406723408173061,-0.27299130860304044,-0.29387315457053226,0.2265462798173092,-0.3338466175971601,-0.3911118488636352,0.3197517914268938,-0.28341900086319155,-0.35688306195901476,0.46142140391044517,-0.20677051948265776,-0.28955267497275566,0.6850927793958584,-0.08575606226274687,-0.2244544848554837,0.09024425086459792,-0.09024425086459792,32.0,11.0,0.3055555555555556,0.16666666666666666,0.6017986552626787,0.5108499314124613,1959-09,-0.47927927927927927
1960-01,-0.31279612910694293,0.11886755355847296,-0.2509581464855183,-0.27006345226004236,0.2358671564233812,-0.31182437273551644,-0.365637989401652,0.33644996721507936,-0.25949858727471414,-0.32832582692754025,0.48567418281017716,-0.18186828216267945,-0.2653397431858075,0.6979379489240287,-0.07144316877250928,-0.18585292053774569,0.08883123224454037,-0.08883123224454037,31.0,10.0,0.3055555555555556,0.16666666666666666,0.6050035620056438,0.4859295296925622,1959-09,-0.46357786357786357
1960-02,-0.3360969113866453,0.14290834076666736,-0.25874342551675944,-0.2787134104852261,0.25564729888110344,-0.1977200355823018,-0.233034902500186,0.3679134916002658,-0.258487526867829,-0.33412241292553163,0.5129741689023297,-0.17996902338676066,-0.26533974318580744,0.7167484996402528,-0.06966996926004769,-0.1858529205377457,0.0904835463350171,-0.0904835463350171,30.0,10.0,0.3055555555555556,0.16666666666666666,0.5984518829417135,0.5118034398727622,1959-09,-0.4555984555984556
1960-03,-0.3535350251242289,0.12625554600813998,-0.2831428741811096,-0.3031330359304972,0.23657028449881617,-0.22163831482824153,-0.25894970108610094,0.3437106678554021,-0.2813730534262135,-0.35931019082051135,0.484647467397225,-0.2027955589678828,-0.28628303114044146,0.7010601103653108,-0.08213748166784306,-0.22123002927160987,0.08977712852251762,-0.08977712852251762,29.0,11.0,0.3055555555555556,0.19444444444444445,0.5100051864533087,0.5497849029145232,1959-09,-0.4712998712998713
1960-04,-0.35023689403744107,0.12556564293034822,-0.28026764608420857,-0.2999083492508381,0.23813082167779218,-0.21754267833925983,-0.2543776329016068,0.3459950199498431,-0.2776481073248002,-0.35505159333404035,0.485389551036849,-0.19997295446183513,-0.2824252875127197,0.70512128159553,-0.07753130896186734,-0.2104412540118058,0.0900628458305282,-0.0900628458305282,28.0,10.0,0.3333333333333333,0.19444444444444445,0.5174888323136004,0.547610797155367,1959-09,-0.48159588159588157
1960-05,-0.33212909873892854,0.12398362309613399,-0.2632590439248154,-0.28125017121851165,0.24478090776675218,-0.19615892691814513,-0.22992368071126568,0.3529271132725707,-0.25623166003507486,-0.32851361197174933,0.48955451480738654,-0.18033827671688712,-0.26167421824513426,0.71402671903841,-0.055649123233700894,-0.1554168086520779,0.08857701275513719,-0.08857701275513719,27.0,9.0,0.3611111111111111,0.2777777777777778,0.3908588809494432,0.597427202513728,1959-09,-0.44736164736164735
1960-06,-0.2704059839506882,0.11399410211378291,-0.20370763912488943,-0.2196993129242819,0.22541858036761572,-0.13851279013883575,-0.16222393061167,0.33245761348832686,-0.20114169995540845,-0.25952638033459974,0.4730793971541897,-0.1991686520929985,-0.28197839907702005,0.7152260066238864,-0.05748783038972289,-0.10371150168367162,0.08794748128042607,-0.08794748128042607,26.0,7.0,0.3888888888888889,0.3055555555555556,0.500655093109698,0.5988566184992307,1959-09,-0.38455598455598455
1960-07,-0.2941776396452171,0.11273366125183581,-0.225257234402115,-0.243567102111435,0.21332343535451678,-0.2867534008308974,-0.3378317810296063,0.3088601511519688,-0.22834645214104243,-0.29155383239692667,0.4416311271823371,-0.22366816262545544,-0.3126408282620084,0.7018719046616151,-0.06456839024615897,-0.12413382940312488,0.08761490050692194,-0.08761490050692194,25.0,7.0,0.3888888888888889,0.3333333333333333,0.4625518406483618,0.6602849781401225,1959-09,-0.40514800514800514
1960-08,-0.310478775852084,0.10658546585090836,-0.2405856036338128,-0.26049799259781486,0.2119533815108685,-0.3096803701360611,-0.3694589448517607,0.3097640251035687,-0.24554126727782385,-0.32113455818222314,0.44721606672532627,-0.15540740953158394,-0.22456675337912285,0.6977291843223534,-0.06694374116372559,-0.1350879607756115,0.1011648003496261,-0.1011648003496261,24.0,7.0,0.4166666666666667,0.3055555555555556,0.5492914423698613,0.6763585208356565,1959-09,-0.41595881595881595
1960-09,-0.3129698269067509,0.10608119755256472,-0.3836265941923808,-0.41702625792468695,0.21182146384079922,-0.3131969086286766,-0.37471446595804586,0.3105723172673169,-0.24742261279875447,-0.3255880685384958,0.44980537329858294,-0.154684617136578,-0.2255847408658915,0.6991108007966724,-0.0651968947304317,-0.13352024734330523,0.10405643101793599,-0.10405643101793599,23.0,7.0,0.4166666666666667,0.3333333333333333,0.514927634829125,0.7138781483202411,1959-09,-0.41081081081081083
1960-10,-0.3505628022770425,0.10985214889034788,-0.42950180531213794,-0.4732792958428421,0.2131798219281496,-0.35525124601099844,-0.4305848225309237,0.31612102259179803,-0.2812784031152679,-0.38334233515413274,0.46374686601738363,-0.17519548147972444,-0.2714243093112863,0.709703723572487,-0.07952968105951749,-0.1780564582790092,0.12271649356579972,-0.12271649356579972,22.0,7.0,0.4166666666666667,0.3333333333333333,0.5367109414151217,0.7795928906949147,1959-09,-0.40540540540540543
1960-11,-0.317132666880686,0.12000782193951272,-0.23473324543406113,-0.2557361191081862,0.23894432739719448,-0.31639708267573646,-0.389439649946988,0.34287146676481034,-0.2450389326977246,-0.3404196781931436,0.49567702187466056,-0.22333048427226362,-0.3508372117884244,0.7412450544914245,-0.05471927638278044,-0.17257715987284875,0.12482649733690854,-0.12482649733690854,21.0,6.0,0.4166666666666667,0.3055555555555556,0.5878161272825516,0.7026248296372829,1959-09,-0.3752895752895753
1960-12,-0.31792156493067275,0.13596094911027629,-0.21488970330886206,-0.23753358086603119,0.25744341738513793,-0.30694970246802883,-0.38796521503784187,0.36209262816397575,-0.22764602685855959,-0.3105676992317247,0.53436134431983,-0.09709996461872622,-0.16517875656972797,0.7651267314281003,-0.023132727093935403,-0.0724927819479785,0.1406589194136601,-0.1406589194136601,20.0,4.0,0.4166666666666667,0.3333333333333333,0.6414964034987409,0.7843838172732682,1959-09,-0.3534105534105534
1961-01,-0.3148545010824608,0.14279185362438926,-0.21137307711876774,-0.23348068326524132,0.2667828564371254,-0.3012295024264695,-0.3786116849660005,0.37735390095581334,-0.22109853664991494,-0.2998156409065895,0.5519856596579821,-0.09454269609531156,-0.159472051139746,0.7758171524740307,-0.028933994252213935,-0.09096654012438755,0.1362632870256209,-0.1362632870256209,19.0,4.0,0.4166666666666667,0.3333333333333333,0.597693064716982,0.7580093464370795,1959-09,-0.32972972972972975
1961-02,-0.2858830332850442,0.14308268373957897,-0.1828483295136504,-0.201457260991535,0.2680611190629976,-0.27284605477856116,-0.3428002728685257,0.37976471356529645,-0.19240762247537552,-0.25901917651104855,0.5509345413666238,-0.06914719681681113,-0.11199529108386154,0.7612603752469508,-0.008243987303599149,-0.03132952316090438,0.13337430531806677,-0.13337430531806677,18.0,4.0,0.4166666666666667,0.3611111111111111,0.5845309610859926,0.7654264634388892,1959-09,-0.2756756756756757
1961-03,-0.2820668848361547,0.1440992530086548,-0.17857813366722838,-0.19674349423419615,0.26919155346226065,-0.26841653105305147,-0.33723108521761047,0.38189626189272824,-0.18747461579116922,-0.25214341292700165,0.552666819756925,-0.06483115025755443,-0.10396338734114807,0.7595434685606347,-0.005783846747790733,-0.024600876768438838,0.13269519161940535,-0.13269519161940535,17.0,4.0,0.4166666666666667,0.3611111111111111,0.587071140169251,0.7610550344115512,1959-09,-0.25817245817245815
1961-04,-0.2800746234618439,0.14922822290470908,-0.17319385627721268,-0.19130498174284058,0.27455480090601686,-0.2629557025598545,-0.3316303962047386,0.3916274597411174,-0.17910550754258686,-0.24186364293764193,0.5635462639173937,-0.05597321174651491,-0.08745511764336515,0.7650041003727246,-0.0012548318429130084,0.003908202618047407,0.13258216508345833,-0.13258216508345833,16.0,4.0,0.3888888888888889,0.2777777777777778,0.7632606169342553,0.6705853073271958,1959-09,-0.24015444015444015
1961-05,-0.27810732607197425,0.1454468006901371,-0.17354697966711738,-0.19130591776836225,0.271236663149318,-0.2639761367922156,-0.33235984240365896,0.38491731866858764,-0.18225217542472383,-0.2454682021333687,0.5572942038986816,-0.05833204279666323,-0.09237948412889539,0.7665547155153649,0.0012282526336369313,-0.004052479232423517,0.13326481609339336,-0.13326481609339336,15.0,4.0,0.4166666666666667,0.3333333333333333,0.6428090272597236,0.7269776974848243,1959-09,-0.25765765765765763
1961-06,-0.23736827935030155,0.1381331612241563,-0.13632829092914603,-0.14900215938905112,0.25454281894097197,-0.22147823149070917,-0.2749939250139102,0.36153321446739217,-0.1432181798900522,-0.1863616541191765,0.5274440857043913,-0.021859685230490124,-0.02353480569140007,0.748066600685391,-0.011709912499376378,-0.04740288741974722,0.12052732840979016,-0.12052732840979016,14.0,3.0,0.4444444444444444,0.3611111111111111,0.6651342514870475,0.7371580455040077,1959-09,-0.21081081081081082
1961-07,-0.21246536401399999,0.13719157421915013,-0.11148973112158074,-0.121224271304539,0.25871508083435424,-0.2009333654090243,-0.2502073967177762,0.3644189655562933,-0.12313327659354632,-0.15913207232206766,0.5368065685526932,0.00374730929114282,0.02172682465980984,0.7608713194593318,0.010543508806557408,0.021019317005535557,0.12380649034632377,-0.12380649034632377,13.0,3.0,0.4722222222222222,0.4166666666666667,0.6108128102567222,0.7904038044924206,1959-09,-0.18301158301158302
1961-08,-0.17168774881324914,0.1433269489215218,-0.0644820238851092,-0.06903121058597615,0.27756362251379635,-0.16488840253677226,-0.20937430788734396,0.3881621177734021,-0.08216291406802918,-0.10448468396854776,0.5296810939597771,-0.08038560925011115,-0.09686244631731855,0.7390913796219012,0.008093067161689633,0.021019317005535557,0.13519244700234614,-0.13519244700234614,12.0,2.0,0.4722222222222222,0.4166666666666667,0.6723412338193182,0.7663899864644519,1959-09,-0.15289575289575288
1961-09,-0.15529346357796367,0.1394036035212695,-0.2612950009919948,-0.2966761686316737,0.2784010549742253,-0.15560229880587495,-0.1988357534836944,0.38505946349147224,-0.07449998153875367,-0.09474922205005885,0.5243725566453674,-0.07648483016967003,-0.09340295140412369,0.7384989836007986,-0.03165315962445785,-0.08045832939289521,0.14138270505371006,-0.14138270505371006,11.0,2.0,0.4722222222222222,0.4444444444444444,0.6618277209133185,0.8012257379920914,1959-09,-0.15315315315315314
1961-10,-0.14542502040948366,0.14042989450524718,-0.2531707708773296,-0.28819173575123436,0.27703881923812107,-0.14835668433396185,-0.18999170753098138,0.38118986741722416,-0.0684461148102417,-0.08620065119013748,0.5200373351470795,-0.07389695205384283,-0.0893318896619763,0.7431762020106627,-0.021843293913087234,-0.05744263662819012,0.1427667153417508,-0.1427667153417508,10.0,2.0,0.5,0.5,0.6045583906502892,0.8873292636687297,1959-09,-0.1510939510939511
1961-11,-0.16186706435979292,0.14173778418846958,-0.26775617194706613,-0.3038801991963863,0.2822612066315852,-0.16277428668050226,-0.20781220862602068,0.38970260971652043,-0.08250723329225118,-0.10637550385052705,0.5315974219058385,-0.08631365679145289,-0.11240675481186825,0.7525957295380307,-0.03832393120488669,-0.09909219082503005,0.1420131348365935,-0.1420131348365935,9.0,2.0,0.5,0.4444444444444444,0.6400738994756877,0.7953264822101879,1959-09,-0.14826254826254825
1961-12,-0.15120190734379452,0.14310412759819346,-0.2568566967762828,-0.29156079124244,0.28485936619691377,-0.15219780163139532,-0.19416123182972156,0.39297750632135797,-0.07237341417029866,-0.0915535684184939,0.5368128198150894,-0.0773642073067037,-0.09595324500148812,0.7618546632164076,-0.02743679846710939,-0.0702724842766942,0.14035888389864543,-0.14035888389864543,8.0,2.0,0.5,0.4444444444444444,0.6421462737995544,0.7783203568912839,1959-09,-0.1341055341055341
1962-01,-0.0958138775656061,0.14649304702347363,-0.1987693119601807,-0.2257621940414233,0.28667967132948874,-0.10024603665809681,-0.1267488811587311,0.3915745114367357,-0.02652585642824205,-0.02566331510754641,0.5393113991766421,-0.04028034002790228,-0.03149166582036654,0.7433460880318512,-0.045082896577117344,-0.10169313947916137,0.12994831647581723,-0.12994831647581723,7.0,1.0,0.5,0.4722222222222222,0.6248395053422964,0.7355661739797501,1959-09,-0.09601029601029601
1962-02,-0.08028776799168864,0.15093643870184573,-0.18610672589961566,-0.21231304901669845,0.29610464191243563,-0.0843317793245514,-0.10742167306015167,0.4056538095526056,-0.00752872991470852,0.0020760066730155166,0.5562061499482546,-0.017749597202412256,0.012937093413700494,0.7617064987671619,-0.02680609023551999,-0.053886998997630164,0.13202528102500988,-0.13202528102500988,6.0,1.0,0.5277777777777778,0.5,0.6035508340398167,0.7596659384681,1959-09,-0.06332046332046332
1962-03,-0.0807734661692945,0.14923243655871452,-0.1863284614117242,-0.2125201281979503,0.28800502111183257,-0.0881719222566402,-0.11198728786119813,0.39217172613456813,-0.014492792526902118,-0.008778775124480175,0.5377459703574975,-0.027164538474386324,-0.007417745447323147,0.7447740345491961,0.005103863886326935,0.01709777410696219,0.13174666202865581,-0.13174666202865581,5.0,1.0,0.5277777777777778,0.5,0.6091418654886023,0.7662013830400083,1959-09,-0.06486486486486487
1962-04,-0.09528121628275987,0.1435563857402712,-0.19849321163757472,-0.22587788179585605,0.2702122912716354,-0.10743206750279388,-0.13533298130903534,0.36416828925370853,-0.03988100749751008,-0.04577534020321098,0.5001855777973203,-0.057096740995701174,-0.0651385810817829,0.7221745279141701,-0.007686035806923121,-0.0017845810282769011,0.13059666551309615,-0.13059666551309615,4.0,2.0,0.5277777777777778,0.5277777777777778,0.5744454522011355,0.8381944801010688,1959-09,-0.08777348777348777
1962-05,-0.04027817241553208,0.13657953569103287,-0.1322749142612615,-0.15050520466045775,0.25259707760128025,-0.054128244639848604,-0.06745042377666186,0.33635967497569846,0.0022922579485787496,0.011400163307364722,0.48097673382235656,-0.012697584081321343,-0.015557644454850396,0.702733283977282,0.023884150072847853,0.0988538552631605,0.1102270322449257,-0.1102270322449257,3.0,1.0,0.5277777777777778,0.5277777777777778,0.5833009308533359,0.734850218868059,1959-09,-0.03500643500643501
1962-06,0.010015126054373828,0.12036162781140906,-0.060292943985946375,-0.06853174832653998,0.2227851103983692,-0.0004632663848686848,-0.0011741824521011828,0.30913436271734684,-0.050903339274913875,-0.06359066320130904,0.45754220429364667,-0.0546940924944939,-0.07466988812028778,0.6905408639350797,0.03398305565719906,0.1276270842471236,0.07854687438091379,-0.07854687438091379,2.0,1.0,0.5555555555555556,0.5555555555555556,0.5198859444526351,0.6279493423218511,1959-09,-0.005405405405405406
1962-07,0.009246267806568736,0.11923529244567459,-0.06013976081960047,-0.06818097739507306,0.22177251252955743,-0.00047076230366484165,-0.001126070464341044,0.31022981820629086,-0.05194630295934825,-0.06476660152165195,0.45664538087237044,-0.05504024911215279,-0.07509230811190977,0.6905552507944147,0.03512697937778369,0.1276270842471236,0.07742724520164176,-0.07742724520164176,1.0,1.0,0.5555555555555556,0.5555555555555556,0.5172750873337529,0.626367648340322,1959-09,-0.004633204633204633
1962-08,0.011122417944391984,0.12111051508079246,-0.05982185999221272,-0.06800105125143993,0.22395987692241812,0.0004253754127989356,-0.00012847330315145095,0.30835732135368854,-0.049013071371751066,-0.06094077579034533,0.45773906174754636,-0.05239866913499217,-0.0703047872736221,0.6897330652659619,0.03568784465891347,0.12781264150517305,0.07912346919583191,-0.07912346919583191,0.0,1.0,0.5833333333333334,0.5555555555555556,0.5222907746511315,0.628533179060557,1959-09,-0.007207207207207207
1962-09,-0.06632656465154015,0.11267539618986776,-0.0007698315278806791,0.0011970726329141239,0.20942973478253873,-0.05706338423026111,-0.07064587927175611,0.29733439774229,-0.10820802383079046,-0.14549820901375285,0.4471240961688343,-0.021057469082570904,-0.016992017669043246,0.6828457860485335,0.01144646742864346,0.054884057334750595,0.08780793612853548,-0.08780793612853548,32.0,1.0,0.5555555555555556,0.5277777777777778,0.4747960465990097,0.6672090969520641,1962-06,-0.08005148005148005
1962-10,-0.0732046311032022,0.11196604156899767,-0.007518123864818322,-0.006142898566426448,0.20369581063781506,-0.061332727431035065,-0.07558474906877158,0.2952160667127602,-0.11502441715127075,-0.15487997216606164,0.44427712190660335,-0.02757558048843532,-0.028701159504904313,0.6728952782413048,0.008087572653494808,0.04920773731396702,0.08470722286146308,-0.08470722286146308,31.0,2.0,0.5277777777777778,0.5555555555555556,0.4492774278314157,0.7217319153275245,1962-06,-0.08468468468468468
1962-11,-0.07325570359962132,0.11573049338516693,-0.008006438493339957,-0.006686257239437297,0.20794476486137267,-0.05999717377957463,-0.07261631163091123,0.2938877012374026,-0.1084521079597013,-0.1419114269585454,0.4428299516557202,-0.024477935735904767,-0.02196441446332654,0.6739369662918225,0.005687344012850128,0.03990945045198705,0.07977891185338266,-0.07977891185338266,30.0,2.0,0.5277777777777778,0.5277777777777778,0.4518204014956063,0.6557963090825449,1962-06,-0.07387387387387387
1962-12,-0.024142182336306914,0.11608110396247324,0.04168488969048918,0.04748890156565643,0.22000813233619887,-0.01724987013484592,-0.016015597897320568,0.3043673643925078,-0.06508815780732592,-0.07990240041974642,0.4529098580447521,0.019147063041773354,0.05438314619206641,0.6698408996572773,-0.00885587621638069,0.0011530381760700985,0.07808543839558618,-0.07808543839558618,29.0,1.0,0.5555555555555556,0.5555555555555556,0.47506907981182095,0.6466473736254477,1962-06,-0.010038610038610039
1963-01,-0.029815229318654175,0.11944860600574952,0.03766291770448819,0.04317986462287755,0.22682738385309933,-0.02299681873814595,-0.023795345077088997,0.3147430338770904,0.026667931285545832,0.06483606228768303,0.4567314394981247,0.01673991296928937,0.0510930763257949,0.6853162686162454,-0.01558822473213128,-0.02252183826069755,0.08163924397568931,-0.08163924397568931,28.0,1.0,0.5833333333333334,0.5555555555555556,0.4682111108955467,0.6504847027539893,1962-06,-0.022136422136422137
1963-02,0.03520437386143725,0.11095245240702559,0.09320760023438796,0.10586354967767736,0.2193825326751653,0.036523008276401835,0.059391751934517546,0.3120521636849201,-0.01192240657245703,-0.0015381652955771604,0.44276127894648815,0.05640911956373109,0.13073408598970815,0.6771731069521445,0.015660513993938828,0.0671646077587164,0.07065917581624005,0.07065917581624005,4.0,1.0,0.5833333333333334,0.5555555555555556,0.488232410051348,0.5332809447422912,1960-07,0.02882882882882883
1963-03,0.07941102569463449,0.12701852913404083,0.14550598572557297,0.16962246216412308,0.23209374016563217,0.09082938129058886,0.11801420922540655,0.3370641024497296,0.036207335618189604,0.07897477651160124,0.4635966560111252,0.039749935454715224,0.08187225354032662,0.6840642399333325,0.01692356871255128,0.04187089282564353,0.09021143646948857,0.09021143646948857,3.0,2.0,0.5833333333333334,0.6111111111111112,0.4770880724123629,0.551182263839984,1960-07,0.087001287001287
1963-04,0.06245681898492681,0.1279788028659966,0.129412143267241,0.15114564026256155,0.23038940626284657,0.07583346455774193,0.11856066593492652,0.3300335321325788,0.02370213803313435,0.05857240806599396,0.4540070934742613,0.02457216737138613,0.05216031647445385,0.6709729959171242,0.03558208780472165,0.07665527002799105,0.0886888212776348,0.0886888212776348,2.0,2.0,0.5833333333333334,0.6111111111111112,0.46584357996902415,0.575897863917578,1960-07,0.05997425997425997
1963-05,0.05594734742100666,0.13034982041419604,0.1244732091830658,0.14546230440349867,0.2400940930341627,0.06677983583711716,0.10608658905022084,0.33613184623887826,0.016292080816563546,0.04691879490278817,0.4638860636431951,0.015153545140941827,0.03377205321351148,0.6890581412476819,0.022355126572831407,0.0317424978983584,0.08951495698249201,0.08951495698249201,1.0,1.0,0.5833333333333334,0.5833333333333334,0.4847122676637817,0.5480533640802787,1960-07,0.02496782496782497
1963-06,0.008660099722519063,0.14653611318236995,0.08238061169399956,0.1003831051943112,0.2522097939447193,0.029217485700505894,0.055921776945949624,0.32158837903818854,0.06412099652709735,0.10414894623712881,0.4514761574058125,0.062199691324810645,0.1158793116166923,0.665191872575413,-0.009002215470207551,-0.05281763129466812,0.09172300547179214,0.09172300547179214,0.0,1.0,0.5555555555555556,0.6111111111111112,0.4070720907446513,0.6180344647210114,1960-07,-0.005405405405405406
1963-07,0.1061250852249698,0.10460711705902369,0.054200601376871015,0.06485315361636709,0.18741315582743776,0.0953035487043412,0.12820799301062438,0.2648537864027399,0.05686386233744697,0.072751183093417,0.39539528656866985,0.06850056987006667,0.09979651236793269,0.6337978306806706,0.03536812123316913,0.028759332343666393,0.04905754453763672,0.04905754453763672,20.0,3.0,0.5555555555555556,0.6111111111111112,0.4792623904562187,0.4878139005116334,1962-04,0.0694980694980695
1963-08,0.10867044715705274,0.09950297081128695,0.0582747574821206,0.06987321821535383,0.1858542859698555,0.10200947259938878,0.13782726101216403,0.2645151699930953,0.06216976260410337,0.08143378723864735,0.3946969133352178,0.07219877694787187,0.1073982587408129,0.6324778172939045,0.001745233859713264,-0.006979720570732272,0.05258545356170541,0.05258545356170541,19.0,3.0,0.5555555555555556,0.6111111111111112,0.4893196227661905,0.49725471788281045,1962-04,0.08108108108108109
1963-09,0.09514465343591043,0.09391784968047417,0.04747515399939728,0.05736823952608166,0.1850919685506253,0.09375202919289785,0.12951436839717306,0.2680724398096677,0.05163397025753758,0.06711951973651274,0.3913616817618441,0.05920150715238135,0.08657932775408542,0.6265971634205095,-0.006444031482219729,-0.023506651622881902,0.05499361181980937,0.05499361181980937,18.0,2.0,0.5555555555555556,0.6111111111111112,0.4794288623451309,0.5155265786668581,1962-04,0.059202059202059204
1963-10,0.0711082564212473,0.10491757479728314,0.019136007885997137,0.02212931333536039,0.2008138184732936,0.06663942587441585,0.09433659842299197,0.2917399277098563,0.021598026883669158,0.021868701374067316,0.4191738599057642,0.08472403802819525,0.12439202607494426,0.6439032159005017,0.0076347655146572335,0.00803760932346584,0.055215360348641884,0.055215360348641884,17.0,2.0,0.5555555555555556,0.6388888888888888,0.4310104770060726,0.5711116920304627,1962-04,0.028314028314028315
1963-11,0.08217771776333012,0.10737722409157022,0.028882794153554724,0.03422609266673509,0.20048778606956436,0.07509669407378956,0.10507497764711046,0.28812864977466424,0.0315975891586279,0.03675002391757153,0.4205354579175911,0.041710039295082324,0.05791782940551238,0.6516457877282323,0.016917269250705413,0.030881131658851802,0.05423819355972233,0.05423819355972233,16.0,2.0,0.5555555555555556,0.6388888888888888,0.4401716506987342,0.5575175264887949,1962-04,0.05456885456885457
1963-12,0.06523910595319522,0.103511448541309,0.014452230102290211,0.016260131267498003,0.20339806088391035,0.06346061566446003,0.09046002712423509,0.293153736384079,0.019422874788657042,0.019005296477692144,0.4324439216340532,0.027775533350199152,0.035591832001243065,0.6660187137281511,0.03973670573877081,0.059716000515441875,0.056887533133563845,0.056887533133563845,15.0,2.0,0.5555555555555556,0.6111111111111112,0.44217670555419686,0.5317513438450356,1962-04,0.05791505791505792
1964-01,0.053583431948284285,0.09864830709931686,0.003961241889301702,0.003200064781282331,0.19692850910481854,0.053398267281357076,0.07770608258426565,0.282691210707258,0.010257809994001032,0.005337374846446842,0.4231436653538314,0.018215597306467796,0.019846597378334142,0.6549557849912934,0.03142879088183409,0.041594206917455155,0.05676726147512891,0.05676726147512891,14.0,2.0,0.5555555555555556,0.5833333333333334,0.46383719535071904,0.5243440656116767,1962-04,0.02651222651222651
1964-02,0.02682431771991451,0.10240655800589252,0.07706385548607718,0.0830748449607079,0.20220705476481,0.0281028228761058,0.04401430685868004,0.2884690977808164,-0.014216392340947372,-0.03220073253861211,0.44031978389390014,-0.0064977890393016265,-0.02263475950292723,0.6566078045153533,0.02277793449374139,0.014233124617783395,0.05654493464597034,-0.05654493464597034,15.0,1.0,0.5555555555555556,0.5833333333333334,0.43117782075755595,0.5410588743807778,1962-06,-0.013899613899613899
1964-03,0.0024572375364426673,0.10688738285949326,0.05386898712205581,0.05868364516253802,0.19902227732960076,0.00955303517456777,0.019353856045980344,0.28416043513997624,-0.03139755723802102,-0.057604161160539756,0.44202551655463845,-0.02599955806730554,-0.05522669696122456,0.6641783194500539,-0.030164669512184224,-0.10784912612905717,0.05696671152725542,-0.05696671152725542,14.0,1.0,0.5277777777777778,0.5277777777777778,0.4452802409608192,0.49260713320471,1962-06,-0.05353925353925354
1964-04,0.010996416430883968,0.10575732187609069,0.06183479473132179,0.06706555878025096,0.20162632134384295,0.01574981096124844,0.02766062590401618,0.2886098320064426,0.05756347021924771,0.08075318955706205,0.4470245757311414,-0.01858774585711048,-0.042844010726612744,0.6706611255513607,0.012515737981227983,-0.0035587772515488884,0.057060677741316915,-0.057060677741316915,13.0,1.0,0.5555555555555556,0.5555555555555556,0.43024126191624773,0.513746916452751,1962-06,-0.025482625482625483
1964-05,0.008992550621866748,0.10763421003823102,0.06118735511535464,0.06657064836842701,0.2008566876056731,0.015981198176004945,0.028312834806902134,0.28774727823101737,0.0581168480628081,0.08198597324087896,0.44791587433005253,-0.01955333278783555,-0.044678680770849785,0.674323957321546,-0.023927787934928692,-0.09144263960007966,0.057578097746560274,0.057578097746560274,10.0,1.0,0.5555555555555556,0.5555555555555556,0.4321801752193003,0.5205540145387918,1962-04,-0.023166023166023165
1964-06,-0.044364886092926895,0.11897529426363332,-0.10484255118065551,-0.13549011468268768,0.22705518302245004,-0.0499032517611403,-0.06266172943014243,0.3231560101088727,-0.0010531634200442103,-0.0057935595028002895,0.45849542687645856,-0.00639454592479665,-0.0026619810140322523,0.6783097387282098,0.01367922539061675,0.01976702876130094,0.09112522858976073,-0.09112522858976073,11.0,1.0,0.5277777777777778,0.5555555555555556,0.405961780091031,0.6045004134420664,1962-06,-0.10862290862290862
1964-07,-0.053504667736407094,0.12377121851243514,-0.11538119052343362,-0.14890225689955866,0.23551921367490117,-0.05951539674537399,-0.0760550984333147,0.32962055506127685,-0.012471634354048388,-0.023133125308391612,0.4647957656659755,-0.015777420359193352,-0.01838364815868288,0.6827210331036199,0.0014515507199150512,-0.014582643389871941,0.09539758916315157,-0.09539758916315157,10.0,1.0,0.5277777777777778,0.5,0.4340213099809942,0.5380581639128968,1962-06,-0.12303732303732304
1964-08,-0.0074200194426566665,0.1427237345582727,-0.07939586968913152,-0.10332620085890751,0.2530272363811793,-0.023769604349039835,-0.027039779070773626,0.32716490579441626,-0.061157371757347916,-0.07843180374301126,0.45840039865970644,-0.06501875953337583,-0.09014098128398973,0.6705301506540053,0.008312427435356996,0.027329348474240817,0.0959061814162508,-0.0959061814162508,9.0,1.0,0.5277777777777778,0.5,0.48307960428301044,0.49750741986595387,1962-06,-0.07593307593307594
1964-09,0.006771149858907019,0.1429366807901308,-0.06357069977349547,-0.08348660242647382,0.26313981897548633,-0.004416457315663178,0.00021717562777102755,0.3417503571702669,-0.04310219303201461,-0.052017411791965125,0.4785763209043804,-0.04315669030207349,-0.046175713701668245,0.694468757084014,-0.0029305981741045047,-0.008286603831211567,0.09025775228538085,-0.09025775228538085,8.0,1.0,0.5555555555555556,0.5,0.4850320440153909,0.47186591928973837,1962-06,-0.03423423423423423
1964-10,0.005547949676606792,0.13959394446476692,-0.06370967695357738,-0.08362162743818277,0.2636301485651016,-0.002170810456581854,0.003798617793658618,0.3445180418601954,-0.042302232591069494,-0.050552845654536965,0.48170771492519754,-0.039676547668604,-0.03715078181759189,0.6997294388813314,-0.0027851009692371263,-0.006202061657053493,0.0891695771147896,-0.0891695771147896,7.0,1.0,0.5555555555555556,0.5,0.48774860059719644,0.47696092067046103,1962-06,-0.017503217503217504
1964-11,0.015330921861183592,0.14462907229838565,-0.05729768321636318,-0.0760699982112072,0.2624880896401571,0.0018877619317821566,0.009077811160823382,0.3431250831133858,-0.038605841882014956,-0.04593079559534897,0.4792111948261458,-0.03987004390106882,-0.04065637110525204,0.7039912072256989,0.00493267937730912,0.014849023694808795,0.0914009200723908,-0.0914009200723908,6.0,1.0,0.5555555555555556,0.5277777777777778,0.4766470114318903,0.5011594677684994,1962-06,-0.014414414414414415
1964-12,0.03368916635225836,0.150245426185368,-0.049191676991561545,-0.06573322828165094,0.26000490935184895,0.011355647215141516,0.022130096254038154,0.3370774573437878,-0.03116037432649138,-0.035112140736550515,0.4719058454052111,-0.037877587910553824,-0.07622471920212717,0.6997830707903645,0.05004465644775714,0.12075893915693411,0.0994223946339094,-0.0994223946339094,5.0,1.0,0.5555555555555556,0.5555555555555556,0.5121598549880385,0.566504767339483,1962-06,-0.0015444015444015444
1965-01,0.019504159774802344,0.1589697901390049,-0.06696942462237598,-0.0903847179869516,0.277510904765769,-0.00248751852405518,0.003024568096125089,0.3560788183393914,-0.045225507291468514,-0.07523825780256978,0.4975373740741494,-0.050689292984612305,-0.06591867034806001,0.7182392540340584,0.03316853630778072,0.07873163732927638,0.10988887776175395,-0.10988887776175395,4.0,1.0,0.5833333333333334,0.5277777777777778,0.5189823335017248,0.5398834555538052,1962-06,-0.035263835263835266
1965-02,0.011671767454175168,0.1550350932793065,-0.07204566463567302,-0.09677429406425463,0.27724257698829,-0.006054820228294978,-0.0016422402775198113,0.3570850155829809,-0.04916895516093794,-0.0625449347614425,0.5011425776928646,-0.05284889656069054,-0.068056754284884,0.7254859898291832,-0.0014478600041925424,-0.007860186182307678,0.10844606151842977,-0.10844606151842977,3.0,1.0,0.5833333333333334,0.5,0.5363380305794385,0.5136429271963201,1962-06,-0.02882882882882883
1965-03,0.02519275368225644,0.14780327086064027,-0.05956476208695395,-0.08060514214884834,0.2786139298794907,0.01544837145205162,0.03152946753692839,0.365348643996577,-0.03428949197079748,-0.0387711111535578,0.5101915361909101,-0.03117299210380912,-0.01276395830357493,0.7446458228113969,0.014922550414105316,0.06226623931927187,0.10579789583110472,-0.10579789583110472,2.0,1.0,0.5833333333333334,0.5,0.5820120129122565,0.5330261029745357,1962-06,-0.0018018018018018018
1965-04,0.11547507544419273,0.1652297553200748,0.026972687780124918,0.032451641713340175,0.26743850437840305,-0.027773615718882764,-0.03661598810665215,0.36261316838035446,0.023205004887200734,0.048799258130119816,0.5025360188270573,0.016456947724310517,0.03142460267364807,0.7367982362916398,0.003737508033336948,0.012459049040197073,0.08302343373085244,-0.08302343373085244,1.0,2.0,0.6111111111111112,0.6111111111111112,0.5179262914967123,0.5251964837414947,1962-06,0.06615186615186615
1965-05,0.08176294777067596,0.19431887576588922,-0.020665367041508974,-0.035012799478696344,0.30740889353688894,0.03894603147398684,0.06988815972924495,0.41387588552533766,-0.017174273511914605,-0.014010189877182123,0.5310406341945691,0.04458497511630961,0.09211280523515142,0.7465900252134429,0.019733955736126785,0.06808208182314947,0.11677574724937216,-0.11677574724937216,0.0,1.0,0.6388888888888888,0.5833333333333334,0.5073979493583897,0.5195769176368347,1962-06,0.027284427284427284
1965-06,-0.05040338060732752,0.1451432527785789,0.030396177946506748,0.03578282583638708,0.26860429396142804,-0.038333145912516055,-0.043877520916231316,0.3368429536531969,-0.0003454787364777953,-0.0030574313537369852,0.4647326364899899,0.07084921835748055,0.11531763652965651,0.694338405482411,-0.010436955369417333,-0.01189823173052602,0.0861862064437146,0.0861862064437146,3.0,1.0,0.6111111111111112,0.4444444444444444,0.5537491901781524,0.5312052682053451,1962-10,-0.040926640926640924
1965-07,-0.02035615875846954,0.14398836347777721,0.06183288962098074,0.07025169852318423,0.27248243909380393,-0.011511966464617378,-0.012248698024720624,0.35381963157447094,0.034915580084128234,0.0415131576530252,0.48074114388535283,0.042583181449029416,0.058073340340264054,0.6978182587378535,-0.03453821328196858,-0.055241615060590894,0.09060785728165373,0.09060785728165373,2.0,1.0,0.6388888888888888,0.4444444444444444,0.6020516772930691,0.5172646196617768,1962-10,-0.013899613899613899
1965-08,-0.05199199994383479,0.1488732954800248,0.03297847623718367,0.038854614610611085,0.2827820354047918,-0.04345087504116096,-0.05084819044401425,0.3598802750155255,0.0005534852527327201,-0.0024871702678870115,0.49023282649871164,0.005312510018888952,0.001952052269204336,0.7057382388054781,-0.02627954865910174,-0.05614030855340543,0.09084661455444604,0.09084661455444604,1.0,1.0,0.6111111111111112,0.4166666666666667,0.6052258386707716,0.5189575037188473,1962-10,-0.07104247104247104
1965-09,-0.0693801073703553,0.1528774027304508,0.018524123040876056,0.02317017450396299,0.28157942638994193,-0.05547930807512236,-0.06511181696868644,0.35264161295567004,-0.014618679167044814,-0.021482940726317762,0.47365279470075594,-0.01292347706204723,-0.02471031101283194,0.6940207893739886,-0.04507805420143823,-0.09759100156240916,0.09255028187431832,0.09255028187431832,0.0,1.0,0.6388888888888888,0.3888888888888889,0.6320226077785724,0.5125736484937478,1962-10,-0.10218790218790219
1965-10,0.0073497453600336006,0.14752329773134287,-0.07151726976833789,-0.0807568408430894,0.22511670480228996,-0.11299926280560517,-0.151363544059527,0.29659698066567974,-0.07478539364329455,-0.11072353296631442,0.42730656031964454,-0.07916117348333843,-0.13147562035058166,0.6706045727688263,-0.08745301512341644,-0.22838265544878059,0.088106586203123,-0.088106586203123,1.0,1.0,0.6388888888888888,0.5,0.5269025725429534,0.5126114010095546,1962-12,-0.06563706563706563
1965-11,-0.023969034616094013,0.16476983287382016,-0.11455598047745312,-0.1293551790120425,0.24556110665596959,-0.15897330260812728,-0.19503115634550677,0.31456409281988695,-0.12103693001564125,-0.16487539461013712,0.44843225696819683,-0.047439063666228576,-0.0835842325732368,0.6565847906394755,-0.020975310644885985,-0.0502234925402508,0.10538614439594862,-0.10538614439594862,0.0,1.0,0.6111111111111112,0.5,0.5112038492802794,0.55781030547824,1962-12,-0.08030888030888031
1965-12,-0.026024858959071487,0.1516861999610533,-0.10383151354909034,-0.12935517901204246,0.24596617619598984,-0.1521919415085908,-0.19503115634550677,0.3335787234436042,-0.10725153688907288,-0.17369861287332344,0.45884424934364876,-0.042997230905771,-0.0834717839627241,0.6682247456551862,-0.055955887109117954,-0.13875303434097927,0.103330320052971,-0.103330320052971,35.0,1.0,0.6111111111111112,0.5,0.4733944325546864,0.5239983249751032,1965-12,-0.10398970398970399
1966-01,-0.06926645022440787,0.157310103556904,-0.1469759166093317,-0.18243376641816042,0.25265332336271284,-0.0998774113829982,-0.16220898824181001,0.32553328043794477,-0.06387551165489982,-0.11898625897730454,0.44699621817946095,-0.0038741521489344065,-0.018918910681605183,0.6511630618592509,-0.031427899856137274,-0.08639836703513103,0.11316731619375268,-0.11316731619375268,34.0,2.0,0.6111111111111112,0.5,0.41292473602108143,0.5476095003463191,1965-12,-0.1546975546975547
1966-02,0.04476759772828067,0.18523936232861035,-0.046969798246335834,-0.06314882362085616,0.3063769010407595,-0.1069615959751195,-0.18574349146123542,0.3947766441549646,-0.06318276767330298,-0.1695829774154677,0.5061335856351666,-0.00803468409822971,-0.07413053099546704,0.6996537373998051,-0.00010430673001599848,-0.025836986480719304,0.10791642134913679,-0.10791642134913679,35.0,1.0,0.6388888888888888,0.5555555555555556,0.4725040697433888,0.4927009671486222,1966-02,-0.0821106821106821
1966-03,0.05462691062900503,0.17216860520007424,-0.023482976927197217,-0.032591055204446585,0.28348899681640033,-0.07398709329474899,-0.12935708723847833,0.3716802379836757,-0.033976268307158164,-0.10104828758821556,0.4841895645403719,-0.02944316072568386,-0.08704703751200081,0.6835659304060845,0.02034187445169643,0.041968414698404025,0.08721796583345165,-0.08721796583345165,34.0,1.0,0.6388888888888888,0.5833333333333334,0.4235911964703027,0.4655648835907454,1966-02,-0.07335907335907337
1966-04,0.15599974331137675,0.17281614625521455,0.07160202143122751,0.07830187371927784,0.32210872126129153,-0.0013075619448918426,-0.0015224267130388722,0.4189229551097283,-0.04858844952071666,-0.08934027344116434,0.5407439367951922,0.010904911222746299,0.006515131447193661,0.7153232989159792,-0.009134201241773963,-0.05720293871216835,0.07769786959209891,-0.07769786959209891,35.0,2.0,0.6388888888888888,0.5833333333333334,0.5369723776251992,0.3877619276153997,1966-04,0.03732303732303732
1966-05,0.12491231536537921,0.19379408630716924,0.04080533041501497,0.04368830701543388,0.3239466462177179,-0.015681116649716387,-0.022295057386884597,0.40585793841946577,-0.05123076603147066,-0.09404936999601929,0.5372096458139086,0.005776113216218499,0.0009253739757766952,0.7076338419721568,0.03814173693709817,0.0990146614549188,0.08122400834994536,-0.08122400834994536,34.0,2.0,0.6111111111111112,0.6388888888888888,0.42526075041006217,0.4160820170494736,1966-04,0.01981981981981982
1966-06,0.11941967903923786,0.19596697372514765,0.03499155623126859,0.03706889007553079,0.3260171318172363,-0.021037735388014463,-0.03028106211019231,0.40773796095447035,-0.05624538322383998,-0.10556473636050144,0.5388426629990288,0.00023823579884734157,-0.011683645641950005,0.7127981012868344,0.010852679999553645,0.008512503477438055,0.0823507889637071,-0.0823507889637071,33.0,2.0,0.6111111111111112,0.6388888888888888,0.4186669586735075,0.4192039448551804,1966-04,0.01287001287001287
1966-07,0.13410795505617848,0.1835808758961684,0.05695927465066933,0.061105755422832975,0.30366000930559855,0.0064967924255914565,0.0089042747943303,0.3789291173115254,-0.025134565304945435,-0.03812795782238126,0.523053416342325,-0.02597505586232354,-0.09392611288273012,0.7163731745993523,0.014904418282185564,0.01630184452779632,0.07300219963334555,-0.07300219963334555,32.0,3.0,0.6111111111111112,0.5833333333333334,0.46195959393271074,0.33382486970804526,1966-04,0.03912483912483913
1966-08,0.2703003728104229,0.3251872327783756,0.10001115759416562,0.11591187346932612,0.4662793531989018,0.026126133713219448,0.03583108249865775,0.5300606313968284,-0.007273897761008083,-0.018951366529910415,0.6240228764454214,0.041930853706548886,0.06317470137031746,0.7571516188524335,0.014574946969338448,-0.0379122388696419,0.15438849934109677,-0.15438849934109677,35.0,3.0,0.6111111111111112,0.5277777777777778,0.7312840176980314,0.26081666399398795,1966-08,0.06795366795366796
1966-09,0.2319784709687448,0.3125784431663911,0.0675613677704411,0.07582022976450228,0.4538199362940039,-0.00673203812218297,-0.009109081840174607,0.5460693370216094,0.0417913951823284,0.06459235113533349,0.6445254798390853,0.03810078775295866,0.06317470137031744,0.7618033530485668,0.020837782717810248,-0.012842740784759216,0.15615824120424254,-0.15615824120424254,34.0,2.0,0.6111111111111112,0.5555555555555556,0.6632335193657243,0.321588993963026,1966-08,0.055083655083655085
1966-10,0.17682535981920394,0.31016262162177693,0.024835699284844432,0.02439377712314433,0.44222916481541624,-0.03988115461260868,-0.05192527292008905,0.5236906289956633,3.758292787361078e-05,0.002630767455670348,0.6357237909603813,0.005380420003435609,0.01610240902510256,0.7696574271613678,0.020857109829595415,0.00220470366760091,0.15243158269605964,-0.15243158269605964,33.0,2.0,0.5833333333333334,0.6111111111111112,0.5304548481569068,0.39150850469855786,1966-08,-0.0010296010296010295
1966-11,0.08942432534326789,0.26164262871500826,-0.05132517347158107,-0.06502966281371332,0.39731215905149864,0.021657652351142483,0.025659941208773206,0.5048514507470591,-0.0361926355908153,-0.05015365733746035,0.6405480906467987,0.03680477370196108,0.06985421954136545,0.7967699303680158,0.008951989514285101,-0.04392847156927487,0.1544539881569812,-0.1544539881569812,32.0,1.0,0.5833333333333334,0.5555555555555556,0.5489486777366184,0.4905701354823745,1966-08,-0.06460746460746461
1966-12,0.0761534953571263,0.27023549308746,-0.04397586296336707,-0.05473340824794482,0.4162158986081163,0.02091765728523427,0.024506740389304272,0.5170933846789099,-0.023925999379609982,-0.031084852460105346,0.6355210062432379,0.028719321275366243,0.04608934020684177,0.780306801187655,0.0027276756713883695,-0.03652655065415625,0.13088690360507116,-0.13088690360507116,31.0,1.0,0.5833333333333334,0.5555555555555556,0.4556031567908455,0.40291817489484316,1966-08,-0.06409266409266409
1967-01,0.17692713726762652,0.22600466358966198,0.06367012886942687,0.06934534467994735,0.42342736192869596,-0.03526368890512807,-0.045416861073748316,0.5468523876465411,0.026587907217923857,0.03875364839162671,0.6657830152261554,0.011398671787890637,0.017685541048903693,0.8168148227292329,-0.02189695459742294,-0.0717503861368502,0.10758179258767915,-0.10758179258767915,30.0,2.0,0.5833333333333334,0.4722222222222222,0.697996766394023,0.2986050118069192,1966-08,0.0489060489060489
1967-02,0.15959834298033734,0.22422640297427476,0.04860642763430727,0.051985239092034466,0.4180571435823034,-0.04733965573346125,-0.061016890300434744,0.5372537650827103,0.011662589977200178,0.016906656179773476,0.6567609616504276,-0.0018304414101440157,-0.003477782339317035,0.8159099999891734,-0.01446593084866818,-0.03440901827083822,0.10761310388830292,-0.10761310388830292,29.0,2.0,0.5555555555555556,0.5277777777777778,0.6029188933264061,0.34526570405234763,1966-08,0.008751608751608752
1967-03,0.18674600917003703,0.22152482644181842,0.07386472874058683,0.08091948289694462,0.4037275344189402,-0.01897937954527395,-0.023774997807004938,0.5219451039063802,0.04126014677483606,0.05913933168454762,0.6324297329702622,-0.015038944378179332,-0.022613007361360113,0.8045487605564321,0.006617430616119993,0.013965612432941532,0.10582652627309241,-0.10582652627309241,28.0,2.0,0.5833333333333334,0.4722222222222222,0.7167906622211173,0.29733320720040524,1966-08,0.07902187902187902
1967-04,0.18124607153500924,0.21939890115510152,0.06922814419230498,0.07558638851023311,0.40088331059538107,-0.02343187955203965,-0.029549175348421303,0.517367966609315,0.03604138884270198,0.0515845074072683,0.6277499901766552,0.02333565813703726,0.03309652039070727,0.8002089409313071,-0.022177065225293623,-0.05363462314847773,0.10565968302477616,-0.10565968302477616,27.0,2.0,0.5555555555555556,0.4722222222222222,0.7121609304138999,0.30332227964794606,1966-08,0.05637065637065637
1967-05,0.13691921028030973,0.20355787207377704,0.03623535009022645,0.037889792848581884,0.382908048106584,-0.052474891694032244,-0.06620279533097086,0.48824584345983724,-0.0003726774586888685,-0.00043626111549062733,0.6176110923433098,-0.0043277509395470105,-0.0039999262207964965,0.8127565034318778,-0.011690381836547685,-0.025762920284094992,0.09902941743172779,-0.09902941743172779,26.0,2.0,0.5277777777777778,0.5277777777777778,0.5816811479688351,0.3682217324468839,1966-08,0.008751608751608752
1967-06,0.1594888078382672,0.19238259001720256,0.06427084954958133,0.06960382853976207,0.3720006955400564,-0.02462944687557105,-0.03025905494279411,0.4709679113072256,0.024353448208766157,0.03354421623260203,0.5999103715665921,0.01871962610632679,0.03189252084908784,0.8126603126157282,0.004683101132340666,0.010076599810787608,0.08988497929850507,-0.08988497929850507,25.0,2.0,0.5555555555555556,0.5555555555555556,0.5726257489417106,0.3669004190309287,1966-08,0.07207207207207207
1967-07,0.14752707300150034,0.18291741801868855,0.05407023139099592,0.058156302907112746,0.36292503475992416,-0.037899923822715086,-0.04730052409034834,0.4582308746746968,0.010794087288686985,0.014877485875606415,0.5884587641686974,0.004426414484613796,0.008981920998710405,0.793831404615096,-0.008456916795720991,-0.01818680463946576,0.08937077009438754,-0.08937077009438754,24.0,2.0,0.5277777777777778,0.5833333333333334,0.5487089665762357,0.423962716203229,1966-08,0.047361647361647365
1967-08,0.14250028900571005,0.18253003547062954,0.04964814705269383,0.053307018959372156,0.3604648279172697,-0.04086641710677219,-0.05107401065035332,0.45189728497948445,0.005644829441579471,0.007692758163451867,0.577429722435865,-0.0023950387722352267,-0.0023951476124236047,0.7929103445021444,-0.013182917223624153,-0.02817147777006966,0.08919327004633792,-0.08919327004633792,23.0,2.0,0.5277777777777778,0.5277777777777778,0.5997852635835214,0.3769652878168855,1966-08,0.059716859716859715
1967-09,0.14246288409711663,0.1822466178175393,0.04956756612924736,0.05321684506094791,0.3604867978211233,-0.04128557778292285,-0.05163182458750489,0.45208750169229645,0.005405420459428813,0.007365714864837373,0.5781131648126077,-0.0025645881255394543,-0.0026459722781501166,0.792681954327973,-0.013461691864826035,-0.028817200017560593,0.08924603903616868,-0.08924603903616868,22.0,2.0,0.5277777777777778,0.5277777777777778,0.6006976521540592,0.37806202632517893,1966-08,0.05637065637065637
1967-10,0.14285639129171127,0.18261448891701665,0.050271844567586134,0.0536877421607408,0.35680311016958366,-0.03804083335195017,-0.04732222165682468,0.444882040393081,0.006614702356358342,0.008915942303948519,0.5745608888379502,-0.0026554945126008533,-0.0033642426124909056,0.7869310655752081,-0.01135173192105022,-0.02401007145988112,0.08916864913097042,-0.08916864913097042,26.0,2.0,0.5,0.5277777777777778,0.5985468999008271,0.3748480825238718,1967-01,0.08236808236808237
1967-11,0.19288439788197878,0.17032699779986252,0.10052240286048479,0.11020544395112007,0.31373865300324444,0.022755596922397203,0.030028413448234464,0.4213699853655254,-0.03560887090837309,-0.049652774293045314,0.5661992106614627,-0.034320203166576316,-0.053850616546969696,0.7777305065470729,0.03325203966494587,0.0861476012717723,0.0826789539308587,-0.0826789539308587,25.0,3.0,0.5,0.4722222222222222,0.7567691759761532,0.321795898196071,1967-01,0.12844272844272844
1967-12,0.21251419016081052,0.15816523655951087,0.1253214407595634,0.1375205888054154,0.30279887524989746,0.04558834082153488,0.05876355594089574,0.41263804073313737,-0.014963390005983384,-0.021669355498485143,0.5490040576589144,-0.011400409660249494,-0.017722947814957275,0.7590451594140591,0.020996834040362497,0.04072576271437885,0.07499360135539504,-0.07499360135539504,24.0,3.0,0.5277777777777778,0.5,0.7425741061098532,0.3293520696860549,1967-01,0.18712998712998713
1968-01,0.19206042705586845,0.15666698598997736,0.10678476469378707,0.11590965174116476,0.302405282144184,0.027457715299562962,0.035434805238418056,0.4109393421352635,-0.03161863570126174,-0.044186133869627886,0.5499816376900644,-0.025361997876694607,-0.03887358748014141,0.7524983201999383,0.0046802293503111665,0.005487222638661244,0.07615077531470368,-0.07615077531470368,23.0,3.0,0.5,0.5,0.7159172767666361,0.34246644638022516,1967-01,0.14749034749034748
1968-02,0.1776740039348097,0.16100758633495355,0.09279216685339968,0.10034583352107115,0.30182551572663124,0.018554146069089558,0.023827756869051756,0.4046112943941635,-0.03563364667871891,-0.048474345808317186,0.5476266337139426,-0.030106287002679213,-0.04498213132218048,0.7507896519169821,-0.004528658959381866,-0.014717283908089152,0.07732817041373855,-0.07732817041373855,22.0,3.0,0.4722222222222222,0.4722222222222222,0.7255968814790402,0.3219240446013339,1967-01,0.13976833976833977
1968-03,0.19300067163921,0.15986496490390106,0.10724052674086107,0.11647298959720381,0.2908070518147509,0.036996165485616114,0.04636727887831571,0.3864026543147944,-0.01428644497863978,-0.019752199680552328,0.52512834266224,-0.011654809085708604,-0.01733448087613549,0.7323014417566682,-0.021274261245890737,-0.03899235555102693,0.0765276820420062,-0.0765276820420062,21.0,3.0,0.4722222222222222,0.4722222222222222,0.7509088667475616,0.31633827512295776,1967-01,0.16705276705276706
1968-04,0.24261310999397828,0.13294653797785705,0.169254371796697,0.18385464255580772,0.25953188065083427,0.09940568559543068,0.11114634980215586,0.3800230728638864,0.03291969837771325,0.041317309822963465,0.5322642472060088,0.01803340403779001,0.028889350564892044,0.7316752710331781,-0.004176066949919236,-0.00803492928563434,0.058758467438170564,-0.058758467438170564,20.0,4.0,0.4722222222222222,0.5,0.7723375855499953,0.3005898716728155,1967-01,0.21184041184041183
1968-05,0.21247456632663178,0.1288639462071184,0.14006181122848288,0.15164783493414719,0.25429075362165954,0.06958049387495505,0.07418261780487236,0.3661807132937279,0.006705962354301701,0.00548861557661489,0.5071881688867971,-0.00877083558953561,-0.013576796378727385,0.7095099329997234,0.00831908205623945,0.016575520974527216,0.06082673139248454,-0.06082673139248454,19.0,4.0,0.4444444444444444,0.4444444444444444,0.8470070128298783,0.3057751191922971,1967-01,0.17503217503217502
1968-06,0.2564483378785414,0.11681095343558953,0.18863729165165138,0.20370698788640176,0.23302225432735232,0.12117435547072493,0.14679051893011186,0.34838804786860716,0.054202252866138424,0.07089863789011781,0.4928436767564156,0.034586035936432225,0.05465138912655274,0.6952184547054119,0.0021985218587856434,0.0015052252598740145,0.05274134999213956,-0.05274134999213956,18.0,5.0,0.4722222222222222,0.4722222222222222,0.861584626624869,0.29848667509862253,1967-01,0.2386100386100386
1968-07,0.23556222258998954,0.11836864076162329,0.16836517078957455,0.18313220686228793,0.2306207453870502,0.10464043389400679,0.12567144951113818,0.3390097135133972,0.043108772645590626,0.0554017997541449,0.48620827898342256,0.024681864970714174,0.039015520762424656,0.6814868679671314,-0.006307235610215349,-0.013533497068136351,0.05243001572770162,-0.05243001572770162,12.0,4.0,0.4722222222222222,0.4722222222222222,0.8268804024640707,0.3059099500652404,1966-08,0.21698841698841698
1968-08,0.21466975298407553,0.1157117824154627,0.1480844724908531,0.16024510233054243,0.22681895761234547,0.08414887085323261,0.10057985566562956,0.33071010947206164,0.024365663448255706,0.029927349774127567,0.4758466754649368,0.008853236312652588,0.014842586376418901,0.6716712584329592,-0.019670696463887107,-0.023198366088749776,0.05442465065353311,-0.05442465065353311,11.0,4.0,0.4722222222222222,0.5555555555555556,0.6913467327316417,0.39459333126188706,1966-08,0.19356499356499357
1968-09,0.21759654426888653,0.11643213307275771,0.15080539729426215,0.16324841557914063,0.22792595154008163,0.08684710829375347,0.10378298368389609,0.33197473723571097,0.027159652996638455,0.03368835197935813,0.47804819855874314,0.011712412999420734,0.019301061405394247,0.6748771642664351,-0.01665407844665397,-0.017069938741041336,0.054348128689745895,-0.054348128689745895,10.0,4.0,0.4722222222222222,0.5555555555555556,0.6923396278078973,0.38943209417168245,1966-08,0.20077220077220076
1968-10,0.2106877701726634,0.11470819213028408,0.1445976786583738,0.1563979906370375,0.22548074334046075,0.08077513982490629,0.09655417616513803,0.3294279880193645,0.02088505886465301,0.025240750230575575,0.47325512656497853,0.005294074899409194,0.00927549223675414,0.6679985871029851,0.01403921500016368,0.02878982367374832,0.05428977953562589,-0.05428977953562589,9.0,4.0,0.4722222222222222,0.5555555555555556,0.688490422316243,0.39973353064260264,1966-08,0.19794079794079794
1968-11,0.20688294597296125,0.11439978677176116,0.14071598273974828,0.1521728463081476,0.22392757063963292,0.07736690620117496,0.09251326479020676,0.32700905359913723,0.017746264541987803,0.02105341847988839,0.470237569434522,0.0017671761288963544,0.003817672000181427,0.6625395564416301,0.01054086883049027,0.021870884826152664,0.05471009966481363,-0.05471009966481363,8.0,4.0,0.4722222222222222,0.5555555555555556,0.6871082485376839,0.4063288663562522,1966-08,0.19588159588159587
1968-12,0.1832114097001305,0.1123354618902985,0.11998877332203202,0.12947447068319357,0.22154652315715226,0.05852455624618782,0.06999594862385386,0.3263840168841576,-0.00047820773555759137,-0.003249312901490854,0.46655740771882226,-0.017045768610410177,-0.02513515420378922,0.6573222072089674,-0.009470123934158841,-0.024554396848472788,0.05399235207608305,-0.05399235207608305,12.0,3.0,0.4444444444444444,0.4722222222222222,0.7679551066236443,0.3496230248998624,1967-01,0.16885456885456884
1969-01,0.1641816586469278,0.11223352480597985,0.101649641624552,0.10762432563341315,0.21937926766238053,0.0419523325740341,0.04989953563255511,0.32462522164228985,-0.01668649033725715,-0.024796308701882878,0.45996423446675166,-0.029544731142689126,-0.04324271405926226,0.6577377390022993,-0.02291438313389794,-0.04277920847128288,0.05655733301351466,-0.05655733301351466,11.0,3.0,0.4166666666666667,0.4722222222222222,0.7425574645069057,0.36195362336710124,1967-01,0.1395109395109395
1969-02,0.16015792717006738,0.11266825148640452,0.09727311207866866,0.10297110204617357,0.22320967679609205,0.03557536671711777,0.042501255451185646,0.3278902741969012,-0.022851207977718727,-0.032927553362239737,0.46751968816181055,-0.035816450475345436,-0.05263589713525687,0.6665990520798774,-0.02810257586344481,-0.05162535152610345,0.05718682512389385,-0.05718682512389385,10.0,3.0,0.4166666666666667,0.4444444444444444,0.7856398839590685,0.34823553461963686,1967-01,0.131016731016731
1969-03,0.16979775341866665,0.1104451350082386,0.10636593894848827,0.11282517069712776,0.219992989257512,0.043449458599872544,0.05205282378690419,0.32393247810469733,-0.01624597635240515,-0.024429563166050595,0.46171611610302515,-0.030668026676705627,-0.04567054439101053,0.6559369306331027,-0.023134974570447702,-0.04372835603793653,0.05697258272153892,-0.05697258272153892,9.0,3.0,0.4444444444444444,0.4722222222222222,0.7660125596873433,0.3725943234227108,1967-01,0.14105534105534107
1969-04,0.1624065583672205,0.11263717678034138,0.09828331285183227,0.10409342605814087,0.223437291091672,0.03520588907216816,0.04233902938585197,0.328811987306463,-0.02478289713176472,-0.03597530875495238,0.46848452360434983,-0.03863738863789897,-0.05806829185037885,0.6530661734007605,0.012402735209613906,0.025671991434567006,0.058313132309079654,-0.058313132309079654,8.0,3.0,0.4444444444444444,0.4444444444444444,0.8002933743132193,0.3560232223079397,1967-01,0.12895752895752896
1969-05,0.15309306422881497,0.1106199251013497,0.08631079456658661,0.09336996546458164,0.21438983005965787,0.023663945281520604,0.02928542198231835,0.31594986240744605,-0.03764878351431433,-0.05375988413907354,0.45298443583870623,-0.05716549587468985,-0.0890520020021787,0.6283546747738884,-0.04179738074401997,-0.08202581022984078,0.059723098764233346,-0.059723098764233346,2.0,3.0,0.4444444444444444,0.4444444444444444,0.8277525078952496,0.39428914391577335,1966-08,0.12638352638352637
1969-06,0.20371787730206053,0.09913733294106891,0.14208698377381396,0.1512316685658464,0.19616573398274473,0.08176715393362403,0.08842432636572026,0.2913158459511575,0.022615003618950042,0.027201394065130422,0.4584365462534708,-0.08127923865222823,-0.1291908058791282,0.6395344494729982,-0.02051597466257579,-0.04142898857355571,0.052486208736214096,-0.052486208736214096,6.0,4.0,0.4722222222222222,0.5,0.802462277582835,0.40634418282882845,1967-01,0.19974259974259975
1969-07,0.21552858987452012,0.0983507058457529,0.1537448202199593,0.1638611386376974,0.19215616305602784,0.09481636911448452,0.10385787625510184,0.2839576661458997,0.03714679905829745,0.04575469267662315,0.4434540747835045,-0.06304861171435454,-0.09767305883883495,0.6304761373064689,-0.04345504645649831,-0.08699193925336436,0.05166745123682265,-0.05166745123682265,5.0,4.0,0.5,0.5,0.8202902635176906,0.4012068943172349,1967-01,0.20617760617760617
1969-08,0.1631531299465229,0.10664713605566745,0.09749088263262694,0.1036238809344576,0.2078063548974464,0.035207525654318034,0.041694952713258834,0.30398786358065516,-0.02401107358573972,-0.03447752122040774,0.43836056352623376,-0.04114062033420399,-0.060589759420647836,0.6199215348682641,-0.07340446633481752,-0.14082669611088516,0.059529249012065244,-0.059529249012065244,33.0,3.0,0.4722222222222222,0.4166666666666667,0.9086576708835692,0.37711931024405887,1969-06,0.148005148005148
1969-09,0.17954057872841842,0.10632361679803723,0.11851857131511286,0.12968398838553205,0.21144096478685648,0.05818887428810992,0.06033944749724064,0.31575429269687266,-0.001679373808855595,-0.005138075146791085,0.444652449005164,-0.020822844965634805,-0.030948367350780978,0.6275135697869928,-0.046607149403862506,-0.08449616474515137,0.0533514181319118,-0.0533514181319118,3.0,3.0,0.4722222222222222,0.4722222222222222,0.7756285156859326,0.36325076374559007,1967-01,0.17142857142857143
1969-10,0.20572580431966805,0.110246887765253,0.14290807631107394,0.15669688907494977,0.2173778573829045,0.08186577165148037,0.08886298716006523,0.3238739178018285,0.021185232790126334,0.025139322512767476,0.45460169954643803,0.0005529904449802915,0.001034472078816395,0.6391329284906848,-0.025868081634583817,-0.0507216125924011,0.05185755726269248,-0.05185755726269248,2.0,4.0,0.5,0.5,0.7539750551976768,0.3539526579094335,1967-01,0.2072072072072072
1969-11,0.2438784783975786,0.11534687941082086,0.17864826649623622,0.19075125230194764,0.23036715900755897,0.11360275118303194,0.1286582344202179,0.34239506746785103,0.05024946199952325,0.06482005707131222,0.4769526113323376,-0.025844639063615053,-0.04163263935611926,0.6568104869244524,-0.009523292880655733,-0.022253140750329102,0.053127226095631,-0.053127226095631,1.0,5.0,0.5277777777777778,0.5277777777777778,0.7454925670586366,0.3310948253058146,1967-01,0.23963963963963963
1969-12,0.3579110607266205,0.1855832703825756,0.2350621424627101,0.26535456828214904,0.293749228663995,0.16346047847404027,0.21188958914782366,0.397786810047128,0.09459163967534952,0.13397130113859163,0.535089865803106,0.0037023486353799486,0.003430030487350348,0.7012265792416773,-0.024146082128743678,-0.03860647851871163,0.09255649244447145,-0.09255649244447145,35.0,6.0,0.5277777777777778,0.5833333333333334,0.8498935232212966,0.354725124147701,1969-12,0.3245817245817246
1970-01,0.31279734769597534,0.19563146179986762,0.1862010907940096,0.21035989599683635,0.32502197859962284,0.10247041192080693,0.1358071083553099,0.40328607389912285,0.05182446047935971,0.07197782592888964,0.5204434363820691,-0.023989948012975302,-0.04382622209130048,0.700908104755177,-0.04647524092077191,-0.08819579411252204,0.10243745169913898,-0.10243745169913898,34.0,5.0,0.5277777777777778,0.5833333333333334,0.7999278232615461,0.3900384746088886,1969-12,0.2648648648648649
1970-02,0.14436860337986782,0.16911885231552423,0.2553532173177154,0.3146714525524471,0.3322645224844975,0.1482885171295104,0.21224302959145397,0.4322116122312256,0.08269802252837255,0.13537566721185523,0.5532539261617643,0.0032637412652693092,0.007025984042570469,0.7196462316909865,-0.028323208326533664,-0.07027936946332329,0.17030284917257923,0.17030284917257923,35.0,2.0,0.5277777777777778,0.5555555555555556,0.7005431773172562,0.5598726517531095,1970-02,0.18996138996138995
1970-03,0.14651831258873965,0.1667082688951971,0.2554144283917879,0.31231194008767926,0.32960053662672534,0.14901097661420976,0.21099648355655923,0.4277424329620519,0.08490335088401192,0.13753042735930662,0.5494094065875843,0.005428823692672959,0.010644783436642588,0.7212088102462804,-0.028163195475929267,-0.07027936946332329,0.16579362749893956,0.16579362749893956,34.0,2.0,0.5277777777777778,0.5555555555555556,0.6997654619788508,0.5541980186856956,1970-02,0.17683397683397684
1970-04,0.17416115967612086,0.15512081777908795,0.27718747700806756,0.33678066431776005,0.3048651242772835,0.17773206759998744,0.2470327845194797,0.4039656837384937,0.11191262548381446,0.1779416136193344,0.514654179526377,0.03839684433135275,0.07512638981740176,0.7064881166268624,-0.04831359130127978,-0.11366261947462801,0.1626195046416393,0.1626195046416393,33.0,3.0,0.5555555555555556,0.5555555555555556,0.7335382066675649,0.5359452215429418,1970-02,0.20617760617760617
1970-05,0.33206259183689846,0.243915965890108,0.16282711755653434,0.19974193787116434,0.35175043569556114,0.2376455804427212,0.36820067492769465,0.4582270086143962,0.16376926303189113,0.27985311392278517,0.5849851314468889,0.0758210594029808,0.16298137341014068,0.7535834131113267,-0.04115697463514556,-0.11366261947462801,0.15018864729924614,0.15018864729924614,32.0,4.0,0.5833333333333334,0.6111111111111112,0.8160485109630287,0.4522054662067987,1970-02,0.312998712998713
1970-06,0.3268530945292497,0.24922026361134342,0.15455730842781695,0.18971710436345737,0.3582733521362522,0.07916461225648891,0.09187660778044263,0.4654668604513114,0.15327170737181953,0.26063257846491056,0.5907810089574476,0.06663709984180143,0.1409289568859858,0.7578187720315799,-0.04884268611318221,-0.14056232526590953,0.14564485317904757,0.14564485317904757,31.0,4.0,0.5555555555555556,0.5833333333333334,0.8484937407214036,0.42523401644171593,1970-02,0.28468468468468466
1970-07,0.3302423248751378,0.2535505963261228,0.16123876598202935,0.19799278170931808,0.36398088375828513,0.08763171533396305,0.10383338626106002,0.4654809584485857,0.15528635349743794,0.25264481504855246,0.5860675224149849,0.07490966040222519,0.15013990306730043,0.7493452419086362,0.003876439723826002,-0.010155799046596229,0.13224954316581972,-0.13224954316581972,33.0,4.0,0.5833333333333334,0.5833333333333334,0.8306583280267293,0.39235623452876617,1970-05,0.28545688545688547
1970-08,0.3347047269307192,0.25786261540756134,0.1654719295391374,0.20296341703047868,0.3706864952062571,0.0914266835436026,0.10901054304243653,0.4738996182191654,0.1591644806934089,0.2584973262309814,0.595031729361301,0.07966662098958426,0.15841204309298626,0.7595136069833406,0.009185757523575942,0.0028478232290447586,0.13174130990024047,-0.13174130990024047,32.0,4.0,0.6111111111111112,0.6388888888888888,0.7540181446094409,0.4329039910339976,1970-05,0.2839124839124839
1970-09,0.36152604435153063,0.24672479711952747,0.19778867547870538,0.240631796372899,0.35628859889629416,0.12507734351663854,0.15445832565309597,0.4560700236023087,0.19129666210353238,0.30426350335218116,0.5880151776366142,0.10373208566320621,0.21377151521410145,0.765551736575001,0.020577714545399164,0.03830647785464929,0.1264173677229608,0.1264173677229608,28.0,5.0,0.6111111111111112,0.6388888888888888,0.7800204935263674,0.40669690760022126,1970-02,0.31866151866151865
1970-10,0.3711601932915007,0.2485888253621588,0.20438080697930444,0.24917623151329787,0.3598016262872366,0.12976762731878227,0.1614135387592086,0.4588324768024245,0.19620788041879977,0.3126421888624936,0.5819729569751125,0.11359236589005879,0.23193062465141384,0.761585393399382,0.028047485566063558,0.0550842460742651,0.12677956983597904,0.12677956983597904,27.0,6.0,0.6388888888888888,0.5833333333333334,0.868387327300846,0.3497018072076829,1970-02,0.32664092664092664
1970-11,0.3325259015144792,0.26772604469723105,0.16417068323788797,0.2001356810947446,0.388635238197425,0.08813888107836394,0.10388437545955878,0.48830315686070375,0.15081344910817868,0.23255005580591748,0.6054478974292827,0.07714886264375345,0.13298439085008856,0.7780285966996916,0.004420972984798409,-0.0181606883262168,0.13239022041973464,-0.13239022041973464,29.0,4.0,0.6388888888888888,0.5555555555555556,0.841189844163553,0.3240868956415181,1970-05,0.27464607464607466
1970-12,0.39772059396847625,0.23576902817158538,0.23931432521126145,0.2900797378898147,0.3840408257657915,0.13969486967476097,0.1957563066246926,0.49179416576359886,0.06729857289417594,0.09946627151848467,0.631836704570568,0.08864477421909273,0.16950679412578126,0.8023549783710926,0.00676424771699534,0.00442817159807991,0.10764085607866158,-0.10764085607866158,28.0,5.0,0.6388888888888888,0.5555555555555556,0.9358922588648039,0.299851524274963,1970-05,0.31583011583011583
1971-01,0.41316707248223516,0.23138940953479847,0.25550672366065613,0.3095339243094961,0.3733890345144851,0.15875333096286315,0.22101593518174065,0.48038680900967046,0.08584892931389046,0.12765774411982825,0.6205651097471251,0.10816624283852556,0.20673057612368356,0.7916274223522057,-0.008389410809430434,-0.027943434473782537,0.10600124492197316,0.10600124492197316,24.0,6.0,0.6666666666666666,0.5555555555555556,0.9577144433173792,0.29334008309183474,1970-02,0.3613899613899614
1971-02,0.4271015830133309,0.2332311556270394,0.2639973831280174,0.32353212317900887,0.36599497374790135,0.1711524273582574,0.2399790343995924,0.4763304321220363,0.09399216714898101,0.14179299465902176,0.621718980423701,0.11738973693739883,0.23004415528783528,0.7869145748961618,0.0018644539254849641,0.0006393053180249607,0.11133433030478546,0.11133433030478546,23.0,6.0,0.6944444444444444,0.5555555555555556,0.9856225922558247,0.29774352747811966,1970-02,0.3861003861003861
1971-03,0.4295459701989796,0.23595877061372225,0.26389022472302065,0.32483162476944477,0.35720784542774714,0.17876685412592225,0.24920729414930412,0.4701157232181906,0.09949945238096392,0.14943544681966228,0.6157863996068298,0.11860886126648522,0.22723788240422266,0.786144696498934,-0.000991824040844794,-0.004694459710562052,0.10490342694726901,0.10490342694726901,22.0,6.0,0.6944444444444444,0.5833333333333334,0.9429997870380097,0.3179257713889276,1970-02,0.3801801801801802
1971-04,0.41378129240353023,0.23425269632549564,0.2452541139050654,0.3052584659514397,0.3613869820544127,0.15379056705845387,0.2197426461754002,0.4723277166419166,0.0739770610717389,0.11248133103422829,0.6161401920200441,0.09476031235013299,0.18889738549427076,0.7857354440942033,-0.027250702964200357,-0.08168514926051962,0.10852282645209049,-0.10852282645209049,24.0,5.0,0.6666666666666666,0.5277777777777778,1.0437423721202033,0.3146329315388411,1970-05,0.3353925353925354
1971-05,0.43413954395165366,0.22559330592642116,0.27805995572242487,0.3439155608726675,0.35592769110949074,0.18788645927072578,0.2655902504436323,0.4617285934554103,0.11468676389581992,0.1754753642288354,0.6000923054579401,0.135937430331716,0.2643114363827463,0.782117781421759,0.010000797509248725,-0.007426459073283338,0.10078230160110324,0.10078230160110324,20.0,6.0,0.6944444444444444,0.5833333333333334,0.9383351829357958,0.3006769868895888,1970-02,0.3835263835263835
1971-06,0.4309972733800351,0.22273817987839056,0.27834520551351094,0.34274554416034575,0.3597498387570793,0.18444521467640454,0.26083692742428954,0.46291918673266497,0.11373881706862703,0.1737364182168139,0.5985414732656431,0.13591529218546924,0.2630980576014721,0.7837930917523356,0.008954379363726365,0.02122155194104237,0.10016972933110985,0.10016972933110985,19.0,7.0,0.6944444444444444,0.5555555555555556,0.9767977999172046,0.27819071437767884,1970-02,0.3801801801801802
1971-07,0.43899640881251084,0.21758409710640358,0.28980216335855885,0.35626837575567566,0.3589008340954821,0.19290333561569406,0.27307096737751574,0.459532346879901,0.1239017733764322,0.1898761931081199,0.5943395843389878,0.14907672632669408,0.29101702455041173,0.7842893230121837,0.018830957851876714,0.055936996426177145,0.10419630307348943,0.10419630307348943,18.0,7.0,0.6944444444444444,0.5833333333333334,0.9372348667049936,0.2878038594911322,1970-02,0.41776061776061774
1971-08,0.43497920767990866,0.21758932892684074,0.2852535837264613,0.351038190798112,0.3572014689252693,0.18918492596719655,0.2679492883412516,0.45795326272221165,0.11985650225691309,0.18364272089020586,0.5925186067638414,0.1445286203812241,0.28209589547683267,0.7806215036585744,0.015092936453524379,0.04365281841823555,0.10308948733850448,0.10308948733850448,17.0,7.0,0.6944444444444444,0.5833333333333334,0.935908557092782,0.29532049534344135,1970-02,0.3987129987129987
1971-09,0.4522626525823837,0.21399034136075565,0.30332704305177316,0.3739820263005273,0.3441886290970294,0.2127100496840531,0.2999301014094609,0.44299845635168095,0.14393918013823384,0.22032640669004774,0.5717525289082682,0.1641027984133602,0.3130242550549363,0.7625787520939562,0.03128923456810457,0.0997847587456062,0.09555262857890229,0.09555262857890229,16.0,8.0,0.6944444444444444,0.6388888888888888,0.8736721742411919,0.32809747439722986,1970-02,0.41544401544401544
1971-10,0.4464522179567293,0.21349233517488242,0.2966369482370783,0.36459188648595814,0.3418526189226772,0.20656190870362495,0.29060985229356406,0.43915552181723977,0.13828095318495137,0.21058290856694592,0.5630355945301675,0.1549206211463321,0.289817826153283,0.7500501801522237,0.023685743025173928,0.07099962246645691,0.0896088614783106,0.0896088614783106,15.0,8.0,0.6944444444444444,0.6666666666666666,0.8372206179562047,0.3722889335386155,1970-02,0.3933075933075933
1971-11,0.43000415650147045,0.2099689119264854,0.2829719357295517,0.3432566784894376,0.337397479986794,0.1937391765568382,0.2684291572843065,0.43135826790680776,0.12794246795553857,0.19044712920554524,0.5483964990497409,0.14127785386373418,0.25275646413027253,0.7314210352160424,0.01311362344802584,0.03516788519264992,0.08674747801203286,-0.08674747801203286,17.0,7.0,0.6944444444444444,0.6666666666666666,0.8241488308380034,0.39411887188005146,1970-05,0.3812097812097812
1971-12,0.40207624014796584,0.2108666337831898,0.2558837771272809,0.306603150251755,0.33101023398672286,0.17258900206113123,0.23334823205475652,0.4270434995375328,0.10600976488685424,0.15261439852941708,0.5468543261051416,0.1188438282628516,0.20465198482885671,0.732445816825681,0.0414981542322249,0.11343993949758925,0.09547308989621078,-0.09547308989621078,16.0,7.0,0.6944444444444444,0.6666666666666666,0.7987070899221321,0.42469181274603035,1970-05,0.3613899613899614
1972-01,0.396085644307262,0.21301273677897217,0.24686898702559149,0.29780511967065165,0.32812321827303265,0.1662334272635008,0.22562377670285702,0.42746175785784823,0.0966462042634517,0.13943169106335104,0.5531679178249799,0.11130832311833387,0.19497127830794658,0.7311076796621597,0.03619795798987313,0.08877505445740652,0.09828052463661024,-0.09828052463661024,15.0,6.0,0.7222222222222222,0.6111111111111112,0.8722886477385543,0.38052519282100183,1970-05,0.3498069498069498
1972-02,0.386266990372806,0.21280088692663177,0.23625279302712657,0.2851516714945337,0.32581787841620335,0.15658135222821243,0.21248838789542523,0.425684528177553,0.0861802579380549,0.12365506440291021,0.5524085380682126,0.10118169112789858,0.1771316326221564,0.7288749459858548,0.02596714005525251,0.05879883249759717,0.10111531887827246,-0.10111531887827246,14.0,6.0,0.6944444444444444,0.5833333333333334,0.9093483225924163,0.371798007426169,1970-05,0.3284427284427284
1972-03,0.379694041736428,0.21746433429230738,0.22637977539790688,0.2744423167046127,0.3279874534832498,0.14846000530159423,0.20211088367595625,0.431272659934361,0.07564302727985636,0.10817795561077719,0.5625327858347208,0.09082204388100108,0.15999295306204334,0.740156796199007,0.015227175460918016,0.025505910230928543,0.1052517250318154,-0.1052517250318154,13.0,5.0,0.6944444444444444,0.5277777777777778,0.9990683940558739,0.33488282507568345,1970-05,0.305019305019305
1972-04,0.3723661767096771,0.21596328845739235,0.2213561127591653,0.2679297562259007,0.3298821468010129,0.14169954609675586,0.1931085378833287,0.43217978490815445,0.07016899577549839,0.1000215025416683,0.5634352658759789,0.08692880436066938,0.153736092534759,0.7409745326944334,0.010217612626290621,0.014075990821102415,0.1044364204837765,-0.1044364204837765,12.0,5.0,0.6666666666666666,0.5277777777777778,0.9870052375523919,0.3364872546268676,1970-05,0.30347490347490347
1972-05,0.3881977914017355,0.22015216176374336,0.23510032077170767,0.284970443177287,0.3366045106343729,0.15411742276977156,0.21066359415487226,0.43970709864743257,0.0824181702448352,0.11903113148303168,0.5699622157381707,0.09701192564368617,0.17165624173422692,0.7527317298003099,0.020910509914163454,0.04488623290055518,0.10322734822444868,-0.10322734822444868,11.0,5.0,0.6666666666666666,0.5277777777777778,0.9980658985888206,0.3162546690662851,1970-05,0.3279279279279279
1972-06,0.36483348431550167,0.23761220537815572,0.20028234225257532,0.2467426209486327,0.35505894642862856,0.11894815598606137,0.16644999990182818,0.4679693998672747,0.04075543842509656,0.05660700991848815,0.5926441586211094,0.06735957436432913,0.11668620405164314,0.7750399832670645,-0.004110879352922327,-0.03193011584188241,0.11809086336686891,-0.11809086336686891,10.0,5.0,0.6666666666666666,0.5,1.0279822988549285,0.3185838571303419,1970-05,0.26872586872586873
1972-07,0.3530902137906199,0.24735881767854684,0.18077207700132655,0.22559483215480985,0.3660209720903697,0.09810818999075188,0.12106306662978764,0.48330827354401784,0.01640206992915978,0.01782984100981461,0.6145078890600552,0.043588175713763985,0.07383755828371369,0.7968595886497282,-0.026350063792294216,-0.09264964467275574,0.12749538163580998,-0.12749538163580998,9.0,4.0,0.6388888888888888,0.5277777777777778,0.9668496640368626,0.35364624317815835,1970-05,0.21981981981981982
1972-08,0.33838591795310247,0.24201612582455465,0.16782760611853562,0.20885264404314888,0.35929379685049107,0.08517740453414199,0.10228407342010577,0.4728377480702341,0.005158502599050558,-0.0005475778392527052,0.6049473874911941,0.03351009108951446,0.05425498412067359,0.7808414080958187,-0.036420817348503116,-0.12375371936715562,0.1295332739099536,-0.1295332739099536,8.0,3.0,0.6388888888888888,0.5277777777777778,0.9607733668558237,0.3771286377589451,1970-05,0.20437580437580438
1972-09,0.3617390091110202,0.23691171059863048,0.18856005480330593,0.23494951043577544,0.3511975207290992,0.10501881895390776,0.13075692436729738,0.462228227453509,0.023857015520916392,0.02976832735291704,0.5895181623067406,0.05160180927885553,0.08948208729512723,0.7625905111158222,-0.018564315977725496,-0.09388600451480847,0.12678949867524475,-0.12678949867524475,7.0,4.0,0.6666666666666666,0.5277777777777778,1.0064565089882347,0.3801063736406326,1970-05,0.23732303732303733
1972-10,0.36054063527973557,0.23703026084575968,0.18765342207840652,0.23359801668539823,0.3511093244618445,0.10444543284180828,0.12977673896105693,0.4628210237001574,0.022964172624723035,0.028337482385653368,0.5895435896694435,0.05053314927527295,0.08721957966961555,0.7632519668964777,-0.019533687532714897,-0.0692059447963183,0.12694261859433734,-0.12694261859433734,6.0,4.0,0.6666666666666666,0.5,1.0596535999111676,0.35860236464501527,1970-05,0.2332046332046332
1972-11,0.3738403365829255,0.23260701753141808,0.20166956217081883,0.2503925898710152,0.3457407372379147,0.11793038550836574,0.14870083884667157,0.44935857830321035,0.041234660123756886,0.05694999900356206,0.5746362290237772,0.06735612107574741,0.11723890759547763,0.7456895221407062,-0.0028159943523707147,-0.04321333204931298,0.12344774671191028,-0.12344774671191028,5.0,4.0,0.6666666666666666,0.5277777777777778,1.0260702229459966,0.37711308562185525,1970-05,0.26435006435006436
1972-12,0.30872198954720254,0.26747784191901813,0.11375524319987881,0.14260463599068776,0.37562285392518835,0.034927475735989685,0.05032905846609474,0.4669999302758198,0.10153296028378053,0.17322184710546917,0.5767957828230936,0.02150188189616011,0.026382565977294478,0.7398742270706532,-0.03370470438155507,-0.1102902424578077,0.16611735355651489,-0.16611735355651489,4.0,3.0,0.6388888888888888,0.5,1.0088069617238977,0.408514204271004,1970-05,0.1981981981981982
1973-01,0.3022963412879208,0.27091666858061614,0.10562512282690087,0.13233826622654715,0.37905200933150124,0.027124566417446313,0.03903049023676533,0.4720518566217171,0.09463755252894097,0.162852872287458,0.5846546486693293,0.012893862005421702,0.008317332580751291,0.7477144688754254,-0.04182546194448759,-0.13812142744612071,0.16995807506137375,-0.16995807506137375,3.0,3.0,0.6111111111111112,0.5,0.9996812977503962,0.41188285635721666,1970-05,0.1770913770913771
1973-02,0.41938745403111616,0.27683700728570204,0.2210283395915193,0.2851238846618897,0.39748318437674796,0.13458300093199163,0.19923292750665728,0.45606242412266074,0.09260983327470557,0.147351331663404,0.5526815063123985,0.08227453937593683,0.15107806189749742,0.7268456478481484,-0.042517464485420674,-0.13616865052459542,0.13426356936922657,-0.13426356936922657,2.0,6.0,0.6388888888888888,0.5277777777777778,1.0462300905625206,0.305871225270519,1970-05,0.31583011583011583
1973-03,0.42030513670920655,0.2724925580341726,0.2263127011037233,0.2899045776538423,0.39754883968820703,0.1372828470745022,0.20226190838850303,0.453299172952578,0.09759316522118563,0.15502743114902898,0.5466814129322075,0.08815620495025525,0.16220110107840915,0.7239643370985481,-0.03805475104208276,-0.11675154224057838,0.1304005590553644,-0.1304005590553644,1.0,6.0,0.6111111111111112,0.5,1.1007727747259073,0.28351278668022784,1970-05,0.322007722007722
1973-04,0.3917486702421132,0.2919771935045451,0.18701457237428756,0.24067738912874778,0.4196288190916047,0.09750538813890561,0.14531347644900022,0.47991081411948816,0.055235717273279104,0.08564046657082684,0.5661396965240951,0.05730588729214315,0.10211836132875518,0.7377893386750931,-0.06305465941121646,-0.1977867545092334,0.15107128111336535,-0.15107128111336535,0.0,5.0,0.5833333333333334,0.5,1.0625879519988255,0.3008544265280497,1970-05,0.2537966537966538
1973-05,0.2663080991295783,0.16106039436909125,0.15842596599872497,0.1748034117162111,0.2521324237652683,0.0974237261973001,0.12610978747465312,0.3134338760138834,0.056362536334294916,0.07619277341791789,0.4328933572489848,0.05747104145332556,0.09849862282342609,0.6408196135094281,-0.032973727174073125,-0.07068778705893468,0.09150468741336709,-0.09150468741336709,6.0,5.0,0.5833333333333334,0.5277777777777778,0.8622270222368923,0.41538411488033594,1970-12,0.24324324324324326
1973-06,0.27598408769152943,0.1623947704464039,0.1678617404957745,0.18544164350295791,0.2503945676778561,0.10927152479326013,0.1409905146653007,0.3096163511721516,0.14870135506993967,0.21348242916041238,0.4255298904460358,0.07152618555180568,0.12047470322979435,0.6349357102971669,-0.019564527409608803,-0.039358973994086915,0.09054244418857144,-0.09054244418857144,5.0,5.0,0.5833333333333334,0.5277777777777778,0.8674321964083155,0.4012805095620275,1970-12,0.24813384813384814
1973-07,0.2932087139711906,0.17104160471782845,0.17879747605150523,0.19893988407891233,0.2587858840658479,0.1201045537234023,0.1557508099503205,0.31435414038617876,0.08293445697918744,0.11548806707042958,0.4235738437256807,0.0816953226795684,0.13625507900144296,0.6469792908182757,-0.013581523010300092,-0.030428500607381122,0.09426882989227828,-0.09426882989227828,4.0,6.0,0.5555555555555556,0.5277777777777778,0.8861608862130322,0.3867501087679966,1970-12,0.2471042471042471
1973-08,0.3225393405193022,0.1708306925604086,0.20681097458864167,0.23101199263853353,0.24981089075995447,0.15330624928712128,0.19716172316674124,0.301131123217234,0.11853962420092719,0.15890778275352446,0.40250886468646213,0.11883627061682762,0.1919014203949266,0.6283272178781337,-0.03414320057968264,-0.06554810663006162,0.09152734788076872,-0.09152734788076872,3.0,7.0,0.5555555555555556,0.5555555555555556,0.8749861310226785,0.38817785639237473,1970-12,0.29575289575289576
1973-09,0.3114756111588865,0.17747803022012257,0.19162899117498441,0.21491403065464118,0.2549561555675042,0.139309887598862,0.17970909602775584,0.31021671308530147,0.1766260051415229,0.25616853770389897,0.4151019245924365,0.10579955935645136,0.17756065922128167,0.6413431365035188,-0.04697565746884064,-0.11011929029315462,0.0965615805042454,-0.0965615805042454,2.0,6.0,0.5555555555555556,0.5,0.9593416560078256,0.35369463430999076,1970-12,0.27876447876447874
1973-10,0.3364777249151353,0.1641656151912981,0.2234064676149091,0.2494831106357591,0.24002247660966297,0.17115904244351313,0.21823484000066437,0.29616573498957466,0.13248962432845482,0.17570878101624893,0.4017583625359776,0.13456343781039018,0.21569246891126287,0.6273293497941567,-0.020801588599157077,-0.03686336303271981,0.08699461427937619,-0.08699461427937619,1.0,7.0,0.5555555555555556,0.5277777777777778,0.9443009801018122,0.3626469558767469,1970-12,0.3075933075933076
1973-11,0.323280745990084,0.17216401387255265,0.20714699672103878,0.2314854136986846,0.23894500538636518,0.16209967963104285,0.20925175488898842,0.3003291178238514,0.12069284342545171,0.1625480542426608,0.4040792154215275,0.11939148545810134,0.18204839151285293,0.6241048836764238,-0.029027485586473896,-0.0935408698998846,0.09179533229139944,-0.09179533229139944,0.0,6.0,0.5277777777777778,0.5277777777777778,0.9190573827459586,0.36160377426589835,1970-12,0.29034749034749036
1973-12,0.21275156359652178,0.08506120481363028,0.1623459144949443,0.16999156706671198,0.15869351322928796,0.11871281161719105,0.129864627650927,0.23168987837880192,0.07545655660083338,0.07579890442342936,0.3610220902626889,-0.0011832476910693098,-0.024230919481813953,0.5904580868777246,-0.016075694700234677,-0.06159433111800611,0.054381038894009276,0.054381038894009276,11.0,5.0,0.5,0.5,0.7829621607957931,0.36927856491366745,1971-12,0.21492921492921493
1974-01,0.17585708540422004,0.0909068988627379,0.12229233249217032,0.12802010574898387,0.1698843602034474,0.07575672017606175,0.07843957384212602,0.24864915755143394,0.02934641511788413,0.01857521923770217,0.379900085320321,-0.04799010832939672,-0.10560127894551781,0.6096963624804559,-0.011407839566911524,-0.0578778780883922,0.049501038992222135,0.049501038992222135,10.0,4.0,0.4722222222222222,0.5,0.7438312536339269,0.401886920903499,1971-12,0.164993564993565
1974-02,0.14647995201484254,0.09830489042339904,0.08894280161121304,0.09290408180066971,0.18551307267783235,0.03790047526112824,0.036547525981450044,0.2704163462774897,-0.011792804511870918,-0.03423012437802658,0.4067048740628808,-0.026266155939304727,-0.10768584105579765,0.6386153031965879,-0.05310268366840733,-0.18976309585111464,0.0535758702141728,-0.0535758702141728,31.0,3.0,0.4444444444444444,0.4722222222222222,0.7532955411069912,0.4041697830683873,1973-10,0.0924066924066924
1974-03,0.05827684050765757,0.10393919615779842,-0.004150039189844889,-0.0063667447852280646,0.1960694510063,-0.05948435529515691,-0.07649026602338137,0.279027719450484,-0.10930988825594484,-0.1661987300550637,0.39878830360788325,-0.03738053093874714,-0.07609761277315023,0.6416530695141328,-0.012495280998485521,-0.09048652944740108,0.06464358529288566,-0.06464358529288566,30.0,1.0,0.4166666666666667,0.4722222222222222,0.678265460087999,0.49951702124884045,1973-10,-0.013899613899613899
1974-04,0.12283754797428093,0.10480244009108375,0.05814932948692809,0.06050329170652582,0.197060476975873,0.0012040136905524332,-0.007022768724759985,0.28406483759385176,-0.05249852495374649,-0.09244881945482317,0.4261854207963287,-0.06343395303433538,-0.11051161139333612,0.6651802307767903,-0.029694989056306527,-0.11361789107623335,0.062334256267755135,-0.062334256267755135,29.0,2.0,0.4444444444444444,0.4722222222222222,0.7618441453737067,0.45537033117121994,1973-10,0.0682110682110682
1974-05,0.11020357905575007,0.10587445258000877,0.040675995494416306,0.041888118683950135,0.19725904320844886,-0.01933611891378477,-0.03163554789299523,0.2869118743912366,-0.07821098966563983,-0.1336391089488113,0.4449039959350962,-0.08953678227330357,-0.1592835010029278,0.681055743320991,-0.04985332086234054,-0.1638581094603876,0.06831546037179995,-0.06831546037179995,28.0,2.0,0.4166666666666667,0.5,0.7455991458557705,0.5313144088029232,1973-10,0.050965250965250966
1974-06,0.10462458363027582,0.10408862081641328,0.036726201853166024,0.03758571773504314,0.19562233890696482,-0.022982451097018863,-0.02640665291259255,0.2850992342510258,-0.08134941141073991,-0.103516776929249,0.44485871677033806,-0.09157632979817784,-0.1605259011740924,0.6825110561659785,-0.052104496448580444,-0.16404385230717602,0.06703886589523264,-0.06703886589523264,27.0,2.0,0.4166666666666667,0.4722222222222222,0.7792006640576169,0.5044500453642018,1973-10,0.0380952380952381
1974-07,0.18930306309675538,0.15070086578005334,0.0889928455536675,0.10180733198037915,0.24491315490533486,0.026282819513192456,0.03474119956814303,0.32800043869581696,-0.029022128264955503,-0.03875096402038754,0.4800210939396452,-0.13021083026489816,-0.22319422108342482,0.7165818276965534,-0.037800519945120264,-0.11791414155426141,0.0874957311163762,-0.0874957311163762,35.0,3.0,0.4166666666666667,0.5,0.8311797630228435,0.4630904736680413,1974-07,0.10836550836550836
1974-08,0.22118017472260326,0.1404237037789254,0.12670128844764733,0.14553337799040128,0.23695177053635932,0.06175595517346795,0.0799150732838472,0.3220587720226074,0.004494862507227561,0.010843047773623158,0.4718752584970849,-0.09630360959417501,-0.16514729042623555,0.705958765000748,-0.007024327345461983,-0.029372442836729403,0.07564679673220193,-0.07564679673220193,34.0,4.0,0.4444444444444444,0.5277777777777778,0.8234147193884265,0.4649160913581758,1974-07,0.1498069498069498
1974-09,0.14177081817421555,0.13560751671286292,0.05174410858958441,0.0561385115025554,0.2493961908037982,-0.023797573499437924,-0.028617357851245993,0.3471939453180971,-0.08872325208354184,-0.12259382368950313,0.47594478221174535,-0.08785936518853918,-0.15868217785450547,0.7061720837252248,-0.017546455886760067,-0.029372442836729382,0.08563230667166016,-0.08563230667166016,33.0,2.0,0.4166666666666667,0.5,0.7832686992938587,0.5076032195106617,1974-07,0.07052767052767053
1974-10,0.18364175281722778,0.13372699405812744,0.09253651519931236,0.10282734585461951,0.24356483887582178,0.01770642556755048,0.02403564336683475,0.33854884759260395,-0.047004074694521766,-0.06504086589830785,0.4629807382937408,-0.0473159955085857,-0.07424010673250465,0.6919281279893598,0.026566789081025607,0.10493561430505179,0.08081440696260829,-0.08081440696260829,32.0,3.0,0.4444444444444444,0.5277777777777778,0.7966364667675236,0.5122724423517632,1974-07,0.13873873873873874
1974-11,0.2555000771596943,0.13552929043289058,0.16370842830224336,0.1849699782231305,0.2370031639259166,0.09498192546196295,0.12158580512292375,0.3252042254999186,0.035244869014640044,0.04883907589595448,0.4607150989766606,-0.05653430635633119,-0.08875156223358911,0.6973788755321007,0.03156848193639907,0.10493561430505179,0.07053009893656381,-0.07053009893656381,31.0,4.0,0.4722222222222222,0.5277777777777778,0.8591420662809275,0.43418803286754837,1974-07,0.2247104247104247
1974-12,0.21073568623655836,0.1287782130442764,0.11879060233526532,0.13311856840997036,0.227846349992682,0.048057922106707174,0.06140415900657252,0.31960677163203743,0.1135730388877405,0.16465186062516915,0.47217898555902166,0.004639511399675327,0.008899140591084598,0.7183574382498431,-0.030845883363697625,-0.08448800252459115,0.08826232215680052,0.08826232215680052,35.0,3.0,0.4722222222222222,0.5833333333333334,0.7705965045406739,0.5871185051383072,1974-12,0.1940797940797941
1975-01,0.1911920664362878,0.12914217527040003,0.10316807650511921,0.11421978960708064,0.22569999748414668,0.0373537540150248,0.04734463604319601,0.319331292079681,0.10117333979684064,0.14506538559974555,0.468325660313941,-0.0003820098926993611,0.0016707961239475929,0.7108961809361685,-0.03322476206724931,-0.08087361386105636,0.08456670450466655,0.08456670450466655,34.0,3.0,0.4722222222222222,0.5555555555555556,0.7636976875915289,0.5363894641600316,1974-12,0.18095238095238095
1975-02,0.2460010000168371,0.12693091668517975,0.16119549594318405,0.17790548710484516,0.21677576352493227,0.10116805957349939,0.12760036814718254,0.30538285746639654,0.16036852438102076,0.2209695915890909,0.45981666647757113,0.05718769687868467,0.08647473743886766,0.7093727493305938,0.008564159332020437,0.0032748826834374544,0.08184503878704502,0.08184503878704502,33.0,4.0,0.5,0.5555555555555556,0.799858770414187,0.4616962754809026,1974-12,0.24427284427284426
1975-03,0.17934649437254838,0.1139540351412159,0.10146469375317604,0.11066271579535178,0.2020762309858897,0.04123764450115835,0.05153922280959186,0.28810888629366704,0.10003659882631369,0.1373195456299383,0.43945039123216345,0.09602877698433301,0.1513242842517648,0.705711699711911,-0.019323447848261312,-0.09133163423267712,0.07671243833741867,0.07671243833741867,32.0,3.0,0.4722222222222222,0.5277777777777778,0.7946802970739887,0.5189293141980348,1974-12,0.164993564993565
1975-04,0.14828241995204333,0.10572592352719831,0.07872481913426989,0.08521858938489633,0.19604718321524855,0.019302021799956215,0.024011603037067612,0.28214929655555726,0.0759490221711677,0.10395202030221273,0.42843327199787057,0.06938251736626724,0.10582209481521261,0.6875394710526872,-0.041776962035969714,-0.13792977588860827,0.0715410205636233,0.0715410205636233,31.0,3.0,0.4722222222222222,0.5,0.7837932063254794,0.49546627864095083,1974-12,0.14182754182754181
1975-05,0.19159084836571186,0.1034046078685432,0.1227075728918705,0.13380578995393813,0.18663150890258046,0.17814941120965538,0.21316941873791537,0.2685689473114824,0.12356655211002425,0.1650860161844081,0.4086741374753258,0.030235078703732578,0.04062018643929889,0.6729292405100069,-0.007239965750528705,-0.04780414027593687,0.07250605151479503,0.07250605151479503,30.0,4.0,0.5,0.5555555555555556,0.7505257465549663,0.519052202393713,1974-12,0.18712998712998713
1975-06,0.20741195604480273,0.10408015047574115,0.13819824609530254,0.15100469588700524,0.184639252421264,0.19177036614281567,0.2285560102245337,0.261432446288921,0.14070258979779018,0.18643811540458766,0.3936594995672694,0.052771078637861256,0.07483826055497277,0.6502800591668768,0.01814997663824336,0.011299954103602456,0.0706987962386123,0.0706987962386123,29.0,4.0,0.5,0.5555555555555556,0.7633639074195083,0.5004912304263794,1974-12,0.21698841698841698
1975-07,0.2051461454049312,0.10178685096488796,0.13773602377550417,0.15047842345211707,0.18384471305766723,0.192080277595019,0.22920817168836277,0.2625955349506917,0.13992616896602367,0.18567301144905948,0.3962496754781553,0.051411377675930736,0.07297571565768443,0.6504942240061525,0.014934393277078201,0.0031100077563941263,0.07166130240080365,0.07166130240080365,28.0,4.0,0.5,0.5555555555555556,0.7589869251845414,0.49997646340738977,1974-12,0.21673101673101672
1975-08,0.25261897185672355,0.08849560727984762,0.191217654479768,0.20791233628300587,0.16514962608831935,0.13803244131778203,0.16721555839332536,0.23798936226564213,0.18857117308256174,0.24566796010179812,0.37228508481088973,0.09539214944704517,0.14321357630431214,0.6419030884696689,-0.012400592407088393,-0.040280845689517134,0.06928881020488575,0.06928881020488575,27.0,5.0,0.5277777777777778,0.5555555555555556,0.8281469060079301,0.4825796315733299,1974-12,0.27413127413127414
1975-09,0.2520130621950146,0.09423361351426113,0.18547871366225474,0.20198096333505688,0.16759626197871555,0.133680466304568,0.16226809526599026,0.23951044827342174,0.08290491650929577,0.10526656837903695,0.3763670668471678,0.08760854033686838,0.13539863194769367,0.6470847724240526,-0.018906517060430974,-0.05323465932093374,0.0694316930527501,0.0694316930527501,26.0,5.0,0.5,0.5555555555555556,0.8383117322537066,0.4966110917655389,1974-12,0.2782496782496782
1975-10,0.28581369501717213,0.09291177844088838,0.2198894514408697,0.23966140819250414,0.16390555760497774,0.1695168155000642,0.19036031970513329,0.23182427541416406,0.21770758497383533,0.2667731948552228,0.36413784632676277,0.12382635458879863,0.18558023925582137,0.6336050667743381,0.012934249443921329,0.015516172589183147,0.06740832474359082,0.06740832474359082,25.0,6.0,0.5,0.5555555555555556,0.870930907314437,0.4634461762929823,1974-12,0.3093951093951094
1975-11,0.2652325183860838,0.09391965631469144,0.1989011296129134,0.21680396437208643,0.1655070066338659,0.14834208210797145,0.16573423516806204,0.2358228731449818,0.09868102859172698,0.12092596544337061,0.37544922867515323,0.09857223445472292,0.15037393738817742,0.6464650792778005,-0.009690913070012387,-0.03367961278163072,0.0679436226882909,0.0679436226882909,24.0,6.0,0.5,0.5555555555555556,0.8500530869494783,0.48237022471728963,1974-12,0.3009009009009009
1975-12,0.26648981374394504,0.09463275201901185,0.1993801337033316,0.21723126096453044,0.1660723372802435,0.1487180996101859,0.16604306807240632,0.2365690549984192,0.09872470864307391,0.12074407410648443,0.3723545776063269,0.09800551448178393,0.14891911801617977,0.6448478083627686,-0.009218025458154092,-0.03315420362748375,0.06586799569476687,0.06586799569476687,23.0,6.0,0.5,0.5555555555555556,0.8536928253072146,0.4841695640691386,1974-12,0.3150579150579151
1976-01,0.324555380712309,0.10363753106025006,0.25067625308227104,0.2699783974126195,0.19671839646313835,0.18432255800035557,0.22035524256147812,0.26730482915134,0.13400426098796286,0.16893855677191397,0.3893901499039861,0.1356056743681017,0.200176280459614,0.6518003851195793,0.027166609821919253,0.04461243406017027,0.06350050255575046,0.06350050255575046,22.0,7.0,0.5277777777777778,0.5833333333333334,0.8645134383224937,0.45302292532277,1974-12,0.3709137709137709
1976-02,0.3106467469607391,0.10365412938220103,0.23901482851802466,0.2565877430551539,0.20377902227826322,0.16982184793188115,0.20307705213706537,0.2803122786251057,0.11693226206137598,0.14748345562100035,0.4048488708780698,0.1217104023573279,0.18102117464294737,0.6694383463733689,0.01571788195428801,0.02267467937397713,0.06437201865034597,0.06437201865034597,21.0,7.0,0.5277777777777778,0.5555555555555556,0.8764992771421671,0.4160843374510921,1974-12,0.35135135135135137
1976-03,0.3099138787399575,0.1032672988013871,0.2392222005980168,0.2611066004097813,0.20573049808700197,0.1690809691591741,0.20220521731271082,0.2846630890055456,0.11504762678566165,0.14517030393955754,0.40850364076609036,0.12060459875476481,0.17921339316541351,0.6720250118218696,0.01706030118142396,0.02695328178661106,0.06390288662871424,0.06390288662871424,20.0,7.0,0.5555555555555556,0.5555555555555556,0.8701563069422533,0.4097587739341594,1974-12,0.3598455598455598
1976-04,0.3140677434898223,0.10639264671785857,0.24245471435123891,0.2650408078219982,0.20737467879959764,0.17448357697441988,0.20853563595012062,0.28877524704309876,0.11969274842235039,0.1510693318468397,0.4117449773064713,0.12619648420157548,0.18662986852956467,0.6734457343274478,0.025883475080102362,0.046917414647112625,0.06326484068390259,0.06326484068390259,19.0,7.0,0.5833333333333334,0.5833333333333334,0.8226408720997134,0.41887248613001343,1974-12,0.3595881595881596
1976-05,0.3020634526599433,0.10660800398150869,0.23233699195189708,0.25400929043578657,0.209580742403235,0.16498815948704965,0.19715260799406534,0.2916429815470773,0.11131574016035556,0.14024323103172004,0.4177287084747585,0.11878727420173554,0.17592964534751743,0.682801633721482,0.018196857788326425,0.030189319847084048,0.0631573273183611,0.0631573273183611,18.0,7.0,0.5833333333333334,0.5833333333333334,0.7967572685690449,0.4106454531234618,1974-12,0.3485199485199485
1976-06,0.3015799497582764,0.10986977101091293,0.23041467666085036,0.25236894459413584,0.21209054412148579,0.16420384207267788,0.196394425670841,0.2968209711635064,0.10932192209936684,0.13793209937685205,0.4229860008919658,0.11788104592863384,0.17496880336052134,0.687673256060404,0.018741147444278638,0.032479265284934854,0.06337459680578983,0.06337459680578983,17.0,7.0,0.6111111111111112,0.5833333333333334,0.7910865151168439,0.4038345717276034,1974-12,0.3567567567567568
1976-07,0.3126449045078659,0.11511253174724868,0.2381399466443145,0.2613008282345848,0.21538279605904553,0.17324143642893006,0.2072657537929279,0.3038347201013789,0.11599217977810837,0.1467085516219388,0.4318181714549417,0.12250318115037316,0.17122347870076005,0.6917341770822466,0.028522350005026047,0.0546269877629645,0.06322130396190784,0.06322130396190784,16.0,7.0,0.6388888888888888,0.6666666666666666,0.6999130535348468,0.4879451355884177,1974-12,0.37065637065637064
1976-08,0.30329630649351147,0.12289089355468943,0.22409206449026742,0.2463882246604444,0.2219944025357721,0.16021899723801275,0.1921088171474787,0.3159458979035506,0.09966644724483846,0.12615793784480447,0.447455003079199,0.10341781539796614,0.14354731400146298,0.7048932921382783,0.015069961907199517,0.0282787912714017,0.06216359861958476,0.06216359861958476,15.0,6.0,0.6111111111111112,0.6666666666666666,0.6911077695090057,0.4976013117452695,1974-12,0.35546975546975546
1976-09,0.3066734636936738,0.12169653903378463,0.22683847631888407,0.24951660992422534,0.22235370217160497,0.16080567528697354,0.1932236832249609,0.3156815036275023,0.09958105945069247,0.12646273367135694,0.4481133277753959,0.10455190401919912,0.14644128357756955,0.7088402994896148,0.011651174728046294,0.020798321175940344,0.06478262918527228,0.06478262918527228,14.0,6.0,0.6111111111111112,0.6388888888888888,0.732481805321961,0.4702700225481941,1974-12,0.3631917631917632
1976-10,0.2620983391910493,0.11864431059341894,0.1829059986698928,0.20023254276637167,0.22341673316151892,0.11297282341909648,0.13604449387589101,0.3136879869923972,0.052718843798069466,0.06575407755338694,0.44471231005298006,0.14017455706800905,0.20287622825872434,0.7093124056513169,0.0209188721192599,0.05135953003806292,0.0628796719049356,0.0628796719049356,13.0,5.0,0.5833333333333334,0.6111111111111112,0.7394348753943973,0.5067232419278581,1974-12,0.30012870012870013
1976-11,0.27914098219713107,0.12487722337671349,0.19619313647524406,0.21658811360009456,0.22988040573717508,0.12644632808835213,0.15367462118491737,0.325639527845966,0.06283974978398135,0.0798242461152657,0.4621804837777189,0.0685786979191501,0.0951076278909655,0.7268502016473207,0.03136252697747973,0.07628544624696718,0.06674909528827794,0.06674909528827794,12.0,5.0,0.5833333333333334,0.6388888888888888,0.717786215085485,0.5183960438512745,1974-12,0.30527670527670525
1976-12,0.30425416663557026,0.1300742674728432,0.21813970989982223,0.24336035032689796,0.23039858358101598,0.15172093125212027,0.17555527954047853,0.324365995079565,0.08951068206696564,0.11565967508891958,0.462602254366846,0.09071156255571299,0.12894704205694313,0.7113943425683963,0.0027530979165956942,0.003508049333824731,0.06561796861317448,0.06561796861317448,11.0,6.0,0.6111111111111112,0.6111111111111112,0.7686436295192786,0.4472331440842265,1974-12,0.32175032175032175
1977-01,0.3177370315829097,0.12677200269976877,0.23421481536517835,0.2609794979266257,0.22441774938020062,0.16988208421554474,0.19724896511201495,0.31883362950629096,0.10767731197608948,0.13945337853663015,0.4542415063232024,0.10972394040939772,0.15759853096793697,0.7054266939320394,0.02030541236951165,0.044034481954370375,0.0651972914025124,0.0651972914025124,10.0,6.0,0.6388888888888888,0.6388888888888888,0.7430462407073393,0.45917441775899737,1974-12,0.3366795366795367
1977-02,0.3317240907441025,0.12145414161466359,0.25072566155543125,0.27931598935114754,0.21591315908387965,0.18773042783185748,0.22850541914825367,0.3098370426255565,0.12509207784201226,0.16240978606897102,0.4428112954309144,0.1289801222449515,0.18736948160073627,0.6930538647129181,0.03615318098879717,0.0802982738925086,0.06684774265323512,0.06684774265323512,9.0,7.0,0.6666666666666666,0.6666666666666666,0.7281673747847264,0.4888061515658204,1974-12,0.3467181467181467
1977-03,0.36891016356277384,0.12737482499966743,0.2849332694508655,0.31808416640978504,0.22502309435853585,0.22055478354376254,0.26955181302337017,0.3225830313360957,0.1562345342547026,0.2047894124771541,0.4575561873798627,0.1586573179284335,0.23361288257054064,0.7205462032205484,0.06485930946438034,0.15206849468895625,0.06780225693925879,0.06780225693925879,8.0,8.0,0.6666666666666666,0.6944444444444444,0.7197398162914854,0.46196724387182253,1974-12,0.40051480051480054
1977-04,0.33404497320417537,0.14381218065968893,0.24202268069865304,0.2718374716732936,0.25373640827816324,0.1716845536989123,0.20181729079941466,0.3532634189309737,0.10799938013099372,0.1423942746499863,0.4911502214019406,0.19623015176264297,0.29887800445265283,0.737344536834984,0.038695753743972716,0.0893881838836839,0.0672058997949741,0.0672058997949741,7.0,7.0,0.6388888888888888,0.6944444444444444,0.6817462855271021,0.4865530069119466,1974-12,0.3675675675675676
1977-05,0.33034283585189916,0.14589877786721506,0.23740083370157009,0.2673385113596443,0.25786405295976267,0.16607551493923833,0.19564918227539876,0.3577844106089943,0.10242317849575827,0.13544661791732504,0.49681848914492543,0.19099215635255812,0.2926478454505079,0.7435116334148489,0.03384104734139162,0.07894727793923231,0.06849431637816694,0.06849431637816694,6.0,7.0,0.6388888888888888,0.6944444444444444,0.6771614825638547,0.4879125281163538,1974-12,0.3673101673101673
1977-06,0.328484819097805,0.14807689428424353,0.23495196258534962,0.2646669711990382,0.2615131448877347,0.16329988882804458,0.19230048696330532,0.3597362218127055,0.10125722508470635,0.13369693967284055,0.4982140833427103,0.18872684696761088,0.2884233804347339,0.7411556219914728,0.03527268259452855,0.08227578144888217,0.06688939960142753,0.06688939960142753,5.0,7.0,0.6388888888888888,0.7222222222222222,0.646244981767504,0.530540085753193,1974-12,0.3673101673101673
1977-07,0.26378548996522344,0.14340091469843905,0.1770619029015753,0.19196907276214123,0.2528234975557784,0.11088715840211771,0.13284419955139862,0.3419136204760367,0.1647655806411513,0.21428444092032767,0.47505789122063885,0.17185901499595757,0.24602122029984824,0.7207864378431629,0.023251448218183413,0.04320837444894553,0.07590515345315763,0.07590515345315763,4.0,6.0,0.6388888888888888,0.6111111111111112,0.6908909535004947,0.42622205915914735,1974-12,0.3253539253539254
1977-08,0.24227722275325125,0.15346871189080027,0.1515743527128925,0.16453605009365144,0.26593610883327373,0.08510402424679343,0.10250493875337005,0.3585469610508322,0.1398387645695838,0.18343135682103962,0.49446321630174667,0.1494630095150301,0.2279283898727625,0.7249583676862786,0.05824289120515448,0.11651255253402923,0.0777411726595999,-0.0777411726595999,11.0,5.0,0.6111111111111112,0.5833333333333334,0.6944132225236918,0.4068649917755823,1975-08,0.3142857142857143
1977-09,0.2601078918041629,0.15991798087898143,0.155636450841864,0.1720024212297267,0.26921777489800547,0.0842329293911333,0.1049985872429388,0.365050075722542,0.14683838815720074,0.20506189034591357,0.49155606585365774,0.1583112011828349,0.25824862502418694,0.7199106905353972,0.009131374375493096,0.021095844302830923,0.09109440347176745,0.09109440347176745,2.0,5.0,0.6111111111111112,0.5833333333333334,0.7611577355021667,0.4587024154933201,1974-12,0.30296010296010295
1977-10,0.2755223228425355,0.1472461834608998,0.17723105500818187,0.19512454922326006,0.2578432530486722,0.10340417587937216,0.1281928227381811,0.35185902888908166,0.1661625414042627,0.2296515750797861,0.47797015625254485,0.17519246710898204,0.282576289432518,0.707436602896682,0.07436609655227598,0.17581418040959912,0.09167988360172946,0.09167988360172946,1.0,5.0,0.6111111111111112,0.5555555555555556,0.825170919095933,0.4287585676518697,1974-12,0.30862290862290864
1977-11,0.26199606440243056,0.14559498048218603,0.16501321560075352,0.18125928724563778,0.2632650709046182,0.08663152586032538,0.10779636494805868,0.3614735604986849,0.15204957163222474,0.21166688969249667,0.4930714581997362,0.1592508998590054,0.26034564315157155,0.7367640532844757,0.05182508383697298,0.11443480205304205,0.09405793347302571,0.09405793347302571,0.0,5.0,0.6111111111111112,0.5555555555555556,0.8120962701295209,0.44200394678158395,1974-12,0.27927927927927926
1977-12,0.35980573073821875,0.1571580391864937,0.2567251770753712,0.2868491555291925,0.2879147882746431,0.17096132967100097,0.2177215244621051,0.36003480454180914,0.218265121735823,0.30018572482361794,0.4890539444670305,0.13364097876840944,0.2378368707242762,0.7376591086397966,0.0353717353465814,0.08301693774777617,0.07295657520902604,-0.07295657520902604,7.0,6.0,0.6388888888888888,0.6111111111111112,0.8079507557980471,0.3701225751228128,1975-08,0.3631917631917632
1978-01,0.4319738247692052,0.14281543078596762,0.3328570351817648,0.371891165323117,0.2764466564491833,0.2401142691971657,0.3105093329327764,0.35106939125434555,0.2919039523106613,0.40901542737961044,0.4897821832945878,0.19563447676397583,0.3190653057445802,0.760592880592349,0.07048888832595276,0.22452552886211513,0.08226667727241999,0.08226667727241999,1.0,7.0,0.6388888888888888,0.6388888888888888,0.8567345614225204,0.3527546958304451,1975-03,0.4247104247104247
1978-02,0.44209473784250464,0.1497785426907895,0.3301484113905011,0.38742065238188944,0.29282449410074685,0.22323410653419376,0.31217069278497683,0.377257399046844,0.2863402989872735,0.445192852051983,0.5413324366630358,0.1637085962504805,0.3076357630367323,0.7783651512824572,0.054249315841747706,0.18102903223642655,0.10035733680901138,0.10035733680901138,0.0,6.0,0.6111111111111112,0.6944444444444444,0.8326549328870825,0.4857324997899452,1975-03,0.4072072072072072
1978-03,0.5423511975433257,0.16126446954098103,0.42489210666384114,0.507412961224244,0.320310409489104,0.3090489109025314,0.44510462120970884,0.41424174663060814,0.2406327898738898,0.3868414002605447,0.5762333666980802,0.12264406937408466,0.23172554597178793,0.7897769022271002,0.033724201592087964,0.10094375329873839,0.07823802466429097,0.07823802466429097,0.0,9.0,0.6388888888888888,0.6944444444444444,0.8895000166351261,0.2959280456237954,1975-04,0.5027027027027027
1978-04,0.5765247162484586,0.16713000496946379,0.4476895158560697,0.5170391700480508,0.32109403977292816,0.32900354273742305,0.47050608873788724,0.41048796751236916,0.260092609621147,0.4204412414865879,0.5664656462760649,0.13985438247616483,0.27826118796086535,0.7837338858805716,0.04086463538826836,0.12770495611320695,0.0594855462004078,-0.0594855462004078,3.0,10.0,0.6388888888888888,0.7222222222222222,0.9068990552709694,0.3401010368349152,1975-08,0.5111969111969112
1978-05,0.4840921381444311,0.16311214039054106,0.3573632404515305,0.41212793531738645,0.325452694901606,0.2312338212998796,0.3357745086496579,0.4189717127881855,0.15857483943799885,0.2602899062294672,0.5769916191717417,0.035802319246824255,0.06800941412159937,0.7862724442669792,0.03937134597093598,0.12770495611320695,0.0784372105990725,0.0784372105990725,35.0,7.0,0.6111111111111112,0.6666666666666666,0.9195050653978646,0.42707472787447204,1978-05,0.40592020592020595
1978-06,0.46947363704388884,0.17503185961426207,0.3351991158760837,0.4027149854621584,0.3386465209562384,0.20968322204885312,0.3075388170870284,0.43955459773173916,0.13227226543298432,0.22064013271232782,0.6041238341002112,0.0060240757546787494,0.00398105385058702,0.8087894525204757,0.058743832426864574,0.22515041758451296,0.07765522321199175,0.07765522321199175,34.0,6.0,0.5833333333333334,0.6388888888888888,0.9409042033059052,0.4007091830384393,1978-05,0.36885456885456885
1978-07,0.4750709449020371,0.17390592188100615,0.3404804517797742,0.40930956645151084,0.3368906852918219,0.2143421383651986,0.3145360151742434,0.43753767464041515,0.1364487131087134,0.2281172003214125,0.6013350977876262,0.009681460360278444,0.011937571393530785,0.8054277071347481,0.06290927199122812,0.24286013390633898,0.07883096089816749,0.07883096089816749,33.0,6.0,0.6111111111111112,0.6388888888888888,0.9503245439400175,0.40230626454223856,1978-05,0.37863577863577863
1978-08,0.44858140451858314,0.16493122577981145,0.32127810048608213,0.3826701147207112,0.2739781078021387,0.23710951257770416,0.31453601517424346,0.36357527151944913,0.16795332387404452,0.22811720032141247,0.5344683972543183,0.03604828624621262,0.011937571393530804,0.7781296736183992,0.028017537229511294,0.08558304657828629,0.07907401895509064,0.07907401895509064,32.0,6.0,0.6111111111111112,0.6111111111111112,0.970803193828822,0.4040943647202622,1978-05,0.38275418275418277
1978-09,0.4488221242071573,0.16409696133389365,0.3216161679141932,0.3831798214075541,0.2724117102717618,0.2376519000369916,0.31536800075964516,0.36089570585399555,0.16906018948265583,0.22988729100711316,0.5319219699318892,0.03648272249973772,0.013324076478083206,0.7780245292538667,0.026704322615935944,0.08251270973633623,0.07906849582562436,0.07906849582562436,31.0,6.0,0.6388888888888888,0.6111111111111112,0.9736442280794488,0.40795704789266923,1978-05,0.39536679536679536
1978-10,0.43282844840733486,0.18527243218349915,0.2913721433666181,0.35227788259610904,0.30936962614695496,0.19662339787271052,0.26576884551748825,0.4122162986855497,0.11809951759767259,0.15101474828359382,0.5573672809016526,0.10542627835084752,0.18932391620477496,0.7814050867044439,0.021599663275459337,0.08251270973633622,0.08055056581122588,-0.08055056581122588,2.0,6.0,0.6388888888888888,0.6388888888888888,0.9102532044076085,0.4451406159321754,1976-01,0.39253539253539255
1978-11,0.4438710414678089,0.18649211225348186,0.30435554595957515,0.3641328740045592,0.31273195605553095,0.2099150136061963,0.2792914496309798,0.4198058579488762,0.1298125990957876,0.16880873181328557,0.5534682894859903,0.12244260233460612,0.21366219568244826,0.7797891811080532,0.03346951334799364,0.11114778416958376,0.07973816746324969,-0.07973816746324969,1.0,6.0,0.6388888888888888,0.6111111111111112,0.9481619663520697,0.3802912005980161,1976-01,0.40283140283140284
1978-12,0.4372737918855061,0.18812609910212152,0.296867820781475,0.3545232203603867,0.3153876223453881,0.2018874972621449,0.26679100079255424,0.42067081896356295,0.12331047082793875,0.15724506825095821,0.5501531101783966,0.1137232454207618,0.1921188672313448,0.7755587547186672,0.02981271939256876,0.09922944547453201,0.08275057152511933,-0.08275057152511933,0.0,6.0,0.6388888888888888,0.6111111111111112,0.941510709932241,0.3863323501797562,1976-01,0.39716859716859715
1979-01,0.33576593215917283,0.1676209113512304,0.21761526844677775,0.2481759375416221,0.3075796411488139,0.11896279910613257,0.1455304932229473,0.38959963463031816,0.06114950725962629,0.082018296309515,0.53067532099526,0.16058928385631413,0.2725078857619655,0.7584673099838641,2.5936059120468256e-05,0.006763546350305668,0.08758999461755074,-0.08758999461755074,30.0,5.0,0.6388888888888888,0.5833333333333334,0.867195177973691,0.4306194074584307,1978-08,0.3250965250965251
1979-02,0.3427102303521861,0.17025494167100078,0.22003047474149423,0.25357556454268626,0.316002116317003,0.11501015879041905,0.1411580005950784,0.39568454841461437,0.0575937854372716,0.07709686595686407,0.5364396002828545,0.15901695233444219,0.27598990265226475,0.7616401725131562,-0.003254702710899287,-0.004956131091269632,0.0891346658094998,-0.0891346658094998,29.0,5.0,0.6111111111111112,0.6111111111111112,0.8457871317115097,0.47231848823762146,1978-08,0.3148005148005148
1979-03,0.3428424072513114,0.17006332488794434,0.22056912791126904,0.2535092082113617,0.31432655646889424,0.11684577412398132,0.1436594982519796,0.3942024351125944,0.05941607475542082,0.07984493905097687,0.5347105768429536,0.16043956864904385,0.27739024425467856,0.7591102466524551,-0.0009008233990919276,0.0030004284771783427,0.08933319903994968,-0.08933319903994968,28.0,5.0,0.6111111111111112,0.6111111111111112,0.844636839382542,0.4701804437585733,1978-08,0.30862290862290864
1979-04,0.33836895749679335,0.17607438189391,0.21215272223415743,0.243700725939523,0.32326790998901517,0.10663928654092228,0.13057219117911634,0.40337552654043896,0.049215363377156,0.0650377824311204,0.5458829661720798,0.1513696480252237,0.26441685052860403,0.7690240450685408,-0.00858563114607444,-0.017199441132356327,0.0946682315572703,-0.0946682315572703,27.0,5.0,0.6111111111111112,0.5833333333333334,0.8793364216659916,0.44154342283987075,1978-08,0.2906048906048906
1979-05,0.33847486665308885,0.1735435701930856,0.20985843272850788,0.2412415086329447,0.32138411692604457,0.10029099736286656,0.12288934987371765,0.40420701928175906,0.03890937235409286,0.0502994574786623,0.5490102425436821,0.14622578964349298,0.2631580330688931,0.7821580790251748,-0.026564497384240732,-0.07782964390336217,0.0972333580201441,-0.0972333580201441,26.0,4.0,0.5833333333333334,0.5833333333333334,0.8996615398260533,0.4697514668992674,1978-08,0.27876447876447874
1979-06,0.35763626492550166,0.1545514944933992,0.2434250887840537,0.2775346867780702,0.28716287411001634,0.1454273199148517,0.18101490497214054,0.3673609533608762,0.0861621734628583,0.11878801698736453,0.5043317802201248,0.0923293332700822,0.16904810030654283,0.7558935707613427,-0.001066437763453771,0.004968294665224702,0.0852471095904423,0.0852471095904423,22.0,5.0,0.5833333333333334,0.5555555555555556,0.9595432670223387,0.41709975425338863,1978-05,0.3099099099099099
1979-07,0.35298075922761496,0.15844139547379194,0.23638558292053174,0.27034194344855667,0.29475311754421907,0.13607537535137085,0.16895605866481953,0.3748353144713724,0.07714381998442456,0.10586907251700912,0.5138249424314596,0.08302738317459318,0.1245138946465785,0.7670426587220627,-0.010123368080554737,-0.03584340553907713,0.08601612596215558,0.08601612596215558,21.0,5.0,0.5833333333333334,0.5833333333333334,0.9073909202548136,0.44672551682563727,1978-05,0.3009009009009009
1979-08,0.33722967529781656,0.156650496801847,0.2256641927778504,0.2548256119908422,0.2874942975512871,0.13247807423127028,0.16259868110644768,0.36955093808260964,0.07403785934689289,0.10034989243208811,0.5063156147147287,0.1714407878511681,0.28476025750011486,0.7598946727486356,-0.009156596415651207,-0.015562586301267181,0.08240406330697425,-0.08240406330697425,23.0,5.0,0.6111111111111112,0.5555555555555556,0.9182453729284109,0.4101168014465399,1978-08,0.3124839124839125
1979-09,0.29755965490901976,0.17200076463295663,0.1800723924891593,0.20352759791101577,0.31347260554423667,0.08343829127668381,0.09647376769781077,0.39424264344692944,0.028267311897691626,0.032886087131735985,0.5354822670265218,0.12474279417236969,0.20515348466828875,0.785225594195573,-0.04584749290765231,-0.12394589434176104,0.09403205699800396,-0.09403205699800396,22.0,4.0,0.5833333333333334,0.5555555555555556,0.858044335323472,0.42164367404085945,1978-08,0.23680823680823682
1979-10,0.42805009439686487,0.23869943091041748,0.2796694448322007,0.36845335263645906,0.40333477897973474,0.17732860642024056,0.278342683989607,0.5335942548452782,0.09635654223406444,0.18289393855202687,0.6569108144880696,0.01970034262735447,0.045175355897006886,0.8287727693027553,-0.028424408640233118,-0.12394589434176108,0.06034090963698918,-0.06034090963698918,21.0,6.0,0.6111111111111112,0.6388888888888888,0.798663014329337,0.26057661736034454,1978-08,0.35804375804375804
1979-11,0.44430176682843925,0.23569169099201023,0.2981070237821,0.3892071165736118,0.40646634523045944,0.1921789930138714,0.2990308566676288,0.5397085226434577,0.10953159119906429,0.2072060781362071,0.6614166634415012,0.03403851676895709,0.08056215437288534,0.8166447594885425,-0.009024366290759847,-0.04966652172613837,0.06137876253039137,-0.06137876253039137,20.0,7.0,0.6388888888888888,0.6111111111111112,0.846826071166403,0.21997226619039226,1978-08,0.38687258687258685
1979-12,0.4461445635012189,0.2411802954290342,0.29421288224642134,0.3952883002358002,0.4182636398217889,0.18265911626419984,0.2953829621277959,0.5296807383039781,0.11247184386361825,0.20720607813620706,0.6533335586957661,0.03457667062567954,0.08056215437288537,0.8071333992069784,0.02124428412489076,0.07615794575744664,0.06678630124534046,-0.06678630124534046,19.0,7.0,0.6388888888888888,0.6111111111111112,0.8559848202870864,0.22975759455523162,1978-08,0.3904761904761905
1980-01,0.3943275185890106,0.2405500931929251,0.2389265443689469,0.3217046923249969,0.4091038314580074,0.13003689570096708,0.21124688851788798,0.513902550310824,0.06233447750368641,0.11553851455818119,0.6318700748164028,-0.013875296482114611,-0.036267930833841666,0.8117519752705539,0.020331780220675708,0.08232983291132065,0.07286016889573449,-0.07286016889573449,18.0,5.0,0.6111111111111112,0.5833333333333334,0.8669590473631457,0.2936451229340459,1978-08,0.311969111969112
1980-02,0.11084361239804562,0.25091735418430844,0.2602197200802169,0.38599077704947266,0.4345497969856965,0.1508996627290156,0.30244650141234625,0.5708358261452421,0.0697658701561903,0.18823741618520565,0.6966757167824993,-0.005149127714925987,0.01322048721697704,0.8326865963421716,0.030137532822430303,0.20672288951293344,0.2751471646514272,0.2751471646514272,35.0,1.0,0.5833333333333334,0.5277777777777778,0.6504138109041607,0.49872564548514464,1980-02,0.2030888030888031
1980-03,0.1274883614325948,0.24789729891106407,0.2658421133071198,0.3904725887822,0.4076088851330502,0.17670561497209394,0.3464566313184666,0.5403608099169352,0.1026155504853304,0.252280783999223,0.6746943110679462,0.027642793749683328,0.08985114503216021,0.8257928079744072,0.022889373738011417,0.15908829829029433,0.26298422734960536,0.26298422734960536,34.0,2.0,0.6111111111111112,0.5833333333333334,0.5713312631979539,0.5023909251344142,1980-02,0.23680823680823682
1980-04,0.056202932787744776,0.22841913403676817,0.1699870236139077,0.2176647777480034,0.37782656732044456,0.09556160811383307,0.1392721194101425,0.48714945724826003,0.04110379883537368,0.07876074046598629,0.663763499594658,0.061043876392735986,0.2002004356401215,0.8562756680077197,0.021938011330132103,0.15908829829029433,0.16146184496025856,0.16146184496025856,33.0,1.0,0.6111111111111112,0.5833333333333334,0.46195019445949825,0.5155900957385597,1980-02,0.21776061776061775
1980-05,0.1625774331510766,0.20777842496389473,0.04988716791314149,0.05615272185859909,0.3809661865478326,0.14381691443157613,0.21726039016042323,0.5046799655861209,0.07671977200288284,0.13823407544032457,0.6639996266324459,0.08432846791174654,0.2766514254211334,0.8555769431494195,0.009867902467433711,0.05944079742909442,0.1446706725387258,0.1446706725387258,32.0,2.0,0.6388888888888888,0.5555555555555556,0.6168183954898914,0.4153848593443842,1980-02,0.26924066924066925
1980-06,0.2060525174128091,0.1804802873456922,0.1041767319347069,0.1206144502136243,0.33131179610529327,0.18931665860325994,0.2803727132066144,0.44903760453708663,0.12286392084768809,0.2133089890320938,0.6260854591234264,0.11907441432800263,0.3824309590014605,0.8410634736456863,0.024330469272954326,0.13674759246284093,0.1400671975913535,0.1400671975913535,31.0,3.0,0.6388888888888888,0.5833333333333334,0.6421024565169707,0.4181542318272045,1980-02,0.322007722007722
1980-07,0.17390917400454176,0.17173997913800942,0.07657603875405455,0.08767063205686006,0.31245097688823953,0.1563235887653902,0.22837045080651536,0.42782335031118734,0.09093663062723022,0.1548175519217071,0.604416335087207,0.08978378115677049,0.2680063782947745,0.8331008496843402,0.011677989189971604,0.04816299206476745,0.12559206947108742,0.12559206947108742,30.0,3.0,0.6111111111111112,0.5833333333333334,0.6172135622525323,0.4583109144762812,1980-02,0.26151866151866154
1980-08,0.13971819787413725,0.16296334647330793,0.0473808107317757,0.05275117530745553,0.2918108322444721,0.12038765818210473,0.17008557586407172,0.40553066240873337,0.05595235901278562,0.09093066721711739,0.5858165222667793,0.0584962662316827,0.14564455667951814,0.8205805362110065,0.02638746892077201,0.12932191263565948,0.10777210386079158,0.10777210386079158,29.0,2.0,0.6111111111111112,0.5555555555555556,0.6180410680186523,0.4669177771736402,1980-02,0.20797940797940798
1980-09,0.13889454902969361,0.16172163647600932,0.048411647147150065,0.05407886513643746,0.28678845238834844,0.11838625709760688,0.16652339812362862,0.40335726273250494,0.053166262675278526,0.08568156556570809,0.5915810231338635,0.05861497670893974,0.14595696161396532,0.8218647491567052,0.024583431573285557,0.11420627033308199,0.10309435394093677,0.10309435394093677,28.0,2.0,0.6111111111111112,0.5555555555555556,0.6110933165565055,0.460034819693177,1980-02,0.18893178893178894
1980-10,0.13090121044641093,0.1584633042033567,0.04325341123211555,0.048031948051954335,0.2816778587650955,-0.02489791624902227,-0.031565523596835274,0.4033281359673066,0.04238819219220833,0.06839627363835395,0.5993803785710893,0.052867136902985834,0.1320515203456898,0.8272649846834421,0.017415171448933085,0.07715415002549708,0.0985991251273145,0.0985991251273145,27.0,2.0,0.5833333333333334,0.5277777777777778,0.6300112613614107,0.4346277411907308,1980-02,0.1564993564993565
1980-11,0.09123705432043201,0.1498239255975002,0.008124990772336332,0.006738267594198025,0.26768612093542793,-0.057256891525689364,-0.07217046775976463,0.37875375017337526,0.004355830357995037,0.00746418577531851,0.5739479617902776,0.016686460358227493,0.0332694410533115,0.8115674003440483,-0.003906165452102073,-0.03588017626185243,0.08490374462169621,0.08490374462169621,28.0,2.0,0.5555555555555556,0.4722222222222222,0.6649677157827111,0.4269028561626825,1980-04,0.11454311454311454
1980-12,0.0888649627747475,0.150067460505864,0.0055464750373939225,0.0037090569286015126,0.26655142060519904,-0.059126221951142026,-0.07451292773487997,0.37823422539895785,0.0028808405413857127,0.005259841712558614,0.571043547605243,0.014180458852307381,0.02703739093059542,0.8092236770728823,-0.00585472646297726,-0.046240072315100085,0.08515590584614595,-0.08515590584614595,28.0,2.0,0.5277777777777778,0.4444444444444444,0.7044535867836403,0.4080491845711042,1980-05,0.11248391248391248
1981-01,0.0645040107629204,0.14625211148877118,-0.017073458755999787,-0.022588676166629997,0.26900513653244446,-0.0855434525011796,-0.10766233420169628,0.37988696190172444,-0.02369505498276734,-0.035305325106497726,0.5735277658141761,-0.008473015337182435,-0.025127685976228,0.8145357231300382,0.008463110883845429,0.05060939135777203,0.0870926869295504,-0.0870926869295504,27.0,1.0,0.5277777777777778,0.4722222222222222,0.640593286405058,0.4543392364307247,1980-05,0.061003861003861
1981-02,0.09222497444271566,0.1426167047829686,0.01073430249474641,0.00978436215139229,0.2564735112016609,-0.05432306701206269,-0.0679151037098441,0.36322718422440986,0.006675597630878258,0.010843601577471116,0.5486538652053379,0.01924245274778032,0.03741073294790511,0.7930087566574348,-0.009740063430377852,-0.04518154404092245,0.08280848343213898,0.08280848343213898,23.0,2.0,0.5555555555555556,0.4722222222222222,0.6831396520030701,0.4413421041345865,1980-02,0.11866151866151867
1981-03,0.1032629538943295,0.13708054745331977,0.02512916378707451,0.026577911970148117,0.2533257967325859,-0.04112882888139401,-0.05114907675863748,0.36028027602777196,0.019833568712812878,0.037034590641850586,0.541787030482089,0.03319731283980517,0.06885049711335184,0.782662276201964,0.0016022919470311742,0.00654304172954739,0.08614657484880069,0.08614657484880069,24.0,2.0,0.5555555555555556,0.5277777777777778,0.620096357975944,0.4804486714847883,1980-04,0.15263835263835263
1981-04,0.10580455182672034,0.14084537422280669,0.024402587077886347,0.025660601408349238,0.2528829332155934,-0.04034982298883663,-0.0501846493628596,0.35758645614023615,0.020163861107792995,0.030848735190543812,0.5418323484573174,0.03281850267876973,0.06666201001961046,0.7810569177987651,0.003928849113602454,0.017512544144205004,0.08483033221163609,0.08483033221163609,23.0,2.0,0.5555555555555556,0.5,0.6647639978290756,0.45903292483267477,1980-04,0.1485199485199485
1981-05,0.12129310352355824,0.14597058800525284,0.034531788508511976,0.03733674120383894,0.25546643241817346,0.09961341611424608,0.13424694099590603,0.360549937692871,0.03715437399752032,0.05653591749071868,0.5370012063678512,0.043633116885357155,0.08936759354174001,0.777186966825832,0.019338269280745328,0.0875768386818219,0.09096396674812163,0.09096396674812163,20.0,2.0,0.5833333333333334,0.5555555555555556,0.6262098709357973,0.517433674711963,1980-02,0.18172458172458172
1981-06,0.11236032910781706,0.14159748472058245,0.029380914943919135,0.031061581125438373,0.25101955004431636,0.0935047861771161,0.12360039329120943,0.3572761666723321,0.031235941386337174,0.04662269459511954,0.5268344270400888,0.038673220125538754,0.07258641145368294,0.7710878115187321,0.013965164882528785,0.055229061879936384,0.08806477044815723,0.08806477044815723,19.0,2.0,0.6111111111111112,0.5555555555555556,0.6110856068538012,0.5180687886439015,1980-02,0.15727155727155728
1981-07,0.13393549422394443,0.13897368437072663,0.05103336821926592,0.05589822620987869,0.24485162258453572,0.11419285207882791,0.149759075564116,0.34419575378695005,0.054930987359188485,0.08002162071559929,0.5081342261858314,0.06004295001146157,0.11263341997285924,0.746594567399139,0.03371846836746347,0.11593134213765638,0.08854189538441773,0.08854189538441773,18.0,2.0,0.6111111111111112,0.5277777777777778,0.6727981868167137,0.4762013677458532,1980-02,0.18944658944658946
1981-08,0.10569460191533166,0.15581754240205528,0.013394547934083763,0.012451937471729813,0.2722311927919256,0.0823533188753807,0.10848388212019415,0.37054502457878197,0.024116153527106794,0.036133620070508764,0.5437209213133655,0.02276117784348303,0.03768332120006826,0.7686743346485337,0.015075973356434133,0.05274092313057761,0.09324266444360185,-0.09324266444360185,20.0,2.0,0.5833333333333334,0.5277777777777778,0.6429448777250452,0.5009789182199559,1980-05,0.14826254826254825
1981-09,0.10855672093013659,0.16123784082346687,0.019378158794914706,0.019475350417904175,0.2820132663146315,0.08617748289628355,0.11328919136769704,0.37170879124908224,0.036568049386342394,0.04582262910811366,0.5357287474962941,0.028135559539420412,0.04699435583688674,0.7583765968682342,0.027028189221058974,0.08578785677141294,0.08931385088230236,0.08931385088230236,16.0,2.0,0.5833333333333334,0.5833333333333334,0.5513698112057683,0.5186187201844235,1980-02,0.16344916344916344
1981-10,0.10820581162547123,0.1552321439382392,0.021806324208498915,0.022267944583830305,0.27305513869077935,0.08738453561684131,0.11438125357626881,0.36694084301084784,0.0351294000293134,0.051436561463478775,0.5312571242877427,0.03092481691169666,0.052696855349987415,0.7545426508331291,0.027150497712931352,0.08538174803243093,0.08791160897837229,0.08791160897837229,15.0,2.0,0.5833333333333334,0.5555555555555556,0.5816897313183131,0.490411951217173,1980-02,0.1546975546975547
1981-11,0.13776658394635527,0.13016089609246234,0.06580027459015268,0.07063253743086158,0.23519721875219385,0.12387513975394517,0.1520020284522141,0.332037711095183,0.07033177120482435,0.09371752130557441,0.48528333057178447,0.07113174667169882,0.14250842320653903,0.7424058917074577,-0.005481042280450613,-0.008714592426343617,0.07865503310954225,0.07865503310954225,14.0,3.0,0.5833333333333334,0.5277777777777778,0.6361427507188538,0.4273459897373993,1980-02,0.1691119691119691
1981-12,0.1391139611788679,0.1309718138811522,0.06670575820685849,0.07163943639097836,0.23671273460193312,0.12516497796650242,0.15363763402661829,0.33312161608372926,0.07186500714245263,0.09577156444827425,0.4866742883531472,0.07182362397291328,0.14373604806151988,0.7438250807194366,-0.004403329984647389,-0.005292042441989355,0.07923878750240299,0.07923878750240299,13.0,3.0,0.5833333333333334,0.5555555555555556,0.6054713766527059,0.4525274307371087,1980-02,0.17065637065637065
1982-01,0.17704998125664356,0.12882079079889527,0.10217140855817179,0.11099098855506105,0.23169835943220018,0.1619701836951507,0.198295780089402,0.3133948789752251,0.11448313801038713,0.15063708211140836,0.4657816296321859,0.025906578927123242,0.044955736523797835,0.7300740215577887,0.05864461158764751,0.17617165320005504,0.0836582237614531,0.0836582237614531,12.0,3.0,0.5833333333333334,0.5555555555555556,0.6635225909803601,0.4421064047265422,1980-02,0.20669240669240668
1982-02,0.16705537862120928,0.12654784401884803,0.09262319651641898,0.10028347824385317,0.22856915005979636,0.15262950076192955,0.18666524863507425,0.30877692134720913,0.10545335576340314,0.1387122423817124,0.4592689575584022,0.016937816589745785,0.029214501823542467,0.7188168816878929,0.04985597422862964,0.14675248998709223,0.08302621286157852,0.08302621286157852,11.0,3.0,0.5833333333333334,0.5833333333333334,0.6293580163432237,0.49130533943102517,1980-02,0.19768339768339768
1982-03,0.1324042671429169,0.12087199689804909,0.05831638299484859,0.06204104937700707,0.22123756827298305,0.11983495648836556,0.1460053605768524,0.2996162325694669,0.0717931473919531,0.0955865079447641,0.44000636441079627,-0.014258279657485521,-0.024026420827472337,0.6965332952221625,0.06738166170058711,0.1851353438668124,0.08155738294711753,0.08155738294711753,10.0,3.0,0.5555555555555556,0.5277777777777778,0.6865058887788708,0.4946742668703794,1980-02,0.14826254826254825
1982-04,0.13690367599073436,0.11740926317458326,0.06592708530631793,0.07039323150604684,0.21500989694996228,0.12492890549246435,0.15174593246483695,0.29009207388878805,0.07954000860144288,0.104092467470878,0.432415017056184,-0.006497472676103528,-0.01085784632642462,0.6869332447394778,0.07480949397922103,0.20543202137478206,0.07894120542870495,0.07894120542870495,9.0,3.0,0.5555555555555556,0.5277777777777778,0.6828929179487876,0.48137275184419187,1980-02,0.1709137709137709
1982-05,0.135956021941467,0.11411806430946604,0.06638897222229198,0.07078770377312664,0.21004711669234252,0.12486789225142668,0.15137758064063242,0.28681698858602384,0.07806852242966376,0.10206593716142098,0.4276370161347685,-0.007776202655867717,-0.012890754195050438,0.6799725365217091,0.029040342276684582,0.10451604783901601,0.07829264989032311,0.07829264989032311,8.0,3.0,0.5833333333333334,0.5277777777777778,0.6867018058796163,0.487580796691845,1980-02,0.155984555984556
1982-06,0.15451278741277327,0.11785417725828874,0.0825950259699403,0.08883978410102593,0.2143703646653722,0.14149177704650182,0.17161788198356578,0.29162778388920163,0.09434723983377832,0.12823685269726576,0.4216834521078368,0.014983803264726044,0.024624267534295006,0.6781824800653424,0.03725956070142207,0.10559876729195908,0.07997288749906026,0.07997288749906026,7.0,3.0,0.5833333333333334,0.5555555555555556,0.6691470201052852,0.4984370526661648,1980-02,0.19124839124839124
1982-07,0.1506703532154314,0.1162033942255673,0.07929764168877965,0.08502462082423666,0.2130934178390529,0.13880798345859227,0.16807419787095604,0.2898723231164093,0.09164999212612246,0.12333501370066992,0.41937532445017756,0.012108594754469949,0.019679749602498336,0.6713458357325217,0.03355109064054483,0.09109489138218078,0.08041717303027329,0.08041717303027329,6.0,3.0,0.5833333333333334,0.5,0.743628863954163,0.45065873270193546,1980-02,0.17503217503217502
1982-08,0.15201973060373394,0.11393991590699419,0.08080358237405656,0.08620354087741486,0.2130528112537442,0.14275236116943715,0.17188043781157603,0.29026682460302067,0.09449109490188143,0.12431517657921673,0.4175802870828891,0.014916045689095294,0.023577050591918548,0.6625526749089118,0.036137045636429804,0.09050574900417685,0.08326214250323061,0.08326214250323061,5.0,3.0,0.5833333333333334,0.5555555555555556,0.679920684426768,0.5173576948377918,1980-02,0.14002574002574003
1982-09,0.22233111143283404,0.13352215698363704,0.13827496121497432,0.1555487069555881,0.22424844502100258,0.08116007730164618,0.08966388252171922,0.30551651371377175,0.13232073216428364,0.17728507589899825,0.4280373432818133,0.05519024320543485,0.08924918125645276,0.6673150049452204,0.016894485414902505,0.02890449701436057,0.07620406022407447,0.07620406022407447,4.0,4.0,0.6111111111111112,0.5277777777777778,0.7846085509752753,0.41917491578711974,1980-02,0.20772200772200772
1982-10,0.27369499104663314,0.15345834081055162,0.17234353981113665,0.1893860084684111,0.25852363159129005,0.10295324379423162,0.11816458463650334,0.32919142605756757,0.056280749572421636,0.048733678485614614,0.45913672815626605,0.06104940661139313,0.08924918125645279,0.6799903590924071,0.024903725708859323,0.06038221157459707,0.08430898257822203,-0.08430898257822203,35.0,4.0,0.6111111111111112,0.5555555555555556,0.8173762402286968,0.4230125073713609,1982-10,0.22007722007722008
1982-11,0.27667735292941753,0.14781592753855233,0.17897002508222784,0.19611333252431815,0.24798568348624994,0.11275713890863188,0.12987151798524452,0.31476526571045294,0.0686153833987137,0.06624782996095628,0.4450657350439029,0.07000599833892157,0.10406885550875027,0.6706028804305686,0.03135231330726919,0.09281309651163813,0.08056402040509944,-0.08056402040509944,34.0,5.0,0.6111111111111112,0.5555555555555556,0.8204736018235341,0.4203602927463169,1982-10,0.24195624195624196
1982-12,0.27253629519685896,0.15154300584117167,0.17236454953385527,0.1891827728562847,0.2544664047766429,0.10433094756253404,0.11975776526607464,0.3237484387310069,0.05853469160357625,0.05206831029830588,0.4552203315946858,0.061940303772844145,0.09127309280004874,0.6793718508608926,0.02449880716349396,0.061035185872776516,0.08335352234057436,-0.08335352234057436,33.0,4.0,0.6111111111111112,0.5277777777777778,0.8598471157348747,0.39990146276897387,1982-10,0.2283140283140283
1983-01,0.2832544839063841,0.1511392944729132,0.18390104482075545,0.2018950992494837,0.2527563072156552,0.11710174076942587,0.13586989786407863,0.32194545158824267,0.16258415131515336,0.2244703313443665,0.4559381198547113,0.07450227657198857,0.11260443350752335,0.6865939713479745,0.03437098631658451,0.10317638226960942,0.08135938465690043,-0.08135938465690043,32.0,5.0,0.6388888888888888,0.5277777777777778,0.866358568734132,0.38511210995441547,1982-10,0.25328185328185326
1983-02,0.35444589901884294,0.15786112124437135,0.24852818981173067,0.27603886530045924,0.26074771218690973,0.1794959167931362,0.2174517035610405,0.3331355751663959,0.1309269179114126,0.15462791418134894,0.466627213307964,0.04136003533256612,0.0568483959515125,0.7057498301620836,0.0021038744386308803,0.033402356752590526,0.07840703371838381,-0.07840703371838381,31.0,6.0,0.6388888888888888,0.5,0.9969175444239775,0.3077171852206717,1982-10,0.30244530244530243
1983-03,0.34642147573869303,0.15745810541999525,0.23759859086783877,0.2643458621145568,0.2602637040321552,0.166547298893957,0.20361777746018364,0.34167679356314995,0.11028085744668853,0.14910855887423954,0.48081963081609297,0.014116071781369652,0.01527919671003268,0.7238360927468241,-0.01988937106244677,-0.05604243221102617,0.08207561362413629,-0.08207561362413629,30.0,6.0,0.6388888888888888,0.5555555555555556,0.907851231103607,0.37701706070111796,1982-10,0.28957528957528955
1983-04,0.40424342810035174,0.1672825739563873,0.28927136900507416,0.3255536732949839,0.2802902730598799,0.21160202454044702,0.2641946525414194,0.3649782123263203,0.15339663872101938,0.21191037742251606,0.508873914754994,0.054498201113888915,0.08577044477968916,0.7395953793377122,0.00818677533139994,0.022063827810426106,0.07868975480536788,-0.07868975480536788,29.0,7.0,0.6666666666666666,0.6111111111111112,0.8682672185508378,0.35381134461472297,1982-10,0.3232947232947233
1983-05,0.3789172373560718,0.1856725107787309,0.2520635873343307,0.2880971287541404,0.314709640792275,0.16390389766408625,0.20470582977409393,0.40150349625043913,0.10460531157748731,0.14531306366055466,0.5271178274191982,0.018784118461903126,0.039226955347823236,0.7521420037986936,-0.013032894474875536,-0.03469244683249475,0.09082010860193146,-0.09082010860193146,28.0,6.0,0.6666666666666666,0.6111111111111112,0.8448753694335103,0.3803682014339077,1982-10,0.27232947232947236
1983-06,0.36011716632747226,0.19941287641306676,0.22560761999197537,0.25923135290708266,0.33970587513182493,0.1309760798871255,0.16260944734790436,0.4246634768409525,0.07366980825010608,0.10128470186528549,0.545129166875952,0.05884435984263584,0.10299924212637272,0.7770305632871919,-0.037378905355397306,-0.12678754418431504,0.1008858134203896,-0.1008858134203896,27.0,5.0,0.6388888888888888,0.5833333333333334,0.8622042118082829,0.36681250843416086,1982-10,0.22033462033462034
1983-07,0.39115552659871317,0.2077219333860821,0.25302535389529646,0.2920812848093994,0.35321808035469815,0.1562738574074286,0.1998062288116844,0.43857432731369583,0.09951397200886619,0.1414928823141142,0.5625726603938218,0.08670240543923856,0.1541380369522578,0.7991824826969585,-0.011438560494173241,-0.027882132898822853,0.09907424178931379,-0.09907424178931379,26.0,6.0,0.6388888888888888,0.6111111111111112,0.8401049004053721,0.3422760269973732,1982-10,0.2749034749034749
1983-08,0.44261197939551294,0.2119539700489121,0.3005741387774148,0.3494669527578407,0.3582419813277902,0.2025413761659249,0.2669662801057321,0.443187124531571,0.14561663581368792,0.212977217175212,0.5715598661297969,0.05958952810426713,0.10898632014342201,0.8104071206357032,0.03125949915414102,0.13630042815601445,0.09314502663767221,-0.09314502663767221,25.0,7.0,0.6666666666666666,0.6111111111111112,0.8851398937715662,0.2844041702951073,1982-10,0.3510939510939511
1983-09,0.4581308215542476,0.21027214366744662,0.3173612009961561,0.3686615620455318,0.3536561358900133,0.22137078672998026,0.2928341206206379,0.44124074590762347,0.16273604746367698,0.23902302824157584,0.57296902428964,0.15128987699690774,0.2731595689756113,0.817474534925389,0.04278060152264886,0.17977459984393823,0.08946925950871576,-0.08946925950871576,24.0,8.0,0.6944444444444444,0.6111111111111112,0.8969503890493279,0.2641664146204675,1982-10,0.36061776061776063
1983-10,0.46744625988329946,0.21322625673039644,0.32533526668869595,0.37831184162184883,0.35714981751928937,0.22941312050725995,0.30557132917294383,0.44572915134889435,0.17037678370677897,0.25201405342911265,0.5811773850330384,0.15990709461995758,0.2916502691809726,0.8297665170263855,0.04775556046884866,0.19893749587112014,0.08913441826145074,-0.08913441826145074,23.0,8.0,0.7222222222222222,0.5833333333333334,0.9449383842294733,0.23220579819356374,1982-10,0.35006435006435005
1983-11,0.53682392629105,0.22763623570227032,0.38750465708520504,0.4552766821673199,0.3779521107226673,0.28890411337634175,0.3971078161662496,0.47184169378892377,0.22731671325858857,0.347245080746583,0.6193639200580168,0.1305486791617192,0.27018917784039453,0.8553097252842531,0.027334293321779564,0.13207486789498668,0.08154724412373027,-0.08154724412373027,22.0,10.0,0.7222222222222222,0.5833333333333334,0.993982959200963,0.1389869815355646,1982-10,0.45997425997425995
1983-12,0.5360897271470111,0.22741333013786935,0.3867973664514006,0.45442596400286506,0.37775694094601436,0.2880997546647797,0.3960677095339993,0.4724243861804114,0.22595244618687582,0.3456079302183361,0.6197487893576676,0.1292368845921778,0.2682832110792659,0.8581135884023222,0.024931107364626826,0.12529097237524958,0.08166376314414614,-0.08166376314414614,21.0,9.0,0.7222222222222222,0.5833333333333334,0.9938083174895511,0.1404556144756789,1982-10,0.46023166023166023
1984-01,0.5416228600090134,0.22719102282587433,0.3924265785965641,0.46126182980460706,0.37801134500095845,0.2933829150307015,0.4034248404356017,0.4732235934617647,0.23085705798503006,0.35331759762175685,0.6197173951777599,0.13465461919962748,0.2816691431856072,0.8600067429425962,0.030099479037890325,0.1515642944744077,0.08036103020440644,-0.08036103020440644,20.0,10.0,0.7222222222222222,0.6111111111111112,0.953211144366055,0.1438460768384103,1982-10,0.4800514800514801
1984-02,0.5228788701305919,0.23315980949299725,0.37444963697461436,0.43998535058394295,0.3862489596712931,0.27699328197554585,0.37739988329997215,0.48444047479933977,0.21448469044524926,0.3251067165216672,0.6370762607966883,0.11731694649739377,0.24228132009313594,0.8593297364626711,0.026919348665373884,0.1515642944744077,0.08289351954664897,-0.08289351954664897,19.0,10.0,0.7222222222222222,0.6111111111111112,0.922311708768542,0.14214979559551513,1982-10,0.4512226512226512
1984-03,0.5234424261049739,0.23900720079191912,0.3719199475020251,0.43804604567199756,0.39725390368519525,0.27159689207237325,0.373497921756689,0.4919731553368339,0.21154809130771451,0.322899847747812,0.6455766448115848,0.11416867608440907,0.2346488620155145,0.8572290078265771,0.031043568247610814,0.17155857137200706,0.08539638043297626,-0.08539638043297626,18.0,10.0,0.6944444444444444,0.6111111111111112,0.9206659251070627,0.13815467419152114,1982-10,0.46332046332046334
1984-04,0.5322793472000958,0.23901692573523334,0.3796831077308876,0.4479119896632788,0.39643252646421473,0.279183828731551,0.3854081154784983,0.4916055710572548,0.21842223764732452,0.3349138552345252,0.6463693324995957,0.11961597976594131,0.24905636771076645,0.8593946508293593,0.03422490290905914,0.1850596152810486,0.08436735753681707,-0.08436735753681707,17.0,10.0,0.6944444444444444,0.6388888888888888,0.8907592243684156,0.14289884680540024,1982-10,0.48983268983268985
1984-05,0.5234789983570407,0.23977517301790024,0.3726856166715899,0.4383448051495916,0.3991495917073351,0.27245585874524,0.374720863394872,0.4938337899421939,0.21290945006453782,0.3248350312201676,0.6470706616213384,0.11653956410610858,0.23811855352884773,0.8583744098580947,0.03505246986850464,0.1915098960786095,0.08513419320744897,-0.08513419320744897,16.0,10.0,0.6944444444444444,0.6388888888888888,0.8768062213873765,0.14190601149332568,1982-10,0.4931788931788932
1984-06,0.5333626300058355,0.24495840131037888,0.3777763398703763,0.44761404355963025,0.4098572721828996,0.2730401747527989,0.37886945937506794,0.5006812148423808,0.21535299105845615,0.33067709108119714,0.6535099845716663,0.11828319806116484,0.24763375142141275,0.8563174496209321,0.042198342403758866,0.18328371940655802,0.08574858644620525,-0.08574858644620525,15.0,11.0,0.6666666666666666,0.6944444444444444,0.8179615887368299,0.1619406971105912,1982-10,0.5019305019305019
1984-07,0.5150837861977665,0.2485768102286716,0.35832066952315783,0.42502127895825786,0.41288358080932896,0.2547018266259903,0.3525040117480473,0.5107198648822964,0.19300210169576942,0.29779957103818105,0.6706998554701681,0.09211191042226079,0.19341612981432563,0.8665945465661345,0.020747960491616625,0.13555361831241305,0.0900625072395086,-0.0900625072395086,14.0,9.0,0.6388888888888888,0.6388888888888888,0.8717483090792683,0.15555989168471857,1982-10,0.4362934362934363
1984-08,0.5446875028636454,0.2129864409105471,0.40450217602465277,0.47285928912295655,0.35127619750425343,0.3134813831342944,0.41844627791728906,0.4470780871150144,0.2504256357850153,0.3702827632692604,0.6187826981399568,0.13741155416841566,0.2490052373858321,0.8498325022020977,0.034354089411513855,0.185475517558563,0.0718282137406886,-0.0718282137406886,13.0,10.0,0.6666666666666666,0.6111111111111112,0.9568335604699059,0.14187683786502397,1982-10,0.4911196911196911
1984-09,0.5474854977146867,0.216580884706748,0.40073510005400487,0.4706098218053083,0.35705884759371104,0.30555035212882475,0.4177047413329139,0.4653710586272672,0.2321604033242301,0.3588164527746752,0.6482965375353438,0.10821416121529066,0.21676751532087682,0.8511489663408138,0.026557971004571256,0.12620701172705018,0.07687567590937833,-0.07687567590937833,12.0,9.0,0.6666666666666666,0.6388888888888888,0.9321133726500228,0.17512424237973,1982-10,0.4702702702702703
1984-10,0.5365678212436805,0.21616959863533358,0.3900577854872444,0.4575183358251178,0.35549122687607304,0.29563184925913677,0.4033423895953572,0.46265281638697736,0.22300254148378862,0.3436771579974866,0.644116072345341,0.10001490452291963,0.19871606248634852,0.8456196594015006,0.017569157064140483,0.0810066969085101,0.07904948541856249,-0.07904948541856249,11.0,9.0,0.6388888888888888,0.6388888888888888,0.9239413102365421,0.1900597224547425,1982-10,0.435006435006435
1984-11,0.5683081800720717,0.23503051186581994,0.39622675250761263,0.48581048320944925,0.39014333048001104,0.28265836919951,0.4066997402226349,0.49846297899136455,0.20335036956516594,0.33649396209596866,0.6910140145430148,0.06237098431981737,0.12873975168833457,0.8591585749084374,0.00429233744190317,0.01573127326650055,0.08249769686262248,-0.08249769686262248,10.0,8.0,0.6388888888888888,0.6111111111111112,1.0344683611430414,0.20482268875888537,1982-10,0.41827541827541825
1984-12,0.5697035270395754,0.236589415211407,0.3969762283066692,0.48705737733352805,0.3911701354338345,0.284121178488195,0.4091941035467221,0.5005624114200982,0.20425694484753099,0.33872843935997743,0.6939949923762208,0.06303724080612066,0.13089559454537533,0.862163950814212,0.0034412956364507506,0.012121429017489452,0.08264614970604733,-0.08264614970604733,9.0,8.0,0.6388888888888888,0.6111111111111112,1.0339123214357624,0.20046054465725985,1982-10,0.4203346203346203
1985-01,0.5267816237923456,0.2484293069156594,0.350132928528543,0.43304175190550004,0.4091322261698611,0.23586315350165157,0.33878650057951565,0.5220144416154856,0.15559687443608727,0.2592662850625657,0.6776301928586321,0.044944392404525704,0.0775707055560969,0.8410278317275769,-0.0022285558007812006,-0.011162977879493606,0.0937398718868454,-0.0937398718868454,8.0,7.0,0.6388888888888888,0.5833333333333334,1.0315365390942686,0.21499403254983665,1982-10,0.36833976833976834
1985-02,0.5122261299270289,0.23501662257052044,0.34097138944720484,0.42043434876786606,0.3896239758188126,0.22831024289845878,0.3232908957262468,0.500880395515975,0.1472385762497105,0.24217444529026952,0.6523626311316536,0.0368546780219063,0.05880143161186351,0.8210293387837341,0.01806024582800784,0.05119995235596265,0.09179178115916276,-0.09179178115916276,7.0,7.0,0.6666666666666666,0.5555555555555556,1.0858033925243575,0.23675958144007114,1982-10,0.3709137709137709
1985-03,0.5782564500725363,0.2424750691905566,0.40185893867071404,0.5013473823909047,0.4058619805601165,0.28299705048801366,0.4142741870034101,0.5163088640806914,0.20264835542359286,0.34510024698875824,0.6731352435069997,0.08855917031558382,0.1775269757726319,0.8124469269474621,0.01615265041296569,0.04978575794282489,0.07690906768163153,-0.07690906768163153,6.0,10.0,0.6944444444444444,0.6111111111111112,1.0386597290186474,0.1865384489908192,1982-10,0.45842985842985845
1985-04,0.5795990768159607,0.2470767425901575,0.4006341630625287,0.4982173059470096,0.41110373623573954,0.28182461238090284,0.414558287811175,0.5226240805313458,0.2010471640893724,0.3446943780416285,0.6801360652419824,0.08695662499872989,0.17747455372666385,0.8204255636681039,0.015464752677682724,0.05706160147594122,0.08138177086895132,-0.08138177086895132,5.0,9.0,0.6944444444444444,0.5833333333333334,1.086606946098347,0.16885187863377737,1982-10,0.46537966537966535
1985-05,0.5833992934115072,0.2406057650439331,0.4098468917484859,0.5050409779326004,0.3995043961850512,0.29523102188156,0.4294992784799603,0.5122597971868738,0.21389892811078032,0.3624095802580359,0.667194894404784,0.10214201231471794,0.2097867204812742,0.810005355354678,0.029649545472347175,0.10923062060954634,0.07835831547890693,-0.07835831547890693,4.0,11.0,0.6944444444444444,0.6111111111111112,1.0378404333581779,0.1723938760340828,1982-10,0.49214929214929215
1985-06,0.539854231482526,0.25024131409696715,0.36483391756253614,0.4472784582362,0.41179463308501746,0.25184253280203106,0.3656483005125322,0.5113711232929142,0.18219812321231926,0.27966323638548524,0.6335245150460687,0.09676328984685745,0.20047492018858198,0.7854296577144037,0.026511192066781725,0.1044206440683967,0.09257577324632632,-0.09257577324632632,3.0,10.0,0.6944444444444444,0.6388888888888888,0.9429155072133976,0.21478142800151837,1982-10,0.4568854568854569
1985-07,0.5475701166934396,0.25238689982967605,0.37168932008246114,0.4569955919311427,0.41798609425765454,0.25628825032097696,0.3737133418950724,0.5202254391177803,0.18504074329458767,0.2853738691619513,0.6397886599636307,0.10172075108447731,0.2130414315316737,0.7924126659726513,0.06382948211524919,0.21866918059229115,0.09057452476229699,-0.09057452476229699,2.0,11.0,0.6666666666666666,0.6111111111111112,0.9898953511012677,0.18662454571124992,1982-10,0.46383526383526386
1985-08,0.5891086523471198,0.2633506764630166,0.4033723550264604,0.5076765587235337,0.43941622635109473,0.27919662188939387,0.41993860956270934,0.5491032010078115,0.20183645403007705,0.324264041799027,0.6608012510717796,0.1230579123705018,0.2647421627707675,0.8009603768030125,0.05547328814139588,0.21710225095228963,0.08143209362358639,-0.08143209362358639,1.0,99.0,0.6388888888888888,0.6666666666666666,0.9438259788688557,0.16941838839194537,1982-10,0.49446589446589445
1985-09,0.552039296950897,0.34400107499710836,0.3177814218591306,0.4185449207994833,0.4902306869081781,0.21820197094587754,0.3229326306390037,0.5590184010001884,0.1713589087962905,0.27820486745756445,0.6543791583829742,0.10642013384676266,0.22997598592554241,0.7800590100343233,0.057206986926464816,0.1442024297064948,0.13349437615141407,-0.13349437615141407,0.0,12.0,0.6111111111111112,0.6666666666666666,0.8990766195309184,0.1880386229550538,1982-10,0.4561132561132561
1985-10,0.41846934181975204,0.25060251275263085,0.27210584372909263,0.3238515773027307,0.34545224062509483,0.216709200607384,0.27882821764915416,0.407995226129674,0.18018119440770347,0.265554198367645,0.5248826867711054,0.11191349256186649,0.19067419063187463,0.7095233222687387,0.08190888233855007,0.19769821450839953,0.09461776451702153,-0.09461776451702153,21.0,11.0,0.6111111111111112,0.6666666666666666,0.7310010695604463,0.2414665588132823,1984-08,0.40540540540540543
1985-11,0.4375080492590131,0.23227732027481793,0.2985048003471031,0.3514741812166834,0.3425594954681388,0.2325079108065878,0.29171815369780746,0.4333470365957843,0.17817732371984443,0.24463763024632995,0.5523943233360369,0.10693507066016471,0.19067419063187463,0.7240068369065076,0.08008441750558067,0.19769821450839956,0.08603386804232965,-0.08603386804232965,20.0,11.0,0.6111111111111112,0.6944444444444444,0.7251612517977748,0.25602268826171937,1984-08,0.41673101673101676
1985-12,0.46798846387964205,0.20237752138925102,0.3416090588518539,0.3967668622381203,0.2968411130740783,0.2826190463644766,0.34916602257140067,0.3841201267468654,0.22811561266462657,0.30667773613018284,0.5284675354007008,0.13797447694092538,0.2288324962523769,0.7124818871170502,0.06336798832376153,0.14635577785919388,0.07122160164152197,-0.07122160164152197,19.0,12.0,0.6111111111111112,0.6388888888888888,0.8312210817477803,0.2106529726470366,1984-08,0.4435006435006435
1986-01,0.470353228294922,0.20634339897768525,0.3411244136096093,0.39844575223447976,0.3033182636700729,0.28039096208872455,0.3496573099322788,0.39049860797987873,0.22579162615245835,0.28960147463082764,0.5355514297019384,0.1349478952128081,0.22684724065064435,0.7217456611966181,0.05971291510166016,0.13885036466630307,0.07190747606044234,-0.07190747606044234,18.0,12.0,0.6111111111111112,0.6388888888888888,0.8343951085857839,0.20990188516544325,1984-08,0.4594594594594595
1986-02,0.5097559749386207,0.1810109948140069,0.3919258586714821,0.4517465708661404,0.2658230526970164,0.33671697673876444,0.41648467904169123,0.34908422746547335,0.28251765081612346,0.37560253500084,0.5021904177487323,0.18285232263629608,0.26088700335915327,0.7133283394368054,0.08926311665677775,0.21892255654930945,0.05800940407248073,-0.05800940407248073,17.0,99.0,0.6388888888888888,0.6666666666666666,0.8463521720585064,0.2059160838793693,1984-08,0.511969111969112
1986-03,0.5530096387048344,0.1527153964100834,0.44900111751064015,0.5062996150228043,0.29953277255312344,0.3490095086931213,0.4461371849996833,0.3761910421573596,0.29680054059777333,0.41095210107512403,0.5045724779106392,0.2093649342648651,0.3132442600533707,0.7361923554320623,0.09471539686084997,0.2419173498048736,0.046710023682030144,-0.046710023682030144,35.0,99.0,0.6388888888888888,0.6666666666666666,0.8998432724127411,0.18674176526971506,1986-03,0.5464607464607465
1986-04,0.5601141488445296,0.14963023631755834,0.4572461504729219,0.5135285592100443,0.2916963411613182,0.3595783514946904,0.4589345647416739,0.36789283469938544,0.3071946824843625,0.42450493681054097,0.4916663721602112,0.22210268260977375,0.3350832951626007,0.7227071358035546,0.10878692659079522,0.2882968859282528,0.046585589634485336,-0.046585589634485336,34.0,99.0,0.6388888888888888,0.6944444444444444,0.8733168562421229,0.2026296542267757,1986-03,0.5629343629343629
1986-05,0.5691170868446858,0.15406284550915855,0.46426233221337865,0.5212966410467138,0.3007099051006008,0.36445474135624867,0.46866704309710316,0.37207784215470435,0.31588191704147417,0.43751967088041316,0.5023478012039402,0.22722053637701006,0.3476981297899709,0.7225136617635995,0.12008861194001337,0.32573258512496217,0.047820445797971844,-0.047820445797971844,33.0,99.0,0.6111111111111112,0.75,0.8100000569123549,0.21676705522995313,1986-03,0.5714285714285714
1986-06,0.5743950665784465,0.14985625477501638,0.469450954671033,0.5279098091330372,0.2919230835457829,0.3699617661868144,0.4755254864785224,0.3645457331178103,0.3191042329117313,0.4431074452343141,0.48957879725971665,0.23154376441387176,0.35476226166582886,0.7120636585660814,0.12080046082344376,0.33005802097274073,0.046485257445409545,-0.046485257445409545,32.0,99.0,0.6388888888888888,0.75,0.8261902810044572,0.2448122507638576,1986-03,0.5750321750321751
1986-07,0.5313803664857686,0.1431872511706714,0.4279215361113436,0.47977310617636554,0.2748971126058727,0.33275560407859994,0.4233677085187042,0.34802944787149404,0.2799144062256359,0.3865255372122388,0.46738189986869183,0.1936772238997348,0.32835172408624225,0.7031829761459709,0.13999934959828483,0.3711913556636997,0.052536247223230026,0.052536247223230026,35.0,11.0,0.6388888888888888,0.75,0.812727584417002,0.3717035502507946,1986-07,0.5243243243243243
1986-08,0.5034369922857993,0.14662745602303898,0.3988843498238357,0.4480167387299892,0.28113428793016126,0.3029743130100816,0.3854808144798678,0.3513585480759846,0.25290093547000786,0.36882676278392323,0.46534940871763547,0.17161980286462866,0.27177663821834125,0.6940739198645888,0.13370224858365287,0.3427641233608937,0.05542025355581004,-0.05542025355581004,30.0,11.0,0.6388888888888888,0.6944444444444444,0.8515405840259943,0.3334745336951713,1986-03,0.49523809523809526
1986-09,0.5272971047111765,0.14631373558533678,0.42185657013169603,0.4740045438981934,0.2806839611094877,0.32502308861233203,0.41520099723488596,0.34593691670277604,0.27799875085537196,0.38222964344124466,0.46702789641245107,0.19073491617667676,0.3227453673642929,0.7062157820050011,0.13612448680549086,0.3619244698195874,0.053292560812983114,-0.053292560812983114,29.0,11.0,0.6388888888888888,0.75,0.8088525717359545,0.3759578635532882,1986-03,0.5235521235521235
1986-10,0.530026144086929,0.14669386129424547,0.4241558910240361,0.47686717187504524,0.28164872117178946,0.32675777878371637,0.4178773565799007,0.34565147055390405,0.2805664302567743,0.3857088673809771,0.4658718120284567,0.19380234985883363,0.3273444464288871,0.7042150181996746,0.13859296982956906,0.36637829376549835,0.053158972211883815,-0.053158972211883815,28.0,11.0,0.6111111111111112,0.75,0.8113096968552499,0.37271630800547034,1986-03,0.5142857142857142
1986-11,0.5206251235512774,0.14326978943838772,0.4175606110990016,0.46833496010217307,0.27552430199080713,0.3224201986696924,0.4093747586874716,0.3436888376825308,0.2733844273103406,0.37459402886834187,0.4655988357743853,0.185685586084653,0.3133281378707213,0.7062885964538566,0.13203596436280865,0.34572014965514003,0.053985698228350754,0.053985698228350754,31.0,11.0,0.6388888888888888,0.6666666666666666,0.9041657779248474,0.28984161215846876,1986-07,0.5104247104247104
1986-12,0.5155637699888881,0.1422058270326293,0.41330725708739424,0.46321440323962254,0.2732722805401851,0.3190607780667193,0.4042319588731818,0.34399211393044454,0.2682079845746265,0.3676856726767073,0.4675369828159113,0.1793700814962852,0.3037551265471163,0.7099845635868534,0.1265007118209315,0.3341924863475787,0.05437987696539359,0.05437987696539359,30.0,11.0,0.6666666666666666,0.6666666666666666,0.9002567074570443,0.29678575244649846,1986-07,0.5117117117117117
1987-01,0.4763544663705796,0.13450904584415183,0.38071717073542793,0.42478430297820174,0.2605920695745774,0.2910708622704065,0.3609185282686418,0.3309060901285151,0.24107688061058166,0.32305500111583874,0.450156251390527,0.15628880665183387,0.25236749525336755,0.6870656943268104,0.1051936708747361,0.2412343452637113,0.053642163404085286,0.053642163404085286,29.0,11.0,0.6666666666666666,0.6388888888888888,0.903429592472514,0.315882638761349,1986-07,0.4831402831402831
1987-02,0.4015819489779008,0.12519398226706835,0.30926231145877364,0.34368206963643577,0.2464586498913878,0.21984020061743315,0.26810846028747215,0.3217726491671042,0.16430269803669703,0.21948591746378554,0.4397624317574899,0.16098378310912592,0.26675980453451315,0.6752207106558347,0.06498959315105687,0.12922697068376326,0.06511519759700024,0.06511519759700024,35.0,7.0,0.6388888888888888,0.6388888888888888,0.8666263939337394,0.4520799112499597,1987-02,0.390990990990991
1987-03,0.377183597684622,0.12186736199593025,0.28618502798353673,0.3182512436185425,0.240094593775584,0.19790454980245933,0.23930954919856837,0.3198494617921779,0.13835145209569807,0.1845057677186921,0.4433069005329585,0.13220335629401977,0.22306391958446242,0.675957854616691,0.03815890348607717,0.07057250869876243,0.06505014636451617,0.06505014636451617,34.0,7.0,0.6666666666666666,0.6111111111111112,0.8939996903105946,0.4618976619908083,1987-02,0.3464607464607465
1987-04,0.3992451459505851,0.1166383681991365,0.3141221060536631,0.3457221620629869,0.23115091014805306,0.23055050069329477,0.2774091387208283,0.32732135902689125,0.16036501127662406,0.22847775341741175,0.4571128959274518,0.06564274840162762,0.11651917829604215,0.6960900984427053,0.04128960090149327,0.09860741036519512,0.058501379924778496,0.058501379924778496,33.0,7.0,0.6944444444444444,0.6111111111111112,0.8981065402259625,0.41319741262147847,1987-02,0.3564993564993565
1987-05,0.39243652732838075,0.11753575931146468,0.3073808415004791,0.338204657580222,0.23308987986516144,0.22375918430005629,0.268861660093419,0.3306304584026167,0.15317316986364546,0.21808459868997918,0.45445696298377136,0.1388548461902828,0.22955215244822078,0.6928817237922362,0.041381220990555585,0.09860741036519512,0.058125158714645186,0.058125158714645186,32.0,7.0,0.6666666666666666,0.6111111111111112,0.8878024196851336,0.4140267697556864,1987-02,0.3534105534105534
1987-06,0.38371704365325426,0.1136833000404798,0.301362245947137,0.3308182929068676,0.22675872174555203,0.2194478092907482,0.2623325392089579,0.333088104876946,0.142420358162182,0.20297032653349958,0.4660315597579243,0.04611306123135047,0.08286864501415107,0.7027224031583926,0.028656889215643338,0.06932986660225238,0.05941642128225294,0.05941642128225294,24.0,7.0,0.6944444444444444,0.6388888888888888,0.8431500361652782,0.45864263876442346,1986-07,0.33436293436293435
1987-07,0.3918572618017365,0.11366154534626155,0.3088050409477086,0.34263910369564604,0.22565979044644402,0.22696818962752863,0.27199425170466696,0.33539970960467486,0.14678149170197272,0.20922147273416378,0.47181229590296414,0.047105139334946804,0.08394248923361718,0.7099529550439615,0.029336509522634353,0.08304906441783005,0.06389969328613221,0.06389969328613221,23.0,7.0,0.7222222222222222,0.6666666666666666,0.8185296024941233,0.4941421913998481,1986-07,0.3420849420849421
1987-08,0.2742948157803562,0.12590161791589374,0.18311920719713817,0.20180710551670877,0.23736436838866268,0.1023999576994623,0.13054495758590418,0.3150447030040804,0.0461453050528212,0.0613335207795566,0.4467288213777729,0.14150849285146086,0.22262156587238432,0.7066551553913394,0.025680272598746206,0.07267400980353107,0.07248771026364748,-0.07248771026364748,18.0,4.0,0.6944444444444444,0.5833333333333334,0.8320635042718104,0.5248676691597036,1986-03,0.21853281853281853
1987-09,0.34841841776692173,0.128396946901796,0.2534030099005106,0.27785248251603356,0.2466595537848861,0.16588714523640574,0.20584267899976663,0.3390329866519943,0.0975296054998744,0.1343928698721582,0.46054530130578314,0.09385418491467747,0.14196110036766646,0.7135708928040715,-0.007337025216319607,-0.017663489543626634,0.07056593525088806,-0.07056593525088806,35.0,5.0,0.6944444444444444,0.5833333333333334,0.9070261684838881,0.456860327754626,1987-09,0.28725868725868725
1987-10,0.3330302123704163,0.12366052020192221,0.25783401748985896,0.2828555189940558,0.23684331023077548,0.18900918057151506,0.22716495335418507,0.31472513459026047,0.14165035632731504,0.18957708132282358,0.44496193728448885,0.13275731467061708,0.24239376274937852,0.7109562777274437,0.03508580384302234,0.1017248945163276,0.050396662178915475,0.050396662178915475,33.0,7.0,0.6944444444444444,0.5833333333333334,0.7842632663144197,0.32089807730921593,1987-08,0.3281853281853282
1987-11,0.14571677845956627,0.20757664338191267,0.27890538334862397,0.34691884781326043,0.31360364149770803,0.210874665973376,0.297129426626369,0.3965376245025086,0.15766125373999992,0.24197157233417071,0.5063884817531237,0.08717701146348514,0.18952458195141836,0.7326469259599148,0.005949513970840188,0.024562064305276948,0.20120206935369433,0.20120206935369433,35.0,3.0,0.6666666666666666,0.6666666666666666,0.5741112524970788,0.7232152344870895,1987-11,0.2514800514800515
1987-12,0.15491515900867622,0.20726700632120704,0.288550869677794,0.35842221469992336,0.3132921052240015,0.22019102943056829,0.30979807019028777,0.39430693258792043,0.1679565989648958,0.25686115857837866,0.5000363847184843,0.09978737741388854,0.2174148370823375,0.7250659738627157,0.01747071713447296,0.06366620487452046,0.20350705569124708,0.20350705569124708,34.0,3.0,0.6944444444444444,0.6666666666666666,0.5830902631983194,0.7143446459546666,1987-11,0.27438867438867437
1988-01,0.16218818805333773,0.2024136037446701,0.2941495639596282,0.36504411442727297,0.30661860576788413,0.22621423160594395,0.31711198637606614,0.3868280418294798,0.1739225508713456,0.2648283085121292,0.4927010066310607,0.10489980809108046,0.22786468319812717,0.7144155543769397,0.023908344329926275,0.08282619519230595,0.20285592637393524,0.20285592637393524,33.0,4.0,0.6944444444444444,0.6944444444444444,0.5698892166358498,0.7791494394572204,1987-11,0.2754182754182754
1988-02,0.18626473243611796,0.1949413987044046,0.31427779386101073,0.38968071725691894,0.29816022220775396,0.2464966161267972,0.3430983391478511,0.3783297270152368,0.19385134010266633,0.2927870344036854,0.48850252609925837,0.18852197815263214,0.4039146052345163,0.7084154457369897,0.04411075366767963,0.14624265911393955,0.2034159848208011,0.2034159848208011,32.0,4.0,0.6944444444444444,0.7222222222222222,0.5673629998118355,0.8232172359843591,1987-11,0.3122265122265122
1988-03,0.16818532632866273,0.19662269637420662,0.2972916809428308,0.37012073868150547,0.2979081983931146,0.23078561535597625,0.3228782488037342,0.38077708227757445,0.17637226579583415,0.26859443934355437,0.49467081585580186,0.10158738578535349,0.2230029130125248,0.7134237293589533,0.02447201249497919,0.08234348376605329,0.2019354123528428,0.2019354123528428,31.0,4.0,0.6666666666666666,0.6944444444444444,0.5773635850318453,0.7770548367539033,1987-11,0.26666666666666666
1988-04,0.1854061780525537,0.2000942982749539,0.31745119392637206,0.3945006212130178,0.3034435638531672,0.24924957333311387,0.348980863908079,0.3816857757332783,0.19761644735810383,0.29980701336297105,0.4841016587754758,0.13003077890764578,0.286532559124054,0.7032169839364916,0.04841969247742356,0.16509192975999024,0.20909444316046424,0.20909444316046424,30.0,5.0,0.6666666666666666,0.6944444444444444,0.5917240795850306,0.7548987052533076,1987-11,0.29884169884169887
1988-05,0.19830585884447774,0.20403675672081203,0.3345212915161624,0.4140494633646918,0.31203713490498197,0.2624199776181372,0.3686394219125056,0.3841871314788802,0.21425246526142047,0.32474705880695837,0.4833294058143718,0.1480648429344167,0.24904089723665362,0.6980254231390877,0.11240959061828944,0.3973308815049767,0.215743604520214,0.215743604520214,29.0,5.0,0.6666666666666666,0.6944444444444444,0.6061357955888252,0.746608166378537,1987-11,0.34234234234234234
1988-06,0.200337065362193,0.21203251526283862,0.34353442410178947,0.42599648293437037,0.3204892403694886,0.27028756121584646,0.3845064372288999,0.39341139574531586,0.22103917103157425,0.34067446971072496,0.49460377151773016,0.15269832756597723,0.26380399196821064,0.7081391656827959,0.11789099555906671,0.44059170702952527,0.22565941757217742,0.22565941757217742,28.0,5.0,0.6666666666666666,0.6944444444444444,0.6129849059470264,0.755711396454446,1987-11,0.35366795366795367
1988-07,0.20689797237935448,0.2103546777094362,0.3491781967626089,0.43180012561066555,0.32009342080743863,0.2749528305309755,0.39005052856433614,0.3915673663386669,0.22660910402831796,0.34783413026841326,0.494045075521551,0.1572949741235729,0.2705238676708853,0.7056774215655702,0.12300510653987229,0.4505546915923627,0.22490215323131107,0.22490215323131107,27.0,5.0,0.6944444444444444,0.7222222222222222,0.5945157076424344,0.8215979365425887,1987-11,0.35855855855855856
1988-08,0.21562396457626404,0.20958929554183003,0.35857141728684416,0.4435899286763208,0.31853183793495043,0.28426867731793737,0.4033967357902669,0.388627261271656,0.2364610725127959,0.3625743343499595,0.4909952749258477,0.16664239807582745,0.2865560272793456,0.6983636896977441,0.13329371739419515,0.48584681242806405,0.2279659641000567,0.2279659641000567,26.0,5.0,0.7222222222222222,0.7222222222222222,0.6041942324133972,0.8162211282579085,1987-11,0.3696267696267696
1988-09,0.21566084244514946,0.2079327402762272,0.3580871251172802,0.44488757932904605,0.3132801020445097,0.2859280552851782,0.40587175204855497,0.3857976056707276,0.23625623132698734,0.3630627539301119,0.48375883955763893,0.1691563875508069,0.2905003709394422,0.6948822250457342,0.13384319316022705,0.4947934992104651,0.22922673688389653,0.22922673688389653,25.0,5.0,0.75,0.7222222222222222,0.6061892836406426,0.8212791889076477,1987-11,0.3722007722007722
1988-10,0.22013941936942708,0.20676825271041865,0.362277221996699,0.4500443692557949,0.30969047603983485,0.2915258446755159,0.4131886788073803,0.38274698294017795,0.24130492718784946,0.3704108108372536,0.4798198104386191,0.17457457465752899,0.31459852034399255,0.6889304805768021,0.1399318483087128,0.5129478545758273,0.22990494988636775,0.22990494988636775,24.0,5.0,0.75,0.7222222222222222,0.6108611112467385,0.8177509214485251,1987-11,0.3732303732303732
1988-11,0.1997329102866526,0.21822081133983504,0.34679613825429356,0.4315352034398588,0.33326867689015544,0.26926315514999716,0.38684871763415035,0.4038381097467619,0.2217050486246927,0.3445077399307047,0.5069175791426479,0.15223779931205383,0.2690134502225987,0.700335536119696,0.13141297788568715,0.47829560341154276,0.23180229315320613,0.23180229315320613,23.0,4.0,0.75,0.7222222222222222,0.5880351771454371,0.829826274574852,1987-11,0.37425997425997426
1988-12,0.16756967848355675,0.23567569112575357,0.32321834416729267,0.4056615487146922,0.3616754384517431,0.2400035991331364,0.3534758899712534,0.43273957964983434,0.19307029556411676,0.30844284187168874,0.5353236555740494,0.18306716482923552,0.3197980542698653,0.7128957013435391,0.11946619010134173,0.4318300876077596,0.23809187023113537,0.23809187023113537,22.0,3.0,0.7222222222222222,0.6944444444444444,0.5796038411002714,0.7841052073256637,1987-11,0.3518661518661519
1989-01,0.1685441966531665,0.23724080561443722,0.3248904761719782,0.4081615936901915,0.36134766354535813,0.2431016563691828,0.35830571485204593,0.4334637455380383,0.1955757634949471,0.3128794498319519,0.5364422575772976,0.1277109322909615,0.2463168584935846,0.7151580980068554,0.12142108428315512,0.4434238332515204,0.23961739703702506,0.23961739703702506,21.0,3.0,0.7222222222222222,0.7222222222222222,0.5570139199841407,0.8583315036726831,1987-11,0.3518661518661519
1989-02,0.13191298602324877,0.2570207468204936,0.297285487820589,0.3772809835523835,0.3929934993907979,0.20979778674201982,0.3183872338641529,0.4666246876466027,0.16242194660924783,0.26901474195476904,0.556828651950668,0.16196870191044271,0.3321830018157081,0.7221592852585672,0.11196440328079141,0.3066596865503483,0.24536799752913477,0.24536799752913477,20.0,2.0,0.7222222222222222,0.6944444444444444,0.5427336699930844,0.8137624762739457,1987-11,0.34465894465894464
1989-03,0.0510754733397499,0.310559291596059,0.2458391699339619,0.3215545204957207,0.38893966722536777,0.1966838166371656,0.27362389884276095,0.44111986028429423,0.22940802603668606,0.3544332731664157,0.5351341177212626,0.22983392825402135,0.4030968766132721,0.7136660852770758,0.11786965314666108,0.31892713118527927,0.2704790471559709,0.2704790471559709,19.0,2.0,0.7222222222222222,0.7222222222222222,0.4564901923553917,1.0081103434348937,1987-11,0.31891891891891894
1989-04,0.04536192714351754,0.318806064217864,0.24903314657014722,0.3283511035583354,0.39743562220873546,0.1988001687305735,0.279771370681273,0.4515126339197615,0.23334760102347418,0.36815100082829955,0.5449607133023806,0.23263515879852043,0.42178059793331296,0.7265963662338047,0.11659610221829644,0.3055346153124531,0.28298917641481797,0.28298917641481797,18.0,1.0,0.7222222222222222,0.75,0.44347468907103077,1.1540165727660796,1987-11,0.338996138996139
1989-05,0.06381433159844001,0.3005170599649983,0.2622507683589931,0.34368356553920404,0.3810487448171074,0.20907435105264247,0.2938259538959145,0.43303249258850274,0.24340008842813954,0.38103814956369714,0.5297258085167437,0.24204137818888277,0.44087154598270506,0.7020589909581991,0.12824689789125274,0.34181576241986894,0.27986923394076413,0.27986923394076413,17.0,2.0,0.75,0.7222222222222222,0.48739589433677794,1.0438791646810823,1987-11,0.3410553410553411
1989-06,0.09182393538385958,0.2805347304103388,0.2751873854435566,0.3553741739724536,0.3604303988431733,0.22296588193402087,0.3076953845825045,0.4091730546188316,0.1911066482661472,0.285230436520741,0.5059353153760623,0.2543525142666585,0.4414421467751259,0.6814007615865187,0.13966457692516587,0.36672041774486136,0.263550238588594,0.263550238588594,16.0,3.0,0.75,0.7222222222222222,0.5017419250699902,0.9831452313384659,1987-11,0.34234234234234234
1989-07,0.13771362265512743,0.2969205848383382,0.33103699507751033,0.4315211139967152,0.38137872456580146,0.2760467612090035,0.3873190751009657,0.4347078342715384,0.24132446890916326,0.3726906750932521,0.5242431742563463,0.2454491654029249,0.4495292525527266,0.6928507097879512,0.13566971914949735,0.3482690144497749,0.29380749134158773,0.29380749134158773,15.0,4.0,0.7777777777777778,0.7777777777777778,0.4930051033866298,1.1230207627370217,1987-11,0.41003861003861003
1989-08,0.12862183346759287,0.3005723564050476,0.3234465186943882,0.42196875009434825,0.3853509447215577,0.2684948192757028,0.37682033177247515,0.4398427901131792,0.23317435017859325,0.3593637537915618,0.5267071279431671,0.23680823907125859,0.4330860308989192,0.6939468777450857,0.1284069476076514,0.33263051066000443,0.2933469166267556,0.2933469166267556,14.0,4.0,0.7777777777777778,0.75,0.5034820126880549,1.010250019023526,1987-11,0.38223938223938225
1989-09,0.10933529276194767,0.30963050519277435,0.3078445287859185,0.4051483899936257,0.3997792237423491,0.2500486948881102,0.3552678512079672,0.45863882843125714,0.21231282919169392,0.33170075933183324,0.5471299390114042,0.21720343988717664,0.36473860555463866,0.7104271182538963,0.1506563133172911,0.3946284985205257,0.29581309723167803,0.29581309723167803,13.0,3.0,0.7777777777777778,0.75,0.48640396119169976,1.0340190783897472,1987-11,0.36396396396396397
1989-10,0.1049053647240696,0.30531803464908397,0.30127084271490895,0.39608646252097757,0.39568142842375975,0.24315357154934242,0.3450401788430457,0.45471434030321906,0.2051865186966527,0.31947756617195183,0.5438967628087255,0.2100588635660014,0.35127712093906444,0.7052535504351319,0.14519143527234551,0.5234852897954573,0.2911810977969081,0.2911810977969081,12.0,3.0,0.8055555555555556,0.7222222222222222,0.503499208823507,0.9419291664068744,1987-11,0.3510939510939511
1989-11,0.08568961004790619,0.3020683209763635,0.27980044380963504,0.36608260472806287,0.3891445479259063,0.22384476146807666,0.3150922301615794,0.44418339777257343,0.18847648121117697,0.2899063132462596,0.5358001129159969,0.19328894461247695,0.3565648072491967,0.702777249664307,0.12571757486625057,0.32372350059615057,0.2803929946801567,0.2803929946801567,11.0,2.0,0.7777777777777778,0.6944444444444444,0.5098067376878738,0.8860029173200115,1987-11,0.3204633204633205
1989-12,0.08571478991725223,0.3042350005104597,0.2813952706528463,0.36870627116413324,0.39150178360664634,0.22526627155721626,0.31767070583685414,0.4470920712416275,0.18951123288516486,0.29216722522645244,0.5376083472303459,0.19405283011925792,0.3591530425695433,0.7036479526253259,0.12615925090284133,0.3276446622441026,0.28299148124688106,0.28299148124688106,10.0,2.0,0.7777777777777778,0.7222222222222222,0.4906080435746886,0.9755791485838078,1987-11,0.323037323037323
1990-01,0.10665447241659266,0.29555478487865366,0.30133683181088156,0.39360919099088726,0.374242672737635,0.24950500756743615,0.3489784286910618,0.42211856955366406,0.2810409292548107,0.4073372780118018,0.5156396926623723,0.21943843174328398,0.39926890235916873,0.6931998627629942,0.10247929381617206,0.26663590063197384,0.2869547185742947,0.2869547185742947,9.0,3.0,0.7777777777777778,0.7222222222222222,0.515143395746592,0.966082175483065,1987-11,0.36164736164736166
1990-02,0.14474056353109147,0.2935867917872779,0.33853371762374196,0.44054677943387677,0.36794738538005206,0.2894491730336474,0.4027655793799471,0.41978193107936673,0.255233805098062,0.39409312410097513,0.5114183803368175,0.2610608677593098,0.4749692063729801,0.6979141438390234,0.13795722943147815,0.35235943616787174,0.29580621590278533,0.29580621590278533,8.0,5.0,0.8055555555555556,0.75,0.5216482222310481,1.0020646974055663,1987-11,0.4507078507078507
1990-03,0.14080660181759277,0.29329699121787917,0.33603200937371236,0.4383854185189358,0.3662878943352915,0.28744753958486097,0.4006733757039004,0.4192114254394481,0.2522203867722272,0.3906185616663565,0.510726921937648,0.25790965994272974,0.4455996580012379,0.6981495950812117,0.1331567001603072,0.34200956345947703,0.297578816701343,0.297578816701343,7.0,4.0,0.7777777777777778,0.7222222222222222,0.5427895781753546,0.9184297968943473,1987-11,0.4669240669240669
1990-04,0.1261924792110336,0.296508006977598,0.33436787313314875,0.44194884781780003,0.3746752574635811,0.2794874052240389,0.4009346837251766,0.42929154160745525,0.31783296823971896,0.47786569889946046,0.5228999638784124,0.25211140348562955,0.46525532079113646,0.7034470964076238,0.1253510140482657,0.3120972318870731,0.31575636860676637,0.31575636860676637,6.0,4.0,0.75,0.7222222222222222,0.5574980207252856,1.007821176647125,1987-11,0.4674388674388674
1990-05,0.12619789851925894,0.2923217778425675,0.3412234126021694,0.45390553663493916,0.3751779100223113,0.2802762517427891,0.4111606991180706,0.43225270177660324,0.32225922177231303,0.49749833172607927,0.5213119438260073,0.25674918879823583,0.47619716366270687,0.7032912572010761,0.12288918117333983,0.5123600079610557,0.32770763811568016,0.32770763811568016,5.0,3.0,0.7777777777777778,0.7222222222222222,0.5800415746479518,1.0664154492672684,1987-11,0.45894465894465897
1990-06,0.12335883973681223,0.2916655838154962,0.3372144739837448,0.4485643157920088,0.37429243425272096,0.27663064618026595,0.4052983324286861,0.43232090188916744,0.3191783975756452,0.4926269607683911,0.5219874758678466,0.2534328893188664,0.4682798129595753,0.7058851134239925,0.11859508843194291,0.4917986052793958,0.32520547605519645,0.32520547605519645,4.0,3.0,0.7777777777777778,0.7222222222222222,0.5765448226319538,1.067260599764237,1987-11,0.4525096525096525
1990-07,0.12691282517784291,0.29024752841296003,0.33988610631673105,0.45143955827704013,0.37166974006635806,0.2801413923195906,0.40976221834668364,0.4311061795033768,0.3237537310544946,0.4998921769322359,0.5227322785245123,0.2565217685527373,0.493915891117554,0.7085220166900463,0.12019588713902356,0.4943280120490416,0.3245267330991973,0.3245267330991973,3.0,3.0,0.7777777777777778,0.7222222222222222,0.5793019265434418,1.0619901208904987,1987-11,0.451994851994852
1990-08,0.22458611401714867,0.27735311734950424,0.4252673914294265,0.5490767787286349,0.354538509112437,0.36941922514747594,0.5317082608271635,0.4265852998895627,0.3172891386181473,0.4998921769322359,0.5307168752998653,0.24194382513476229,0.493915891117554,0.7125438461077988,0.11038132777238589,0.5111911536578637,0.32449066471148624,0.32449066471148624,2.0,6.0,0.8055555555555556,0.7222222222222222,0.6381744338054408,0.873202128834126,1987-11,0.5657657657657658
1990-09,0.20179958035101586,0.28516083759853317,0.41133808196871907,0.5353959809865221,0.3700559853774795,0.34895643724491565,0.5070118768321369,0.43115445657439716,0.3040607839232677,0.5058432403866491,0.521938231981512,0.2373521277480244,0.6200573796814332,0.7040613367024791,0.10352658987061769,0.4577043359974221,0.3335964006355061,0.3335964006355061,1.0,5.0,0.8055555555555556,0.75,0.6070605525340917,1.0364055117927693,1987-11,0.5446589446589447
1990-10,0.17863630552267898,0.2960710148271845,0.4189198144411353,0.5818925865698419,0.3883751303544984,0.3440082031864387,0.5664046785741544,0.4450367159010264,0.2980231390829838,0.5639859782597038,0.5297824143963946,0.22924574183557533,0.5246736247282291,0.7066179422806881,0.0857306423710527,0.3215959284641593,0.4032562810471627,0.4032562810471627,0.0,4.0,0.8055555555555556,0.7222222222222222,0.6664876400107698,1.107640794698625,1987-11,0.5266409266409267
1990-11,0.5884699842090575,0.13004539411449884,0.48744491789338673,0.5736273275320892,0.19756139246958332,0.43499547700672425,0.571416846603895,0.262001966757972,0.38493516279696044,0.5410969150237663,0.37362767290412285,0.2982193321999951,0.4961310467144121,0.5991208715502331,0.12304615131133637,0.3237201550691769,0.03598037440546897,0.03598037440546897,34.0,99.0,0.8333333333333334,0.7777777777777778,0.8533216350417401,0.4120695417314637,1990-10,0.6555984555984556
1990-12,0.5990724214735978,0.133447278666341,0.4945174120861062,0.5843529999485952,0.20095086406775384,0.4416288251035211,0.5535755793018977,0.26393929278054057,0.39227783180349907,0.5174786140304835,0.37586665420791965,0.3045835270435138,0.4773316588423863,0.5960774774587205,0.13204988737460652,0.3403962550003042,0.03533487090636389,0.03533487090636389,33.0,99.0,0.8333333333333334,0.7222222222222222,0.9305728832847276,0.3227360213826992,1990-10,0.661003861003861
1991-01,0.584227756477689,0.13296444221110992,0.48129242629868524,0.5673768458863687,0.2000404433677086,0.42936508233119547,0.5651826502063609,0.26612043914607597,0.37820880272319457,0.5336126220874275,0.3800372058418773,0.29001936051022176,0.4678879547070045,0.6093774156003482,0.11247407229453026,0.3003808708700953,0.035931724356147554,0.035931724356147554,32.0,99.0,0.8055555555555556,0.7777777777777778,0.8489903622905219,0.41546983342693755,1990-10,0.6442728442728443
1991-02,0.5756153012645479,0.12567679154215633,0.4823710486254547,0.5501139613187624,0.23746579203731263,0.3994306610126345,0.5588259221317337,0.30300606642916283,0.3508039111693332,0.527339432380553,0.42157662483085573,0.2628320353162071,0.48690798417340597,0.6366406362071285,0.10326810338992669,0.2854426603521669,0.034773746275509665,0.034773746275509665,31.0,99.0,0.8055555555555556,0.7777777777777778,0.8234701432973505,0.36382855850832974,1990-10,0.6473616473616474
1991-03,0.5633477383460804,0.12344819223000601,0.47221599853025203,0.5379966253181847,0.23597745176738574,0.38914481687437613,0.5442298768224515,0.3004749373389763,0.3415315795502199,0.5121304824741151,0.4180864283121015,0.2547086006057839,0.4680746688145024,0.6308523446295262,0.0976408641144358,0.26478747245189777,0.03463385555793108,0.03463385555793108,30.0,99.0,0.8055555555555556,0.7777777777777778,0.8134789015993972,0.3825298003337888,1990-10,0.6386100386100386
1991-04,0.5583847346520641,0.13455253237095297,0.4588919490777372,0.5262885795921031,0.24461434379778496,0.377508447695375,0.5314997139301689,0.3152484453787219,0.32527915554461284,0.49496965346199195,0.4372857399815142,0.23504056865193138,0.44567601471170254,0.6560062238541468,0.07331109526930624,0.22094870231300123,0.03473126308550423,0.03473126308550423,34.0,99.0,0.8055555555555556,0.7777777777777778,0.8111370266596637,0.3960463792060424,1991-03,0.6193050193050194
1991-05,0.5402603728460093,0.14865726299408966,0.43153754484086176,0.49889555606791014,0.2606424281374997,0.3496354325337148,0.49943239576400683,0.3388223876831622,0.2924572891726979,0.4556982974179014,0.4566679738937129,0.20626906572044124,0.4000094196008138,0.6636460695939631,0.05489237919725442,0.1682663785995455,0.04136481677809917,-0.04136481677809917,26.0,99.0,0.7777777777777778,0.7222222222222222,0.8559021861277212,0.33443437897104317,1990-08,0.5938223938223938
1991-06,0.531124497877688,0.14387958598573328,0.4264249532762129,0.4929752936311241,0.2659067052118118,0.3376272011526616,0.4935560528801727,0.34024176313358845,0.28353442170091914,0.45043545078005615,0.4617652226207752,0.19510317706301836,0.38615051046542376,0.6683697343724484,0.04475941463965967,0.1340537369574315,0.03814920424656404,-0.03814920424656404,25.0,99.0,0.75,0.7777777777777778,0.7867582300771827,0.42998412705525396,1990-08,0.5827541827541828
1991-07,0.5270847173736928,0.14814437803916292,0.4196391070952361,0.4863918426699884,0.26926991271146855,0.3317896242769964,0.48671519987712025,0.34595870019619734,0.2761690622153479,0.4414241957291277,0.46896519514758556,0.1869553634358239,0.3735366742824034,0.6793836276122843,0.03434385573467387,0.10199185041300586,0.040692874703704585,-0.040692874703704585,24.0,12.0,0.75,0.75,0.811715491323425,0.38537257307258055,1990-08,0.5755469755469755
1991-08,0.5132636728304246,0.1593674450226131,0.3999193479917105,0.46724524883556345,0.2714911328474467,0.3201754348410087,0.4737599936556106,0.3546533504412152,0.2610293187448483,0.4228386341375299,0.4785996029972618,0.17287703450473615,0.3468807054381505,0.6850823174420774,0.06499200095062478,0.1965085274514059,0.046018423994861224,-0.046018423994861224,23.0,12.0,0.75,0.6944444444444444,0.8571342251301854,0.31492064356270666,1990-08,0.5477477477477477
1991-09,0.4945688710098286,0.15554750003884296,0.38221605138797743,0.4450958630497902,0.26718786563131525,0.30157759783008464,0.4450194545598916,0.34756448395355505,0.24352112184739186,0.3927624464417828,0.4704311784015875,0.15477382886354007,0.30908748773618255,0.675341304873465,0.047138669235026805,0.13893962351418254,0.04947300796003845,-0.04947300796003845,22.0,11.0,0.7222222222222222,0.6666666666666666,0.8873042515150601,0.3321159625847863,1990-08,0.5191763191763191
1991-10,0.4823124260342841,0.15493392393244942,0.3706457980707909,0.4309177688230448,0.27023806412165835,0.2875418257556471,0.4275586656876238,0.34902043869191657,0.23076044510041238,0.37471125669276506,0.47470352626048207,0.14017598028726286,0.28250580823903026,0.6846307364254052,0.031864455291995594,0.09427692013967645,0.05139465721123948,-0.05139465721123948,21.0,10.0,0.7222222222222222,0.6388888888888888,0.9153637744092487,0.3209563000163669,1990-08,0.48725868725868726
1991-11,0.464421234670034,0.16401410793130553,0.346938884258154,0.4060421776098309,0.27789875108331047,0.26536397755000973,0.4002940842725133,0.36166283503706165,0.2053642519952643,0.340048413728788,0.4908565240755824,0.11282356486739857,0.23302716424809747,0.6976221031129725,0.008262383377089882,0.027921545451169566,0.0583790570602033,-0.0583790570602033,20.0,9.0,0.7222222222222222,0.6111111111111112,0.9392054408821234,0.3148411775682519,1990-08,0.44324324324324327
1991-12,0.46245324106517893,0.1700180784794296,0.34208855540656263,0.40058286577162255,0.2766487793135236,0.26659910803578474,0.4028841474039784,0.36204063362532835,0.20614575040481792,0.3425599733374907,0.49294853321091725,0.11346920491759482,0.23301708944287547,0.7042633945127567,0.05118937890532708,0.17808056096104083,0.0618703752935566,-0.0618703752935566,19.0,9.0,0.75,0.6111111111111112,0.9310043887521641,0.30687379394759595,1990-08,0.43938223938223936
1992-01,0.4438378643913293,0.17218554149502402,0.3268043120856271,0.37928858798635273,0.27735072686883516,0.2553241220747807,0.3698605155884732,0.3654155327890102,0.19546696461276372,0.30993747452232256,0.4963978302929983,0.10643902746452742,0.17986223615014962,0.701521744089854,0.047103803553979876,0.1417275447054077,0.06454927640497665,-0.06454927640497665,18.0,9.0,0.75,0.6111111111111112,0.8937188651103505,0.294820698480799,1990-08,0.4332046332046332
1992-02,0.46378817247936105,0.16255453729936573,0.35505604712603184,0.4096868768519641,0.270723445861161,0.28270226653968195,0.4081765477579102,0.35276751779138166,0.2278232920009065,0.35736296798953593,0.480031486162401,0.14269689693513316,0.27033790763964305,0.6976695197481869,0.03855621616951096,0.104484532372871,0.05410129562739696,-0.05410129562739696,17.0,10.0,0.75,0.6388888888888888,0.8618251271516894,0.27610706828547865,1990-08,0.48725868725868726
1992-03,0.46991038628765297,0.15909787303935027,0.36299833539513493,0.4179768036630116,0.2666643406226632,0.29071483193339365,0.418020021360434,0.3467054487454907,0.23692807249001158,0.36951575841641127,0.4722716256750052,0.15254895891790973,0.28655859987460974,0.6889784093434907,0.006924342813905225,0.0012135503442412933,0.05193358262464143,-0.05193358262464143,16.0,11.0,0.75,0.6388888888888888,0.8688366344096822,0.2720291593349877,1990-08,0.4983268983268983
1992-04,0.4629402925210019,0.15905796322694735,0.35717022644184954,0.4106176152489301,0.2720740385748224,0.28201700861461393,0.40806110202484047,0.3509914105194021,0.2295386826256069,0.3598896478081874,0.48013765063227504,0.14365925808448823,0.27207156364118706,0.7002499530872447,0.04076876158964927,0.11405487480791544,0.05232267727207174,-0.05232267727207174,15.0,10.0,0.75,0.6388888888888888,0.8581987955867578,0.27197400463541227,1990-08,0.47824967824967823
1992-05,0.4473286368149786,0.1622533014149215,0.34115782576991754,0.3924549454908037,0.2854476938425602,0.2605452992685426,0.3813735533272106,0.3655127812420838,0.208154530073264,0.3304049153897115,0.5011791140863519,0.11938096143720221,0.23135672330664767,0.7144871420990119,0.02503698312559973,0.0688573742568769,0.05487369132417491,-0.05487369132417491,14.0,9.0,0.75,0.6388888888888888,0.8382354488914868,0.2786856181523036,1990-08,0.44787644787644787
1992-06,0.42654826183673056,0.1645145873400113,0.3167117139612324,0.36362377648742583,0.30687634531285196,0.2216652849603369,0.3272867959681314,0.38685181996045237,0.16827044507393824,0.27110851107901784,0.5136853048108525,0.08359131505736776,0.15535448620641257,0.7150928914353426,-0.0002046946571966706,-0.007872690595626695,0.06292448534930489,-0.06292448534930489,13.0,8.0,0.7222222222222222,0.6388888888888888,0.8325346801730017,0.3245468061302672,1990-08,0.38481338481338484
1992-07,0.4112942798936712,0.16780180908656173,0.30353457160557146,0.3480148319498753,0.3082772028497313,0.21332346163019403,0.3151143393471322,0.38911505604309277,0.16141065135614505,0.2592029234541804,0.5167618311289451,0.07943788049005493,0.1464279876991997,0.7217415282633267,-0.001736458862771479,-0.011438855866974467,0.06327944794379597,-0.06327944794379597,12.0,8.0,0.7222222222222222,0.6388888888888888,0.8015598841849187,0.31081365692112617,1990-08,0.3655083655083655
1992-08,0.43605106018323087,0.177879549407478,0.32508343384359945,0.37411450820595343,0.3186655708075683,0.2372560772497233,0.3579156857617097,0.4018664374945218,0.18535240020306218,0.30505793944326354,0.5343191971428085,0.10272363040201721,0.19603392650146603,0.7542933633900127,0.020722668411321518,0.060456616018776534,0.06193655197727743,-0.06193655197727743,11.0,9.0,0.7222222222222222,0.6666666666666666,0.7728341497459161,0.27385270729074235,1990-08,0.4200772200772201
1992-09,0.4320644788418753,0.18214049102089638,0.31864524129925353,0.36706574656084323,0.31848531807009156,0.2337430526638544,0.3528741666568114,0.4031844827376981,0.18100071830836625,0.2987654364967582,0.5357785698256317,0.09843412273216308,0.18854901528723547,0.7575188327143458,0.016894324277399418,0.04681555732028532,0.0649987322810322,-0.0649987322810322,10.0,8.0,0.7222222222222222,0.6388888888888888,0.8025396683120638,0.25662735474706366,1990-08,0.4247104247104247
1992-10,0.44724726302139073,0.17015674196011438,0.3400917549454761,0.390020435699436,0.3104477029432141,0.2517440995459259,0.37732436449199863,0.38955303266556607,0.20192784366169927,0.3290050855330232,0.5185357782539664,0.12070149037508524,0.22730479475901147,0.7351957383253318,0.03889449544646522,0.10853371465997495,0.05722682732195489,-0.05722682732195489,9.0,10.0,0.7222222222222222,0.6666666666666666,0.7853075038578412,0.26614382390329244,1990-08,0.4404118404118404
1992-11,0.4207670685184068,0.1603945058127551,0.3192995625219037,0.3664745881995449,0.30306161843546753,0.22904662005236395,0.3432350122263915,0.38047653504223095,0.1800730066781901,0.2914743807028292,0.505752585108649,0.10082186090533014,0.18729054725917307,0.709593727446224,0.0687847666044165,0.19314393306589395,0.05429248031886191,-0.05429248031886191,8.0,9.0,0.7222222222222222,0.7222222222222222,0.7090052131291403,0.37072881432134136,1990-08,0.4066924066924067
1992-12,0.4248216033025987,0.16022953544175148,0.3229943193257819,0.3707079664218332,0.30031677924083844,0.2339676394659699,0.349447143391749,0.37776559452303543,0.18474823378233265,0.29812853337544826,0.5019363451025022,0.1058366258443171,0.19574479937437572,0.7035789759761857,0.07402167898936349,0.2057170402969505,0.05411363688076554,-0.05411363688076554,7.0,9.0,0.7222222222222222,0.6666666666666666,0.773157604780378,0.30725219992817654,1990-08,0.41235521235521233
1993-01,0.39170511166199595,0.18342625341571775,0.27763146358344537,0.3213562640900536,0.3235608611874987,0.19048109315989478,0.28983743063128187,0.3935385190807909,0.14696165921175205,0.23814701982350936,0.5185754314116294,0.06920061645780114,0.13351501501555735,0.7168283699925889,0.049134855300054424,0.14798660219639354,0.07034884757194232,-0.07034884757194232,6.0,8.0,0.7222222222222222,0.6111111111111112,0.8062805275628093,0.2877494784437105,1990-08,0.3590733590733591
1993-02,0.361122786874233,0.20701809779269073,0.23695211498997729,0.27693745807841613,0.3410933846748197,0.15653296983919956,0.2432766272602437,0.41313313292687043,0.11332310539639329,0.19497126103224083,0.5225109527601478,0.04771764615034349,0.09344073563588116,0.7283477729064686,0.02788640715221144,0.07409352938491212,0.08418532879581675,-0.08418532879581675,5.0,7.0,0.7222222222222222,0.6111111111111112,0.76437507423887,0.29835386376121315,1990-08,0.32355212355212354
1993-03,0.3815352413841764,0.21394872855519256,0.2537681842565095,0.2974394878659331,0.3402710446512117,0.17833034133903844,0.2781220983589778,0.4164523660433315,0.13283596842035494,0.23004261805620865,0.5244714358992552,0.06832855693742619,0.13587367559370964,0.7358528740953575,0.049662577023442775,0.143991140224945,0.08409575351824322,-0.08409575351824322,4.0,8.0,0.75,0.6111111111111112,0.7785277832387635,0.26956269877190214,1990-08,0.3644787644787645
1993-04,0.38529888477558644,0.2161423299964575,0.2548136485639424,0.2982907524166093,0.33952489118854123,0.18032753267072268,0.27969785920385415,0.4170071670472355,0.13355144273126845,0.22900584879363772,0.5240067499905837,0.06895573926522819,0.13642828942212692,0.738908416017224,0.05217379551083192,0.15931946151449264,0.0870081323589772,-0.0870081323589772,3.0,8.0,0.75,0.6111111111111112,0.7867040690318695,0.27300203939682843,1990-08,0.38223938223938225
1993-05,0.3926697274775128,0.21329012111615558,0.26468571134856567,0.3097136911992971,0.34161598829637724,0.18768420856442855,0.2949666226266106,0.41698576822004574,0.14245882691567985,0.24827594271467707,0.5278825013530186,0.13480770638119688,0.275795699067446,0.7418588437687902,0.06480282419807411,0.20626313272753494,0.08295603627821563,-0.08295603627821563,2.0,9.0,0.7222222222222222,0.6388888888888888,0.7553276552392446,0.2791612006761293,1990-08,0.4064350064350064
1993-06,0.38060631180962873,0.2157432256165552,0.25309472514618014,0.29588330676351343,0.3545267617138399,0.17106893342106186,0.2717810061428439,0.4294148081084806,0.12680755005378813,0.2233629030268569,0.5479007709126577,0.11770100552565717,0.24612043678126239,0.7663308811977654,0.04944986780916528,0.17669931758370944,0.08472300504611524,-0.08472300504611524,1.0,8.0,0.7222222222222222,0.7222222222222222,0.6539886871790521,0.36824849533183485,1990-08,0.3855855855855856
1993-07,0.37582842417501117,0.2175223129254333,0.24716275399313772,0.2889793757534605,0.3533624060385252,0.1668125757382959,0.2650772943811672,0.4294150136819125,0.1218270310375556,0.21448139351979528,0.5474227462965604,0.11361817139104663,0.23801196353376392,0.7664350833245931,0.04551697212323574,0.1559333043241122,0.08684904842155061,-0.08684904842155061,0.0,7.0,0.7222222222222222,0.6944444444444444,0.6771338296709427,0.3431228086952895,1990-08,0.36936936936936937
1993-08,0.2897701218872605,0.15764031234197134,0.2026325620931234,0.26675878890469773,0.26452314807090493,0.1435518019060149,0.21592869913365093,0.3387008906458518,0.10254917140502466,0.1622328478674395,0.4696629674704288,0.03015832397184803,0.06302479825620155,0.731202726512985,0.015508537957099224,0.09686848117665486,0.0542147388764847,0.0542147388764847,26.0,6.0,0.7222222222222222,0.6111111111111112,0.6701959326946799,0.32873973237348864,1992-11,0.31634491634491635
1993-09,0.24306306825646692,0.16094464113495777,0.15920988581541198,0.21703998075563782,0.2477215461363017,0.11399856597627449,0.17654676522143734,0.32581450079494995,0.07331163953886895,0.12583412740553773,0.4768261572264535,-0.005366394648417584,0.004472769111749741,0.7136870094384206,0.03341530170123614,0.1412182258718655,0.05150705830469457,0.05150705830469457,25.0,6.0,0.7222222222222222,0.5555555555555556,0.6685607540836482,0.30400048079353886,1992-11,0.2924066924066924
1993-10,0.2689035765444231,0.16861649573618095,0.18052842499563398,0.25128551844430447,0.2609863391891959,0.13211561177675213,0.20786295686824544,0.34276143415983595,0.08925571020309947,0.1546173158287857,0.49876289538876484,0.007492341098869763,0.02797405596791353,0.7302767121040448,0.009410662706279029,0.11223948628714478,0.0508392979708866,0.0508392979708866,24.0,6.0,0.75,0.5833333333333334,0.66085235676788,0.2977516208713781,1992-11,0.3323037323037323
1993-11,0.2683990979441049,0.1873393666968394,0.17357397310950298,0.24372392781288588,0.2702945344821981,0.13158475173217518,0.19028829933933786,0.3511558283827781,0.09065538155437317,0.14912446663413867,0.49595889154707157,0.017360757028355017,0.05455376041187285,0.751622940595495,0.03434456597731328,0.1669658561519204,0.04419830459607921,0.04419830459607921,23.0,6.0,0.7222222222222222,0.6388888888888888,0.5893442559721167,0.3200730353319241,1992-11,0.34002574002574004
1993-12,0.23681475886781483,0.21967545010559486,0.1310792039098119,0.18995425232613353,0.3010523454425526,0.09191037013673203,0.1494735617336953,0.3745372892910851,0.05654013957547746,0.11559328574210799,0.5142331434991965,-0.01069913847278328,-0.010341213500863486,0.7560713679402479,0.028727889759630466,0.13459152611332098,0.04686050654168128,-0.04686050654168128,1.0,5.0,0.7222222222222222,0.6388888888888888,0.546411617583607,0.32915004954226484,1991-02,0.30064350064350065
1994-01,0.2304229351521833,0.21912485418942992,0.12446771013262001,0.1806585236183865,0.303866899456773,0.08349169895336206,0.13676726199303366,0.38169428117217435,0.04585919134557572,0.09691267101172445,0.5261117507629545,-0.023972163677341434,-0.039158183696235783,0.7636418648532585,0.014842791724305648,0.09374061325729859,0.04976441153379671,-0.04976441153379671,0.0,5.0,0.75,0.6111111111111112,0.5679235846747414,0.316394009465564,1991-02,0.26563706563706563
1994-02,0.20119177037419494,0.08960398100864125,0.2504158469535065,0.2665118073586662,0.1788557275176121,0.2994464230009167,0.3426213229810249,0.26450599368837646,0.25239432538684375,0.3106067067847082,0.42122047445503874,0.16630299869008358,0.23024995951372468,0.7064506662581016,0.009611380237420494,0.018993545932107805,0.06532003698447125,0.06532003698447125,20.0,5.0,0.75,0.5833333333333334,0.6254526807290163,0.4061862888141678,1992-11,0.2646074646074646
1994-03,0.3353917498793972,0.17992562518969257,0.23456069085806197,0.2650616596231151,0.264392419081511,0.28189622892424737,0.34262132298102504,0.34474194566797656,0.23686802435897364,0.3076572696516323,0.47668771951058636,0.1629250710085907,0.23024995951372468,0.725574995027704,0.02344762002923199,0.0189935459321078,0.10569722327458786,0.10569722327458786,9.0,7.0,0.7777777777777778,0.6388888888888888,0.6815838029230824,0.3029012478039996,1992-01,0.3969111969111969
1994-04,0.43078507032351104,0.22445376046361393,0.29065133378606434,0.33504459032284234,0.3510420197591051,0.21161819243789765,0.2653944273039463,0.4221049664917838,0.16725129818563517,0.22712406223739046,0.5399459795805873,0.1780143859220145,0.2850560427819465,0.7406028154440946,0.0527378384796618,0.07854829629470972,0.11048871332561466,0.11048871332561466,8.0,8.0,0.7777777777777778,0.6111111111111112,0.8392979224711716,0.24193405950306374,1992-01,0.4622908622908623
1994-05,0.419408465859269,0.22186454200215888,0.28081321023241684,0.3231668567670223,0.34802265424550727,0.20200424121925273,0.25120830177167913,0.41823702209810876,0.1581424408008946,0.21290879176703473,0.5319015096917813,0.16789304023322899,0.26513655734025715,0.7316093164059243,0.043138745236621034,0.05087830518926956,0.10360529465380092,0.10360529465380092,7.0,8.0,0.7777777777777778,0.6388888888888888,0.7944182699530719,0.2763326079881724,1992-01,0.4226512226512226
1994-06,0.4191771983205609,0.22852359067984573,0.27643317055504335,0.3194131268669852,0.3589355641291578,0.19497317640903722,0.24412103101412977,0.4275926605598329,0.15208749248448283,0.20611975981160233,0.5421569049080118,0.16318833075617656,0.24747187613313318,0.748855447688645,0.0340770103800397,0.025552673495498755,0.10655984147100683,0.10655984147100683,6.0,7.0,0.8055555555555556,0.6111111111111112,0.8303058354791762,0.25682331709444617,1992-01,0.41544401544401544
1994-07,0.42959985351433994,0.2171200789722349,0.2923861928299396,0.3360947830091501,0.340159523634826,0.21462879383374284,0.2674550942535592,0.4092217903169862,0.17098342270326664,0.2302996806235001,0.5217839871420157,0.18082695064637788,0.2848706222260472,0.7165914936371873,0.05771419561453739,0.08657357651772878,0.10578893378968302,0.10578893378968302,5.0,8.0,0.8055555555555556,0.6388888888888888,0.8077171894518006,0.27242311418380916,1992-01,0.43912483912483913
1994-08,0.4006995531176263,0.22634159893451986,0.26242625051868224,0.30146059334965514,0.35506249929712413,0.18378995877897417,0.2274181719108447,0.4205501977159923,0.22379674667217178,0.30013829735843406,0.5189694519002659,0.16367189388573625,0.24500260798454762,0.7105188959462206,0.04665330621158884,0.05213920706598344,0.09923895976797109,-0.09923895976797109,31.0,7.0,0.8055555555555556,0.6388888888888888,0.7696994126655868,0.2829693947839679,1994-04,0.3835263835263835
1994-09,0.4203656011608672,0.22600695557912018,0.2835088375995386,0.32572721211761857,0.35562480475674085,0.20501975175359646,0.25443604787330887,0.418359265966023,0.24300811942514108,0.324154117510559,0.5177678788486199,0.18281200291902552,0.2729939354436435,0.7170642889608504,0.062129603532416006,0.19074578583050814,0.09463838904324867,-0.09463838904324867,30.0,8.0,0.8055555555555556,0.6944444444444444,0.7181355056132287,0.2945992363363971,1994-04,0.41621621621621624
1994-10,0.4386482596555964,0.21238603244612003,0.30768331426652934,0.3517734448019231,0.33393058130813114,0.2327345286956594,0.2874292145541827,0.3926818267143522,0.2689626815433161,0.35430709038643077,0.4947705491510168,0.20601106554121748,0.44290156865161934,0.6866103361565321,0.08771568170988517,0.2584744897464166,0.08687481485367349,-0.08687481485367349,29.0,9.0,0.8055555555555556,0.6944444444444444,0.7386992186856796,0.2831628526541922,1994-04,0.4622908622908623
1994-11,0.4551173188913789,0.2039084408895307,0.32784770324021983,0.37372409222359615,0.3204854118251816,0.2550860940589964,0.31409597933760747,0.37654904866611183,0.29007825760860106,0.37925006536219386,0.4842846661445799,0.22283498622361095,0.47122706271797393,0.6707035421814822,0.147161782349322,0.42137119646124765,0.08577266781023424,0.08577266781023424,1.0,10.0,0.8055555555555556,0.7222222222222222,0.7264304618102551,0.29580858458683623,1992-01,0.49214929214929215
1994-12,0.43464845606928487,0.19392183434377358,0.3091003973464498,0.35114878731846355,0.3035502389048251,0.23812523655500314,0.29174305031986364,0.3599785651743121,0.20159264679229538,0.35388139043069583,0.4703331189523012,0.20142591259388085,0.42569189585379874,0.6548962493238796,0.12326386333028648,0.3731466027076332,0.08349966875082138,-0.08349966875082138,27.0,10.0,0.7777777777777778,0.6666666666666666,0.7890051837229897,0.31028570391056515,1994-04,0.4386100386100386
1995-01,0.5061304126586276,0.19747030618605543,0.3547073485860271,0.4190199966231841,0.3055773057686988,0.2718093501949394,0.35025214376760666,0.3705635370055385,0.22197697566496208,0.31754602893459277,0.4846729514724667,0.2292292468761653,0.3842237706396675,0.6630921019889856,0.18728611867559744,0.45077393923030556,0.08711041603544362,-0.08711041603544362,26.0,11.0,0.7777777777777778,0.6666666666666666,0.9281888879255261,0.3801640722633886,1994-04,0.4368082368082368
1995-02,0.5296945659200698,0.19849660063700542,0.37740515811729813,0.4451843930586412,0.3100938032118425,0.2917862012282223,0.3785935862402265,0.41062874021061607,0.214654371414015,0.3189436153450702,0.522520478924941,0.2184795802434869,0.39074060499014646,0.6957415193201391,0.08558194080730414,0.20226192886112446,0.08451017286142865,-0.08451017286142865,25.0,11.0,0.7777777777777778,0.6666666666666666,0.9456626313192267,0.3463827787049167,1994-04,0.451994851994852
1995-03,0.5363865848216256,0.20736475453273412,0.37800940035715963,0.44934508663228934,0.3262918471429846,0.28717748378291375,0.37740427048305547,0.41909869423838286,0.2162952011350537,0.32303068118551387,0.5242935815529812,0.22428335957644277,0.39933982743287566,0.7132150040776656,0.07999247922937783,0.2056238197023972,0.08704149818933632,-0.08704149818933632,24.0,10.0,0.7777777777777778,0.7222222222222222,0.8750995702166218,0.3979058356875274,1994-04,0.46537966537966535
1995-04,0.5440158488252307,0.20642271327443762,0.38736088173653294,0.4593174825208651,0.3267873762400831,0.2960156900353812,0.38871484650574417,0.41394193182867334,0.22987377270088294,0.3390291340880845,0.5116612359458125,0.23807645294347043,0.4049842480188629,0.6973826153672533,0.09713180533459587,0.23638510978721558,0.08469836630436545,-0.08469836630436545,23.0,10.0,0.7777777777777778,0.75,0.8444849122894764,0.4178375469925317,1994-04,0.4731016731016731
1995-05,0.5749062502757744,0.19497867054066725,0.4242067978399303,0.5000270056666887,0.30932642868602156,0.3358271587133159,0.43823535804445335,0.4009715327092079,0.2649944519540421,0.3864798773852882,0.528170330889108,0.24479152505690469,0.4313022815453344,0.7093089034651039,0.10478911542656795,0.2697364998526786,0.07487924460908557,-0.07487924460908557,22.0,11.0,0.7777777777777778,0.7222222222222222,0.9071787957527371,0.34649299299190595,1994-04,0.5230373230373231
1995-06,0.6356612586115518,0.19149721040127665,0.4837350425089037,0.5735965585309895,0.30633004930421814,0.3926312678779781,0.5180240129082422,0.38649033813904704,0.3290353056242652,0.4800445207342857,0.5326647171932173,0.21306640845694536,0.3824692532452769,0.7229227728089281,0.13434320052055904,0.3527392521347538,0.06329859194750753,0.06329859194750753,4.0,99.0,0.8055555555555556,0.7222222222222222,0.9618411940040812,0.2759726992701801,1992-11,0.5891891891891892
1995-07,0.5897834193855174,0.18685717984128924,0.440429504487545,0.5194982690723392,0.30003805971961245,0.3499646504434966,0.4573387416453753,0.38076457683097176,0.28544038984564124,0.41532014467153744,0.5299109601122634,0.1662285069795153,0.2990491418983939,0.7143024651787269,0.08589769692951899,0.22114286516310697,0.07028515031317795,-0.07028515031317795,20.0,11.0,0.7777777777777778,0.75,0.9003282768004901,0.40738264390223594,1994-04,0.5323037323037323
1995-08,0.6003491408171983,0.18001650308425454,0.4552075767692165,0.5349944809270958,0.2890240303044264,0.36731828482839024,0.4768750277935109,0.37184628679380005,0.30054134138768507,0.4356895680643366,0.5259762930319669,0.1762712339872407,0.31782657052814933,0.7030610753033202,0.09805769878722899,0.25105967544512214,0.06535465989010203,-0.06535465989010203,19.0,12.0,0.75,0.7777777777777778,0.8791357759884681,0.45044772488439566,1994-04,0.5384813384813385
1995-09,0.6315318415096298,0.1751901944314498,0.4886122881197523,0.5728948810782699,0.2829201589923637,0.4007265564341372,0.5200144331669496,0.3575198498868619,0.33986838717263534,0.4851704490782625,0.4964588501933366,0.22652243229953142,0.3954851572237051,0.6965408426469493,0.12246253101468807,0.3168118932073185,0.058636960431359686,-0.058636960431359686,18.0,99.0,0.75,0.8055555555555556,0.8733878127452395,0.46066173096784324,1994-04,0.5897039897039897
1995-10,0.6187488566619374,0.18641379435144312,0.46686336081945257,0.5539451568566571,0.30199298115418155,0.3726922070286055,0.4923581903230705,0.37526273535678234,0.31299376579448523,0.45515442872747414,0.5114166022378569,0.20205885534941176,0.36012259771980426,0.7143871863037824,0.09730980335015624,0.2578694262639582,0.06480369980528011,-0.06480369980528011,17.0,12.0,0.75,0.75,0.9291365164119374,0.3811639955504996,1994-04,0.571943371943372
1995-11,0.6722684998510323,0.19644068324105288,0.5137513214117411,0.6136724985090353,0.3178476215413927,0.41578238246894944,0.5591315196865119,0.3920796177262526,0.35588111155603547,0.5265733119652707,0.5294477401926455,0.2450323463124571,0.4447733393846828,0.7314856582477546,0.08199849721641804,0.2059987423382045,0.05859600134199694,-0.05859600134199694,16.0,99.0,0.7777777777777778,0.75,0.958750649748855,0.26187444982588415,1994-04,0.624967824967825
1995-12,0.6839206785143326,0.19362816308145248,0.5258225071374613,0.6278511198099297,0.31330924048857023,0.42810242765439793,0.5757564048105875,0.3852560222417737,0.3693575919310564,0.5451289450407651,0.5182325641701708,0.2607817123672159,0.4693857832676508,0.722565576921317,0.09394298832120163,0.2588526345142841,0.05606955870440289,-0.05606955870440289,15.0,99.0,0.7777777777777778,0.75,0.9724974825328928,0.2578009200429408,1994-04,0.6491634491634491
1996-01,0.6958294534469069,0.19420099184580644,0.5379788179891537,0.6423862342146963,0.3142990317524527,0.4403606146200029,0.5925895015402534,0.38749597967497873,0.38086460158051905,0.5630173777385516,0.5229585209411061,0.2707578095587868,0.4894653163947579,0.7292689451381211,0.10306437374505677,0.28603023091215235,0.053443219232210515,-0.053443219232210515,14.0,99.0,0.7777777777777778,0.75,0.9778289677826486,0.227483473276641,1994-04,0.6687258687258687
1996-02,0.5747382466195816,0.1807048606701071,0.4297265120236627,0.5025363808625705,0.29471804569823074,0.33823340184154876,0.43865106855361025,0.36261413813448357,0.3927185446315932,0.600639663532004,0.49596823222303454,0.2857047740692659,0.5371612649405471,0.7221974983165551,0.10416069068972007,0.3247080259725207,0.12746527714961242,0.12746527714961242,35.0,12.0,0.75,0.7222222222222222,0.9269726949914703,0.3985451438092874,1996-02,0.6131274131274131
1996-03,0.5800610796452261,0.16515394328618252,0.4485657917471571,0.5178270372812485,0.2686316071688954,0.3661770522927274,0.462910451262517,0.33888365875908505,0.3102424886639651,0.4301914129461949,0.4706544600619107,0.20532680146266544,0.34474577183343125,0.7134435963310805,0.10634823845853399,0.3423147865306463,0.11930166300207656,0.11930166300207656,34.0,12.0,0.75,0.7222222222222222,0.9263284245943239,0.37824012518695066,1996-02,0.6252252252252253
1996-04,0.604601125142975,0.16116394322528962,0.4722512504758749,0.5477934551777931,0.26291724070348177,0.38869015176673344,0.494311968649846,0.3314836408418854,0.3323825541547387,0.46348485441708087,0.46048212721272636,0.22644736070045393,0.3826888307199982,0.6977766188682422,0.1222834465143877,0.39215057953265503,0.12187818121408078,0.12187818121408078,33.0,99.0,0.75,0.75,0.9241385811544424,0.42118914568509047,1996-02,0.6445302445302445
1996-05,0.5819306798001026,0.15877557181141946,0.45106041121739354,0.5228840894977285,0.2597723945476275,0.3678140958888213,0.46617057086070907,0.3263983705407062,0.31289784351244526,0.43456929355958956,0.45202637127869133,0.20934935673630498,0.35168611985943204,0.6852373824489875,0.10357092444996324,0.3196886350628654,0.11448925242484298,0.11448925242484298,32.0,12.0,0.75,0.7222222222222222,0.9464656605739681,0.4240533381919584,1996-02,0.6195624195624195
1996-06,0.5845693006146406,0.15750050286965078,0.4554512562089574,0.5275911096926373,0.25796456415262964,0.37309137233832307,0.471951221887579,0.32546445829499926,0.31775533105300474,0.4408370098304084,0.45303180503705986,0.21317632310540244,0.358603502777428,0.6858193384561851,0.10476980329559689,0.3189359974899983,0.11191209975333993,0.11191209975333993,31.0,12.0,0.7222222222222222,0.75,0.9102357901346514,0.4573823124581293,1996-02,0.6265122265122265
1996-07,0.5342198631455759,0.15250139455288766,0.41799814908003113,0.4736814645434202,0.24838240865020836,0.34492697594483274,0.4220128760759482,0.31931352185081957,0.2908701879336695,0.3899364665034732,0.4532095267770971,0.1888276902589102,0.30520913392574944,0.683412667458662,0.08979411447287547,0.24388337248502465,0.09472865380155615,0.09472865380155615,30.0,12.0,0.6944444444444444,0.7222222222222222,0.8725247558762538,0.39879484426874473,1996-02,0.6164736164736164
1996-08,0.545074639425681,0.15031623336066374,0.429518251210309,0.4864646745810946,0.24531276946033737,0.356489168727178,0.4361767627149669,0.31259654832614414,0.3047644128748998,0.4069891336101092,0.43958988309504404,0.20713762456848148,0.33066489280170736,0.6641547062767964,0.11028250337362172,0.28884416526992984,0.09326250940170999,0.09326250940170999,29.0,12.0,0.6944444444444444,0.75,0.8515563867836874,0.43493445147341386,1996-02,0.6283140283140283
1996-09,0.5493334216290263,0.1449946115785166,0.43454657643720357,0.4919961132892082,0.2371075537729917,0.36162418352389925,0.4422383499779972,0.3052895885532801,0.3076470006066545,0.41338637894052166,0.43456009222631686,0.20530834724952232,0.3356307936553318,0.6545119945172239,0.10093641356784921,0.2717947702478795,0.08913693817956758,0.08913693817956758,28.0,12.0,0.6666666666666666,0.7222222222222222,0.9025936339438972,0.4240764725525407,1996-02,0.6362934362934363
1996-10,0.5724671087757555,0.14073446286506436,0.4594693174315037,0.5192793319275404,0.23108248468681916,0.3869275482703209,0.472705953069659,0.2916110599503158,0.33832825582446696,0.4431527236471841,0.4112357399714928,0.24227982278631194,0.38508954288498154,0.6412102165865103,0.1265960645828934,0.3305933449475154,0.08602841020289409,0.08602841020289409,27.0,99.0,0.6666666666666666,0.75,0.8914512751178009,0.44809284678102057,1996-02,0.6630630630630631
1996-11,0.5928605043270471,0.14555305709466537,0.47449432149653065,0.5385160275925632,0.24051450473966918,0.39727008245846934,0.491307746111817,0.31782010189691373,0.3344038766254623,0.4535274690811965,0.42089507046260777,0.25058158654081225,0.39321480495628897,0.6568478437130308,0.13312002145036875,0.3305933449475153,0.08496962159973931,0.08496962159973931,26.0,99.0,0.6944444444444444,0.75,0.9113463631457228,0.42847046149865187,1996-02,0.6712998712998713
1996-12,0.5925804209079147,0.1454081942214439,0.4743574093078765,0.5383996947460256,0.24040237826950037,0.39712312012093776,0.4910170015976104,0.3177757983621403,0.33421525725857226,0.4531653729254133,0.4207548155871213,0.2504889609990314,0.39299532713196517,0.6562214623671041,0.13273869263973442,0.32872260790581287,0.08437995151232869,0.08437995151232869,25.0,99.0,0.6666666666666666,0.75,0.9110517587881569,0.4286758617225803,1996-02,0.668983268983269
1997-01,0.5557300523831465,0.14004326815797766,0.44128821008506064,0.4990313785355784,0.23215991015042478,0.36601148772210623,0.44823500219825607,0.30819368699835414,0.3038775086040039,0.407665296321445,0.40863657755686306,0.22179666607258117,0.3393832424975827,0.6350879599362346,0.10446263918299208,0.24134837002855475,0.07629745783706132,0.07629745783706132,24.0,12.0,0.6388888888888888,0.7222222222222222,0.9240802469305323,0.45755345867837127,1996-02,0.6133848133848134
1997-02,0.5553408494790643,0.14714231286010487,0.43641246259708666,0.49573031050307875,0.24527403241054468,0.35709709177520577,0.4412712761941997,0.31642106273203097,0.29959220835243283,0.4032525894042361,0.41762072248630505,0.21779716208981534,0.3338702369883776,0.6289955345307922,0.11671280774184685,0.27088999956202026,0.07449563275054871,0.07449563275054871,23.0,99.0,0.6388888888888888,0.7222222222222222,0.9178043351364983,0.44259829817817015,1996-02,0.6157014157014157
1997-03,0.5346586858405277,0.16024916875432904,0.40658851986869876,0.46578459448498394,0.23426539927164136,0.34743519632482694,0.42932386571266695,0.29412078017419413,0.29959913810321515,0.39795777405065136,0.39020324527504585,0.29917793235564843,0.4675455608731457,0.6058511666591447,0.1268334185099542,0.27088999956202026,0.07801986348719503,0.07801986348719503,22.0,99.0,0.6388888888888888,0.7222222222222222,0.8977854271750785,0.46293671021335747,1996-02,0.6030888030888031
1997-04,0.4796360540257055,0.08010944799665921,0.41922304379657405,0.4453569781371338,0.15539340082229824,0.3624490885905108,0.42932386571266695,0.2227681692565867,0.3116396937389101,0.39795777405065147,0.33031421479959744,0.3140704979102921,0.4675455608731457,0.5665791482091693,0.13589581070669568,0.27088999956202026,0.07893524133934371,0.07893524133934371,21.0,12.0,0.6388888888888888,0.7222222222222222,0.8304200661582558,0.4803659829214963,1996-02,0.5791505791505791
1997-05,0.4706381679341148,0.08371870775157406,0.4126200470645656,0.4777463073873801,0.16214573678826683,0.3582691263170468,0.4615979612459509,0.23509741013177585,0.3077126961552351,0.43177813858008596,0.35611068283227343,0.29667892320858374,0.4937865806868251,0.5741656143506754,0.14556410415790322,0.3383105759093385,0.062413419131982006,0.062413419131982006,20.0,99.0,0.6666666666666666,0.7222222222222222,0.7832264908144022,0.38915528834804436,1996-02,0.593050193050193
1997-06,0.49008338134448165,0.07920672054977657,0.43533617487518556,0.4719570640215514,0.15733639725376813,0.38133341460177284,0.4839609961697867,0.2326078215490164,0.3293062611162272,0.4550444863553219,0.3481866159339231,0.24941889706753792,0.38764289781397315,0.5646686708225873,0.16956947340559933,0.37187100978491816,0.05962974647678959,0.05962974647678959,19.0,99.0,0.6666666666666666,0.7777777777777778,0.7382983354513623,0.43992938069766097,1996-02,0.6043758043758044
1997-07,0.49660324036922726,0.08679310652115883,0.43771809361499425,0.476508339964427,0.17014228343300436,0.3811694953331474,0.4466012227006396,0.24055412376298474,0.33339828725850923,0.45901009213850574,0.3561758382912867,0.2549542506193171,0.3932532946785443,0.5956287290962511,0.16234220579783967,0.3674506257869856,0.0584756935390926,0.0584756935390926,18.0,99.0,0.6666666666666666,0.7777777777777778,0.7344108937779603,0.3977989516074919,1996-02,0.6120978120978121
1997-08,0.5006128167580792,0.08222564955173213,0.4440785750299212,0.4817813059742713,0.1605750395319211,0.3902094553994711,0.4546659284156547,0.23216657017993503,0.3409867016552485,0.4669708012525034,0.34807672476383356,0.2612926799756564,0.4058040728557774,0.5796026177706158,0.17136422873706658,0.3845648163796852,0.05857505842773991,0.05857505842773991,17.0,99.0,0.6388888888888888,0.7777777777777778,0.7426017329494243,0.408924992006389,1996-02,0.6030888030888031
1997-09,0.4908813391477198,0.08754426317265214,0.43131594880048657,0.46867687282193027,0.16955222041697632,0.3755174783147204,0.4398884447120076,0.23900526339295036,0.32826141074684106,0.45249127290969265,0.35499049985999,0.2493446932567387,0.38565538596350596,0.5963675523028542,0.15798763913154487,0.3639257256619695,0.060708665536043704,0.060708665536043704,16.0,99.0,0.6666666666666666,0.75,0.7591658571971022,0.36851458601684045,1996-02,0.5966537966537967
1997-10,0.46580276976953516,0.09907529062807457,0.4004121760265784,0.4374403982730103,0.1906294488168243,0.33998559816194107,0.4026164375248565,0.25787642332284505,0.2956019828074975,0.41440073910874065,0.3826863006590468,0.291534227301651,0.4730818889667121,0.6242319291009649,0.13211191362784264,0.31895294335295005,0.06346698010263674,0.06346698010263674,15.0,99.0,0.6666666666666666,0.7222222222222222,0.7577579916000788,0.33986108396683157,1996-02,0.5801801801801801
1997-11,0.4216787898216411,0.10507100252010111,0.35377253002155007,0.38597621663557086,0.19974312316694143,0.2925869558262339,0.3465540366635897,0.26832609808167823,0.24826251615476252,0.30211466892857597,0.39628937527660346,0.24795018394401944,0.4051827908535617,0.6272992587539402,0.09865097876322092,0.24446235676051903,0.06428707253514776,0.06428707253514776,14.0,99.0,0.6388888888888888,0.7222222222222222,0.718824644651533,0.3930683117182415,1996-02,0.5415701415701416
1997-12,0.4491953665621534,0.10951915615756645,0.37896061077255405,0.4163216209504341,0.21107794228057977,0.31383084907702263,0.3753209930191503,0.2839818426908197,0.2670774972336637,0.32962629285294526,0.41422179234514295,0.2648796998679476,0.43992078258333867,0.6530954530830467,0.11168975744037196,0.28229551214343473,0.06473234343650414,0.06473234343650414,13.0,99.0,0.6666666666666666,0.75,0.706803268173576,0.37353893455679754,1996-02,0.5693693693693693
1998-01,0.4187729612709963,0.10710131978808632,0.3490221611695822,0.3821242258934165,0.2037555408597407,0.28607513804917445,0.33987635153809276,0.2739135022864559,0.24038406764331868,0.29309570008744285,0.3995082862692985,0.2418060392814003,0.39949607511672425,0.627553750656806,0.09328916169296408,0.2404337545078498,0.06479684787336293,0.06479684787336293,12.0,99.0,0.6666666666666666,0.75,0.6935398494820594,0.45205803239230424,1996-02,0.522007722007722
1998-02,0.3741021083292686,0.10459414534956174,0.3072899673459658,0.3349384634401554,0.2025160060878141,0.2447399159723794,0.2879235613121041,0.2724804567070906,0.20004836346748564,0.23874835315145435,0.39892628396233726,0.19618981901615368,0.31315475602904363,0.6310508402086801,0.04791442056258016,0.12289180772455284,0.05756116289781282,0.05756116289781282,11.0,10.0,0.6666666666666666,0.6944444444444444,0.7090140814898008,0.4210707496109654,1996-02,0.45817245817245816
1998-03,0.34907014135513637,0.09913699580719576,0.2847544932666374,0.30972870519509005,0.19565222318322434,0.22213973125417416,0.2595204685797188,0.26456060420334826,0.17743505619363728,0.2426210381673789,0.3882441284541969,0.09719471851451701,0.14795569347464665,0.6180376073086091,0.06615497868082859,0.14241493943857686,0.05212424255435316,0.05212424255435316,10.0,9.0,0.6388888888888888,0.6388888888888888,0.7592149838814284,0.40342228321869833,1996-02,0.41904761904761906
1998-04,0.3438728277879537,0.09763357961299311,0.2804677374311102,0.3049328617765695,0.19367314353471834,0.21809783096628102,0.25431083481824407,0.2645490386946451,0.1720696861973344,0.2348891145043653,0.3882317780243882,0.09174777959645576,0.13932921628303846,0.6189569050484584,0.05967640391215672,0.12826915733452102,0.05101121453649882,0.05101121453649882,9.0,8.0,0.6388888888888888,0.6111111111111112,0.7901184074596724,0.3819325708238866,1996-02,0.40102960102960106
1998-05,0.34316103171990603,0.0916151315182349,0.28214290597321934,0.3053941119063895,0.18255675249317263,0.22157335624603494,0.2580451507925959,0.26148123394915973,0.1690075425625723,0.23075008471991,0.3860732919754243,0.08602590254634934,0.13260331495383784,0.6223645340195856,0.04846468616246205,0.10723400399202018,0.05123798048443401,0.05123798048443401,8.0,8.0,0.6111111111111112,0.6111111111111112,0.8027629860524633,0.4035821130683917,1996-02,0.3866151866151866
1998-06,0.3266205252106912,0.0868983476892454,0.26589938271399816,0.2869300711869151,0.17348096839545693,0.20539885779677183,0.2394215754990424,0.2582145084194611,0.14619039762620453,0.20105504300412363,0.389768965704386,0.054265324718729045,0.0857241341310137,0.6256194955802797,-0.03839982501084001,-0.07794945880012787,0.0521595186380589,0.0521595186380589,7.0,7.0,0.6111111111111112,0.5833333333333334,0.8544842798923469,0.43416343302433963,1996-02,0.3675675675675676
1998-07,0.33685965123507966,0.09020017490829643,0.2747080594873984,0.2966261580906721,0.1796479275785743,0.2130749172860374,0.24957613850057098,0.26316441332895124,0.1555286594008874,0.214050384715629,0.39358424702449446,0.06566408576910919,0.10386504471930491,0.633542239798669,-0.026542267050847914,-0.04986473509236575,0.053113553563763904,0.053113553563763904,6.0,7.0,0.6388888888888888,0.6111111111111112,0.816057098355991,0.4402263121860014,1996-02,0.364993564993565
1998-08,0.24546866259743239,0.08865302630479298,0.18991789399295186,0.20101306755930476,0.17026146267782502,0.13878132760495618,0.15787952125461088,0.24973837872188873,0.08898039066477172,0.11730423319439132,0.38154111208623237,0.006391634840596845,0.009908219731388631,0.6390953151156378,-0.013874396233492499,-0.03470890199460091,0.07830596081846553,0.07830596081846553,35.0,6.0,0.6388888888888888,0.5833333333333334,0.7267312392785664,0.4446635222626506,1998-08,0.31866151866151865
1998-09,0.05416416524862852,0.20808732993612852,0.19375021851725133,0.23167779722624018,0.2800218844854702,0.1454961486213998,0.18688248919765968,0.34425789392033884,0.10240630246165744,0.14469744067817547,0.46267708839048477,0.022970096555171463,0.0398051393857705,0.6934225182122082,-0.008103212890695247,-0.020139517918762704,0.17751363197761164,0.17751363197761164,35.0,2.0,0.6111111111111112,0.5,0.704831281973814,0.5995120717681472,1998-09,0.1915057915057915
1998-10,0.0526591008210506,0.20771429322370652,0.1896465171217531,0.22588069417809709,0.2811410201877114,0.14122164727717673,0.1806769070367716,0.3439442214786347,0.09980298442670599,0.14035091685571194,0.46264334424007664,0.02152100444404945,0.036868873667629184,0.691977831492694,-0.009095203664941216,-0.022870829811757615,0.1732215933570465,0.1732215933570465,34.0,2.0,0.6111111111111112,0.5,0.6923761543081033,0.5899834582671715,1998-09,0.1824967824967825
1998-11,-0.07366880935862669,0.18034143892566437,0.05316459100551692,0.06555285566347328,0.3439210107008462,0.16820943839030866,0.22509811988163397,0.4034072812827912,0.12637298628126484,0.1803252363120776,0.5127090269362986,0.049501513204656115,0.08919522411953232,0.7171595820485575,0.013126075358040825,0.03890173333484276,0.13922166502209993,0.13922166502209993,33.0,1.0,0.5833333333333334,0.5277777777777778,0.5799197182054501,0.7998166454973815,1998-09,0.08983268983268983
1998-12,-0.07218469715691758,0.1805739467347281,0.055526437502601424,0.06839758453213858,0.34261384456931165,0.17012934443783131,0.22776030107926357,0.401751865342246,0.1283039101988336,0.18317100065099554,0.5112588790622317,0.05085494688908258,0.09152652681274669,0.7151091989933062,0.014564564661631646,0.04284526864439779,0.1405822816890561,0.1405822816890561,32.0,1.0,0.5833333333333334,0.5277777777777778,0.5849296437946861,0.8023604489759502,1998-09,0.0936936936936937
1999-01,-0.0818032273921119,0.18172559475319258,0.048270338759595494,0.06023912061136082,0.3362709634869341,0.15888913888365,0.21204092208647157,0.39451164512444054,0.11720225836478118,0.1669493576525618,0.5049187586125757,0.038176257655182524,0.0677682120205204,0.7039691622138249,0.0031417599860163697,0.007991248782341835,0.1420423480034727,0.1420423480034727,31.0,1.0,0.5555555555555556,0.5277777777777778,0.5839159390891474,0.8210303412598658,1998-09,0.07953667953667953
1999-02,-0.030651600069868844,0.1791813138193633,0.09593456441750314,0.11486281701549336,0.3352459002541184,0.20618946202920202,0.274875228568739,0.39151699742247514,0.1664356383173193,0.24028777381012573,0.4997481126296131,0.08997363756385733,0.1585153897970619,0.702258500123813,0.005113458555530302,0.007991248782341842,0.1455144170853622,0.1455144170853622,30.0,1.0,0.5833333333333334,0.5555555555555556,0.5913408153066766,0.8062263942861838,1998-09,0.15572715572715573
1999-03,-0.08083465617015266,0.18790143170789106,0.05253260787530047,0.0655968863458071,0.3523455544331409,0.1692505196915108,0.22895392209649573,0.413107247039286,0.1261235428079595,0.18250793067298096,0.5146858277871108,0.054025862248410064,0.08714475701630052,0.710589121259934,-0.027004661697096047,-0.07444504144259861,0.1464315425159598,0.1464315425159598,29.0,1.0,0.5555555555555556,0.5277777777777778,0.579284832182297,0.8138602810246461,1998-09,0.1063063063063063
1999-04,-0.10141892591441806,0.19449271705920296,0.03501162350671547,0.04545661706138224,0.36587733718626675,0.1552325666855294,0.21121465785492954,0.43225791927615514,0.10866866741797274,0.15866175240790367,0.5311952350416336,0.03926723916794921,0.0672073196823817,0.7304662656225458,-0.045727284445701476,-0.1289371357641702,0.14687554297580024,0.14687554297580024,28.0,1.0,0.5833333333333334,0.5,0.5833817049410913,0.7805851719969042,1998-09,0.07541827541827542
1999-05,-0.06230102467560028,0.18475959100124456,0.06885471397407937,0.08423931000180493,0.3470335938360301,0.18404855365568565,0.24744719853054542,0.4081460309773272,0.1406665197893358,0.20222316477466928,0.5086717599181139,0.06930607695074162,0.12054005553568477,0.7133670759182177,-0.020766351250153584,-0.07001646966683338,0.14654033467740518,0.14654033467740518,27.0,1.0,0.6111111111111112,0.5555555555555556,0.5666249740696544,0.8445647090649434,1998-09,0.11943371943371943
1999-06,-0.027704641005477537,0.17651747035004417,0.09843911755614451,0.11763775516509928,0.3293860303962117,0.20768277877498298,0.27577269994417314,0.3854445919372913,0.16762194152002624,0.23708316942701887,0.49047867205127205,0.09256198503885889,0.15623409396914487,0.6957799509326044,0.0021299399111753,-0.0023559700875211776,0.14534239617057682,0.14534239617057682,26.0,1.0,0.6388888888888888,0.5555555555555556,0.6010551223467331,0.8119228051328986,1998-09,0.1485199485199485
1999-07,-0.01773816826660033,0.17983494531477578,0.11564844005367908,0.1386653142837244,0.32818660243373765,0.22568336317251467,0.30266776360933684,0.3864245885220111,0.18248726785232355,0.2628590025475686,0.4926674777371165,0.10368512722417648,0.17890173597533926,0.697654923581222,0.009814368910646732,0.01749248253367433,0.15640348255032469,0.15640348255032469,25.0,1.0,0.6666666666666666,0.5833333333333334,0.6033155642255741,0.8860308492045378,1998-09,0.16756756756756758
1999-08,0.013030809603254565,0.1718332917446693,0.14105033801702607,0.16734393997478803,0.3133106348363983,0.24645402644050865,0.32678440077854837,0.36694930261435127,0.2064920558354177,0.29560783968358023,0.4669213753832214,0.13201069381020908,0.2206324670188306,0.6785896580242704,0.0360067298507162,0.10324886246594703,0.1543131303715334,0.1543131303715334,24.0,1.0,0.6666666666666666,0.5833333333333334,0.6317104114858744,0.8539893536726298,1998-09,0.1927927927927928
1999-09,0.012627093201190015,0.16916175822472596,0.13845906092257795,0.16395561180563178,0.31472993410356315,0.2467408037980182,0.32722885136001567,0.3674109530200705,0.20755371836334555,0.2972220620963681,0.4679475673456791,0.13276896712050532,0.22245069415765523,0.6784360852549719,0.034250899951289,0.0947856213455595,0.15132851860444171,0.15132851860444171,23.0,1.0,0.6666666666666666,0.5833333333333334,0.6304024737009776,0.8531002457119252,1998-09,0.1927927927927928
1999-10,0.015157276741784591,0.16977532139938617,0.14208622200518903,0.16892372617601523,0.3120857508200452,0.24848161891834555,0.3307624423461251,0.3704354509812784,0.20485769385753863,0.29512374906195743,0.46436267913197676,0.13463497890453727,0.2170242148511859,0.6766584232964113,0.04163485638077065,0.11977119599003709,0.15376644943423057,0.15376644943423057,22.0,1.0,0.6666666666666666,0.5555555555555556,0.6674379483458159,0.8011408925596163,1998-09,0.2036036036036036
1999-11,-0.006439590015450963,0.17746402449930168,0.12497220793046455,0.15055855781678879,0.31923489278536155,0.22995328649209731,0.30763046270830274,0.38086101469908445,0.18431925162804305,0.2652869676515386,0.47663733582862056,0.18479698533359956,0.32850216814832,0.6830681069330403,0.031935362485075294,0.08711229630378024,0.15699814783223973,0.15699814783223973,21.0,1.0,0.6666666666666666,0.5833333333333334,0.6117155423152665,0.8714274692774252,1998-09,0.17014157014157014
1999-12,-0.01582690413577408,0.17815826822487363,0.11535698057402022,0.1391310126082428,0.3160668260472109,0.21690365887370106,0.2887482511831284,0.3780882013520132,0.17123524825995143,0.24460401082483407,0.4750392595918052,0.1730493208983859,0.30581653970834793,0.6787404147780354,0.023057355195884248,0.0622441078409746,0.15495791674401688,0.15495791674401688,20.0,1.0,0.6666666666666666,0.5555555555555556,0.6304431904116466,0.8226753408115643,1998-09,0.14414414414414414
2000-01,0.02151183025115816,0.17401937776112908,0.14889203087368594,0.17734004626586258,0.31023247738403176,0.24859846690748597,0.32908300008177016,0.3730395397878211,0.20262441325647146,0.2890895152992584,0.4708014260352897,0.20362371937713727,0.3573928278189047,0.6663725217365982,0.060467906921607084,0.1611144806498155,0.15582821601470442,0.15582821601470442,19.0,1.0,0.6944444444444444,0.5833333333333334,0.627917024837155,0.8288895641859813,1998-09,0.1891891891891892
2000-02,-0.014002157513057844,0.1703321342738222,0.10872188194774096,0.13005015606240858,0.3099909949131515,0.2093458751667666,0.2763634216976695,0.37499746523233707,0.16250881378271825,0.23046691991853038,0.47500345816148637,0.1610706080418874,0.2776901727711092,0.6640988272860384,0.024827686873592072,0.06374808574635436,0.14405231357546638,0.14405231357546638,18.0,1.0,0.6666666666666666,0.5555555555555556,0.6181842596828714,0.8033600441634032,1998-09,0.13127413127413126
2000-03,-0.016587486655815855,0.16943513598614685,0.10538881440239388,0.12567862187410322,0.313537535697038,0.2091280865907979,0.27543055788934684,0.3726763697939471,0.16655405854135083,0.23525414481694906,0.46698212018158136,0.09866337852476349,0.1528426795582145,0.666265124940709,0.01844431431615443,0.017506951020426143,0.14226610852991908,0.14226610852991908,17.0,1.0,0.6666666666666666,0.5277777777777778,0.6477875512904973,0.7581485592631176,1998-09,0.122007722007722
2000-04,-0.05781590407101326,0.17619807432117449,0.0661484047442016,0.08032778964219557,0.32994768372307376,0.1743190764927137,0.2305968035778754,0.3861520578085332,0.1347764401004699,0.19095392934525965,0.4842058727002556,0.06579059314058257,0.10997222411059297,0.6842060088777017,-0.017140917555966244,-0.08824524383766126,0.13814369371320886,0.13814369371320886,16.0,1.0,0.6666666666666666,0.5277777777777778,0.5947558914185682,0.7837599164375448,1998-09,0.07927927927927927
2000-05,-0.02778746514994077,0.16954671492036116,0.09224690016509125,0.10974443920683498,0.31807985371935643,0.1974042371996753,0.2617761668703871,0.4131839893422494,0.1300731505213468,0.19095392934525962,0.5103289099692955,0.12614335272537355,0.23012844969685442,0.6920479536098237,-0.002508683259464701,-0.05370998688458753,0.13753190435677579,0.13753190435677579,15.0,1.0,0.6666666666666666,0.5277777777777778,0.62648596471158,0.7573996829275262,1998-09,0.0978120978120978
2000-06,-0.03719998249531265,0.17039743179930886,0.0804587710008847,0.09576652619619613,0.3244776674882928,0.18685056504457687,0.24783512544924563,0.4209549992839383,0.12023334857687691,0.17623979663169237,0.5185056276935419,0.11506383044388174,0.21019167701582347,0.6920642655520882,-0.004777723347760039,-0.06107056851335395,0.13296650869150878,0.13296650869150878,14.0,1.0,0.6666666666666666,0.5277777777777778,0.6017200616814868,0.749098856428482,1998-09,0.07902187902187902
2000-07,-0.07837955395669746,0.18015344597593136,0.0425168044262976,0.05279707760348648,0.344033256949139,0.15249234362193062,0.20502420603699922,0.442528998215996,0.08639437713070078,0.12867929489015204,0.5344504034521875,0.09180984037780174,0.1667349278598577,0.6976178433528136,-0.017687644856520926,-0.09758125509869106,0.13117663156018392,0.13117663156018392,13.0,1.0,0.6666666666666666,0.5277777777777778,0.545903110435188,0.771496675691352,1998-09,0.04555984555984556
2000-08,-0.08490859217820074,0.17765555000054026,0.033392636903900846,0.042049122995613135,0.3450798366078025,0.14488084475202564,0.19412490237510574,0.4456658592704361,0.0779003867284317,0.11564586739338562,0.5363312623484223,0.07934769659613015,0.14169197775893136,0.7002210630167098,-0.02978688914025741,-0.13685407958667178,0.12695771517381393,0.12695771517381393,12.0,1.0,0.6944444444444444,0.4722222222222222,0.5980816985371784,0.6915362948088978,1998-09,0.03166023166023166
2000-09,-0.08527754295811098,0.17742784715657392,0.03158275671832889,0.03989668972734689,0.34599431828959215,0.1426066385254559,0.19069058045733783,0.44525393764026805,0.07723071784005651,0.11431764365201354,0.5358193247509577,0.079616226972475,0.14052638775826326,0.6986936568528187,-0.027658609328880843,-0.12484398150564982,0.1251742326854579,0.1251742326854579,11.0,1.0,0.6666666666666666,0.4722222222222222,0.5902215473386283,0.685183174120556,1998-09,0.03835263835263835
2000-10,-0.09476898495858242,0.17305074367183576,0.014929400929221081,0.02053969815104678,0.34313629137444707,0.12274812305619279,0.1616498694415776,0.4371741050130916,0.06313672729045307,0.0917774334200284,0.5255838570152301,0.06724843448298123,0.11099520861567075,0.6835388080673429,0.0008043890550900632,-0.012915032484825943,0.11530868310962919,0.11530868310962919,10.0,1.0,0.6388888888888888,0.5277777777777778,0.4965761274839188,0.750109464455579,1998-09,0.01904761904761905
2000-11,-0.08474017790159555,0.17686003348733514,0.026709757644940903,0.03408321234648613,0.34714239496813176,0.13401471421165898,0.17700772039290633,0.44188907277154876,0.07430924584649867,0.10833616112792449,0.5322511343135347,0.08005719636698728,0.13451410232100913,0.6934792670258825,0.01340023146679355,0.019294588457165363,0.11882339024808172,0.11882339024808172,9.0,1.0,0.6388888888888888,0.5277777777777778,0.5023594086190762,0.7359255876657821,1998-09,0.047876447876447875
2000-12,-0.1479077386878006,0.16470027136045456,-0.04317888286189787,-0.046311158221547064,0.31941730623789527,0.05520187817539792,0.07089103623934866,0.42096122143775916,0.11977115888829941,0.17293603060629947,0.5469163801386556,0.09082298456407213,0.16934191589885525,0.7078358128845212,-0.011501728883086645,-0.011254920717182905,0.10159658046625353,0.10159658046625353,10.0,2.0,0.6111111111111112,0.4722222222222222,0.5023196819422426,0.7219055498469025,1998-11,-0.026254826254826256
2001-01,-0.14459155963527057,0.162737862011438,-0.03996133953557015,-0.04260170223172487,0.3199374697752298,0.061108131063448035,0.0788606644011351,0.42327552431791887,0.1275480071797784,0.1860233341462399,0.5510889392873558,0.10013074282942142,0.18918232947916772,0.7130779745895497,-0.004018028746645008,0.00866574247063025,0.10198985740354569,0.10198985740354569,9.0,2.0,0.6111111111111112,0.4722222222222222,0.5130028319610961,0.7253554068722685,1998-11,-0.019562419562419563
2001-02,-0.1440906967049661,0.1718003859821825,-0.03396517657337814,-0.035944493298674766,0.32562409990832697,0.06463714266964204,0.08422201231075514,0.4251951107512225,0.1284630141682024,0.18813559972389335,0.5489616147634953,0.10213976839861476,0.19291974899765194,0.717079892397782,-0.005625488717994059,0.0005130958648905755,0.1081462034062913,0.1081462034062913,8.0,2.0,0.5833333333333334,0.5,0.4831146012308477,0.7632909559349483,1998-11,-0.010038610038610039
2001-03,-0.17551443118641635,0.1766487112745936,-0.06702120459803958,-0.07399409716047835,0.31279653534533175,0.01659738859656303,0.020354915042664175,0.40012405752237756,0.07023177167580368,0.10583606218882774,0.5578808258446317,0.07833787713727473,0.14891751760277508,0.7417867221355995,0.04724212139161147,0.14620678047435745,0.10152033402593803,0.10152033402593803,7.0,2.0,0.5833333333333334,0.5833333333333334,0.3655504944912467,0.9213043650560502,1998-11,-0.029858429858429857
2001-04,-0.1731348050132489,0.1725549410473773,-0.06737995495559199,-0.07462300944775144,0.3073415285750321,0.015227562784839778,0.018481371682072912,0.3966019895462677,0.06993319224287166,0.10553165042774933,0.5494902062617822,0.07946265893235004,0.15022550342663216,0.7365201383823666,0.04874270717741204,0.14992382915244032,0.09851179556549743,0.09851179556549743,6.0,2.0,0.5555555555555556,0.5555555555555556,0.38477389047323024,0.8596997490580199,1998-11,-0.009781209781209782
2001-05,-0.2129989371047046,0.149997146416858,-0.11655367726326275,-0.1298664913104635,0.2780700919862592,-0.03420525391544693,-0.04442152522183699,0.36335492129124564,0.02063123944018932,0.03212733986862376,0.5178363195389762,0.11995978635311352,0.20983459101369092,0.7234681728147501,0.0347908117692034,0.11349260949164687,0.08313244579424112,0.08313244579424112,5.0,3.0,0.5555555555555556,0.5277777777777778,0.39603577063243556,0.8811554376871139,1998-11,-0.05791505791505792
2001-06,-0.21859905687713138,0.14924283212374984,-0.12230627784596287,-0.13641426153385725,0.2749248750814304,-0.04121512580540964,-0.053306252031279026,0.35938598301880575,0.013279918865128413,0.021325721197229596,0.511832971745449,0.11164004772712724,0.19405729665497815,0.7157413654811875,0.026955363967307557,0.09060730196026741,0.08218479534327422,0.08218479534327422,4.0,3.0,0.5277777777777778,0.5277777777777778,0.3929299673634922,0.8892139041532912,1998-11,-0.09317889317889318
2001-07,-0.22615452647618303,0.15329262240986063,-0.1274541420989142,-0.14306619501918125,0.27537369037658954,-0.04884991350605442,-0.06334761520817274,0.3587942375798597,0.004861999986497523,0.008964638999733203,0.5106189296263499,0.10261722934700153,0.17840081694760224,0.7167087619177541,0.015862027041062376,0.043372130803011374,0.08308833145700179,0.08308833145700179,3.0,3.0,0.5,0.5,0.4061114007538545,0.8458563133464326,1998-11,-0.087001287001287
2001-08,-0.22794278949981997,0.1547551607977439,-0.12628415030434267,-0.14272229084317764,0.2802424367404827,-0.04385157976565368,-0.057431015539119175,0.3638973265283853,0.011101303317840764,0.018637387791039916,0.5189840683757906,0.11297775804927705,0.20418198628474774,0.7184220328121044,0.01957961697452265,0.060797743185307486,0.0852204986566423,0.0852204986566423,2.0,3.0,0.5,0.5,0.4170415695139552,0.8602636602080496,1998-11,-0.08931788931788932
2001-09,-0.21745732864305703,0.15286002541923294,-0.12013600936079653,-0.13353765632498305,0.2737583739650889,-0.04316371560865342,-0.057431015539119196,0.3590441669171641,0.011135149404392359,0.018637387791039926,0.5108778827965831,0.10780304868274579,0.2041819862847477,0.7126938956955315,0.015531330708166178,0.035549269616446,0.08391967231807401,0.08391967231807401,1.0,3.0,0.5,0.5,0.40756740998991764,0.8304011045736395,1998-11,-0.06537966537966539
2001-10,-0.21458034772480783,0.14829436569887453,-0.117959613129568,-0.13080268848685223,0.26976221587446597,-0.03881761162222919,-0.051543021113910396,0.35572784218134335,0.017193025899742434,0.028018963695920867,0.5054419820709798,0.11473880997089651,0.21726963577882802,0.7045691514282596,0.02140565698630135,0.062436419348887176,0.08377765923795558,0.08377765923795558,0.0,3.0,0.5,0.5,0.4248285946970005,0.8420681597174602,1998-11,-0.07207207207207207
2001-11,-0.14334831025875736,0.1367707873944258,-0.05923282819038999,-0.06615472093602878,0.23286304844218153,-0.0001350704377663143,0.010986921235366286,0.32263877486088977,0.05507795165276291,0.08313181515692468,0.47332576014082484,0.06683540303020062,0.12604219645045256,0.6762674048107932,0.025042679337833613,0.06184897415488559,0.07719358932272859,0.07719358932272859,33.0,2.0,0.5,0.5,0.4585605456124542,0.7372933711155933,2001-09,-0.0416988416988417
2001-12,-0.17936847414376086,0.1418386878624041,-0.09244117740650046,-0.10501961791387415,0.24240070062158742,-0.030810714975165812,-0.029730870802670065,0.32605854137242846,0.02045985201147647,0.062336635600091256,0.4679729607340264,0.03419080269250614,0.0705083704800131,0.6698654854420122,-0.012609058539206838,-0.02985132581687161,0.0743488562298867,0.0743488562298867,32.0,3.0,0.4722222222222222,0.4722222222222222,0.44624155599099585,0.7296843708883453,2001-09,-0.08983268983268983
2002-01,-0.17289711294075524,0.14217101286173062,-0.08623266780762442,-0.09806915220348691,0.24245013043950694,-0.025104636794930562,-0.022254217635417937,0.33019634070699105,0.02838359876235792,0.045976833889315165,0.4709372200085202,0.0423432802871997,0.08514610222104683,0.6876648087944864,-0.0037243303310992206,-0.009554533062668536,0.07482796073726833,0.07482796073726833,31.0,3.0,0.4722222222222222,0.4444444444444444,0.47762066998427555,0.684666483633742,2001-09,-0.06898326898326898
2002-02,-0.1868777038602664,0.1349559540867758,-0.10432503063798564,-0.11858554420083375,0.22928747925513784,-0.04662235553573749,-0.051142011083518686,0.32280592780049905,0.010582959896702349,0.018726274484501582,0.4595999863012015,0.02229006371622876,0.04679319205042166,0.6844390336576532,0.023505741882693776,0.055433726907065974,0.06829215965943268,0.06829215965943268,30.0,3.0,0.4444444444444444,0.3888888888888889,0.5310289455940582,0.6352329487920971,2001-09,-0.10656370656370656
2002-03,-0.21632818957307903,0.12903328631938152,-0.1351076505431053,-0.15391756352902383,0.22109944024342643,-0.07715622683357622,-0.09651024094920681,0.31162337755465086,-0.020175557788732795,-0.027186898717236604,0.47199086411701063,0.08076842397762546,0.14488798979323786,0.6992516979691289,0.022705558564399705,0.05543372690706595,0.06241062604405523,0.06241062604405523,29.0,4.0,0.4444444444444444,0.4166666666666667,0.4819803004387134,0.704818625792308,2001-09,-0.1456885456885457
2002-04,-0.23114114459997828,0.12504535249383442,-0.1510626008597129,-0.17185773347534086,0.22027941338417056,-0.09007508906117642,-0.1124352508167819,0.30778625464841586,-0.03403605781371891,-0.04534030751408214,0.46416097007351037,0.06610568467653007,0.11890454717525736,0.698165113097815,0.011160847438517913,0.02821030026677549,0.05928341112463742,0.05928341112463742,28.0,4.0,0.4166666666666667,0.3888888888888889,0.5115685710955954,0.6932681843789809,2001-09,-0.14749034749034748
2002-05,-0.23806069545701553,0.12078510994351299,-0.16004414210155793,-0.18156927504405235,0.22234537172280777,-0.09444514909982052,-0.11822567327819311,0.3166268647701427,-0.03354760025295082,-0.044735315788583765,0.46731304271280555,0.06378241208790492,0.11405915123893617,0.7091542501834063,0.012197758073635764,0.03327300830769865,0.05649142041296318,0.05649142041296318,27.0,4.0,0.3888888888888889,0.3888888888888889,0.5098141453910496,0.7031601080213744,2001-09,-0.14491634491634492
2002-06,-0.27551667945540476,0.10827717698930936,-0.20403567711975457,-0.2295708622594995,0.21455549363114937,-0.13387425611360468,-0.16627598838025914,0.31433167380566096,-0.06800533002587798,-0.09098576960573404,0.4482841189633492,0.020425633095077344,0.036815693836525214,0.7000611119278828,-0.01632357666975207,-0.045702587373546835,0.05556867973378182,0.05556867973378182,32.0,5.0,0.3611111111111111,0.4166666666666667,0.4487585266530651,0.7797362705111972,2002-03,-0.19124839124839124
2002-07,-0.3416001181240386,0.10516499316648724,-0.2703660350492971,-0.2967155774322136,0.2099011020738717,-0.19942245907223602,-0.23979062565698692,0.3068835198783,-0.13373088815440098,-0.17377401828339503,0.46051444073273795,-0.0296681439894396,-0.052666032046162964,0.7034307566496695,-0.003991680726821707,-0.009885580904840206,0.053769147139159645,-0.053769147139159645,10.0,6.0,0.3333333333333333,0.3611111111111111,0.45197835446607615,0.7752922931478409,2000-06,-0.26615186615186615
2002-08,-0.3280723400757209,0.10927907758564212,-0.2578171227666716,-0.27679584838388377,0.21261744288952622,-0.19138117298390936,-0.21592362993226222,0.3158148054870965,-0.12503587345179074,-0.16235908308490218,0.4639055706925437,-0.029828729313715944,-0.05518873026677041,0.7055203452223543,0.0014398150673434783,0.003840743009105041,0.05232388486055617,-0.05232388486055617,8.0,6.0,0.3333333333333333,0.3888888888888889,0.3935311242132462,0.7723621655288947,2000-05,-0.24761904761904763
2002-09,-0.35125394434338864,0.10935994681910548,-0.2808608464298147,-0.30166194704158944,0.2132891485188278,-0.213963424804057,-0.24261727171822686,0.3065470935528524,-0.15393490570777743,-0.19878905471838879,0.4419579177489337,-0.06677331059508447,-0.10633875910704109,0.6854005468436651,0.026953886641069402,0.06919979327144458,0.051015309580730694,-0.051015309580730694,7.0,7.0,0.3333333333333333,0.3888888888888889,0.36553585396624577,0.7914268185248201,2000-05,-0.2911196911196911
2002-10,-0.35457152151494276,0.11055357632562436,-0.2831642492457343,-0.30458795409243145,0.21583449835122462,-0.21516261860022395,-0.2445390363289835,0.3085196747253383,-0.15529666179777618,-0.20103307100712084,0.44309073332711474,-0.06837634189035607,-0.1093465038095423,0.6869239107035708,0.02612196046683256,0.06712984973132823,0.05230105441870253,-0.05230105441870253,6.0,7.0,0.3333333333333333,0.3888888888888889,0.36416870865904544,0.7958347806477104,2000-05,-0.2954954954954955
2002-11,-0.3991990996446576,0.10275460137446665,-0.3288452672130984,-0.35341132019706606,0.20001515288001487,-0.26225309079186143,-0.299511814685987,0.2894294021518547,-0.20103310622552706,-0.26061135502188726,0.4236987608326744,-0.10910180743241418,-0.1806433420194987,0.6678001427081172,-0.00634000481693846,-0.01732437596826006,0.05345997350042708,-0.05345997350042708,5.0,9.0,0.3055555555555556,0.3333333333333333,0.4163236443166019,0.7903271758067599,2000-05,-0.3544401544401544
2002-12,-0.3804168489657072,0.11153030475826456,-0.30531447771200354,-0.32969102801554523,0.2172754123308517,-0.23410774744804108,-0.26886315676313155,0.30742339525772694,-0.17340382221246484,-0.22698826828932797,0.44773126964110643,-0.07892318670628644,-0.1328743090702649,0.6975103025812922,-0.033848748380185,-0.09518308435381348,0.05380001208624424,-0.05380001208624424,4.0,8.0,0.3055555555555556,0.3611111111111111,0.3943746147832889,0.8018025959122831,2000-05,-0.3384813384813385
2003-01,-0.3881644697448369,0.11618660621245182,-0.30813036092433005,-0.3351702808986716,0.2271732925814248,-0.23167817057254847,-0.268839156167013,0.31557630247977064,-0.17078254460575526,-0.22634456136635384,0.457922710415998,-0.07272848937201748,-0.12421469303925241,0.7082546342377313,0.032291013056528685,0.10580918090617646,0.0601369130462171,-0.0601369130462171,3.0,7.0,0.2777777777777778,0.4166666666666667,0.35078939384951346,0.8975046356577139,2000-05,-0.3474903474903475
2003-02,-0.3888665848831211,0.11629740234486369,-0.3090040829209735,-0.3360878754636207,0.22690651271448217,-0.23304778367595266,-0.27028670109925007,0.3128473237542575,-0.1740314337669494,-0.22883554993721691,0.45295494271526776,-0.07781823580569944,-0.12944071593058779,0.7013148946325066,0.02494523750091382,0.07985814989764047,0.057702429898391805,-0.057702429898391805,2.0,7.0,0.2777777777777778,0.3888888888888889,0.37230333162136153,0.8555716869821954,2000-05,-0.35263835263835264
2003-03,-0.42789262819791535,0.12041159594763774,-0.3458837826422989,-0.3770479936156488,0.23411314464564908,-0.2684449556487219,-0.3142580434568492,0.3244603904769143,-0.20691206696436681,-0.27468814602291697,0.4700161299693465,-0.10777827452664107,-0.18354818054552252,0.730047372469697,-0.002747735372655973,2.276776077826257e-05,0.06003452058678416,-0.06003452058678416,1.0,8.0,0.2777777777777778,0.3611111111111111,0.34081703328469126,0.8437766704186097,2000-05,-0.3933075933075933
2003-04,-0.4759043483025256,0.10916066766154538,-0.3999042705704919,-0.43357415441975716,0.21150377287300812,-0.32865073101240716,-0.3821513650660262,0.3032063872705672,-0.26480533713799465,-0.34652542310478207,0.44396605150583357,-0.16680533720593346,-0.2702580402105604,0.7151324098718305,-0.04936140005363698,-0.13634103768749598,0.06176012085360294,-0.06176012085360294,0.0,10.0,0.25,0.3055555555555556,0.3505056372919762,0.8204885680320055,2000-05,-0.4772200772200772
2003-05,-0.4423264344073526,0.10822478544192728,-0.36455138554830413,-0.39820164219975057,0.21273790625036626,-0.28944370070424713,-0.33861365767121154,0.29646730718686704,-0.3496152983857184,-0.4458631442140458,0.4481185962434188,-0.24063207085841656,-0.3963080310547912,0.7236452273788533,-0.04262662218948735,-0.12494960046979335,0.09533803474877595,-0.09533803474877595,35.0,8.0,0.25,0.4166666666666667,0.3223700204861496,0.967475024359504,2003-05,-0.425997425997426
2003-06,-0.4387267178754894,0.10634613018156416,-0.3627825691978797,-0.3961051112364675,0.20912459844716533,-0.28938616764106095,-0.33777268817934036,0.2933672552358611,-0.22922660338390619,-0.300525658893157,0.4476149684908273,-0.23832369486494437,-0.38837100092371984,0.721332321592526,-0.04285601471422085,-0.12368777118088455,0.09441135193463718,-0.09441135193463718,34.0,9.0,0.25,0.4166666666666667,0.3212949072054212,0.9607075587487353,2003-05,-0.416988416988417
2003-07,-0.4016512161316421,0.0945369957489887,-0.3399198410382506,-0.3622965827743839,0.18414763505631648,-0.281405309836867,-0.3163858444791795,0.27064128781783786,-0.2249261285436943,-0.28234724524012506,0.4278908315733967,-0.23053770325286382,-0.3546786204317074,0.6827146086791062,-0.12599654909184502,-0.32195492969921186,0.0827038725087525,-0.0827038725087525,33.0,9.0,0.2222222222222222,0.3333333333333333,0.36653051615736426,0.769006614937327,2003-05,-0.4200772200772201
2003-08,-0.39675462382205673,0.09041645222446065,-0.33882264719194805,-0.36753756681348876,0.17773834982589615,-0.28287342548852723,-0.3283797137724394,0.26266544180115725,-0.33728823813080977,-0.41761660846284043,0.4227652540117224,-0.23470847138169942,-0.35650067997093104,0.6722195625135735,-0.13990862969343257,-0.35556444250940084,0.082835191101375,-0.082835191101375,32.0,10.0,0.2222222222222222,0.25,0.47438459048957315,0.6724397462288201,2003-05,-0.450965250965251
2003-09,-0.37766754560448756,0.0896183675518358,-0.3208325197412276,-0.34784067036661537,0.17562261934875353,-0.26628952806710615,-0.30871660979664023,0.2576656306792601,-0.3183203427120171,-0.39218916935578196,0.4162945176960316,-0.21771957143548584,-0.3273436236403519,0.6636768463492901,-0.12255995806252601,-0.29772567108679454,0.07793981990188542,-0.07793981990188542,31.0,10.0,0.25,0.2777777777777778,0.4489133841593955,0.6810576129904238,2003-05,-0.40540540540540543
2003-10,-0.3821691027519199,0.09332952356278411,-0.3230819022500081,-0.35196503452192013,0.17658400735645138,-0.2703732395588253,-0.31448915425606205,0.2580179209161043,-0.21881718532784375,-0.2858963137339764,0.4171660001633022,-0.22023447054239886,-0.3336946045343738,0.668578218620725,-0.12214463770730914,-0.27140513715255776,0.07675720547292258,-0.07675720547292258,30.0,9.0,0.2777777777777778,0.3055555555555556,0.39921300378741653,0.710690465519151,2003-05,-0.4200772200772201
2003-11,-0.3835016062373205,0.09422382054657359,-0.3239500247046025,-0.3531428801344925,0.17650172931573918,-0.2719485290744545,-0.3277732435996147,0.2585900277490643,-0.22006687145669807,-0.28769814945983746,0.4161772940108063,-0.22176046700315397,-0.3354684721346053,0.669267410712709,-0.12255186160712875,-0.2704556837721113,0.07616710796265797,-0.07616710796265797,29.0,9.0,0.3055555555555556,0.2777777777777778,0.43491169244726285,0.6835258901068788,2003-05,-0.4195624195624196
2003-12,-0.36822318007755017,0.10535631127874483,-0.3018237761358529,-0.33042017646088545,0.19818552818787025,-0.2433194056208995,-0.29488916123476255,0.2821966812027669,-0.29626630948397403,-0.38227498105214347,0.4380069489567937,-0.19806897530157624,-0.30283973770059364,0.7067970431947984,-0.09396020313534806,-0.2019844042107614,0.0794210737995541,-0.0794210737995541,28.0,8.0,0.3333333333333333,0.2777777777777778,0.4585234937149115,0.672040239994745,2003-05,-0.39021879021879025
2004-01,-0.35079259243317956,0.10590218848824849,-0.2850935321963507,-0.31165285552338473,0.19909708132587114,-0.2272777593052815,-0.27408988540186163,0.28080653635379005,-0.27796825479389353,-0.3557237626285192,0.43343535968426183,-0.18328116285548954,-0.27630143960248166,0.7024392466136452,-0.07888168877112538,-0.15789477472409216,0.07506887997971606,-0.07506887997971606,27.0,8.0,0.3333333333333333,0.2777777777777778,0.47176904887805626,0.653670431690071,2003-05,-0.3747747747747748
2004-02,-0.3483905985251826,0.1076578824953315,-0.28205662362422884,-0.3088258751708466,0.20235762209821948,-0.2237068771463782,-0.2707990157391668,0.2833943690809464,-0.27363809830559294,-0.35111249465694266,0.43500415349456595,-0.18022292608661344,-0.27214727353771223,0.7074388456589942,-0.07396742682928965,-0.1460553670827411,0.07383777713970457,-0.07383777713970457,26.0,8.0,0.3611111111111111,0.3333333333333333,0.3904901898496042,0.7033147177740265,2003-05,-0.3593307593307593
2004-03,-0.33257270734756467,0.11708322424742303,-0.2617424720992578,-0.29035700290318645,0.2198987358106437,-0.19954357966178524,-0.24953127258605012,0.3031354145129361,-0.24989813362685398,-0.3315757584614472,0.4603574015988442,-0.1547857005427758,-0.2453410960129686,0.7248661841765969,-0.05692384387037122,-0.13794166962423576,0.07346870110779652,-0.07346870110779652,25.0,7.0,0.3611111111111111,0.3333333333333333,0.39722608651247016,0.6836149081381002,2003-05,-0.3521235521235521
2004-04,-0.3249765063145003,0.11718394618690674,-0.2555827870292478,-0.2833833280160309,0.2206924749136526,-0.19428734495020425,-0.24273960222576382,0.3028272136863062,-0.2429257053350494,-0.32119842210571314,0.4544410772397687,-0.15314335690311806,-0.22412161123416324,0.708499306299607,-0.06369680989975209,-0.15044689919389384,0.07027289128327174,-0.07027289128327174,24.0,7.0,0.3611111111111111,0.3611111111111111,0.3596939094688923,0.6978347193088309,2003-05,-0.3474903474903475
2004-05,-0.2609001310582033,0.11716953165854731,-0.19130585479160556,-0.211819367403175,0.2210444680311036,-0.12960806598287478,-0.15920530282750736,0.3090395516260653,-0.1818738220299025,-0.23915695426431438,0.4620961578979432,-0.09096397891169014,-0.12792599086684026,0.6882938076838799,-0.06863518146795669,-0.15044689919389384,0.0717907539628263,-0.0717907539628263,23.0,5.0,0.3888888888888889,0.3611111111111111,0.4483528249773353,0.6504387526844554,2003-05,-0.27104247104247103
2004-06,-0.256915506871684,0.12099294137122858,-0.18550725328318757,-0.20586022301188192,0.22844033639977104,-0.12209338182369085,-0.1502562231994342,0.3153403862526451,-0.17338051251429673,-0.22825880135209992,0.4692666083739291,-0.08253552123970971,-0.11417950952972639,0.6966678799815356,-0.06197913124795395,-0.13303376014774687,0.070259743662834,-0.070259743662834,22.0,5.0,0.4166666666666667,0.3611111111111111,0.4486323936601908,0.6445332112213661,2003-05,-0.2658944658944659
2004-07,-0.2649010313048855,0.1180702113981518,-0.19531840488098923,-0.2168716080677652,0.22255105154360968,-0.13374443815215503,-0.16589073122648246,0.307586404232766,-0.18385854491055495,-0.24293571916906964,0.4606376129958036,-0.09366047583814784,-0.13232745344085056,0.687318752308403,-0.07215932341468319,-0.1568327116804731,0.06893963004000497,-0.06893963004000497,21.0,5.0,0.4166666666666667,0.3888888888888889,0.405539479481482,0.6795040367459882,2003-05,-0.279021879021879
2004-08,-0.2607160408507457,0.11983700051400817,-0.19020738990088756,-0.2113316809834411,0.22597435624102233,-0.12775921666893006,-0.15830704948450577,0.31169780547289433,-0.17819643333976462,-0.2355634106075325,0.46595502837379227,-0.08743591163643245,-0.12254652407494626,0.6943094006356176,-0.06623743482347327,-0.14386817398061502,0.06920503200267525,-0.06920503200267525,20.0,5.0,0.4166666666666667,0.3888888888888889,0.40956906527199044,0.6754103792538164,2003-05,-0.2785070785070785
2004-09,-0.21087004112865942,0.14057908895594476,-0.12827340129985876,-0.14699318820540655,0.23405159154187521,-0.07335403393643658,-0.08135921689635812,0.3236974447878072,-0.12602506991832577,-0.1562208686336619,0.46796834963267636,-0.04125931952296504,-0.04795115817908389,0.7030571865811358,-0.033704086212086155,-0.07074702279231027,0.06951486522303807,-0.06951486522303807,19.0,4.0,0.4444444444444444,0.4166666666666667,0.4394549403526859,0.66534645451397,2003-05,-0.21698841698841698
2004-10,-0.22521265364078077,0.14251854479356363,-0.14108743661730178,-0.16198971206953486,0.2360294004079334,-0.08589026186362485,-0.09706872970612687,0.3288076895066016,-0.14065502049063702,-0.17658344248841518,0.475062518225529,-0.054324366297294674,-0.06861817719749848,0.7116144624982333,-0.04661090662512157,-0.1038388807588328,0.07328354768096826,-0.07328354768096826,18.0,4.0,0.4444444444444444,0.3611111111111111,0.49143086556805926,0.6204801795570477,2003-05,-0.25122265122265125
2004-11,-0.22701055076631196,0.1421439669252016,-0.1426473808165906,-0.16390390187495418,0.23528336487360557,-0.08736867270039814,-0.09898214978343856,0.32797683165198865,-0.14238271839090955,-0.17910823618887067,0.4737866705340567,-0.055843834722196665,-0.07109625163404379,0.709436169694196,-0.04814019781969804,-0.1082638955741893,0.07373779719702941,-0.07373779719702941,17.0,4.0,0.4444444444444444,0.3611111111111111,0.4933580531573546,0.6243053899072403,2003-05,-0.2483912483912484
2004-12,-0.2250556073108183,0.14238826700255855,-0.14068254894497773,-0.16155266636471824,0.2371955634809125,-0.08450389232060872,-0.09535568729975581,0.3302613589808564,-0.13965061164572737,-0.1754255471724862,0.4807101716230303,-0.0505012265359173,-0.06324163001817656,0.7267034754715206,-0.0406683635511657,-0.09163724894225604,0.07387244980782232,-0.07387244980782232,16.0,4.0,0.4722222222222222,0.3888888888888889,0.45937581061985006,0.6503730729343883,2003-05,-0.25070785070785073
2005-01,-0.22323559281680805,0.14219786287596056,-0.1388353799888978,-0.15916759154752244,0.23643634981861375,-0.08290100661875624,-0.09317470446077356,0.3300192732366709,-0.13844627638439155,-0.17363230849320516,0.48024208385638195,-0.04928293080745956,-0.061252987468126255,0.7252113106657001,-0.03942930467866011,-0.08814674213769277,0.07432793804861187,-0.07432793804861187,15.0,4.0,0.4722222222222222,0.4166666666666667,0.43202257383444986,0.6806468741002395,2003-05,-0.24633204633204633
2005-02,-0.21300068115801782,0.14846445997104432,-0.12549245806639553,-0.1447115643031084,0.2480309909260155,-0.06680575146357727,-0.07343352531619154,0.34155457757230306,-0.12193061357649089,-0.15251759560919922,0.49411045697592426,-0.032010817745256964,-0.0334526287114415,0.7439848835571935,-0.023972015321594625,-0.05045050195409883,0.07318268061377456,-0.07318268061377456,14.0,4.0,0.5,0.4444444444444444,0.41171084817888065,0.7021198705696355,2003-05,-0.2205920205920206
2005-03,-0.15958322154388413,0.15742162167951765,-0.07131573506232125,-0.0811547987953662,0.2614734031531123,-0.012973119120396654,-0.004759286791023799,0.3649841577426057,-0.07101237722196187,-0.08347871546893902,0.5020584812969202,-0.06752618026462451,-0.08178083664232733,0.7351175226976004,-0.004534102975856058,0.029843246180480884,0.07842842274851787,0.07842842274851787,3.0,3.0,0.5277777777777778,0.4722222222222222,0.41292206798561737,0.6634256794627075,2002-07,-0.1709137709137709
2005-04,-0.16544484636426976,0.15574088806265163,-0.07740135821317422,-0.08862404111536018,0.2593088373338909,-0.018852292338916322,-0.012319808921961401,0.3610923968769821,-0.07639260644707452,-0.09112652490035031,0.4960544889494354,-0.07254901392931443,-0.09023595846097261,0.7293770768279881,-0.009734515111347417,0.01736756961249203,0.07682080524890957,0.07682080524890957,2.0,3.0,0.5277777777777778,0.4722222222222222,0.4116365135040806,0.6730731764378323,2002-07,-0.18018018018018017
2005-05,-0.15776873954717785,0.15577415227416264,-0.06991891431983491,-0.08031397748446509,0.26113369233242767,-0.010500730718607063,-0.0015648644339490666,0.36004050211340555,-0.06627985598555383,-0.0773572128161607,0.4957848842519805,-0.06253759974054801,-0.07526013692594004,0.7312580899534388,0.00044351219791778363,0.0482818716034528,0.07745476206271279,0.07745476206271279,1.0,3.0,0.5555555555555556,0.5,0.39490463928864855,0.7016771884081612,2002-07,-0.155984555984556
2005-06,-0.11672516931536628,0.17056942738758138,-0.02154189260372113,-0.023033591720804172,0.28818186203474155,0.0440896633158128,0.07309816485914156,0.3891131312473042,-0.012233260865008764,-0.00023400544847259583,0.526062825279685,-0.08865563515743893,-0.13203493929986534,0.7400765480071365,0.030770968439985325,0.12765167130842417,0.09369157759456215,0.09369157759456215,0.0,2.0,0.5833333333333334,0.5555555555555556,0.38614387701886854,0.7380161541509495,2002-07,-0.10373230373230373
2005-07,-0.029028416945960287,0.1500950840540208,0.0585105399194509,0.06727329453373794,0.26198551013509785,-0.006746568560122229,-0.006435245500739088,0.35286435456342924,-0.059749232121887326,-0.07278653078769844,0.4945932268033492,-0.06198655111967332,-0.08691740658951888,0.7210100516580668,0.02475537320127998,0.06812015366650362,0.09630171147969824,0.09630171147969824,1.0,1.0,0.5833333333333334,0.5555555555555556,0.4849205613207313,0.6696503637202024,2002-09,-0.04144144144144144
2005-08,-0.029432464625861198,0.152034100541455,0.06381578334256849,0.07366433216236112,0.2664067839544319,-0.0063332970658754525,-0.00595740756794724,0.35205847755515823,-0.05886671118383984,-0.07217322035639642,0.5021654340702798,-0.06006232505151552,-0.0840206792933644,0.7194242354050239,0.07319069192319938,0.21685840954791424,0.10309679678822227,0.10309679678822227,0.0,1.0,0.5555555555555556,0.5277777777777778,0.5378074682995476,0.6616751858586204,2002-09,-0.04298584298584299
2005-09,0.0706827555644188,0.1293955312991543,-0.006069126102235765,-0.008981020197486518,0.22846579628140853,-0.06483335990736246,-0.07518856893501644,0.3200753750358342,-0.010494485314884866,-0.011335517628713598,0.4696191353024113,-0.025619423356426817,-0.03048537266842913,0.7062533879726501,0.060555187316819976,0.1735316468114366,0.0796637757619053,-0.0796637757619053,7.0,1.0,0.5833333333333334,0.5277777777777778,0.6114314713140975,0.5378412653066584,2003-05,0.021364221364221364
2005-10,0.10211657707024847,0.12445206953788376,0.026044148110465275,0.025929307246955757,0.2155702458682434,-0.0296526436068173,-0.03427334815123208,0.30421379328722026,0.024531509286844243,0.03562240612288211,0.4540578111114742,-0.0670619727927297,-0.10031338705252324,0.6933507240483252,0.0792079380859071,0.23032780892872462,0.07710210891098747,0.07710210891098747,3.0,2.0,0.5833333333333334,0.5555555555555556,0.6242034990656841,0.5568743614909366,2003-02,0.07438867438867439
2005-11,0.12395136090785984,0.13113247302776224,0.04322179499842103,0.04464377604995317,0.22409140675485284,-0.014006854732020025,-0.01633470853924253,0.31462843607337254,0.041730789093753246,0.05970039873539169,0.47017491409879897,-0.054028860364518115,-0.08315306312864032,0.7136872810883313,0.09588555234150127,0.28916793235704047,0.08378219293628243,0.08378219293628243,2.0,2.0,0.5833333333333334,0.5833333333333334,0.6163208608894726,0.573629363126922,2003-02,0.09575289575289575
2005-12,0.13170375945550675,0.1267274074935848,0.0525317883675762,0.05475948935730929,0.22146177460599817,-0.006652777326605376,-0.007777212813709934,0.3113587140630469,0.04950964272406278,0.07086728974398519,0.4652415324140006,-0.046627461998352666,-0.07191779881591734,0.7107050655108832,0.05261462653372808,0.15168247649778815,0.08659083065939718,0.08659083065939718,1.0,2.0,0.6111111111111112,0.5833333333333334,0.6303717100142575,0.5752116219571114,2003-02,0.11840411840411841
2006-01,0.13222852559277237,0.12436840380734833,0.05413414917363402,0.056470823855755796,0.22063670909343758,-0.0063153946018902375,-0.007374735228480389,0.30971969318093706,0.04962228634355137,0.07127928450399033,0.46307750172190887,-0.046675342799978536,-0.07243297297151807,0.7107106088336257,0.05233984187658002,0.15363405654273277,0.0870320517791533,0.0870320517791533,0.0,2.0,0.6388888888888888,0.5833333333333334,0.6334635927798024,0.5783158035085879,2003-02,0.1148005148005148
2006-02,0.22665808162127835,0.12774653111250123,0.13939718883974506,0.15042167284368843,0.2313614934547499,0.06862004882059995,0.08157118191857538,0.3192683289088865,0.008572790577854279,0.008066036550937026,0.4621403755039955,0.005599563530742075,0.011312362923487399,0.7207183371429031,0.11030214838336178,0.292114658759753,0.07623640877758989,-0.07623640877758989,2.0,4.0,0.6666666666666666,0.5277777777777778,0.8379151566740054,0.46984441882713884,2003-05,0.18841698841698842
2006-03,0.22583305310616136,0.12852169608988495,0.13741176942871744,0.1484129667191187,0.22951131191454044,0.06793220495842929,0.08076891378998999,0.3187633025309962,0.006527976558308549,0.005252335708297132,0.46049414808328,0.006126294137912426,0.012417302098150975,0.7193496842949679,0.11314334026685177,0.30378562418277005,0.07742008638704262,-0.07742008638704262,1.0,4.0,0.6388888888888888,0.5555555555555556,0.7995927340311312,0.505481113869186,2003-05,0.1902187902187902
2006-04,0.2683449130009419,0.13953262188763924,0.1733596241450921,0.1891251403929663,0.2409397835771754,0.1043278205795508,0.12495166499206632,0.3379366943159197,0.038298246563061356,0.04705232072955499,0.4811692473888935,0.03882977307680251,0.06341524511309916,0.7442844485419071,0.09108338998632036,0.27717241374950374,0.07921977260797552,-0.07921977260797552,0.0,4.0,0.6388888888888888,0.6111111111111112,0.7549530633857224,0.5154925313894951,2003-05,0.24555984555984556
2006-05,0.19433026508278728,0.12334579313300037,0.11541004382819493,0.12495346779418513,0.2314112246757481,0.046266641765584204,0.05534509458621967,0.3155079456355313,0.10007416658141141,0.12960020144285034,0.46199067905247737,0.09850901430356473,0.15583547675828183,0.7388769558887498,0.08228216601209909,0.23471873264783125,0.07043466638218282,0.07043466638218282,13.0,3.0,0.6388888888888888,0.6944444444444444,0.583911518360598,0.7087480619197631,2004-07,0.19356499356499357
2006-06,0.10644964232197121,0.11378372517331004,0.03959660762195207,0.04049863677188374,0.20569737901812515,0.09359999589680107,0.10668571317300628,0.2834138592259855,0.04793808299857443,0.053301363502381675,0.4346673459049781,0.049602873451222274,0.07610437276221643,0.7151802243174151,0.045324288636512985,0.12861620173626193,0.06595100555008747,-0.06595100555008747,10.0,2.0,0.6111111111111112,0.6388888888888888,0.5280392405641214,0.6476280809004462,2004-05,0.11969111969111969
2006-07,0.11064711884132315,0.12689050599280458,0.02949451903405909,0.02965557551979228,0.21678155030516963,0.08698417823481967,0.1003679941966643,0.305915437021403,0.02997875784222802,0.02972621327004198,0.4509265430005968,0.1227203554823666,0.19131480903964104,0.7260785604662094,0.026613773744058277,0.09438409965783895,0.0809915433215309,-0.0809915433215309,9.0,2.0,0.6388888888888888,0.5833333333333334,0.6251627992108114,0.6170513082653818,2004-05,0.11325611325611326
2006-08,0.10723984425156487,0.14274409955593134,0.01452722635480808,0.013149218816073779,0.24540006390205862,-0.05214805638440138,-0.07426288087902255,0.33432165180249696,0.005606717560254104,-0.0036013227475546004,0.47660660463439003,0.09802111861360552,0.15489596266179945,0.7316083190371596,0.06171280459781019,0.15948196090088593,0.094090625435491,-0.094090625435491,8.0,2.0,0.6388888888888888,0.5277777777777778,0.6969993235401779,0.5582113293210945,2004-05,0.11248391248391248
2006-09,0.09676820754711271,0.14430501355642156,0.00361914220906705,0.0010607174270085174,0.2480283598093115,-0.06333440652133487,-0.08789583412273612,0.3382035033182355,-0.005126239475938288,-0.017627603007718106,0.48244219540009076,0.08798001526796764,0.14011906805832,0.7271273634547322,0.06028077643326827,0.16010439897241552,0.09570749012010416,-0.09570749012010416,7.0,2.0,0.6388888888888888,0.5555555555555556,0.6494857675081542,0.6001767553758838,2004-05,0.1009009009009009
2006-10,0.09668515081309352,0.14626669146178434,0.00411120703004875,0.0016230697259908382,0.25142853930784925,-0.06244698809509557,-0.08664543106283944,0.34268760666400866,-0.0046880295332312446,-0.01698060259687668,0.4888726405681768,0.08783423220195506,0.1391579916132847,0.7339304062147144,0.061486535325103134,0.15935408149805633,0.09506208108710258,-0.09506208108710258,6.0,2.0,0.6388888888888888,0.5555555555555556,0.6383975043088427,0.5864981129824114,2004-05,0.08314028314028314
2006-11,0.10676304567332096,0.14737866272416145,0.013686150894501762,0.01221330952181592,0.25381788631647123,-0.05353546878583785,-0.0760865181008253,0.34331738840010956,0.002987881231164494,-0.0072879847232601375,0.486448207292069,0.09338205311035523,0.14617724276677713,0.7281546799580507,0.06931610095522073,0.17285220295033601,0.09454973615150501,-0.09454973615150501,5.0,2.0,0.6388888888888888,0.5833333333333334,0.615260307853874,0.6122506577576744,2004-05,0.08957528957528957
2006-12,0.10645274828337625,0.14689192694026118,0.013078213915359679,0.011534038146554376,0.2530350287044854,-0.054393585999431567,-0.0772164985756783,0.3419544634056888,0.002129675587767542,-0.008467080427906297,0.4839879124463123,0.09241582980402491,0.14476809351913575,0.7259505570978075,0.06795565528108824,0.17090588557583253,0.09491871013682186,-0.09491871013682186,4.0,2.0,0.6388888888888888,0.5833333333333334,0.6184341665453458,0.6174180871689396,2004-05,0.09678249678249679
2007-01,0.0722941737044554,0.14512517269051692,-0.020271541451938317,-0.025344351037708764,0.24898237232187082,-0.08651515570429068,-0.11565575538347943,0.3419904477738288,-0.027191477668847497,-0.04614086044862968,0.49065712075838036,0.06763312546243244,0.11077593393642236,0.7169986154026285,0.0542169715495607,0.1458679268081187,0.09763852474216417,-0.09763852474216417,3.0,1.0,0.6111111111111112,0.5833333333333334,0.5917731666232225,0.6597960279621156,2004-05,0.087001287001287
2007-02,0.07407365088506006,0.1447730906433343,-0.018651616685590053,-0.02356136171025156,0.24828266773753516,-0.08494814451084944,-0.11381757142682178,0.3415572460141451,-0.025206999317328498,-0.043566050185527685,0.4907985996452327,0.07038013214856845,0.11555971554209796,0.7162921558322732,0.057007373028769605,0.1533987034937418,0.09763501259531164,-0.09763501259531164,2.0,1.0,0.6111111111111112,0.5833333333333334,0.5954671230959561,0.6608154536025317,2004-05,0.08725868725868725
2007-03,0.07815980574609241,0.1429782966404879,-0.013135355152875925,-0.017394868089719493,0.24490117322917232,-0.07821562003284425,-0.1051177773059235,0.33856428777302106,-0.01840941647958591,-0.03418336341341393,0.48229110690618743,0.07336369445103935,0.11555971554209797,0.7103019626876795,0.01031327525315334,0.0703240763431173,0.0955546738358119,-0.0955546738358119,1.0,1.0,0.6111111111111112,0.5555555555555556,0.6270988625424646,0.6128990031085035,2004-05,0.10398970398970399
2007-04,0.05858344852776727,0.14785474038410124,-0.04686654149288561,-0.05631442071999666,0.25460895841515074,-0.12300364197943356,-0.16672826603572802,0.3445449503930654,-0.058861299083078245,-0.09309002850982817,0.4798117957364207,0.0376110051158056,0.058855456735728146,0.7113768598980112,0.08661939210223772,0.212886583487965,0.11489786924776392,-0.11489786924776392,0.0,1.0,0.6111111111111112,0.5833333333333334,0.6431528127826018,0.7637192246641856,2004-05,0.05842985842985843
2007-05,-0.06809145323410966,0.13311636749461556,-0.15913950923673506,-0.1784538945084328,0.23829320374484858,-0.08720134973521829,-0.10551400710627788,0.3168159929959046,-0.0334938496901792,-0.03866059296681576,0.468074370743142,0.06996285895651519,0.1518219424067278,0.7045202609631263,0.05083560521904186,0.14215549013889472,0.11036244127432311,-0.11036244127432311,16.0,1.0,0.5833333333333334,0.5,0.5987741260980131,0.731174174053226,2005-10,-0.0453024453024453
2007-06,-0.04412632927155703,0.12223615252270242,-0.12554946266296452,-0.13963931491055026,0.22601211172030905,-0.05642291054084464,-0.06711351168294868,0.3048837603652633,-0.0038854522203563033,0.0006484723074827393,0.4550457103042057,0.09613942771785634,0.1887198867403851,0.6804630561604635,0.07201274160915945,0.1829669165735783,0.09551298563899326,-0.09551298563899326,15.0,1.0,0.5555555555555556,0.5555555555555556,0.5442386455955337,0.7768246522759481,2005-10,0.002574002574002574
2007-07,0.02331027748036811,0.13524836149156402,-0.06417440239578387,-0.0733568344847034,0.2256852221763523,-0.00567580234800176,-0.008582177695639254,0.3141068047648863,0.05151922583267698,0.07120434056865493,0.4598445886090468,0.06618753149220932,0.1052924441516889,0.6781746314372207,0.05170210308256976,0.12107529525227066,0.09666711196507151,-0.09666711196507151,14.0,1.0,0.5833333333333334,0.5555555555555556,0.5863855668766939,0.6819907266075621,2005-10,0.06357786357786357
2007-08,-0.083812285797869,0.22206892833495373,0.06666631270800229,0.08414580958064205,0.3364820902868699,-0.010862463560873399,-0.011705078470319806,0.41066793209707103,0.03940743051336311,0.0683209996905703,0.5330385005591474,0.05473712938460834,0.1052924441516889,0.7278149715727966,0.042393095925081184,0.1210752952522707,0.16795809537851103,0.16795809537851103,35.0,1.0,0.5833333333333334,0.5555555555555556,0.5195827400545656,0.8328178002510453,2007-08,0.047876447876447875
2007-09,-0.07929134680434452,0.22089549076706758,0.0708181350809584,0.08901076525406512,0.3348112068502399,-0.006593264583464301,-0.006104992960957352,0.40865492021330774,0.043587214497050726,0.07421250816996315,0.5306911008563949,0.05873774849647006,0.1121453050474048,0.7295700486572975,0.042526620610562664,0.12107529525227066,0.16830211205840964,0.16830211205840964,34.0,1.0,0.5833333333333334,0.5555555555555556,0.5252261279828285,0.8299824811130394,2007-08,0.047876447876447875
2007-10,-0.0756457023575705,0.22431856497425604,0.0758898000296875,0.09524342956016849,0.3399636089221817,-0.002232712189738617,-0.0003054884220619461,0.4157445141330695,0.048960097214204266,0.082672582311561,0.542618611794023,0.06335686344157289,0.12219883943093497,0.7330784649719707,0.04867598584539817,0.1386342453604228,0.17088913191773897,0.17088913191773897,33.0,1.0,0.5833333333333334,0.5833333333333334,0.49990945913379053,0.8763798816216379,2007-08,0.032175032175032175
2007-11,-0.2057844728747044,0.22352662255922778,-0.04723908656017665,-0.05110832544709558,0.39492784705769807,0.07433423227656526,0.1296565985371181,0.48954173083025887,0.007225470994835678,0.03380199607096954,0.5965102783606695,0.08309728213544894,0.23628229438751328,0.7758689450897206,0.02109558414462206,0.13863424536042276,0.15467614742760882,0.15467614742760882,35.0,2.0,0.5833333333333334,0.5,0.48952008105087713,0.8896565560850246,2007-11,-0.023166023166023165
2007-12,-0.1995432000946829,0.22337891234421017,-0.04156356364559523,-0.04431621555826618,0.39432750102506736,0.07933592327495888,0.13654112283425504,0.48995410577677556,0.011706190033816531,0.04056864805665335,0.5952742047176767,0.08619142575663591,0.24057133216523058,0.7780908107520285,0.02489333631012077,0.14512424453483277,0.15522698453641667,0.15522698453641667,34.0,2.0,0.5833333333333334,0.5277777777777778,0.4676036582821224,0.9334400888631899,2007-11,0.0018018018018018018
2008-01,-0.3290262738805966,0.2144521297613637,-0.17028401233356388,-0.20186087378726195,0.3828059848859201,-0.04566472441894968,-0.04239810539630742,0.510646983256592,0.04896604106877623,0.1465877950075785,0.6289463991657781,0.024848203137382643,0.09675372931650257,0.7864514037686392,0.05857769445771415,0.32667861593860936,0.1271654000933346,0.1271654000933346,35.0,3.0,0.5833333333333334,0.5555555555555556,0.3597965751425128,1.169490693041946,2008-01,-0.07258687258687259
2008-02,-0.32609713647562394,0.21288856366864042,-0.16974971790328577,-0.20016670892158606,0.3792688853962131,-0.04755840168100924,-0.045058080783278984,0.505430971020469,0.045096253266809834,0.1359052604000863,0.6219233797685713,0.023440202334621216,0.09015936311326246,0.7814745296486256,0.05380952019088099,0.2867296537093761,0.12593042755403785,0.12593042755403785,34.0,3.0,0.5555555555555556,0.5833333333333334,0.34026043983463344,1.2372579342116092,2008-01,-0.08108108108108109
2008-03,-0.38902285194673075,0.19858482930714497,-0.23856462958532165,-0.2809804654417948,0.35363211265124433,-0.1210927224144169,-0.1494777117101026,0.4701386850645509,-0.03282126764173253,-0.00101295039303645,0.5962846011230469,-0.04997269628477825,-0.015417776118771995,0.7674440737033128,0.037585396620198254,0.2808586469929503,0.10804238650493614,0.10804238650493614,33.0,4.0,0.5277777777777778,0.5277777777777778,0.33952698263479253,1.180400734599802,2008-01,-0.18635778635778635
2008-04,-0.40358575158090354,0.20107060133800486,-0.24829727198712562,-0.29437561509398874,0.35922766770668785,-0.1261512684939592,-0.15825383877523722,0.47915452275756215,-0.0335307717162752,-9.043892509786064e-05,0.6112965822006041,-0.044487342462794184,-0.05382371653366886,0.794723129411828,0.05783731102692572,0.26812907194261476,0.10921013648691474,0.10921013648691474,32.0,4.0,0.5277777777777778,0.5277777777777778,0.3396128061815482,1.2104790954577085,2008-01,-0.1861003861003861
2008-05,-0.4319132070266744,0.2026542579770118,-0.27298358228229297,-0.3249311907667725,0.36205900714463746,-0.1479719628839146,-0.19055007853840808,0.48366196889458435,-0.0526060264775021,-0.03180833393890992,0.609547541987153,-0.061883274748295594,-0.030656785060653866,0.7959250767773043,0.04268636171665818,0.22495135551218065,0.10698201625990195,0.10698201625990195,31.0,4.0,0.5,0.5,0.3425401749352076,1.182371410820408,2008-01,-0.21776061776061775
2008-06,-0.356304940147459,0.18943293817638768,-0.20561588191713437,-0.2398142412748027,0.33699980409582064,-0.08823021358793096,-0.10192259178129338,0.4495932728766771,0.0013350116406114308,0.05576179309116097,0.5855312228530772,-0.10680015142501656,-0.16562248458319967,0.78731136407117,0.05371079108818115,0.25045925339755154,0.11649069887265631,0.11649069887265631,30.0,3.0,0.5,0.5,0.4269703358746276,1.1197854972724646,2008-01,-0.16731016731016732
2008-07,-0.35176530828270586,0.17728462310437104,-0.21675581274526073,-0.24777096045533883,0.31400829979700096,-0.11263513778164856,-0.13258844859367952,0.4174127295789524,-0.033888432868726934,-0.007921204684829822,0.5478701329670816,-0.13323708427538156,-0.20382279366007233,0.7577942323254991,0.02662870813937904,0.13316507322369284,0.1039943478273671,0.1039943478273671,29.0,4.0,0.5,0.4722222222222222,0.42182783882377484,1.0254136342052038,2008-01,-0.2084942084942085
2008-08,-0.33864852563759995,0.1741800135025792,-0.2056920190313337,-0.23451179965565175,0.3089554359667761,-0.10281414580761862,-0.11906608550405515,0.41076878264497796,-0.025097152749594898,0.004996579382223734,0.5447505106240309,-0.12736917663425343,-0.19431600610981428,0.7521712398608503,0.03096090385252635,0.13865420057351688,0.10413672598194812,0.10413672598194812,28.0,3.0,0.5277777777777778,0.5,0.4128829632872385,1.0713662075825718,2008-01,-0.20411840411840412
2008-09,-0.36909294498158013,0.15804523283019647,-0.24720823633215758,-0.27908215368514944,0.2794895063088031,-0.15355023966240539,-0.18331877912039515,0.37071791917776203,-0.08319475772876872,-0.08395977581714195,0.5034386236441026,-0.09083603865846901,-0.08948928765729826,0.7219260390764786,-0.0013892442428143628,0.032401830080586565,0.0900107912964308,0.0900107912964308,27.0,4.0,0.5,0.5,0.3909387992570741,1.1086195256101468,2008-01,-0.2489060489060489
2008-10,-0.1752646513759361,0.16898893994071457,-0.2802742065869753,-0.42968085600355627,0.29358543417668914,-0.20285007193553234,-0.34501192333684,0.3866660189905989,-0.14500989130879333,-0.2530351963135472,0.5106771605289085,-0.1366174198080095,-0.272846064260443,0.7129307110987777,-0.046125759857538286,-0.10523729561877729,0.25441620462762016,-0.25441620462762016,35.0,3.0,0.5,0.4722222222222222,0.45925592835589163,0.733769135800417,2008-10,-0.23191763191763193
2008-11,-0.220814291391105,0.16044462252509203,-0.32494126858357386,-0.47135098802181197,0.2644578915843887,-0.2574376830809952,-0.42010223891447795,0.3679566076694661,-0.19026803738249107,-0.33373636078006386,0.4983917147970698,-0.10561693963161972,-0.1414729082140538,0.7150475183377429,-0.02660721106147381,-0.03184529903585392,0.25053669663070666,-0.25053669663070666,34.0,4.0,0.5,0.4444444444444444,0.4683173286737675,0.7610788728734478,2008-10,-0.2707850707850708
2008-12,-0.14375012034657253,0.1857340969311131,-0.2286664090467222,-0.3314088998823345,0.27574189005224026,-0.1875154956052783,-0.2880845777266142,0.3634374540702769,-0.14742171662273645,-0.2495105844986428,0.48996142906227286,-0.08957586836206051,-0.1612397150236551,0.7065246558118498,-0.03692322919519785,-0.09798339310215498,0.18765877953576182,-0.18765877953576182,33.0,4.0,0.4722222222222222,0.3333333333333333,0.45710388324213874,0.4381875337931543,2008-10,-0.2962676962676963
2009-01,-0.14133238402581735,0.17948423105443545,-0.22341327616318435,-0.3234286114434838,0.26948841107994403,-0.1822529839793805,-0.2791911288989899,0.3579702811796676,-0.14178886747677114,-0.23814423120963732,0.4834445505247669,-0.08440755933830599,-0.14925689553249855,0.6972029155211128,-0.031115586163467577,-0.07641203355700835,0.18209622741766632,-0.18209622741766632,32.0,4.0,0.4722222222222222,0.3333333333333333,0.46080847736541125,0.43651396538702253,2008-10,-0.28314028314028317
2009-02,-0.07440110373105531,0.15189794216364172,-0.14877453676390426,-0.20967380762483503,0.26367041716117506,-0.2035014314521103,-0.32482272938651935,0.34266465155435577,-0.16482366980545743,-0.281359492213077,0.47797591388335664,-0.09857153390374396,-0.18562583676742409,0.6920410117762561,-0.03274897964355529,-0.1189788367563178,0.13527270389377966,-0.13527270389377966,31.0,2.0,0.4722222222222222,0.3611111111111111,0.5589588173492519,0.4291523154837918,2008-10,-0.19922779922779923
2009-03,-0.061961520132927966,0.15510885024691168,-0.13750937541214908,-0.1908676038565725,0.26459789173954745,-0.19083748820635105,-0.29918726828520653,0.340036080249295,-0.15409430212129732,-0.26844822971603555,0.472495234892929,-0.08957828624279988,-0.18311844108497216,0.6923187280301938,-0.06067570910684721,-0.2116423357867946,0.12890608372364454,-0.12890608372364454,30.0,2.0,0.4722222222222222,0.3611111111111111,0.5722526287286738,0.4177364077445756,2008-10,-0.1902187902187902
2009-04,-0.09562725630293209,0.14915931451114833,-0.16749287715846148,-0.21850046170522663,0.25751378605691283,-0.21969854326540214,-0.319854174101428,0.36106617154818876,-0.16980654356835712,-0.2929493377975302,0.506135015626113,-0.09991172955273762,-0.21081514190206524,0.7251761869425122,-0.03257738026132069,-0.12223325517478287,0.12287320540229452,-0.12287320540229452,29.0,3.0,0.4722222222222222,0.3888888888888889,0.4827214868007531,0.45932067208241667,2008-10,-0.23191763191763193
2009-05,-0.15187419679974642,0.12951667425231644,-0.21745970998217876,-0.27951815796348506,0.24854465139807413,-0.15718553285990972,-0.2220476626280961,0.3473823453400723,-0.20723562035926651,-0.3260119509492894,0.504664115908581,-0.1275902334117807,-0.2559386510261541,0.7397345456850519,-0.04569798097091804,-0.15532500448205283,0.1276439611637387,-0.1276439611637387,28.0,4.0,0.4444444444444444,0.3888888888888889,0.44314055094884947,0.5236165727852281,2008-10,-0.2962676962676963
2009-06,-0.17682336230092327,0.1170064411190893,-0.23546689724272654,-0.30263952228686314,0.2261710320548984,-0.18075369135659908,-0.25259948102040497,0.32115210560925866,-0.2283581296466752,-0.35265704041733126,0.47060145534866277,-0.15345423478714112,-0.29957243886987867,0.7291203133680041,-0.023884789392746165,-0.09133177142219563,0.12581615998593987,-0.12581615998593987,27.0,5.0,0.4444444444444444,0.4166666666666667,0.3784384798887816,0.5650188037554305,2008-10,-0.3364221364221364
2009-07,-0.1722638900993619,0.11854959328981095,-0.23205170093917085,-0.2983789742969797,0.22738745067945806,-0.17716178483532877,-0.24785032124697948,0.32251924733348825,-0.2251393586537214,-0.34843463285002374,0.4715206501425581,-0.14999386520409935,-0.29338203662129514,0.7266859428948401,-0.02130701076114018,-0.08574975859166609,0.12611508419761783,-0.12611508419761783,26.0,5.0,0.4444444444444444,0.4722222222222222,0.34183010703527555,0.6231762091093342,2008-10,-0.3341055341055341
2009-08,-0.18729613452172406,0.11534857795763978,-0.24362595211483398,-0.30887242362647505,0.22065177252117646,-0.1922017399852824,-0.2632682165485062,0.31727985400463316,-0.23938951031335845,-0.3612372561298273,0.4665008057575497,-0.16651831292071365,-0.30912720999771404,0.7273826867215377,-0.07456535177633515,-0.22942430158498436,0.12157628910475105,-0.12157628910475105,25.0,5.0,0.4444444444444444,0.3888888888888889,0.3763101747103757,0.5374412342820728,2008-10,-0.35572715572715574
2009-09,-0.18207985399135124,0.11487069293506876,-0.23849873661870552,-0.30211425799091,0.21880893229234125,-0.1874493420607175,-0.25650247501054646,0.3150726063473805,-0.23472936439730338,-0.35399219156348394,0.46309543774960954,-0.16202776803998348,-0.29992635593247974,0.7217387048632573,-0.0706596497819482,-0.2185875241149469,0.12003440399955873,-0.12003440399955873,24.0,5.0,0.4444444444444444,0.3888888888888889,0.3863392254663248,0.5355247293739018,2008-10,-0.331016731016731
2009-10,-0.1815769751964361,0.11516595869176637,-0.23817095831138393,-0.30203931206768164,0.21998598357274116,-0.18666109562618394,-0.25589319418894246,0.316085759718155,-0.23388571972782524,-0.3533997251215534,0.46442314855770284,-0.16099088366112382,-0.29938540359651805,0.7230276692405808,-0.06942455963863109,-0.2165738314312564,0.1204623368712455,-0.1204623368712455,23.0,5.0,0.4444444444444444,0.3888888888888889,0.38729431308778584,0.5353324779592848,2008-10,-0.33719433719433717
2009-11,-0.18796528844938168,0.1130442319537119,-0.24316596183003,-0.3081995018160862,0.21754941825681595,-0.1921349931905723,-0.2629317162238761,0.3134327285624785,-0.2389558101695888,-0.35996125825879344,0.4627988895358019,-0.16601876133912846,-0.2925753729645262,0.7239079301660933,-0.07351342575800997,-0.2246209881454886,0.1202342133667045,-0.1202342133667045,22.0,5.0,0.4444444444444444,0.3611111111111111,0.4043107182471779,0.5145575840409422,2008-10,-0.34723294723294723
2009-12,-0.19704737672997275,0.10687530698972433,-0.2494018805263525,-0.31579714862058894,0.20838626253121678,-0.19967518633512854,-0.272272535840796,0.30158254218417346,-0.24532880936863535,-0.367144371122924,0.4526777558322006,-0.1713125079482238,-0.2992506378444236,0.7078560339632862,-0.0800772446004563,-0.23565375995984475,0.11874977189061614,-0.11874977189061614,21.0,6.0,0.4166666666666667,0.3333333333333333,0.42702613094203595,0.5008738232022282,2008-10,-0.3521235521235521
2010-01,-0.19870757113670962,0.10731064572311781,-0.2516102491218503,-0.31864743064405054,0.20839042351315293,-0.2017793036531863,-0.2752142733083267,0.30170313709281976,-0.2477811928894312,-0.37111890273485815,0.45192380239312674,-0.17372446320018178,-0.30392626591595284,0.7066191774620625,-0.08231256935971797,-0.2428159981618877,0.11993985950734082,-0.11993985950734082,20.0,6.0,0.4166666666666667,0.3333333333333333,0.4291564768674023,0.5043601130080694,2008-10,-0.36396396396396397
2010-02,-0.199510085842685,0.10624947570638223,-0.2519399855646459,-0.31770062029066093,0.2088716539998346,-0.20130001316568844,-0.27355261831199834,0.3001219292327126,-0.24632840270129672,-0.36682167187459236,0.4475457625306941,-0.17358059152338273,-0.29996990234590637,0.7008431805996659,-0.04858836788279058,-0.1383538040872079,0.11819053444797586,-0.11819053444797586,19.0,6.0,0.3888888888888889,0.3333333333333333,0.428677417127225,0.5052909170841949,2008-10,-0.364993564993565
2010-03,-0.199299874685641,0.1037705853602936,-0.24970738600789524,-0.3141538290424375,0.20191608230637303,-0.20203231285146325,-0.2728308285801483,0.29552755402438485,-0.24750494176778928,-0.3663790603091087,0.4513113569857306,-0.17183153408358653,-0.29608858336144017,0.7049874905139923,-0.08238357701130938,-0.23247253885639063,0.11485395435679643,-0.11485395435679643,18.0,6.0,0.3888888888888889,0.3055555555555556,0.45573066500662934,0.4795413171628144,2008-10,-0.35366795366795367
2010-04,-0.19935679929161348,0.10370593395507866,-0.2497346792531422,-0.31422322681614956,0.20188031700330578,-0.2020438953618071,-0.2728821086610973,0.2954466983332359,-0.24749622144678912,-0.36640336863644096,0.451247567531416,-0.1718118590672208,-0.29609182153503494,0.7048975947044387,-0.08234372423075881,-0.2324229550866561,0.11486642752453607,-0.11486642752453607,17.0,6.0,0.3888888888888889,0.3055555555555556,0.45566731196566435,0.4795931362731512,2008-10,-0.35804375804375804
2010-05,-0.22558120423455097,0.10275713850326841,-0.2781044568329906,-0.34617697500437467,0.19945814704282452,-0.2286767326667963,-0.3054619076469872,0.28475701855305746,-0.2722763719711869,-0.39644300703400115,0.42385780041433857,-0.20117644053325442,-0.3515126036974142,0.6917856822304126,-0.06422786431007614,-0.15808749762319999,0.12059577076982375,-0.12059577076982375,16.0,7.0,0.3888888888888889,0.3333333333333333,0.4164394680385503,0.5371923235279953,2008-10,-0.3855855855855856
2010-06,-0.2324690337054849,0.10831880731518707,-0.29043294455261964,-0.36032343918956933,0.20680844312072746,-0.2377288517851701,-0.31778074636041476,0.2908978941962595,-0.2827270710800316,-0.4131366608387255,0.42836003242841536,-0.2091678866425563,-0.36649459612602414,0.6790705723360903,-0.07500685086453454,-0.20135737897277317,0.12785440548408414,-0.12785440548408414,15.0,7.0,0.3888888888888889,0.3611111111111111,0.40741912042417866,0.5840375976176648,2008-10,-0.41904761904761906
2010-07,-0.2320392381715763,0.10919211348850792,-0.2905844757643767,-0.3604710233792721,0.20807963268172422,-0.2375642243820388,-0.31765376686773006,0.2919901318854261,-0.28255428781668646,-0.4130422398804192,0.42930356631932565,-0.20893131829277348,-0.3662539108769813,0.6781405835503149,-0.07551305363755831,-0.20284479972171063,0.12843178520769583,-0.12843178520769583,14.0,7.0,0.3611111111111111,0.3611111111111111,0.40940312221172503,0.5845049532503303,2008-10,-0.42368082368082366
2010-08,-0.2100385997952603,0.11281910735133542,-0.26925709118854085,-0.3362789745035976,0.21238954043713087,-0.21699279861304566,-0.2923437985476307,0.30053376567863377,-0.26325950082667154,-0.38919693036534103,0.4424902453433353,-0.18874686935312504,-0.3358164746479799,0.6989359706726953,-0.05413909470580552,-0.15746596982870012,0.12624037470833732,-0.12624037470833732,13.0,6.0,0.3888888888888889,0.3888888888888889,0.39357389108338026,0.5846084303637015,2008-10,-0.4095238095238095
2010-09,-0.21697514975802532,0.11265717984526159,-0.2752138901250767,-0.3434858830927452,0.2129892956941086,-0.22334665846328847,-0.3004086590313663,0.3020289239251343,-0.2693761773811951,-0.3971940893328383,0.44558166622536177,-0.19516580837245223,-0.3461331807032251,0.707311778966236,-0.05986300651737836,-0.17009492422541067,0.12651073333471982,-0.12651073333471982,12.0,6.0,0.3888888888888889,0.3888888888888889,0.3749753449494673,0.5838084123101559,2008-10,-0.4254826254826255
2010-10,-0.20817045633193884,0.11424741734022502,-0.2672168280971621,-0.3330606535192012,0.2141152079936666,-0.21560226357064827,-0.2896649537502845,0.30392137264842867,-0.2620166885831856,-0.386350441454318,0.4477196447652913,-0.18769757982535884,-0.3317882576796669,0.7072089694988072,-0.05358598681057928,-0.15479629560885824,0.12489019718726227,-0.12489019718726227,11.0,6.0,0.3888888888888889,0.3888888888888889,0.38582310637436334,0.5767040664026793,2008-10,-0.3963963963963964
2010-11,-0.19818264169686425,0.10922168354301653,-0.25249660118985223,-0.3169569941827781,0.20697280663532586,-0.2038867430755636,-0.2750856906405661,0.300393978671044,-0.25034339517191273,-0.37089674090423674,0.4515246464916018,-0.17518885896737676,-0.2906216543668682,0.710150451179923,-0.08183994652945269,-0.24553543106891848,0.11877435248591381,-0.11877435248591381,10.0,6.0,0.3888888888888889,0.3611111111111111,0.4026335328843008,0.5291577559515721,2008-10,-0.3884169884169884
2010-12,-0.22337641658411342,0.09249719581408825,-0.269227661568604,-0.33671832557536097,0.18016648324789758,-0.22576963086437948,-0.3007184343443475,0.2657050328012392,-0.2681714459320627,-0.388491723896665,0.4167663354353562,-0.1932897294238719,-0.31176938842081464,0.6956955560648956,-0.08653503723904836,-0.2716042892610059,0.11334190899124749,-0.11334190899124749,9.0,7.0,0.3611111111111111,0.3055555555555556,0.43324868668211997,0.5033564053578915,2008-10,-0.41003861003861003
2011-01,-0.19855947319989883,0.09342798382880993,-0.2426532627328074,-0.2555347072828824,0.18563113438387688,-0.2861689862690839,-0.3958311662264709,0.27733805567309855,-0.24288746053855637,-0.3533811123194414,0.45066412846453024,-0.16108538089361094,-0.2786026055777541,0.6886389605393309,-0.08155783422515937,-0.2675305834942983,0.10891290309704368,-0.10891290309704368,8.0,6.0,0.3611111111111111,0.3055555555555556,0.43494718081405287,0.46936002203804167,2008-10,-0.37683397683397685
2011-02,-0.2066826637142182,0.09365910394131452,-0.1622931958633361,-0.16910534818201245,0.18632626348494882,-0.20621253446785814,-0.22687110369386582,0.2740644052036099,-0.2477957789921382,-0.3618174204282099,0.4451525058145611,-0.1667090568033704,-0.28905906036452317,0.6735145440840542,-0.09113268577776919,-0.29211794444694983,0.10922793410837031,-0.10922793410837031,7.0,7.0,0.3611111111111111,0.3055555555555556,0.4251935428028981,0.4764408880331807,2008-10,-0.3776061776061776
2011-03,-0.20081532394132445,0.09636271917142028,-0.15564364452603016,-0.16223781750818062,0.1908298171425797,-0.19992671895085412,-0.22020094628656697,0.2804899873290103,-0.1578969744728323,-0.18043816214952288,0.4532443707041571,-0.1596519625640903,-0.27917336392907965,0.6836029154807699,-0.08458857880369838,-0.28016077680998813,0.10828156268332784,-0.10828156268332784,6.0,6.0,0.3611111111111111,0.3055555555555556,0.42628703204382085,0.46870774761713535,2008-10,-0.37400257400257403
2011-04,-0.1929685958792162,0.09633533957688141,-0.14811567677429477,-0.15428083428594336,0.19242819678643938,-0.19285569814040407,-0.21247997806197946,0.28432684088797594,-0.23564292936668357,-0.34685416777788924,0.461259867056507,-0.15326440924538695,-0.2697348589728237,0.6989094272762335,-0.07594918156159,-0.26236897428050937,0.10850809899654171,-0.10850809899654171,5.0,6.0,0.3611111111111111,0.3055555555555556,0.43371832010790407,0.46099209507838046,2008-10,-0.3673101673101673
2011-05,-0.18221768367108052,0.10123815191660923,-0.2294387927137562,-0.29371150575097954,0.19951403274753607,-0.2752781921607629,-0.3855338524977354,0.29150489413624336,-0.23237035144727447,-0.34258619774374205,0.46650276984417033,-0.15074505886145745,-0.2672261784323916,0.712905779002741,-0.07069772235831634,-0.2560240064964857,0.11149382207989897,-0.11149382207989897,4.0,5.0,0.3888888888888889,0.3055555555555556,0.45216535263158364,0.4540575122974095,2008-10,-0.3673101673101673
2011-06,-0.21131255443042968,0.10979708633905817,-0.2626299844832068,-0.33689553694591207,0.2115559533218913,-0.3101904773228402,-0.43577279202333213,0.30517167752934155,-0.26643596125106966,-0.4022917226470263,0.4769485420878255,-0.18615015836151202,-0.3323390891445554,0.7181131700404642,-0.07343360695917259,-0.24568441768160051,0.12558298251548233,-0.12558298251548233,3.0,6.0,0.3611111111111111,0.2777777777777778,0.4481254864049934,0.4568151641967297,2008-10,-0.43449163449163447
2011-07,-0.20911589847011616,0.1114507454554107,-0.2609191212449822,-0.3407262187520796,0.2184859016736795,-0.31066994183986035,-0.4472928056656188,0.3153399033756635,-0.2656514055680462,-0.4062915606977929,0.4930042039819339,-0.18307157798735432,-0.3433101731718668,0.7376880093116094,-0.06934053361344011,-0.34753617998082664,0.13161032028196348,-0.13161032028196348,2.0,6.0,0.3888888888888889,0.2777777777777778,0.4474615652220181,0.45360277302593255,2008-10,-0.44144144144144143
2011-08,-0.3025061800374665,0.20898844307578918,-0.1906769284792688,-0.2124250751370668,0.30316240892778484,-0.24106920837044318,-0.34363668333264424,0.3848256602177837,-0.2847670326958666,-0.4496106268798808,0.5295278116034784,-0.20733723298940673,-0.37374652085305,0.7659767872872202,-0.080813911444654,-0.2935386268092437,0.1397642201069076,-0.1397642201069076,1.0,7.0,0.3611111111111111,0.25,0.45226144086103953,0.5428914544096549,2008-10,-0.4674388674388674
2011-09,-0.2954831498353237,0.21209028923081583,-0.1827971465484533,-0.20349532498507258,0.3098121776311112,-0.23471790669929046,-0.33865878286019346,0.3943255081971136,-0.27962080857416416,-0.44938034033424984,0.5403315356321263,-0.20204613154810155,-0.37256869188898717,0.7740125875412808,-0.07788870840999265,-0.29516584768384235,0.1439046152706429,-0.1439046152706429,0.0,7.0,0.3611111111111111,0.2777777777777778,0.41269955981720896,0.5564963785541699,2008-10,-0.45765765765765765
2011-10,-0.4444620329418178,0.24685263260234755,-0.2952040024525824,-0.344295507614806,0.3473276094001992,-0.35595562171708905,-0.45331215780145134,0.43087222543567677,-0.3054408481212891,-0.4113564012800954,0.5776398487479941,-0.21669864527644017,-0.35098712216997346,0.7889361001660002,-0.0889395770261387,-0.3439261070251123,0.10016652532701192,0.10016652532701192,33.0,11.0,0.3333333333333333,0.19444444444444445,0.4004555992466693,0.6330813912996657,2011-08,-0.5243243243243243
2011-11,-0.42906305753263824,0.27353877352755573,-0.2635607164484375,-0.31356264713518683,0.38447094824220035,-0.3306792985056381,-0.43744189859746346,0.4790034396470479,-0.2734832073107338,-0.38760407619882575,0.6167313903975066,-0.19015206566680826,-0.3576043681557525,0.8030232486555448,-0.07743773903214018,-0.30203142380525655,0.11550041039745146,0.11550041039745146,32.0,9.0,0.3611111111111111,0.2222222222222222,0.38495309273224726,0.6463154198392971,2011-08,-0.5088803088803089
2011-12,-0.49320966699560886,0.3073670736310471,-0.2744253250528591,-0.346296300020959,0.41752667352445333,-0.35283709273714187,-0.5028994846625775,0.5276571978729784,-0.2744460210691185,-0.42919069967408485,0.6546647098783729,-0.18404188438777375,-0.3939711775776347,0.8193246570454074,-0.0668366881392297,-0.2516801438289781,0.14691336697464985,0.14691336697464985,31.0,8.0,0.3888888888888889,0.2222222222222222,0.4781696196203851,0.753131975064621,2011-08,-0.5093951093951093
2012-01,-0.50219676063842,0.313016023793672,-0.2815050642436304,-0.3561955271919472,0.4273222127247415,-0.36209655102403027,-0.519555313602923,0.5401169439623794,-0.2825707162775093,-0.4468065824814893,0.6669852617075701,-0.19312231065724283,-0.4147698102692044,0.830315624304674,-0.0779663695732464,-0.3022515252526104,0.14600123344647287,0.14600123344647287,30.0,9.0,0.3888888888888889,0.19444444444444445,0.5071310922691213,0.7285104920078809,2011-08,-0.533075933075933
2012-02,-0.6385449374751959,0.35898120391031896,-0.3959490093526217,-0.5183636702058624,0.4890377351952259,-0.30805809870943723,-0.44518744785443365,0.569667872223316,-0.253569053840485,-0.4053411008955462,0.6798157878078567,-0.1791321877290377,-0.41218859309681605,0.8273235861086329,-0.07944788436079203,-0.265999954466214,0.12018126726933342,0.12018126726933342,29.0,99.0,0.3888888888888889,0.16666666666666666,0.10863159755852275,0.7666954132327664,2011-08,-0.6373230373230373
2012-03,-0.662507631216862,0.36875868966469233,-0.4038785815522489,-0.5408928345068187,0.504932033052703,-0.30837335448324665,-0.46328643492344945,0.5799454821707589,-0.255762642922501,-0.4243725148507453,0.6852182874000692,-0.18192952024614806,-0.4114042334166506,0.8344720686481624,-0.07725032302331343,-0.2909250703370899,0.12161479671004327,0.12161479671004327,28.0,12.0,0.3888888888888889,0.1111111111111111,0.16993705606086318,0.7458598536510506,2011-08,-0.6185328185328185
2012-04,-0.6988331743070051,0.3744792851529057,-0.4202728668609485,-0.5821267500187965,0.509594458705445,-0.3197660410426537,-0.5075304623188338,0.5958753664290343,-0.2555850912942738,-0.4581567611683997,0.692837916840984,-0.18345849064004036,-0.4223467206379355,0.8169140136765599,-0.1135785981531824,-0.3529808714710037,0.11670642428820854,0.11670642428820854,27.0,12.0,0.3888888888888889,0.16666666666666666,0.13132938179393008,0.8415712463836252,2011-08,-0.6378378378378379
2012-05,-0.6872207241410566,0.3767465989246377,-0.41266949003871367,-0.567325932190167,0.5083501552812374,-0.3167643938464868,-0.49375591254842643,0.5720826006228868,-0.27031985640181,-0.5003540016784024,0.6574720201768278,-0.20809296282205725,-0.4223467206379355,0.7903981670679721,-0.111224038782392,-0.36923577110917405,0.11989479195088948,0.11989479195088948,26.0,12.0,0.3888888888888889,0.1111111111111111,0.18165748760949185,0.7743548529804671,2011-08,-0.6391248391248391
2012-06,-0.70738386043929,0.37201943116636005,-0.42837555842535047,-0.5912784097742535,0.498749652961832,-0.3333300284482004,-0.5212428601458622,0.5688977692793268,-0.28072012374010913,-0.5397606617003566,0.6468168943652827,-0.22228209345635608,-0.47004347760106147,0.7726791259473161,-0.1278875415070389,-0.39502739803661313,0.11610545066503641,0.11610545066503641,25.0,99.0,0.3888888888888889,0.1388888888888889,0.1490974868053992,0.8227071790129725,2011-08,-0.6628056628056628
2012-07,-0.7058283304460718,0.3743277850468099,-0.42485522160201217,-0.587755111762265,0.5025004482397215,-0.328647905221179,-0.5156601458693336,0.571020058049572,-0.27721659674203913,-0.5353607705544325,0.650622727731327,-0.21746626436964372,-0.461876696653586,0.7756164445888581,-0.12364508781166289,-0.38029334776024143,0.11807321868380671,0.11807321868380671,24.0,99.0,0.3888888888888889,0.1388888888888889,0.15672583986730276,0.8221813149983558,2011-08,-0.6352638352638352
2012-08,-0.7313331722015769,0.37134351890170775,-0.4409628856308243,-0.6206971581169527,0.4982037332457694,-0.3417651484454269,-0.5528055813669385,0.569680499480317,-0.2858742333270997,-0.5650465930175875,0.6485575270593109,-0.22419671928376436,-0.49625902089156154,0.7715230722367082,-0.12804440000512704,-0.38908472118662,0.11063601408462409,0.11063601408462409,23.0,99.0,0.3611111111111111,0.1388888888888889,0.17714213890173733,0.8542700555343187,2011-08,-0.6344916344916345
2012-09,-0.7567113972322457,0.3764174360467775,-0.46204626011628114,-0.6543960975820566,0.5059071814127282,-0.36067977195862977,-0.5904847179809947,0.5773557068871982,-0.30474880931041737,-0.6081022001127353,0.6592559612723642,-0.24063607866305625,-0.5425510876535294,0.7830736553790201,-0.14370975613535505,-0.4578492696052012,0.1023152996501887,0.1023152996501887,22.0,99.0,0.3333333333333333,0.1388888888888889,0.09136188365680338,0.8690873652068586,2011-08,-0.6836550836550837
2012-10,-0.7491743162408497,0.37289813868012606,-0.45624984463614515,-0.644070847727591,0.5008860725612985,-0.3557108662528819,-0.5783497144605062,0.5737326186081122,-0.2984873679417385,-0.5909158896858945,0.6545261901103815,-0.23502120443358457,-0.521254830820219,0.7787611777975827,-0.13743029595681375,-0.4233274214919872,0.10510346851325847,0.10510346851325847,21.0,99.0,0.3333333333333333,0.1388888888888889,0.1272617571338493,0.8663680598096446,2011-08,-0.6525096525096525
2012-11,-0.741554777930518,0.36468709447523373,-0.4580306712491295,-0.6369815047126313,0.48847882772053275,-0.36178942467192804,-0.5731754877365627,0.5649749464518322,-0.30231791044383677,-0.5833815979922822,0.6416220410215069,-0.24272902082639325,-0.5168138765310568,0.7678917650195607,-0.14456127307823446,-0.4437560650911898,0.10457327321788668,0.10457327321788668,20.0,99.0,0.3055555555555556,0.1388888888888889,0.12561528314787546,0.8574997949454035,2011-08,-0.6517374517374518
2012-12,-0.7441184295571076,0.3656178202013286,-0.4589126701446533,-0.6395310360026093,0.48934871290072374,-0.3623944993517745,-0.5756863144855048,0.5667250354868874,-0.30203591827501536,-0.5884525508052721,0.6427966532776953,-0.2426950920816576,-0.5222727464539675,0.7705900390551369,-0.14300791157586587,-0.45037432960949897,0.10458739355449809,0.10458739355449809,19.0,99.0,0.3055555555555556,0.1388888888888889,0.1258139011555581,0.8604262754927922,2011-08,-0.6597168597168597
2013-01,-0.7560203599927985,0.35599768164242757,-0.4744745986144711,-0.6582491086969454,0.477362506122107,-0.3784915243567031,-0.5987955240026339,0.5494655612340955,-0.32146781157421817,-0.6177014901147471,0.6281438633393656,-0.25924397245261444,-0.5678401997386385,0.7622591625157971,-0.15317700638445564,-0.4654500616004784,0.09777125129585296,0.09777125129585296,18.0,99.0,0.3055555555555556,0.1388888888888889,0.12195284703024681,0.8732411882225541,2011-08,-0.6826254826254826
2013-02,-0.7716638624741217,0.35966823049979746,-0.48143188001843995,-0.6776432898617002,0.48380519127365,-0.38126035202067116,-0.6194392515976901,0.5510986964512837,-0.3269582876238344,-0.6425614138894905,0.6301559102464754,-0.2631635736583648,-0.5854293074185646,0.7638968135765185,-0.1552422055270921,-0.4996110273963407,0.09402057261242103,0.09402057261242103,17.0,99.0,0.3055555555555556,0.1388888888888889,0.12347913710560192,0.8911493829716861,2011-08,-0.687001287001287
2013-03,-0.7812026834465158,0.3614965304921642,-0.48565244569418187,-0.6900636988298579,0.4854711032668432,-0.38429403318351296,-0.6339299728489916,0.5562750187261076,-0.3264065784428225,-0.6535368216012676,0.6354582695136093,-0.2616683953006857,-0.6048654774524255,0.7715126880603632,-0.15043381251228932,-0.5083392147280026,0.09113898461665781,0.09113898461665781,16.0,99.0,0.3333333333333333,0.1388888888888889,0.12730031793312702,0.9025353390417318,2011-08,-0.7093951093951094
2013-04,-0.76985972266298,0.36300244220710753,-0.47621705123385305,-0.6757072169920528,0.4857495777524039,-0.3769235132272147,-0.6193299319976708,0.5613417905731729,-0.3157748907084015,-0.6334131098733711,0.6422479785039238,-0.2503276473932228,-0.5819303975228624,0.779733146077531,-0.13911210944055624,-0.5161166133546652,0.09415250567092703,0.09415250567092703,15.0,99.0,0.3611111111111111,0.1388888888888889,0.13673734950027205,0.8912508722808278,2011-08,-0.7178893178893179
2013-05,-0.7544777382330655,0.4179020612682202,-0.4204268352534168,-0.6348374735624913,0.48964324512234064,-0.36308036710111824,-0.6526948004362295,0.5392760775323051,-0.3234062567756733,-0.6264745137550071,0.6250403887396021,-0.25485037189852955,-0.5815344623095432,0.7749761187330594,-0.1349989267029037,-0.48228272729914495,0.11964026467057376,0.11964026467057376,14.0,99.0,0.3611111111111111,0.16666666666666666,0.13088364386451348,0.9064007567114791,2011-08,-0.7003861003861004
2013-06,-0.6642219340225674,0.425690367444636,-0.32430679575682014,-0.4951031531633797,0.49253544843312036,-0.27093078191140274,-0.483388146967411,0.5462390764630131,-0.22804826085100458,-0.4387963060286857,0.6375082090893491,-0.23861139034024675,-0.6030889079090339,0.7829797385678602,-0.1224519025105184,-0.45392333957211417,0.16911878085918758,0.16911878085918758,13.0,11.0,0.3888888888888889,0.2222222222222222,0.29374036003432125,0.9142032346808725,2011-08,-0.5899613899613899
2013-07,-0.6642298847243501,0.4288163580024116,-0.3213348408328521,-0.49323030894977815,0.4901919724682368,-0.2722569695637517,-0.4823269799612475,0.547052335202919,-0.22678963555993628,-0.4347026656831937,0.6409814029153361,-0.23401038458442447,-0.5865520449755238,0.7903657686450061,-0.11455794838960287,-0.4385759647872189,0.17099957577457187,0.17099957577457187,12.0,10.0,0.3888888888888889,0.25,0.2632808112045006,0.948799009858991,2011-08,-0.5806949806949807
2013-08,-0.6607119915371497,0.43202545619617444,-0.30578817709578937,-0.47409049465636144,0.4917311010843787,-0.25673793034880066,-0.46071234656307386,0.5508501181312387,-0.20816961860846764,-0.4041283782325276,0.6451077081621217,-0.21117675985630585,-0.5344093689230659,0.7911912448011106,-0.09116409553901914,-0.3489849579499632,0.18662149688078783,0.18662149688078783,11.0,9.0,0.3611111111111111,0.3333333333333333,0.23453281572073836,1.0808047288520457,2011-08,-0.5438867438867439
2013-09,-0.6686720793280267,0.43272289143476467,-0.31187224315024675,-0.4850339657544072,0.49373261196631535,-0.2615669352458437,-0.47038175414043804,0.5529331989767612,-0.2127533407606537,-0.41414215418361205,0.6461095845490431,-0.21421546420951942,-0.5407372963418108,0.7924002457558302,-0.09359211613598757,-0.3550997704604515,0.18363811357361903,0.18363811357361903,10.0,9.0,0.3333333333333333,0.3333333333333333,0.22731582067804665,1.0888046926923955,2011-08,-0.5526383526383526
2013-10,-0.6839097078481661,0.43422587045049915,-0.3271781808682331,-0.5116153903538574,0.498070032955497,-0.2747279996859509,-0.49624825575271747,0.5565793629929239,-0.22666056734902032,-0.4442605859327392,0.6486643876903351,-0.2282648060988923,-0.5813837045473949,0.7976936799301049,-0.10583210320563552,-0.40980268957676647,0.17229431749430835,0.17229431749430835,9.0,10.0,0.3333333333333333,0.3333333333333333,0.20070280043526878,1.0977197241628767,2011-08,-0.6074646074646075
2013-11,-0.6851667254196355,0.43462898335132427,-0.32807869833736003,-0.5122453170072867,0.49803177086135697,-0.2759874269985285,-0.49992066347905767,0.556425498277278,-0.22801156317980947,-0.4481832502842676,0.6493789569567133,-0.23099979883186797,-0.5929287428922704,0.7990796578067306,-0.10800678647641686,-0.42833390465004706,0.1729214084123485,0.1729214084123485,8.0,10.0,0.3333333333333333,0.3333333333333333,0.19895463736891764,1.0986787932547608,2011-08,-0.6187902187902188
2013-12,-0.6870410789398175,0.45644370108292975,-0.30692151291952763,-0.49193218881310175,0.515791626340287,-0.2574974381880582,-0.43901628928219116,0.5673890625328348,-0.3004670202126056,-0.5907788672971347,0.6482133970275601,-0.2331577093838605,-0.5259635601090723,0.7963035137758747,-0.10983044957786764,-0.33741403158521543,0.19510889012671545,0.19510889012671545,7.0,9.0,0.3333333333333333,0.2777777777777778,0.25505223917326336,1.0229600059471633,2011-08,-0.5745173745173745
2014-01,-0.6845681904409693,0.4572765108265858,-0.3044902778733903,-0.48820368263249986,0.5155599732140915,-0.25604637971336636,-0.4360214375878437,0.5667870254736007,-0.2986251490767643,-0.5874527477926759,0.6479887359613339,-0.23113212048602008,-0.5463383009619128,0.7990215217541807,-0.10559707857090816,-0.36743551467207247,0.1963645078084692,0.1963645078084692,6.0,9.0,0.3611111111111111,0.25,0.2850735107315316,0.9824277134080632,2011-08,-0.5832689832689832
2014-02,-0.6815380803211215,0.453515195060917,-0.3055421053036567,-0.48687299405204604,0.5091235029864114,-0.25943890923608237,-0.4377529804362235,0.5600965572679834,-0.3016991542134165,-0.5897192745644086,0.6418065563064764,-0.23395582148334643,-0.5501077692205096,0.8007591457459984,-0.10217295180499752,-0.397380702486256,0.19466508626907542,0.19466508626907542,5.0,10.0,0.3611111111111111,0.2222222222222222,0.32272671218836513,0.9441302324552207,2011-08,-0.5868725868725869
2014-03,-0.675339917851975,0.46875316410384954,-0.2883972317777465,-0.4669099075064441,0.527983971445667,-0.23950384940452285,-0.4112324286797653,0.5816164655453004,-0.28377598006298327,-0.5695017010123179,0.6647518602598541,-0.21515002635835115,-0.523979010549169,0.820834962446044,-0.08630777112539768,-0.31759678220977117,0.208430010345531,0.208430010345531,4.0,9.0,0.3888888888888889,0.25,0.2919238008357753,0.9727485678644854,2011-08,-0.5691119691119692
2014-04,-0.6730798095297527,0.46720535509471467,-0.2882820583046036,-0.464739919457897,0.5255213351847199,-0.2402520908514792,-0.40993390475550945,0.5782360020564998,-0.2836687277706592,-0.5650512930837988,0.6617436328208478,-0.2148905166952599,-0.5175443573115509,0.8205065100557329,-0.08413088932405098,-0.34325789831384157,0.20833989007185572,0.20833989007185572,3.0,10.0,0.4166666666666667,0.25,0.2927090323573622,0.9700805416576891,2011-08,-0.5732303732303732
2014-05,-0.6775208000207342,0.4734593631643297,-0.281922589109759,-0.4606857405577333,0.5334052514754944,-0.2318348983544807,-0.40117934916931197,0.5864677041270715,-0.2761711454934489,-0.5627111562119523,0.6707466032962287,-0.20575204657430227,-0.5081149231194297,0.8281846107230955,-0.07420497218295635,-0.27977803391586054,0.21683505946300052,0.21683505946300052,2.0,9.0,0.4166666666666667,0.3055555555555556,0.25140753720255904,1.0591484363981538,2011-08,-0.5698841698841699
2014-06,-0.6726674409437504,0.5065155050935646,-0.24883480686661186,-0.4276182950196453,0.5734797931187015,-0.19280167402588821,-0.3524790435255942,0.632566537612128,-0.24224318234272804,-0.5374476225969944,0.7121657748962046,-0.1756376113989335,-0.4515034684600769,0.8540760583768755,-0.056892560861663305,-0.23804194617090801,0.24504914592410454,0.24504914592410454,1.0,8.0,0.4166666666666667,0.3055555555555556,0.2610586055034447,1.0566002037427662,2011-08,-0.5423423423423424
2014-07,-0.6749181229957266,0.5032280327169659,-0.25167599603092733,-0.4327897450596556,0.5690682738289236,-0.19630077470701274,-0.3595032742873938,0.6272979364661937,-0.245275085883557,-0.5440755748945615,0.7066508490938966,-0.1785349733741837,-0.4597968858975199,0.8496313485074681,-0.05828060209132378,-0.24859761671299846,0.24212837793607078,0.24212837793607078,0.0,9.0,0.4166666666666667,0.3333333333333333,0.24228200063064295,1.105396596350756,2011-08,-0.5531531531531532
2014-08,-0.4460274267140851,0.14935748645959776,-0.3353585808350841,-0.3786980612672773,0.2735695813103427,-0.4273955420025007,-0.5580406871568631,0.37064984330767353,-0.3554623513232246,-0.5138629618290147,0.4993330189501163,-0.260112470510613,-0.4425945826327086,0.742301842076925,-0.08008079029552902,-0.24053217414910213,0.16167201623228983,-0.16167201623228983,21.0,9.0,0.4166666666666667,0.3055555555555556,0.4692207404834413,0.8308955232124333,2013-06,-0.5294723294723295
2014-09,-0.40590583700995153,0.17350104580089595,-0.27792766336759506,-0.3183593478836391,0.3083284645904975,-0.3773793221974074,-0.5081408578286291,0.38353467212318393,-0.3219055753841098,-0.46511945870471394,0.5172700027017384,-0.22325946475177944,-0.4110067492052426,0.7506526920782224,-0.05111127850730435,-0.16752441488467582,0.17038132906366554,-0.17038132906366554,20.0,7.0,0.4166666666666667,0.3333333333333333,0.4837526136026573,0.833822319107508,2013-06,-0.49523809523809526
2014-10,-0.4487548060311157,0.14780820082356225,-0.339038349133982,-0.3806580995551968,0.27020248022298665,-0.24818637606780278,-0.3038405193829562,0.3908751464654186,-0.3377604139809915,-0.4982909448315051,0.5236712893625564,-0.2391872481681457,-0.42040597471165037,0.7703039235901059,-0.05611446443976215,-0.21430426975634198,0.16192553130066178,-0.16192553130066178,19.0,8.0,0.4166666666666667,0.3333333333333333,0.42807124530730084,0.8684697147823607,2013-06,-0.518918918918919
2014-11,-0.44164420444853986,0.1509790722458824,-0.3319002045366394,-0.3717589737651757,0.2765144622342751,-0.24065076431362664,-0.2927843252008608,0.3980822881430693,-0.3290162528370766,-0.4820203195462212,0.5236853243694256,-0.2377176417679149,-0.40099826402477723,0.7631255461512975,-0.06367280702856364,-0.19620954593804474,0.15925056336050486,-0.15925056336050486,18.0,8.0,0.3888888888888889,0.3055555555555556,0.45378771728568223,0.817968481833656,2013-06,-0.5065637065637065
2014-12,-0.4469126215304906,0.14715947971856547,-0.34019587873958296,-0.3799919495239342,0.2693408583625385,-0.25159269270275164,-0.3050335408647768,0.389384288295239,-0.3386454864498212,-0.4919546849606765,0.5136752108601388,-0.24851250663792215,-0.41481004057593784,0.7517354705700112,-0.07587656396687684,-0.22608793406427588,0.1576957663403833,-0.1576957663403833,17.0,8.0,0.3888888888888889,0.3055555555555556,0.4426941160519076,0.8204630812055261,2013-06,-0.5096525096525096
2015-01,-0.4985178925506261,0.1253061266843579,-0.40452969400210614,-0.44723605565331104,0.23101852448345858,-0.4838212505786633,-0.6086857635691307,0.3343215622498611,-0.4063368794536087,-0.5673225375636031,0.49080936953501547,-0.28896027951617215,-0.4860823197670337,0.7407289530937825,-0.10150343233539476,-0.29956926134277406,0.14815100357761696,-0.14815100357761696,16.0,10.0,0.3611111111111111,0.2777777777777778,0.4402138432681445,0.8403947950751292,2013-06,-0.5567567567567567
2015-02,-0.5158149299677275,0.12384936789508211,-0.42047211514838423,-0.4657719872313307,0.22596696433252733,-0.34185904467086925,-0.4115718956460514,0.32784324799366144,-0.42028634561450284,-0.5874183336350386,0.4813999022860294,-0.30207400506483006,-0.5094572898995591,0.7289982912809576,-0.111465625282792,-0.3284586759677158,0.14750087195505712,-0.14750087195505712,15.0,10.0,0.3333333333333333,0.2777777777777778,0.4445243368753273,0.8653371506778359,2013-06,-0.5750321750321751
2015-03,-0.49376410465411086,0.1226026545550504,-0.3993552295493268,-0.4414205515564381,0.2246510697547514,-0.4779365304207838,-0.6027522180608066,0.32539668479232836,-0.40035843701036294,-0.5599178442400908,0.48155882489404755,-0.2801074356395962,-0.4759691145247698,0.7381356146027966,-0.0825331972814601,-0.2548913247448705,0.14830405116469053,-0.14830405116469053,14.0,9.0,0.3333333333333333,0.3055555555555556,0.43952888613265434,0.884662456414123,2013-06,-0.5508365508365508
2015-04,-0.4876388163751729,0.1252452644142195,-0.3917059327336649,-0.4337498256764302,0.22957432657071336,-0.4716178386017024,-0.5967732026489125,0.33258010238845576,-0.39271951735862926,-0.5523984894607809,0.4911658024849013,-0.271249188035486,-0.4644103514896524,0.7501141142001145,-0.07290509596041553,-0.23130834705202252,0.14965926207813418,-0.14965926207813418,13.0,9.0,0.3611111111111111,0.3055555555555556,0.442783966837505,0.877519288333744,2013-06,-0.5415701415701416
2015-05,-0.40523971735287967,0.12871370954656525,-0.31285386388336506,-0.3447272527029711,0.24870324416712572,-0.39897783313560675,-0.5025390363274455,0.3634701259255615,-0.3166024874273694,-0.4456645351138463,0.4984412895792419,-0.21972526904988424,-0.36497734765441775,0.7559310544209102,-0.034908812680439535,-0.0995309590177703,0.14588197155297267,-0.14588197155297267,12.0,7.0,0.3611111111111111,0.3333333333333333,0.45576215933331093,0.8188556674729385,2013-06,-0.46357786357786357
2015-06,-0.33972332591304966,0.13983871599331124,-0.24105226370582378,-0.26644930032495046,0.26348452670899175,-0.15380701553454226,-0.18124299454810575,0.3860149151974284,-0.24026521488897845,-0.34044057795382,0.5214443251490866,-0.14470538627422536,-0.24859403334616292,0.757400750565609,0.021786925708830653,0.054088857073172715,0.13781358581052333,-0.13781358581052333,11.0,6.0,0.3888888888888889,0.3611111111111111,0.4925346112620445,0.7953594066679702,2013-06,-0.3724581724581725
2015-07,-0.36548685389329194,0.13991295470254564,-0.2678945817283312,-0.29581995075663364,0.2619252687426195,-0.1827883884913235,-0.21774053246807756,0.38197130582369043,-0.26652306158180383,-0.37687454429633804,0.5204785132396609,-0.16991132815307564,-0.2908569365568648,0.7622604053637894,-0.0012632978766640285,-0.004956076913068361,0.13682039268142465,-0.13682039268142465,10.0,6.0,0.3611111111111111,0.3611111111111111,0.4469695055071432,0.8088105851242643,2013-06,-0.40102960102960106
2015-08,-0.3813971380489121,0.12428910560901112,-0.29447816741493776,-0.3214346035791922,0.23456311570877716,-0.37159597591944465,-0.4606033692548587,0.3412596042167495,-0.29698003185957966,-0.40958117272481737,0.49333846009541016,-0.1906268841448587,-0.3096149309270746,0.7551288328628376,-0.05224175503433283,-0.14975530534487347,0.13040495581822836,-0.13040495581822836,9.0,7.0,0.3611111111111111,0.3611111111111111,0.42798514135017574,0.8222915943158349,2013-06,-0.40540540540540543
2015-09,-0.34834202003099707,0.11874841018978484,-0.2736456394100779,-0.2941695683925664,0.22108077176309657,-0.33801582354728976,-0.40908370171238245,0.3193548789715628,-0.2761984054825544,-0.36885160054894434,0.4778083870754159,-0.1765263043308079,-0.28295237403451223,0.7475184761702667,-0.04413714609030868,-0.10284717398292134,0.1095518311389545,-0.1095518311389545,8.0,7.0,0.3611111111111111,0.3333333333333333,0.40933747450928637,0.712667516466514,2013-06,-0.39845559845559847
2015-10,-0.31132442447622605,0.11517028493855529,-0.23765782343221575,-0.25497497730816265,0.21945156906544921,-0.304359470981594,-0.3689640818814038,0.31750251855699746,-0.24164294490862395,-0.32139819870097036,0.4659142403688829,-0.14671405672532498,-0.2276069528159495,0.7362152300185962,-0.06807983877194367,-0.1633939275305539,0.10902214503717739,-0.10902214503717739,7.0,6.0,0.3611111111111111,0.3333333333333333,0.47878189804353344,0.6934057347162631,2013-06,-0.3583011583011583
2015-11,-0.3085138198830074,0.12503890508705212,-0.22686929949174336,-0.2454311572157661,0.235090742663645,-0.2987279701259973,-0.3650768597116662,0.34341123188086997,-0.2279997884890069,-0.30643603524191704,0.49170087172690946,-0.13117363253543188,-0.20088815645424277,0.735940578429873,-0.0715358718851017,-0.1633939275305539,0.11358792325808548,-0.11358792325808548,6.0,6.0,0.3611111111111111,0.3611111111111111,0.4636680430847203,0.7315507937394183,2013-06,-0.3685971685971686
2015-12,-0.3066279009269528,0.12097399685200275,-0.22873927854884865,-0.2464400621657386,0.22782926246805463,-0.29753761248223637,-0.3616320678554333,0.3313919953822641,-0.23085916251527736,-0.30793034274169984,0.4798354580108161,-0.13528443483790464,-0.205360652083102,0.7329488268490266,-0.06983214642143183,-0.1559161063257451,0.10978509396506464,-0.10978509396506464,5.0,6.0,0.3611111111111111,0.3611111111111111,0.45394742326600773,0.7231866536913674,2013-06,-0.36653796653796655
2016-01,-0.31651329281942503,0.13699158884420817,-0.2333220518081913,-0.27214940936399074,0.23841121211329433,-0.17173269151365383,-0.20854161316007436,0.328975615795217,-0.22672997417390256,-0.32432858193813874,0.4885974432525528,-0.1297960088794471,-0.21646906366045313,0.7479326705476348,-0.023954321873623133,-0.06245705869957174,0.09479141478205921,-0.09479141478205921,4.0,6.0,0.3611111111111111,0.3055555555555556,0.46257165613318596,0.6466501386457969,2013-06,-0.3691119691119691
2016-02,-0.32451994845020155,0.12088713398900278,-0.251760888616262,-0.2922085341545102,0.21162693605330904,-0.19714678312909498,-0.23857829611134485,0.2975420555686214,-0.24885702817488575,-0.3490333948663046,0.4562310440213268,-0.15334594089186607,-0.261027639979964,0.7199115363599438,-0.039659813423652525,-0.08958940243635119,0.08988324230172323,-0.08988324230172323,3.0,7.0,0.3611111111111111,0.3611111111111111,0.3733638618426276,0.7048664521613572,2013-06,-0.38738738738738737
2016-03,-0.3486613075805995,0.11725569348204186,-0.2778205551001587,-0.31831552893556586,0.20576600260111927,-0.22434650438182696,-0.26845724622647293,0.2891932649281361,-0.27474960094049555,-0.376599626401456,0.43357355264535163,-0.1875213570787461,-0.2949939523567215,0.719134164623825,-0.014998147069942291,-0.03742949372329051,0.08932730312076642,-0.08932730312076642,2.0,8.0,0.3333333333333333,0.3055555555555556,0.4064691236665395,0.6669722450261166,2013-06,-0.4041184041184041
2016-04,-0.34964468564819723,0.12028003666899972,-0.2759635066812459,-0.3162477439315834,0.21083047050330492,-0.2204940962483167,-0.26410643560218555,0.2947999393373065,-0.27193213727539023,-0.37436175323619975,0.4388509661466074,-0.18368931842825598,-0.29117168425057116,0.7213505088003926,-0.010635668489353428,-0.025355955856406678,0.09134995047484035,-0.09134995047484035,1.0,8.0,0.3333333333333333,0.3055555555555556,0.41830663301039883,0.6735574784320516,2013-06,-0.4066924066924067
2016-05,-0.3189805699525707,0.12299575201760034,-0.24591150764128922,-0.28202428384931916,0.21483465876153246,-0.19135203961582373,-0.2280464515085949,0.30042846641011706,-0.24220143206995748,-0.33563751225080657,0.45609003387411035,-0.14972632958942075,-0.25791477224323806,0.7223090345309711,-0.037105956462671785,-0.08678408352275052,0.0897225134241813,-0.0897225134241813,0.0,7.0,0.3333333333333333,0.3611111111111111,0.37032337535659104,0.6947184273032896,2013-06,-0.37657657657657656
2016-06,-0.4006778949887026,0.12054579976109765,-0.329035456359991,-0.379884518725543,0.21508614100642204,-0.272848508253721,-0.33179511590129046,0.3084470480014928,-0.2173625181738431,-0.29938719899185284,0.4752926348253619,-0.11820332110360272,-0.19481676336885342,0.7147140123674675,-0.016737382807823054,-0.037245015422324106,0.03877164010144618,-0.03877164010144618,26.0,9.0,0.3333333333333333,0.3611111111111111,0.26066825548521766,0.7570614628657574,2015-09,-0.4489060489060489
2016-07,-0.34489223491541104,0.11529147874048391,-0.2760881689442938,-0.31815674655054665,0.22141312059654392,-0.21275651141856095,-0.274476344546967,0.31517306562918546,-0.15680211206528985,-0.21592522081988322,0.45529067681003016,-0.07318221692019498,-0.11434802370929079,0.6840117996641345,0.06331480261465713,0.15737650626034944,0.040720883465583335,-0.040720883465583335,25.0,7.0,0.3611111111111111,0.4166666666666667,0.29387328192290413,0.7847298786134739,2015-09,-0.37194337194337196
2016-08,-0.3633581185893175,0.11492269628885408,-0.29441937962842923,-0.3398881989932256,0.2236012423360925,-0.22922632239482446,-0.2963055122170645,0.318170881535075,-0.1724967826181255,-0.2386472007088242,0.4603856240368834,-0.08718634937628929,-0.13853488970480343,0.6940694721763393,0.010706526783341528,0.03549168335058155,0.0439753567207537,-0.0439753567207537,24.0,8.0,0.3611111111111111,0.3888888888888889,0.2956405167548576,0.7662046084179145,2015-09,-0.40257400257400255
2016-09,-0.34693902933859394,0.112490516020906,-0.2785984290019204,-0.32050792315329685,0.21973989439803265,-0.21344194147486753,-0.2750856214010521,0.3115687588279424,-0.1576537742109825,-0.2168309757581875,0.4506841520455483,-0.07313794278927663,-0.1147778347933149,0.6791282427526595,0.06564714643004968,0.1637193543035788,0.0415728626910169,-0.0415728626910169,23.0,7.0,0.3888888888888889,0.4166666666666667,0.3040148872816175,0.7953852064797644,2015-09,-0.3724581724581725
2016-10,-0.34474341839358114,0.12027977924100373,-0.27191792682924476,-0.31212622653492744,0.22246781512953256,-0.21004639702983527,-0.27016799326789004,0.31673019457747287,-0.1529735942475364,-0.20981265714731956,0.4551204740749989,-0.06918278422335657,-0.1078813670166259,0.6808094904235438,-0.02018812713177743,-0.046085115343134475,0.0407812739283801,0.0407812739283801,11.0,7.0,0.3888888888888889,0.4444444444444444,0.2851669126678443,0.8314345123230424,2014-10,-0.36113256113256115
2016-11,-0.3053905397442045,0.13004970611864158,-0.23451049011931896,-0.26955543269880283,0.23021745652464062,-0.17991678643871795,-0.2327995925569767,0.32862781911419636,-0.12628089911431872,-0.17312407085820708,0.46938415641484066,-0.04956549182393114,-0.07402426082338714,0.6957966509330085,-0.01655004150288763,-0.03294916842615402,0.04055030388517189,0.04055030388517189,10.0,6.0,0.3888888888888889,0.4166666666666667,0.27957092236609465,0.7086777488827894,2014-10,-0.34465894465894464
2016-12,-0.35175499413467043,0.13379582869030182,-0.2752811059108844,-0.301265437453639,0.25413555059218695,-0.20649834540414128,-0.26618854114722323,0.34493174503421037,-0.15460182446717918,-0.2122466127851351,0.503205264903109,-0.06413718453243154,-0.10596636459909266,0.7327367790851359,-0.0188958174441366,-0.044286657056180095,0.050489556681031444,0.050489556681031444,35.0,7.0,0.3888888888888889,0.3888888888888889,0.27477068582293346,0.7344642907379334,2016-12,-0.37400257400257403
2017-01,-0.3494329784278851,0.1330896350264423,-0.2732947167488098,-0.29904380835988,0.25295206633808853,-0.20472350788732976,-0.2639505752323372,0.3436769872461944,-0.1528213611308046,-0.20985383093094004,0.5020698685137645,-0.06220755307838246,-0.10260131947767667,0.7306116022536894,-0.01651995874430681,-0.03788196403068704,0.050389170068005196,0.050389170068005196,34.0,7.0,0.3888888888888889,0.3888888888888889,0.2783120010436773,0.7330237390721575,2016-12,-0.3647361647361647
2017-02,-0.34190676099898465,0.131292180787943,-0.26791813883598603,-0.2928087089399918,0.2585288857779136,-0.19621494650366417,-0.2534239555750486,0.35493595611908946,-0.1418855396912675,-0.19553507095828107,0.516948066483325,-0.050584955394245415,-0.08280240915695457,0.7547839324736734,-0.0030733354297818698,-0.001967002476075922,0.04909805205899276,0.04909805205899276,33.0,7.0,0.4166666666666667,0.3888888888888889,0.277043706169935,0.720243114606525,2016-12,-0.346975546975547
2017-03,-0.3453952469175856,0.13114968507769828,-0.27079325750230143,-0.29584245091310524,0.25845768216689763,-0.19837653880638675,-0.2562907557268445,0.3541892504913766,-0.14392146754471907,-0.19841082138586683,0.5139807979808146,-0.05302710262575953,-0.0872601854315143,0.7518400285582254,-0.0065539096815048275,-0.011734894734911332,0.04955279600448037,0.04955279600448037,32.0,7.0,0.3888888888888889,0.4166666666666667,0.260674893171924,0.7618550971283026,2016-12,-0.3438867438867439
2017-04,-0.35112340346696647,0.1305465200112098,-0.27659090938261094,-0.302116508801299,0.2510498486528505,-0.2077923414211133,-0.26775179869460125,0.34260988612926047,-0.15551827122002398,-0.21356653721279986,0.5007975259541664,-0.06520472376999961,-0.1073214265171009,0.7290198153970681,-0.018818511414211158,-0.0415837330876093,0.04900689466566738,0.04900689466566738,31.0,7.0,0.3611111111111111,0.4166666666666667,0.2564371812356109,0.7683750876132377,2016-12,-0.3631917631917632
2017-05,-0.3617989742817465,0.13022421472930268,-0.28748709336828115,-0.3140397162108732,0.2557734973599479,-0.21584294209416224,-0.2781801878381302,0.35020997683352817,-0.16195317642258245,-0.2227722328849452,0.5084458734609744,-0.0716565512453276,-0.1186880024526695,0.7434449112284777,-0.025585962006751777,-0.058623832435713306,0.04775925807087339,0.04775925807087339,30.0,7.0,0.3611111111111111,0.3888888888888889,0.26105833748251017,0.7417173102098303,2016-12,-0.38275418275418277
2017-06,-0.3500801146550374,0.1333881879643514,-0.2735059286411833,-0.2992324133200841,0.25469528243175155,-0.20386713859307642,-0.26376479313398404,0.34635666313368,-0.15124706988030553,-0.20865423034116964,0.5053509649850738,-0.059973176510037314,-0.09961058800479847,0.7360251583339178,-0.013968788349502352,-0.03210051416981646,0.05084770133495331,0.05084770133495331,29.0,7.0,0.3888888888888889,0.4166666666666667,0.261321786103428,0.7701252764037013,2016-12,-0.3675675675675676
2017-07,-0.3515823977167575,0.13192836195814586,-0.27638057496932944,-0.3013997528812556,0.2575588132176166,-0.20476868813114246,-0.26396425821252845,0.35101146663083016,-0.15149879397838345,-0.20815443739471676,0.5072800676491498,-0.062422544866032326,-0.10329307956522867,0.7432118258004488,-0.0184896373075428,-0.043848427740854255,0.05018264483550183,0.05018264483550183,28.0,7.0,0.3611111111111111,0.3888888888888889,0.2730471721130116,0.7330929240758489,2016-12,-0.3680823680823681
2017-08,-0.347199260993946,0.13251256017865104,-0.2722123864273477,-0.29679835727912424,0.2601597171388738,-0.1999787707243947,-0.2583018878150149,0.3553100465547547,-0.14613462336764713,-0.20130044599451632,0.5136887638617779,-0.056510477605848916,-0.09345738557914754,0.7526710768520032,-0.011849272145620152,-0.026765321112613795,0.05040090371482192,0.05040090371482192,27.0,7.0,0.3888888888888889,0.3888888888888889,0.2733572157337992,0.7263170525027864,2016-12,-0.36036036036036034
2017-09,-0.342126855937195,0.1356824279463402,-0.26581127826709877,-0.2904690930069323,0.2621161344532514,-0.1946977118673122,-0.2521844293771374,0.35707588146912583,-0.14128690503985283,-0.19516092041012184,0.518925144171708,-0.05025359906517244,-0.0831667099096495,0.7577518911614727,-0.004613729341358917,-0.009054597536063698,0.051657762930262696,0.051657762930262696,26.0,7.0,0.4166666666666667,0.4166666666666667,0.2570522328052051,0.7538201642799953,2016-12,-0.3410553410553411
2017-10,-0.31769017999126836,0.14897698532021,-0.23679310725247207,-0.2766122964481049,0.2833099777295924,-0.16384797525906913,-0.2152576348304893,0.37570332689269764,-0.11367679296696263,-0.15977201399979718,0.5247217710892517,-0.03275720734318577,-0.05330934059627357,0.761513876319339,-6.340018703921503e-05,-0.009054597536063691,0.051380262755230055,0.051380262755230055,25.0,6.0,0.4166666666666667,0.3888888888888889,0.2816588363104394,0.6846536367291157,2016-12,-0.3124839124839125
2017-11,-0.3253025638632511,0.14697759283384754,-0.24171518707046197,-0.28650991275829846,0.2882566931063769,-0.1613685902883529,-0.21674714841743134,0.37611091018971765,-0.11140516794218451,-0.16007491244572916,0.526263354008572,-0.026012227046541117,-0.044474362768053465,0.7689244807301914,0.007400239701879384,0.006220211547785006,0.05763403255681332,0.05763403255681332,24.0,6.0,0.4444444444444444,0.4444444444444444,0.26622502266544895,0.7822595048930486,2016-12,-0.2993564993564994
2017-12,-0.32877692503835804,0.15104853117817366,-0.24209314712779073,-0.2869879892684863,0.2859955575622955,-0.16464970578128524,-0.22048668539521743,0.37683902874014,-0.11251642637245389,-0.16165693421379662,0.5242648446003413,-0.027911653451917928,-0.04708049124777487,0.7639803078261281,0.0035273572954412913,-0.0036935084434657098,0.05468308027255042,0.05468308027255042,23.0,6.0,0.4166666666666667,0.3888888888888889,0.30637923130957073,0.7180228006671147,2016-12,-0.29009009009009007
2018-01,-0.33019169653625874,0.16794344982524587,-0.23061310088144923,-0.27372700539237127,0.28982846981615845,-0.1583438987501199,-0.21217299946531926,0.3684715576197826,-0.11171410610508659,-0.15891515740961143,0.5168839841101653,-0.023716026852737115,-0.035749303019868256,0.7538371176850843,0.0019452143315723852,-0.011925937615917008,0.056464691143887524,0.056464691143887524,11.0,6.0,0.4166666666666667,0.4166666666666667,0.3065272284266104,0.7692675145318196,2016-01,-0.28416988416988415
2018-02,-0.23009766175985844,0.1507935135698626,-0.13587760029598,-0.15716908336344584,0.26414521250568007,-0.0650522458896068,-0.08593178357204219,0.3727299847659057,-0.13289908939232642,-0.20016653853597904,0.5108258581760532,-0.046612873410072656,-0.0881154516713853,0.7612712782475254,-0.008560972701650219,-0.02352062533197652,0.09228672174642058,-0.09228672174642058,35.0,4.0,0.4444444444444444,0.4166666666666667,0.46051913000804523,0.7124383386531298,2018-02,-0.19073359073359072
2018-03,-0.2355817611993922,0.1489504722505749,-0.14271355402093885,-0.1651947250857023,0.26335205344219376,-0.07138602089453815,-0.09422939878675611,0.3732232533217032,-0.13988893464287747,-0.2106636965701465,0.5117223915787019,-0.053536964948880314,-0.10012156881519883,0.7626488783746518,-0.013402552259538427,-0.03591611910952092,0.09366818034428884,-0.09366818034428884,34.0,4.0,0.4722222222222222,0.3888888888888889,0.4848775546090854,0.6833476093866329,2018-02,-0.20386100386100386
2018-04,-0.23417461853400237,0.14884049576228722,-0.14093023673182392,-0.1619450513892328,0.2634650620559512,-0.06912117180862279,-0.0905147255828892,0.36868437016005334,-0.13503810716665363,-0.20070022475315002,0.5052720893603918,-0.049469745052717916,-0.09071334440661306,0.755154448389479,-0.014394624554256984,-0.03897831375319268,0.0898020589565374,-0.0898020589565374,33.0,4.0,0.4722222222222222,0.3888888888888889,0.4903715482939464,0.6846051511275152,2018-02,-0.18301158301158302
2018-05,-0.24514016532484884,0.1456132729347822,-0.15129803159742652,-0.17416807721511304,0.26096928451618373,-0.07695553488057567,-0.10148774759178908,0.3690757274925831,-0.14662596446518483,-0.2208473251092233,0.5062299342533103,-0.0582353723665969,-0.10804949266213865,0.7558188814913759,-0.017228777278994172,-0.04619916855892166,0.09626184797139842,-0.09626184797139842,32.0,4.0,0.4722222222222222,0.4166666666666667,0.46587477373391867,0.7413346377323089,2018-02,-0.22084942084942086
2018-06,-0.25376700286674964,0.1447865281826249,-0.16174350191661846,-0.18689466895710657,0.26230458711989796,-0.08705130959724013,-0.11544877975890985,0.37785896483837017,-0.1604954243311394,-0.24465362011829123,0.5186838883293816,-0.07098984226254192,-0.13290893652355643,0.7723247992415497,-0.022174735901947074,-0.058408197929552076,0.10266121972910508,-0.10266121972910508,31.0,4.0,0.4722222222222222,0.4166666666666667,0.44544913618863435,0.7411229591983692,2018-02,-0.23166023166023167
2018-07,-0.2481289055806677,0.1473515995460993,-0.1550478153085113,-0.17949147405581337,0.26512518840872074,-0.22944465993297603,-0.30108737088292936,0.3816989627075679,-0.15580573071672227,-0.23894097312984464,0.523769772937807,-0.06606048225783405,-0.12559517478864018,0.7784419634675942,-0.01636305085801502,-0.0428604419788329,0.10358453496638698,-0.10358453496638698,30.0,4.0,0.5,0.4722222222222222,0.3948462037970408,0.8103630084143718,2018-02,-0.22265122265122264
2018-08,-0.2098558096139553,0.1659904962005554,-0.10865426657435842,-0.12664204864911088,0.29553378086159204,-0.18763457326778937,-0.25306594935899374,0.4141907645769201,-0.11529145652749893,-0.1854507878880491,0.5622502497132795,-0.025022141714777162,-0.05310149544605951,0.7941254691081249,0.0028129238891828326,0.008567340673875656,0.10700636263370536,-0.10700636263370536,29.0,3.0,0.5277777777777778,0.4722222222222222,0.4115865615026271,0.7548381516859525,2018-02,-0.1709137709137709
2018-09,-0.2204038524742038,0.17459081270207555,-0.10662465273851614,-0.1296884236849221,0.30977804101708556,-0.19472490506058274,-0.2825693072714756,0.42156137223606654,-0.1218767535854635,-0.21212249920782036,0.5747918288462452,-0.022017898137035377,-0.05358397932947164,0.8016057561586414,0.008760985531241237,0.02997641641665302,0.12177624585901065,-0.12177624585901065,28.0,3.0,0.5277777777777778,0.5277777777777778,0.3972378373038814,0.897744337962993,2018-02,-0.18996138996138995
2018-10,-0.19798408261049336,0.17096908359470123,-0.08775717707592613,-0.10290333032641241,0.2919475996870207,-0.16575424639772432,-0.22730990728538011,0.4075552740853409,-0.09121985727282644,-0.1511114886184005,0.5494046122617326,0.00023301403328494427,-0.0054169042523036365,0.7941809751063754,0.010037198582422238,0.02997641641665303,0.1044988001249563,-0.1044988001249563,27.0,3.0,0.5277777777777778,0.4444444444444444,0.48861560533074655,0.7373646288329606,2018-02,-0.18275418275418276
2018-11,-0.18797542729550504,0.16213108346683697,-0.08348460524414006,-0.09653657163269966,0.2859826049808315,-0.00366433254512558,-0.007030054508062907,0.40600889550935726,-0.08101930666189913,-0.1342595075862322,0.5521010643496621,-0.07667393304486225,-0.17646284680996224,0.7890570707397491,0.01374384004828573,0.04193902674442716,0.10275963134907973,-0.10275963134907973,26.0,3.0,0.5277777777777778,0.4722222222222222,0.4699348691060075,0.7667385647444636,2018-02,-0.1523809523809524
2018-12,-0.29809204238538345,0.19703030115148767,-0.16023433920913185,-0.18285107349860905,0.31854625129035996,-0.0752123416406205,-0.08745430191290625,0.42367962132993575,-0.001652869639958508,0.0023111942403147953,0.5849272534091196,-0.022276939758145632,-0.05582677326104986,0.8121267495581737,0.0019509079983430005,-0.003011546974922848,0.11524096888677443,0.11524096888677443,35.0,3.0,0.5277777777777778,0.4722222222222222,0.41339697559688254,0.9189984246650222,2018-12,-0.21055341055341056
2019-01,-0.23208612239871274,0.23470887962710235,-0.06902151181517636,-0.07855852818237569,0.35046073392692595,-0.14944041661209329,-0.20181302233306037,0.4620871377113242,-0.07188767939625923,-0.11861211109049107,0.6019914916690273,-0.07041112894813646,-0.16374800690862884,0.8219393653408176,0.02611757931658494,0.0880667533728914,0.15352759421633697,0.15352759421633697,34.0,2.0,0.5555555555555556,0.5277777777777778,0.4261402011448812,0.9540987121004524,2018-12,-0.13436293436293437
2019-02,-0.17027535640582125,0.25981536850878983,0.005467268449878761,0.012900654589575265,0.383037868626557,-0.07788209512422241,-0.10482342583917527,0.4905982633011255,-0.005126791236245433,-0.016239906797998332,0.6284831813482051,-0.0068059622200513205,-0.039652334870503375,0.8197434859391147,0.023429026300813175,0.08806675337289137,0.1831760109953965,0.1831760109953965,33.0,1.0,0.5833333333333334,0.5833333333333334,0.42178179302836716,0.9878036751866303,2018-12,-0.05405405405405406
2019-03,-0.12814407879688644,0.26060875572774256,0.051827534037285794,0.07089229125149409,0.38847764823568504,-0.0364763709934999,-0.04919578165611591,0.507976309132858,0.04604720605644272,0.06529457949884798,0.6593944632726739,0.046459902403616964,0.06906467796466939,0.8200013576165972,0.020370963118583902,0.052231466610288324,0.1990363700483805,0.1990363700483805,32.0,1.0,0.6111111111111112,0.5555555555555556,0.4921328355172185,0.8954812167647124,2018-12,0.002059202059202059
2019-04,-0.12799868026192257,0.2631225149355596,0.05202317514014424,0.07105379256184229,0.39161702086210604,-0.03588955772322889,-0.04819439978654576,0.5100299716780491,0.0451256268372425,0.06368155433976551,0.6606182542443693,0.045040720977987246,0.06537561571047444,0.8221838774698939,0.01894646819097111,0.045472402190450525,0.19905247282376487,0.19905247282376487,31.0,1.0,0.6111111111111112,0.5555555555555556,0.48665430885527894,0.888314999142054,2018-12,-0.0015444015444015444
2019-05,-0.15611812848428042,0.24684113755010312,0.01585027932846353,0.02554571901082023,0.3702908731784473,-0.07015424443776411,-0.09527391013932374,0.48600783585064533,0.010463038504490386,0.007615656192773883,0.633928148565907,0.010805362555224539,-0.006339414934564103,0.8083723242029903,0.036275380641848876,0.10810693663570878,0.18166384749510067,0.18166384749510067,30.0,1.0,0.6111111111111112,0.5555555555555556,0.4729885327100571,0.9327440719469346,2018-12,-0.0682110682110682
2019-06,-0.137764021848335,0.24135696337810694,0.02180066199090387,0.03210579586931363,0.3664472903457101,-0.06089841656297866,-0.08167557902301528,0.48253112664289943,0.015846336844401825,0.015758086156465494,0.634317521029511,0.015496670225092832,0.0035363510819517775,0.8025757000172088,0.04121300580914803,0.07412040118884232,0.16986981771764867,0.16986981771764867,29.0,1.0,0.6111111111111112,0.5833333333333334,0.43612572879341016,0.9320254046235559,2018-12,-0.0489060489060489
2019-07,-0.0594999373113318,0.21385858907258315,0.08051281090376625,0.10137536222130533,0.3457053283577107,-0.005806959513520482,0.0004952445337000441,0.46359389362446896,-0.08298834408036486,-0.11711240701825734,0.6452954415165991,-0.060994506595341086,-0.12661339329318133,0.8342583722107544,0.03050239389332071,0.07412040118884232,0.16087529953263713,0.16087529953263713,28.0,1.0,0.6111111111111112,0.5833333333333334,0.49599822061463616,0.8332306959202647,2018-12,-0.027799227799227798
2019-08,-0.05476310436508188,0.205218896445559,0.0763599957246862,0.09434657445607361,0.34006088271792917,-0.009796296744148732,-0.005847666125834227,0.45321476975812003,-0.08209513819052242,-0.1133701915557485,0.6378790859130352,0.03589476444309304,0.06710723966554999,0.8209397653652564,0.031919614380463555,0.07153262905341105,0.14910967882115556,0.14910967882115556,27.0,1.0,0.6111111111111112,0.5833333333333334,0.48681626595822264,0.8093233491933696,2018-12,-0.02496782496782497
2019-09,-0.07361631540351452,0.21017487372027038,0.058843603627923825,0.07396466395571122,0.3415415350781488,-0.023948487638201284,-0.02489382012425705,0.4586235868668935,-0.09773789369542998,-0.13721018828209577,0.6409325791760095,-0.07624357441502481,-0.15045978977150407,0.8287303351303643,0.011377577412605153,0.016709574504134978,0.1475809793592257,0.1475809793592257,26.0,1.0,0.5833333333333334,0.5555555555555556,0.48704283733399195,0.7698392366126778,2018-12,-0.07335907335907337
2019-10,-0.08906974066818882,0.2135797844615619,0.04384982031364223,0.05634669803252848,0.34663458348238513,-0.03895570136510296,-0.04546190314887986,0.4687485580819167,-0.11495229408775068,-0.1643358685236564,0.6584863607059717,-0.09416252521382057,-0.1891213235200794,0.8448336622500512,0.021809131812763116,0.04997672551303923,0.1454164387007173,0.1454164387007173,25.0,1.0,0.5833333333333334,0.5555555555555556,0.46661277937951934,0.7781060319360621,2018-12,-0.09961389961389962
2019-11,-0.1203788733617049,0.20466036805721022,0.017882499513652585,0.025867581493981297,0.3294574096481147,-0.0664260086012074,-0.08798576002732715,0.4522803973630723,-0.1494009150930016,-0.22461062965822048,0.6412095352422478,-0.13202691602182054,-0.2890058646242044,0.8472188904338852,0.0071457852898513,0.007829933719129769,0.14624645485568616,0.14624645485568616,24.0,1.0,0.5833333333333334,0.4444444444444444,0.6072347796697732,0.6964508521188022,2018-12,-0.1758043758043758
2019-12,-0.058610353557544605,0.21644504653732416,0.08821256340056227,0.11035639104283478,0.3557566428364563,-0.00628779713876586,-0.009173358064957796,0.48988544507233833,-0.09727247111222782,-0.15058151776417958,0.6699584416672802,-0.10204137102001061,-0.21732085870515114,0.8370350067825272,0.011293025114259704,0.028507483632557503,0.16896674460037941,0.16896674460037941,23.0,1.0,0.5833333333333334,0.4444444444444444,0.6778271991009087,0.6448298780064301,2018-12,-0.13436293436293437
2020-01,-0.045159511635374495,0.21439137772511999,0.1002509687959325,0.12448964336716807,0.3541210506069571,0.005479625471164771,0.0066970387848066725,0.4834961742337406,-0.08226876759411328,-0.12456519910665034,0.6619487925873828,-0.08857978685322299,-0.18673801386774275,0.8262553205526701,0.022860754380040593,0.06071994647503133,0.16964915500254263,0.16964915500254263,22.0,1.0,0.5833333333333334,0.4444444444444444,0.6924403161654616,0.6329813982942747,2018-12,-0.09292149292149292
2020-02,-0.06160756110185794,0.19893125098082517,0.0735135188235676,0.09140718251240575,0.3343933070483877,-0.01849705877307093,-0.025810632707261767,0.4600193191657752,-0.10382665048042,-0.15546739821469635,0.6390233534387559,-0.1087383608345145,-0.22041272783262855,0.8053121247156791,0.004210802475053857,0.00789273976975759,0.15301474361426368,0.15301474361426368,21.0,1.0,0.5833333333333334,0.4444444444444444,0.6755300754330917,0.6482372922747247,2018-12,-0.1214929214929215
2020-03,-0.49473075435899105,0.5540246613251586,-0.041097902578320904,-0.05781649193449441,0.6222138548747451,0.014735096365328002,0.09493210047480438,0.6811137433023736,-0.0334918621478184,-0.004386980091742544,0.7757061692511066,-0.038513870675545854,-0.07210506959958654,0.8875783945771224,-0.027072025438297738,-0.11593164624021442,0.43691426242449677,0.43691426242449677,35.0,2.0,0.5833333333333334,0.3888888888888889,0.40508082420093194,1.0448503609717152,2020-03,-0.18532818532818532
2020-04,-0.4610431906518076,0.5458317101190231,-0.011825255763942215,0.002053237778809413,0.6137859674596705,0.044100903496295175,0.16392185908015433,0.669203838488446,-0.0015078457169011017,0.08595878774952669,0.7627754639402592,-0.008930473351508489,0.0347547953995442,0.8870194195219523,-0.013608675876121775,-0.050663214542243554,0.46309642843061705,0.46309642843061705,34.0,1.0,0.6111111111111112,0.4166666666666667,0.4222796044492795,1.0700336066453553,2020-03,-0.11068211068211069
2020-05,-0.46349498653911986,0.5438674030417984,-0.02068396538913042,-0.01594968592034934,0.6125570764322837,0.03524243182898427,0.13775511809991467,0.6654455241545317,-0.007818776494851624,0.0654982165302043,0.7582529417443642,-0.017389816742643255,0.005214550432938112,0.8824205494839562,-0.02107068052661545,-0.08610480735289566,0.4475453006187705,0.4475453006187705,33.0,2.0,0.5833333333333334,0.4166666666666667,0.4091433677949396,1.0647369069425376,2020-03,-0.14671814671814673
2020-06,-0.4775789695970394,0.540837563467177,-0.040507257245214236,-0.054315779605933014,0.6110060298175497,0.016198589042994017,0.09040812947344444,0.6631525013397842,-0.025942987542804528,-0.02003758508056428,0.7509746819833457,-0.09691548181683111,-0.2333885874959471,0.8823300532249829,-0.03149657729342396,-0.1316943145201075,0.42326318999110635,0.42326318999110635,32.0,2.0,0.5555555555555556,0.3888888888888889,0.4131995402780656,1.0227298863540588,2020-03,-0.17966537966537965
2020-07,-0.47578834282366206,0.532765292941308,-0.03861718758986409,-0.0505973792770516,0.6012566386546238,0.01758474809498592,0.09326845962474044,0.6550237389795567,-0.0265349152427907,-0.022618440450420763,0.7420703359884847,-0.09796273135196835,-0.24145993263430177,0.8732399476951929,-0.028986086460830306,-0.122637883437256,0.4251909635466104,0.4251909635466104,31.0,2.0,0.5833333333333334,0.4166666666666667,0.40224513269882556,1.0802985233005027,2020-03,-0.18815958815958816
2020-08,-0.48128796971645105,0.5359554318708492,-0.045562610745228584,-0.06352726339085625,0.6067266779155895,0.01197356624628674,0.08009071646460841,0.6613908698452674,-0.03246776830328137,-0.03637996655369443,0.745832060152814,-0.10111744656156475,-0.2466153886755306,0.8726299412646746,-0.03516090221261433,-0.141166781036248,0.4177607063255947,0.4177607063255947,30.0,2.0,0.5555555555555556,0.4166666666666667,0.3869834216156305,1.0785633459195354,2020-03,-0.20077220077220076
2020-09,-0.4725824973545179,0.5318273509042063,-0.03934318834375534,-0.05134318524157556,0.6018848934761287,0.01772736525460366,0.09157650696682518,0.6550428480028135,-0.025576378805213754,-0.01883821714536682,0.7393134148709404,-0.09422520270985092,-0.21873408252659043,0.8663153022876177,-0.028802747061586382,-0.10787710384012567,0.4212393121129423,0.4212393121129423,29.0,2.0,0.5555555555555556,0.4444444444444444,0.37410786289131637,1.1263056606834596,2020-03,-0.1842985842985843
2020-10,-0.4676466178134656,0.53473579651803,-0.03292613088781948,-0.0391212656330191,0.6048500765591796,0.0240741936806927,0.10591513325064442,0.6581875125051553,-0.019287175198636167,-0.00327578565634772,0.7434707537576095,-0.08861930595419168,-0.20142910208971934,0.872862828414337,-0.02185920831708858,-0.07731493193146947,0.4285253521804465,0.4285253521804465,28.0,2.0,0.5555555555555556,0.4444444444444444,0.37768993533759776,1.1205335294436432,2020-03,-0.1552123552123552
2020-11,-0.4746729915839638,0.5326196304639169,-0.042363003024177205,-0.0569806269466466,0.6034436820273689,0.015122570488171862,0.0856141842934362,0.6564865774637527,-0.027930618331226193,-0.02420564840227259,0.7398389873414262,-0.09558505181363763,-0.22084636813864006,0.863741910443701,-0.03282683466825773,-0.12192510569745627,0.4176923646373173,0.4176923646373173,27.0,2.0,0.5277777777777778,0.4722222222222222,0.3469060046283642,1.1847871991642591,2020-03,-0.18018018018018017
2020-12,-0.47852988549441755,0.5305579289230729,-0.047921395693668295,-0.06733350112178589,0.6015092498934338,0.009663722738979277,0.07308622884104202,0.6545457002256795,-0.0333814275395535,-0.03741916765786644,0.7368777946948155,-0.1002033463702637,-0.23389350526828775,0.8582492843922599,-0.03895589135647306,-0.14585578283417758,0.41119638437263173,0.41119638437263173,26.0,2.0,0.5277777777777778,0.4722222222222222,0.3428811851079012,1.188290849428365,2020-03,-0.19665379665379665
2021-01,-0.4669368946259897,0.5381062005434873,-0.033952818472308216,-0.041085538909302215,0.6096360731225925,0.023603284328167617,0.1047526096460106,0.6628517529779824,-0.01921640805932786,-0.0025433089613736376,0.7471748827596889,-0.08706653208697049,-0.19303071201002894,0.8548270495363152,-0.03868428810750879,-0.13359346707155,0.42585135571668764,0.42585135571668764,25.0,2.0,0.5277777777777778,0.4722222222222222,0.3476399552524452,1.1711931869053267,2020-03,-0.155984555984556
2021-02,-0.5357829308453708,0.5671554205825532,-0.08898170010791918,-0.15000070612800065,0.643306803112274,-0.02899015246179165,-0.010274566363861388,0.6892028712386615,-0.06514676664669485,-0.08737126174158658,0.759295051048451,-0.07502089310152087,-0.15751092335926598,0.8561602921113664,-0.03574939064301006,-0.12029920755574472,0.38578222471737,0.38578222471737,24.0,3.0,0.5,0.4166666666666667,0.29401207748385805,1.1029801781831357,2020-03,-0.2386100386100386
2021-03,-0.49539536194449374,0.575588168346228,-0.06968744597689128,-0.11072585420711087,0.655065391329403,-0.010905690507053326,0.028723384106419794,0.7016651711158399,-0.04537112296100954,-0.03464085697128986,0.7664484164230729,-0.054844397945072336,-0.08666109420142805,0.8572230732304831,-0.024317525033774143,-0.06329393680234059,0.3846695077373832,0.3846695077373832,23.0,2.0,0.4722222222222222,0.4444444444444444,0.2671043461938118,1.0806253603579135,2020-03,-0.1969111969111969
2021-04,-0.5067896948666614,0.5821678721023399,-0.08027256070607071,-0.1314458820492768,0.6642605907039766,-0.02012848070560866,0.008313294153551627,0.7069889250727103,-0.05143279617151611,-0.049399862426968394,0.7721662360881851,-0.0627752849226807,-0.10924242117021653,0.8578013890011621,-0.03382148064471023,-0.05571749137518189,0.3753438128173847,0.3753438128173847,22.0,2.0,0.4444444444444444,0.3888888888888889,0.28230786641889594,0.9859067931908043,2020-03,-0.20540540540540542
2021-05,-0.507425737026341,0.5795236034546853,-0.08109276547095078,-0.1327484515999135,0.6604105234047781,-0.02158740497016406,0.004778467166002894,0.7035106240960083,-0.053294472451955496,-0.05447774889435787,0.770171759484238,-0.0644275402766901,-0.11510722192291199,0.857801878000502,-0.033774044198883094,-0.10108205692847834,0.37467728542642764,0.37467728542642764,21.0,2.0,0.4722222222222222,0.3888888888888889,0.28529420363500746,0.9888190748550926,2020-03,-0.22496782496782497
2021-06,-0.5070680726321822,0.5784807325276492,-0.08176251534166959,-0.13391624914116584,0.6590181370277068,-0.02255050744304644,0.0024152203306076372,0.7021840854899809,-0.05428659947588445,-0.057186850980663916,0.7691579372332245,-0.06533785346100644,-0.1180360817205905,0.8573900870470686,-0.03421252136836809,-0.103141976978273,0.37315182349101633,0.37315182349101633,20.0,2.0,0.4722222222222222,0.3888888888888889,0.2851790037504765,0.9881767543015022,2020-03,-0.2241956241956242
2021-07,-0.4924166117260216,0.5680245772198234,-0.0746390896034059,-0.11969167314029883,0.6464923551179353,-0.016926668114195565,0.013965982840243484,0.6884687857751098,-0.04779999629541527,-0.0629652960233384,0.7563792696524688,-0.05872226190215376,-0.09802791171179834,0.8448994260126267,-0.025570795100527937,-0.06841704037731458,0.372724938585723,0.372724938585723,19.0,2.0,0.4722222222222222,0.4444444444444444,0.26586368623426737,1.0744200195079516,2020-03,-0.20077220077220076
2021-08,-0.49187113683987543,0.5675503243577248,-0.07444166049440928,-0.11928298611967098,0.6457566540739245,-0.01692142685296452,0.013886121540830382,0.6878851896398778,-0.04790668364124718,-0.06335119856725514,0.7561063395003704,-0.05872385426081398,-0.0982784439039693,0.8452821906150372,-0.025058266317790054,-0.0670131287315083,0.37258815072020446,0.37258815072020446,18.0,2.0,0.4722222222222222,0.4444444444444444,0.26646177057180226,1.073943905927224,2020-03,-0.19871299871299872
2021-09,-0.4826421946743323,0.5609722200625393,-0.06698882341523021,-0.10450251723934419,0.6379349979654652,-0.009963115273657154,0.028933180874178958,0.6798843425862389,-0.04104555730936192,-0.02414124363664025,0.7479663812285791,-0.05185249302753877,-0.07723438313197563,0.8376215719180375,-0.01785020303944224,-0.04090087179140748,0.37813967743498816,0.37813967743498816,17.0,2.0,0.5,0.4722222222222222,0.26590693758219397,1.1269944606578386,2020-03,-0.1812097812097812
2021-10,-0.5069462572010842,0.5847034739531329,-0.08500404382335114,-0.14346477552133233,0.6662921465068425,-0.026126840903529364,-0.006336116704208945,0.7076700589502631,-0.05598657107288756,-0.06327946223614293,0.7560291757954559,-0.052773998476391575,-0.08220838597533978,0.8368329668752846,0.005536806874266733,0.04803460585235555,0.3634814816797519,0.3634814816797519,16.0,3.0,0.4722222222222222,0.4722222222222222,0.22100262806320828,1.1315875620585518,2020-03,-0.20437580437580438
2021-11,-0.510979225518888,0.5893322328564581,-0.08339220266644734,-0.14316234400847233,0.6731045084042786,-0.022611651557864983,0.003073891739757862,0.7109857811098873,-0.050096217503874996,-0.047010093824984986,0.7566507254430556,-0.046664701224542124,-0.06193440025435667,0.8398935951980404,-0.03392864992204474,-0.09296950055022256,0.3678168815104158,0.3678168815104158,15.0,2.0,0.5,0.4444444444444444,0.23468125638376902,1.0819586497650693,2020-03,-0.18455598455598454
2021-12,-0.48116416088236197,0.651942967903632,-0.01783419455436369,-0.01038698877332358,0.6904636762612111,-0.04521051331985113,-0.0635894864871589,0.7156643315123812,-0.027300635732684497,-0.03540061582595939,0.7589720852548387,-0.05807906432400277,-0.15317990887790972,0.8480198466767361,-0.021214032841932146,-0.049483189547042825,0.4707771721090383,0.4707771721090383,14.0,2.0,0.5277777777777778,0.4722222222222222,0.2362775756476878,1.0977612850996508,2020-03,-0.1431145431145431
2022-01,-0.4145569602818429,0.6241740504668238,0.03257770861590085,0.09763763543201687,0.682551155430256,-0.009241440192850397,-0.0035084675811070604,0.7220564365236738,-0.03754152855475285,-0.05599195101283256,0.7664238327751522,-0.03815218771871939,-0.07319327361828443,0.8522231186035921,-0.02483025841698492,-0.06245988099007188,0.5121945957138598,0.5121945957138598,13.0,1.0,0.5277777777777778,0.5,0.2934217186606786,1.0995046969864843,2020-03,-0.05662805662805663
2022-02,-0.38077709129975845,0.6029496059614599,0.0579107138105155,0.14669823339763485,0.6549909001764851,0.020047050067203184,0.06358140637834404,0.6984621563704579,-0.011581314520100909,0.012884243082173806,0.7618436583621582,-0.05769576872725512,-0.11572188053193098,0.8442235342859441,-0.016704122409700414,-0.010699259400058283,0.5274753246973933,0.5274753246973933,12.0,1.0,0.5277777777777778,0.5,0.337159385846173,1.0775592855957035,2020-03,-0.005405405405405406
2022-03,-0.3591760711254462,0.5987437620535775,0.0764546470336737,0.18225347091852084,0.6474347739528384,0.041028306375328324,0.1094562249607584,0.6925996947706384,0.008167459818905496,0.06312705696651044,0.7543595247676486,-0.03676742017500949,-0.05007840969066462,0.8428284713004575,-0.004663283203692105,0.0675763979445783,0.5414295420439672,0.5414295420439672,11.0,1.0,0.5277777777777778,0.5,0.35816517954218763,1.056563095619444,2020-03,0.05791505791505792
2022-04,-0.30262476086608564,0.5996503738920157,0.09747642117868749,0.21520483388447853,0.6477059777675763,0.06541256405191852,0.18074144930268585,0.6913646845047113,0.036282422668533904,0.12197320464424131,0.7549588952382255,-0.006149167460459028,-0.012659883072432552,0.852104915675119,-0.0260682374131041,-0.008116157395828058,0.5178295947505642,0.5178295947505642,10.0,1.0,0.5,0.5,0.3544715813510716,0.9429086163684602,2020-03,0.09111969111969112
2022-05,-0.24388150391560057,0.5867367533423702,0.13616895639450674,0.2633271665138008,0.6378767612268225,0.10304373724634215,0.23725699159143596,0.6843703193023574,0.07292819045742119,0.23049391950296827,0.7545756817619633,0.02745365666178203,0.1377260813044875,0.8565743520664131,-0.02136683841903257,-0.06732587696099757,0.5072086704294014,0.5072086704294014,9.0,1.0,0.5277777777777778,0.5,0.39263622060396763,0.8668502559954132,2020-03,0.1837837837837838
2022-06,-0.22540081764499853,0.5831759119618631,0.16643083654792487,0.31601044166719594,0.637530408201141,0.1299104458092003,0.29538396927084176,0.6764712343413664,0.10374638791655995,0.30386898470735324,0.7461066266152531,0.05695887426007256,0.21047636626876956,0.8594579640080589,-0.01920106500454466,-0.006054342459312042,0.5414112593121945,0.5414112593121945,8.0,1.0,0.5277777777777778,0.5277777777777778,0.41124254869685767,0.9236845319303084,2020-03,0.24607464607464608
2022-07,-0.28123904777696496,0.619048220981284,0.13247877429602173,0.26315701230293775,0.6576574441288621,0.10667573800391215,0.2621560968555,0.6949931401824845,0.08172381611259522,0.22951432029651458,0.7649960416197673,0.03493998419153047,0.12624672010716914,0.862537886635909,-0.03024847498389625,-0.08771710124273965,0.5443960600799027,0.5443960600799027,7.0,1.0,0.5277777777777778,0.5277777777777778,0.356515256699121,0.9774797970280633,2020-03,0.19845559845559846
2022-08,-0.2674571754185619,0.6115665331947167,0.14858714359482628,0.29489774609134545,0.6504838944877558,0.1221119422910864,0.3015564294178931,0.6877513242530666,0.09675917755248453,0.25129442732454765,0.7574066704300161,0.04937314595516048,0.1711243577800498,0.8579236749511872,0.0012112823919791943,0.029784579852562245,0.5623549215099075,0.5623549215099075,6.0,1.0,0.5555555555555556,0.5555555555555556,0.36123118547298505,1.0366015530693355,2020-03,0.2416988416988417
2022-09,-0.12041829518308447,0.52736240691226,0.24888743669853688,0.4349166408791766,0.685667360658365,0.13802832721821648,0.2967933565487425,0.7187822483495956,0.11483835828093061,0.2712162994498574,0.7742596952022577,0.07598815044604638,0.22456728977075763,0.8703437687855113,0.008701596357759276,-0.014939150460703618,0.555334936062261,0.555334936062261,5.0,1.0,0.5833333333333334,0.5833333333333334,0.4832250173842924,0.9574910464318731,2020-03,0.2888030888030888
2022-10,-0.07971554559805805,0.5094651749806466,0.27860698517511767,0.4747040150151675,0.6560185463848347,0.17553149049212052,0.36033729360460215,0.7042637261400152,0.14159917135344777,0.3031122207612481,0.7625907918963389,0.10057595163058197,0.2385949725901675,0.860047560818491,0.03203160788326161,0.12559601460638964,0.5544195606132256,0.5544195606132256,4.0,1.0,0.5833333333333334,0.6388888888888888,0.474489840122252,1.054100801441833,2020-03,0.34543114543114545
2022-11,-0.05762667220893596,0.49637661483870477,0.29469247533581033,0.4968520229977003,0.6421560093566243,0.1912208965572006,0.3877658924817188,0.6905485833280672,0.1568727224099253,0.3329000224404758,0.7476335235925586,0.11635486381144207,0.2722596030538562,0.8550379350053392,0.040121154284670356,0.14769839721851483,0.5544786952066363,0.5544786952066363,3.0,1.0,0.6111111111111112,0.6666666666666666,0.4755298693876473,1.1191375327180244,2020-03,0.3703989703989704
2022-12,-0.06291223529846185,0.4890078938464019,0.27545977970273133,0.45761710914843035,0.6362186811755196,0.17359637143204257,0.3442228655742983,0.6850452782019542,0.13981050778977722,0.28748687675822493,0.7437187063287055,0.09921106890114333,0.26105772832591634,0.8528106219214664,0.023724248005247427,0.0674526902131674,0.5205293444468924,0.5205293444468924,2.0,1.0,0.6388888888888888,0.6388888888888888,0.4786203628108109,1.016168967699601,2020-03,0.31814671814671813
2023-01,-0.07024603595830246,0.49493630301456587,0.26847640956192814,0.44682013105116475,0.6433218551981762,0.16692492342246204,0.33142877960267675,0.6921804947359903,0.1334872512043609,0.27410262196284507,0.7520584192420605,0.09250824663783806,0.24334558532537434,0.8624888353610034,0.016932338425414504,0.042680963402288934,0.5170661670094673,0.5170661670094673,1.0,1.0,0.6388888888888888,0.6111111111111112,0.4885123399424097,0.9432773383766857,2020-03,0.30527670527670525
2023-02,-0.07364155869743849,0.4986631939602655,0.2787915935308831,0.4709497012954446,0.6428925449906008,0.17685664937794343,0.35837731242882775,0.6903657237437322,0.14330470041337268,0.30233997838587795,0.7484016575960853,0.10228746200911021,0.2529014341612857,0.8544525136078776,0.027335394293990362,0.12831187652927872,0.5445912599928828,0.5445912599928828,0.0,1.0,0.6111111111111112,0.6388888888888888,0.4817174302186521,1.0505350345722575,2020-03,0.3330759330759331
2023-03,0.42991869627309803,0.27291006937635265,0.2647042781777014,0.31320931186635476,0.3663200500760659,0.2081557028874173,0.25646210752407556,0.42250551158383104,0.17414212343379287,0.22979140536746614,0.5161293770672352,0.1174640664788794,0.164608744686625,0.7110624548939147,0.0531763730447679,0.05389259837343697,0.11670938440674339,-0.11670938440674339,29.0,8.0,0.6111111111111112,0.6944444444444444,0.7247093959449658,0.2791436844605189,2022-09,0.3958815958815959
2023-04,0.4268784968828298,0.2748756978919086,0.26122750445360854,0.3091728601399782,0.3688341805862179,0.2046043979919503,0.2519641521430005,0.41759527901986754,0.1752190270427538,0.2297914053674662,0.512041731953032,0.11830185037058873,0.16460874468662506,0.708152606435156,0.054049143434776625,0.05389259837343694,0.11770563674285162,-0.11770563674285162,28.0,7.0,0.6111111111111112,0.6944444444444444,0.7206626978728184,0.2796200050837649,2022-09,0.3907335907335907
2023-05,0.4279214245382753,0.27759545638241445,0.2614229468285978,0.30971084699422363,0.37078201444407394,0.20553074937527635,0.2532310938298747,0.42406875980120834,0.17356998856280884,0.22828699418088588,0.521114260352975,0.11536324295893366,0.16167910802732363,0.7162297926465728,0.0521838031296715,0.05387728418142165,0.11821057754405168,-0.11821057754405168,27.0,8.0,0.6111111111111112,0.6944444444444444,0.7193967336411566,0.27342440747175273,2022-09,0.4048906048906049
2023-06,0.42275167679712833,0.2717068318955757,0.2552364365250197,0.302622749201562,0.36225795581807585,0.19940900968057124,0.24539692380763997,0.41611425224950593,0.1662050214925075,0.2187653668436935,0.512020366891692,0.10707608562524637,0.15016087175043283,0.7018146619527266,0.044750250887241605,0.036136851412104654,0.12012892759556637,-0.12012892759556637,26.0,8.0,0.6111111111111112,0.6666666666666666,0.7578090922722588,0.28259246055289317,2022-09,0.3891891891891892
2023-07,0.40423066924369866,0.27573206605203854,0.2370788039451824,0.28056801448059393,0.36713670944896715,0.18166828583061953,0.22191762720257216,0.42344537186482767,0.14753334429103374,0.1936257488017354,0.5237822487821948,0.14401925557085998,0.21229609353543274,0.7179956937962755,0.026284890957541204,0.03670776365570597,0.12366265476310473,-0.12366265476310473,25.0,7.0,0.5833333333333334,0.6388888888888888,0.7688144620274563,0.27189686177708006,2022-09,0.37065637065637064
2023-08,0.41428759534479626,0.2725167382057493,0.2496429984896682,0.2949599137354853,0.360291640777492,0.1966126285275422,0.24025842697468555,0.4227611313039764,0.15887085842124904,0.20895141862696998,0.5280826910906802,0.1521072023228713,0.22511284120982789,0.7201649406595205,0.03605816712778979,0.06426948481950631,0.11932768160931095,-0.11932768160931095,24.0,9.0,0.6111111111111112,0.6111111111111112,0.8101313502273544,0.2373445619952803,2022-09,0.4061776061776062
2023-09,0.4223645569963902,0.2706065681893629,0.25948436743483094,0.30622303221049124,0.35733704959795193,0.2072806188446976,0.2533979882314587,0.4208001000634081,0.1690817171730469,0.22243687241102567,0.5281307354726669,0.16207004462435845,0.23981264594036536,0.7213069348937255,0.045795793814357416,0.08993317542985327,0.11614152478589895,-0.11614152478589895,23.0,9.0,0.6111111111111112,0.6388888888888888,0.7793376219853971,0.24169275467619045,2022-09,0.43243243243243246
2023-10,0.4464457919273934,0.25181824036365563,0.2942215089768377,0.34378937713687974,0.3306101645039259,0.2465917418192784,0.29922883779653087,0.39532306350799246,0.20747275411481375,0.2699270785297928,0.5185357352865785,0.13299061737669823,0.1893931376985695,0.7215854739574468,0.06522635465966035,0.11960314055342276,0.10265641479051368,-0.10265641479051368,22.0,11.0,0.6388888888888888,0.6388888888888888,0.7996331410914788,0.2127661175111727,2022-09,0.4640926640926641
2023-11,0.4796266145791285,0.23242038532206247,0.33162936924650627,0.3864152634890944,0.3195296339052103,0.27616121908645774,0.349412165374021,0.39331544035607796,0.2291769750656823,0.30559303638392704,0.5083642849733325,0.15591785857957652,0.22999182186484005,0.7076215770644175,0.07863179871355937,0.15635767728690889,0.09321135109003403,-0.09321135109003403,21.0,99.0,0.6666666666666666,0.6944444444444444,0.7814743671515307,0.24999342441079755,2022-09,0.4908622908622909
2023-12,0.5194670620130718,0.20798918097864044,0.3796094779352907,0.43934850567156564,0.32849449879332215,0.29857842363339715,0.3919743627109285,0.4004673219751153,0.25018193915232867,0.3531414114844284,0.5222972331065393,0.16826019226588107,0.2672208845369343,0.7055790832095589,0.045016489684318574,0.09511365589131378,0.08011855634150622,-0.08011855634150622,20.0,99.0,0.6944444444444444,0.7222222222222222,0.8022365273047877,0.26768025394669653,2022-09,0.5227799227799228
2024-01,0.5302942527651288,0.2098710830374778,0.3890850265972761,0.4510244844465454,0.32937966892321413,0.3086751164319696,0.40529901680405767,0.4004969509660362,0.2608247112256721,0.3678457866624505,0.5241431892722573,0.17763083154921633,0.2824494713218366,0.7068253375339371,0.05471535211603446,0.11451357994085304,0.07926976831858329,-0.07926976831858329,19.0,99.0,0.7222222222222222,0.75,0.7798078996031005,0.2771682713893561,2022-09,0.528957528957529
2024-02,0.5286078340284655,0.21151430841295085,0.3868727316338722,0.4485895200920349,0.3289356823026877,0.30818902188179637,0.4043538518518623,0.398559783943743,0.26153412061639186,0.36820452725959896,0.5243027826581557,0.17727411507863294,0.2816960268671085,0.7054066214135071,0.05591697700772238,0.11650029813935754,0.0800183139364305,-0.0800183139364305,18.0,99.0,0.7222222222222222,0.75,0.7769383148890987,0.2751178123343748,2022-09,0.5325611325611326
2024-03,0.5426357446566914,0.21334293365147403,0.3944031814252192,0.46051725834815355,0.3242173306188427,0.3173666666556883,0.4194087055438416,0.3954657298569263,0.2678626466985341,0.37746327221188736,0.5188094481059989,0.18216233686577746,0.29439469741971047,0.7008444497882592,0.0556828025527817,0.12057032354325786,0.0821184863085378,-0.0821184863085378,17.0,11.0,0.75,0.75,0.8020474371834735,0.295892193441065,2022-09,0.5438867438867439
2024-04,0.5601987002785934,0.206840983157357,0.4150837002430087,0.48339734702258164,0.32505750973659714,0.33214563353645943,0.4390595582214919,0.395215409079885,0.28292442306700205,0.4022886657648188,0.5167348772853052,0.19766908650955464,0.31900710893859346,0.6967215927908436,0.07139443905672971,0.1513695731230823,0.07680135325601195,-0.07680135325601195,16.0,99.0,0.7777777777777778,0.75,0.8178179708059488,0.2749034113344277,2022-09,0.581981981981982
2024-05,0.565016828490979,0.2052802844305298,0.4195778010157805,0.4888889078084026,0.3198609428904279,0.33839855099620547,0.44653558556170836,0.38764654330109133,0.29037313137104104,0.4114939066575675,0.5092959136560408,0.20418576970367383,0.3285917799380072,0.6869384177388501,0.07832783305995221,0.18165894492828322,0.07612792068257657,-0.07612792068257657,15.0,99.0,0.7777777777777778,0.7777777777777778,0.7959417640285291,0.3138475494518187,2022-09,0.5783783783783784
2024-06,0.5733857424243025,0.20149040038978053,0.4287412914647512,0.49923535158161575,0.3111354348897484,0.3500301182028547,0.45981957047169836,0.3774134360831245,0.3024509527698269,0.42262996496796323,0.49625089504342645,0.21714078925092548,0.34675669540231885,0.6697926847108365,0.09255988198972968,0.212756638040884,0.07415039084268682,-0.07415039084268682,14.0,99.0,0.7777777777777778,0.7777777777777778,0.8070365054461286,0.3160651459551267,2022-09,0.5899613899613899
2024-07,0.5695102329988125,0.20413273977716942,0.42382696724183727,0.4939955728441615,0.31751734047505953,0.34290786071218166,0.45308543413229824,0.3846102228188167,0.2950257315664275,0.4189472463630551,0.5058420237974554,0.20850631924948643,0.3366176326826984,0.6832254955087409,0.08191318441761705,0.17218072197445375,0.07551466015465091,-0.07551466015465091,13.0,99.0,0.7777777777777778,0.7777777777777778,0.8019871966523124,0.3153479189132889,2022-09,0.5858429858429859
2024-08,0.5135518968338785,0.1995108296030163,0.3733593721482671,0.431995273947378,0.30975869850704574,0.2958902587491691,0.38401953284286877,0.37480931492705954,0.2501804084797722,0.3435853348985904,0.49305845605222676,0.16708895089208983,0.2595968275652468,0.6702269427629004,0.09266309147426333,0.2351255998898839,0.08155662288650045,-0.08155662288650045,12.0,12.0,0.75,0.75,0.7882992798722689,0.3677515741517235,2022-09,0.541055341055341
2024-09,0.5187969615760787,0.19850317395621853,0.3771881396820161,0.43719576997460197,0.3023196112321594,0.3031272413956877,0.39204981641642006,0.368136346693921,0.2561746905427282,0.3510200510847876,0.4828909835100064,0.17431066488240785,0.26926445950644606,0.6593711313382898,0.09917988818865327,0.2354493996182574,0.08160119160147672,-0.08160119160147672,11.0,11.0,0.75,0.75,0.7986352652485953,0.37836205628325764,2022-09,0.5312741312741313
2024-10,0.4866987785792725,0.19334645464415376,0.34703431907475873,0.401162487351226,0.2929629023477656,0.27507604421582377,0.35425250904162053,0.35752224594593424,0.22844138599982913,0.3108440310235243,0.4687266133470459,0.1481125385109918,0.22621690596870056,0.6408297148536429,0.07613421306369794,0.17823776897401622,0.08553629122804651,-0.08553629122804651,10.0,10.0,0.75,0.7222222222222222,0.8137850875243463,0.4123955025358465,2022-09,0.48854568854568853
2024-11,0.47399917863662283,0.19135120857951438,0.335721349198742,0.38756677869869316,0.2947018609031414,0.26103614610862574,0.3367452326883659,0.3577104670611542,0.21550367542231794,0.2931283632687916,0.4701117135836477,0.1342781607750773,0.20525026819719175,0.6400544813890552,0.06335729938090431,0.16287457863771737,0.0864323999379295,-0.0864323999379295,9.0,10.0,0.7222222222222222,0.6944444444444444,0.8376466643971162,0.39556321433146413,2022-09,0.48957528957528956
2024-12,0.48016325632578805,0.19179361053118035,0.34141657750385856,0.3944843541694662,0.2951965204497477,0.2666131974955763,0.34459909093519653,0.35847293340116726,0.2208379909052238,0.3011479529837909,0.47112182292144866,0.13934591590527715,0.2139279292654974,0.6422461792517219,0.06894437498050965,0.14793721147067607,0.08567890215632185,-0.08567890215632185,8.0,11.0,0.7222222222222222,0.7222222222222222,0.8101018165108483,0.4256933257879477,2022-09,0.4965250965250965
2025-01,0.4706336301449024,0.19798970104258753,0.3277504685846731,0.38027674270061024,0.30179631227999404,0.25283638605235054,0.3287007643172992,0.36768190248918275,0.20528875412615435,0.28198172855109027,0.482539862746802,0.12239924822989694,0.18947784559173736,0.6566428024542064,0.052051022972812944,0.15073238234884617,0.09035688744429221,-0.09035688744429221,7.0,10.0,0.7222222222222222,0.7222222222222222,0.8025118344107333,0.43931306396074754,2022-09,0.488030888030888
2025-02,0.4597785053170833,0.20630251775357752,0.3108012882994014,0.3631589561394374,0.30629229196245994,0.23859568240534834,0.31118076544308976,0.3765255350896487,0.18787815739815109,0.259317928307833,0.49226921413454183,0.10429618574188443,0.16136531292353617,0.6711015554910008,0.0328407161232942,0.10162464767322067,0.09661954917764587,-0.09661954917764587,6.0,9.0,0.7222222222222222,0.7222222222222222,0.7955152744491578,0.4591149449580182,2022-09,0.4517374517374517
2025-03,0.37725725666113313,0.1958974293985048,0.23595376313560326,0.2715710157765791,0.29161886914415186,0.16690858024124988,0.21393553398084703,0.3577811404925292,0.11918482955286466,0.1596424923664671,0.4769564354462204,0.125722391918409,0.20409404488519098,0.6737738045584576,0.03334014421294792,0.11093655099360794,0.10568624088455403,-0.10568624088455403,5.0,7.0,0.6944444444444444,0.6944444444444444,0.7689996478857026,0.547362474000264,2022-09,0.37117117117117115
2025-04,0.36720067296477843,0.20005424152394616,0.2187103794157338,0.2533172175144201,0.2965832239630653,0.14706172638450246,0.1916498101476052,0.36371764814556734,0.09723118903539775,0.13296593194692,0.4778825555508875,0.09868591077114419,0.14613262370118968,0.68187950885182,-0.0028770931515311863,-0.0552634224410132,0.11388345545035833,-0.11388345545035833,4.0,6.0,0.6944444444444444,0.6666666666666666,0.8089745685071605,0.5469471742003841,2022-09,0.3353925353925354
2025-05,0.3203583893611363,0.2130393674622884,0.15882139325164643,0.18493398245647133,0.3001533629102824,0.09276724883978914,0.12213159315849033,0.37583664107427917,0.035380440213936735,0.04509968657896799,0.50139724505542,0.03449056033991609,0.037623990634908594,0.6861759605934584,-0.005310150798595308,-0.02454899056172758,0.13542440690466492,-0.13542440690466492,3.0,4.0,0.6666666666666666,0.6111111111111112,0.8579835567599212,0.5473639015056072,2022-09,0.28803088803088805
2025-06,0.30206022128961635,0.22753507493428826,0.12977750046516373,0.15174745089686173,0.3112522625652568,0.06638936187158728,0.08815442247657837,0.3943998442305401,0.0034325117973497956,-0.0021075405645685245,0.5275354460344633,-0.0016150693075319721,-0.030880088610127414,0.701648267217483,-0.023574358859031974,-0.0682609375332385,0.15031277039275454,-0.15031277039275454,2.0,3.0,0.6666666666666666,0.5555555555555556,0.9268263980064388,0.49777626343701264,2022-09,0.2453024453024453
2025-07,0.3168547497529067,0.2286380577077781,0.1428536558676945,0.16793981444063363,0.31278327336520684,0.07881637477640398,0.08788468908301643,0.39535912022431763,0.01597343503997948,0.016544909516128675,0.5325345779789139,0.012974922298975145,-0.00353596315744588,0.7070052380909019,-0.008628454935389536,-0.02523641484113309,0.14891493531227298,-0.14891493531227298,1.0,4.0,0.6666666666666666,0.5833333333333334,0.8982397437641493,0.5182078918463602,2022-09,0.26306306306306304
2025-08,0.32193172846639945,0.22814604682925285,0.14542623364245297,0.17153407004882246,0.3134217779949656,0.0794525499645465,0.10665645936758215,0.3965007340475955,0.015178404296351035,0.015373202577905143,0.5308615046168744,0.011192537819504267,-0.007570112915947448,0.7063982652034362,-0.012518556956394937,-0.03876664241827635,0.15039765841757702,-0.15039765841757702,0.0,4.0,0.6666666666666666,0.5833333333333334,0.9129858903112021,0.5270062133474177,2022-09,0.26692406692406695
2025-09,0.17755167184342874,0.12041676136376656,0.09063372522870942,0.09718037793824638,0.22246296958956843,0.016975815994541447,0.00912798380186077,0.32062211887153974,-0.0538763776736057,-0.07605501306937919,0.45779123878153516,0.045133578303440586,0.08552288430800656,0.6701469237513366,0.0022305433828543235,-0.003979686858161374,0.0830984136129535,0.0830984136129535,29.0,3.0,0.6666666666666666,0.5833333333333334,0.7494675345740132,0.6349673141022848,2025-03,0.19613899613899613
2025-10,0.0986306155508478,0.12606784232839538,0.011774620204093708,0.010217916282020147,0.2311451798213947,-0.06061970786386272,-0.0739747906182183,0.3157461724976822,-0.0023328101863308373,0.0011328670861848833,0.4438501215623548,0.005196145835374148,0.019859615688418084,0.6782305072712251,-0.02622392856910152,-0.06936333073605326,0.08841269926882767,-0.08841269926882767,11.0,2.0,0.6666666666666666,0.5555555555555556,0.6891438340069542,0.6456753209912132,2023-10,0.12715572715572715
2025-11,0.0877243734344242,0.1227516307331741,0.0025489972849349965,0.00012667419225730365,0.23428327398560084,-0.07484101056958993,-0.09161123417171738,0.31986430763512447,-0.015457712043762038,-0.017211234203304768,0.44535816452698873,-0.009127229065169449,0.004434483098850598,0.6802832441293055,0.01196844276176964,0.028000064308180025,0.08759769924216691,-0.08759769924216691,10.0,2.0,0.6666666666666666,0.5555555555555556,0.6839072099224779,0.6629869455152942,2023-10,0.11042471042471043
2025-12,0.11256554743295522,0.12495487741013937,0.02590170862439823,0.0257493426643699,0.2404026118167623,-0.05416834588486904,-0.06688998198369021,0.3337237904952709,0.010555590899711031,0.0202409603239382,0.4667212086075023,0.018580092928566976,0.05476679288482031,0.6984224217106058,0.034995539469729525,0.09373890291094067,0.08882557468030439,0.08882557468030439,26.0,2.0,0.6388888888888888,0.5833333333333334,0.6717721833966703,0.6778281127451095,2025-03,0.1407979407979408
2026-01,0.11581360136939937,0.12323730571422085,0.03000334541886931,0.030251546351159418,0.23966076180341597,-0.0510624204039087,-0.06310688613751243,0.3349571828484202,0.015292570348681764,0.02727814332250207,0.4693362172131028,0.023141401277308533,0.06368208937985785,0.6958127635360222,0.038687745822535695,0.10488978453289759,0.09120367750952009,0.09120367750952009,25.0,2.0,0.6111111111111112,0.6111111111111112,0.6460002300755932,0.7256092152667195,2025-03,0.15701415701415702
2026-02,0.12258588886339132,0.12427746283224297,0.03589419402342285,0.03676979701792993,0.2428508353905805,-0.046818523115395215,-0.058077129173850245,0.33327398547672243,0.0162575644960645,0.027980586096539778,0.4648342094138378,0.020967187389560608,0.057368349992489624,0.7034125622955494,0.04486826101197289,0.12567493419180062,0.08726861782712562,0.08726861782712562,24.0,2.0,0.6111111111111112,0.6111111111111112,0.6523933060279196,0.7187247587425386,2025-03,0.15495495495495495
2026-03,0.16550904110653544,0.12057220947731079,0.08151312759917809,0.08678110749611694,0.23996248205738846,-0.0016593965896827205,-0.0018599909653871888,0.3319758587220768,0.06244117568440706,0.09347315714043909,0.46413235582758666,0.06625967555507827,0.1360065488120192,0.6938189773555657,0.08944047162357349,0.2484569928965045,0.09293134998174493,0.09293134998174493,23.0,2.0,0.6388888888888888,0.6388888888888888,0.6559860550251341,0.7149894482191802,2025-03,0.1994851994851995
2026-04,0.13554432862360705,0.12384607090689126,0.05068758890795903,0.054634782271239725,0.24579668057680681,-0.032870420378460656,-0.04088533850882284,0.344343086449163,0.03465151755455639,0.05501868135922343,0.4830654067564975,0.03898317932131507,0.09247892539584919,0.710256433910816,0.05913732048280119,0.16901573287126345,0.09354530462757199,0.09354530462757199,22.0,2.0,0.6111111111111112,0.6111111111111112,0.6528481838708869,0.6870434673809476,2025-03,0.1395109395109395
2026-05,0.09664750763375594,0.12224049740567386,0.013629241094264291,0.012332837241081546,0.2371409972976154,-0.06440414823246536,-0.07992049461259138,0.3354313011225456,0.002348612222245678,0.00897490256283453,0.4713870622238799,0.011943989818900734,0.04528657032942845,0.6996526791272747,0.02892429118358863,0.07523894275194391,0.08756763078674294,0.08756763078674294,21.0,2.0,0.6111111111111112,0.6111111111111112,0.6171027565519348,0.7281141340686507,2025-03,0.08674388674388675
2026-06,0.12212370689782244,0.12407519203592624,0.03807731202947114,0.03916277928688922,0.24480600956048945,-0.04370366123317933,-0.054423501262338664,0.34118204619015513,0.021579803555480316,0.0359143413433038,0.4778328695219914,0.02737870324217663,0.07084482513689686,0.7176285963609564,0.05189303405885755,0.15324734919997265,0.08856822245501529,0.08856822245501529,20.0,2.0,0.6388888888888888,0.5833333333333334,0.6662553812873575,0.6478022177073816,2025-03,0.11994851994851995
2026-07,0.14319257933713395,0.12498593663956617,0.05865532113491007,0.06363732458616587,0.24811138106306282,-0.024623548203079715,-0.030638392371637697,0.3437960145450006,0.040095065619645834,0.06200567989607232,0.48095467251368423,0.042812286616849146,0.0969195661020638,0.7247304033643577,0.07302975321577426,0.22012094525530737,0.08996917848043673,0.08996917848043673,19.0,2.0,0.6388888888888888,0.6111111111111112,0.6519280899918123,0.666476978787156,2025-03,0.15727155727155728
2026-08,0.1106911617574183,0.13380611273589504,0.02147765812218,0.0209189618504074,0.258871435463248,-0.06190803626535168,-0.07809635889906903,0.3574981152933652,0.0038500332252603187,0.010814513496695408,0.49935069860516407,0.010725472767663278,0.04299282453709196,0.7499271944444016,0.044665772174040684,0.1436106649483543,0.0897721999070109,-0.0897721999070109,1.0,2.0,0.6111111111111112,0.5833333333333334,0.6478569101294925,0.6487202967473137,2023-10,0.09266409266409266
